tree
version=v4
num_class=1
num_tree_per_iteration=1
label_index=0
max_feature_idx=27
objective=lambdarank
feature_names=Column_0 Column_1 Column_2 Column_3 Column_4 Column_5 Column_6 Column_7 Column_8 Column_9 Column_10 Column_11 Column_12 Column_13 Column_14 Column_15 Column_16 Column_17 Column_18 Column_19 Column_20 Column_21 Column_22 Column_23 Column_24 Column_25 Column_26 Column_27
feature_infos=[0:0.99826085567474365] [0:0.99826085567474365] [-0.26709091663360596:0.19466720521450043] [-1:0.21841147541999817] [0:0.99826085567474365] [0:0.99826085567474365] [-1:0.32762143015861511] [-1:0.63154047727584839] [0:0.99478262662887573] [0:0.9965217113494873] [-0.28878507018089294:0.14781022071838379] [-1:0.30929484963417053] [0:0.9965217113494873] [0:0.9965217113494873] [-0.19121254980564117:0.13860990107059479] [-1:0.71355891227722168] [0:0.98434782028198242] [0:0.99130439758300781] [0:0.35707566142082214] [0:1] [0:1] [0:1] [0:1] [0.1428571492433548:1] [0:1] [0:1] [0:1] [0:1]
tree_sizes=3623 3615 3609 3623 3620 3622 3620 3609 3606 3611 3609 3620 3630 3620 3623 3626 3623 3617 3606 3631 3628 3622 3617 3638 3614 3620 3618 3625 3627 3592 3611 3630 3617 3624 3603 3634 3612 3622 3616 3599 3603 3616 3624 3600 3631 3621 3600 3596 3603 3634 3579 3628 3629 3632 3603 3600 3558 3607 3576 3566 3593 3583 3586 3602 3591 3614 3613 3580 3593 3610 3564 3586 3611 3572 3549 3568 3547 3566 3557 3566 3547 3551 3543 3561 3554 3557 3572 3559 3549 3603 3533 3540 3542 3552 3549 3562 3549 3555 3556 3548 3572 3543 3536 3610 3596 3562 3554 3551 3582 3545 3547 3546 3551 3570 3539 3559 3536 3534 3540 3535 3577 3606 3600 3595 3551 3610 3571 3606 3623 3552 3577 3555 3588 3560 3591 3596 3566 3583 3566 3614 3616 3543 3571 3545 3536 3559 3617 3589 3592 3554 3597 3577 3560 3565 3570 3555 3597 3578 3587 3552 3553 3587 3587 3558 3578 3577 3591 3586 3544 3546 3546 3554 3556 3543 3528 3587 3556 3596 3621 3555 3568 3592 3575 3544 3554 3544 3553 3562 3523 3515 3515 3559 3515 3512 3597 3571 3572 3562 3581 3546

Tree=0
num_leaves=31
num_cat=0
split_feature=4 17 4 7 5 12 4 13 14 4 13 7 15 25 4 15 9 15 4 6 16 11 11 17 2 1 4 3 16 6
split_gain=28948.1 4302 2097.81 1249.76 1005.96 778.955 705.855 441.256 359.443 316.963 214.598 191.354 189.63 157.938 149.418 147.37 146.97 143.902 136.969 131.103 108.637 101.695 101.407 84.9655 81.8458 76.7962 69.6501 68.3752 67.1313 65.6011
threshold=0.0078260868322104233 0.043478263542056091 0.0026086957077495758 -0.13975383341312406 0.046086955815553672 0.06695652008056642 0.023478261195123199 1.0000000180025095e-35 -0.10696757212281226 0.018260869197547439 0.0026086957077495758 -0.34614410996437067 -0.16431207209825513 1.0000000180025095e-35 0.051304347813129432 -0.18132622539997098 0.047826087102293975 -0.18549548089504239 0.18695651739835742 -0.047762239351868623 0.018260869197547439 -0.14715309441089627 -0.20679014176130292 0.010869565885514023 -0.15589711815118787 1.0000000180025095e-35 0.032173912972211845 -0.18927826732397077 0.030434782616794113 -0.070229932665824876
decision_type=2 2 2 2 2 2 2 2 2 2 2 2 2 2 2 2 2 2 2 2 2 2 2 2 2 2 2 2 2 2
left_child=2 4 7 8 9 14 23 -1 16 15 -4 -12 -8 -9 22 25 20 24 19 21 -3 -7 -5 -6 -11 -2 -14 -25 -23 -28
right_child=1 3 10 5 6 18 12 13 -10 17 11 -13 26 -15 -16 -17 -18 -19 -20 -21 -22 28 -24 27 -26 -27 29 -29 -30 -31
leaf_value=0.090561695968820494 0.030530862545898235 -0.03917463446180125 0.0548639474966836 -0.045783771387876988 0.029091290972557266 -0.074883994638250503 -0.03207491527816933 0.059323210298286799 -0.085225882890439156 -0.03511093043426778 -0.0003524586005085172 0.034172517331719887 0.0034380738670664358 0.086755429012046789 -0.036933367394453444 0.0035182595600171522 -0.046536948000963196 -0.03271123589651833 -0.07337753138449099 -0.012561749628407705 -0.075006408998017526 -0.032256835115271082 -0.013113099831813158 -0.0014172204068912885 -0.069818942855613034 -0.031534691384985797 -0.016742097335329855 0.016853082509357548 -0.054218610805502665 0.008616319679432001
leaf_weight=4583.6309382057516 52.376054051797837 256.65997673152015 1034.1043999253307 263.34397633606568 1025.2798748544883 453.93580780923367 1019.9184321842622 2274.6336091686971 2292.5031952459831 242.09670798666775 485.41349058272317 2315.6006320662564 1027.6922005154192 690.65212229080498 1339.1883404095424 679.80373119341675 1350.1200361091178 1179.8619635778014 864.02613349782769 212.89876243448816 1306.9951884057373 484.70039809599984 2364.023241185816 688.65662065520883 596.86857683141716 799.31825549411587 1601.5924142388394 1994.63896038034 1288.1076087977272 302.66311756439973
leaf_count=29591 1330 11141 22649 13822 49078 33776 68089 50922 190159 14351 15849 88059 72169 6186 119280 34631 122628 88919 82208 19236 74538 43813 180033 34857 36471 35444 131582 118295 126106 23013
internal_value=-5.79163e-10 -0.0314914 0.0655226 -0.0516887 -0.00901113 -0.0382882 0.00118615 0.0808213 -0.0703908 -0.0310077 0.0353958 0.0281914 -0.0135151 0.0657396 -0.0233426 -0.0138421 -0.0586936 -0.0440163 -0.05622 -0.050116 -0.0691537 -0.0536993 -0.0164039 0.0168513 -0.0598571 -0.0276866 -0.0070501 0.0121653 -0.0482356 -0.0127092
internal_weight=35071.3 23687.3 11384 12476.5 11210.8 7270.22 7660.44 7548.92 5206.28 3550.33 3835.12 2801.01 3951.87 2965.29 3966.56 1531.5 2913.78 2018.83 3303.67 2439.64 1563.66 2226.74 2627.37 3708.58 838.965 851.694 2931.95 2683.3 1772.81 1904.26
internal_count=1938225 1724969 213256 1016740 708229 618274 497083 86699 398466 211146 126557 103908 294853 57108 313135 71405 208307 139741 305139 222931 85679 203695 193855 202230 50822 36774 226764 153152 169919 154595
is_linear=0
shrinkage=0.05


Tree=1
num_leaves=31
num_cat=0
split_feature=4 17 5 1 15 4 13 6 7 7 1 4 5 4 4 13 4 4 4 1 15 12 16 6 9 25 2 15 23 25
split_gain=35982.4 9044.1 7723.93 2383 2712.3 3155.66 2524.77 1795.48 1296.32 1285.38 1106.87 1002.88 892.987 892.266 1021.73 846.676 785.288 739.153 690.626 672.927 614.881 569.571 514.528 488.158 464.227 452.277 411.475 403.68 392.2 387.998
threshold=1.0000000180025095e-35 0.080000001937150969 0.039130434393882758 0.0026086957077495758 -0.15948923677206037 0.01304347859695554 0.0095652174204587954 -0.14955886453390119 -0.12564145028591153 -0.20489627867937085 1.0000000180025095e-35 0.0043478262377902874 0.033913042396306999 0.0078260868322104233 0.049565218389034278 0.040869565680623061 0.0043478262377902874 0.014782608952373268 0.040869565680623061 0.0026086957077495758 -0.087102934718132005 0.07739130407571794 0.016521738842129711 -0.082275781780481325 0.070434782654047026 1.0000000180025095e-35 -0.14214367419481275 -0.093167703598737703 0.6428571641445161 1.0000000180025095e-35
decision_type=2 2 2 2 2 2 2 2 2 2 2 2 2 2 2 2 2 2 2 2 2 2 2 2 2 2 2 2 2 2
left_child=2 3 10 11 5 16 23 -4 17 -8 -1 25 26 -11 15 22 -5 -3 -14 -9 -16 24 -15 29 -10 -2 -7 -21 -12 -6
right_child=1 8 7 4 6 12 9 19 21 13 28 -13 18 14 20 -17 -18 -19 -20 27 -22 -23 -24 -25 -26 -27 -28 -29 -30 -31
leaf_value=0.081978435658246127 0.018712112008443676 -0.026016270242208719 0.042439737224076401 0.0035546684284000298 -0.017053492609228109 -0.039857101808793399 -0.030596493906777517 0.021024383236375843 -0.045598960351368546 -0.015821401449147975 0.047103938292186516 -0.0051710287004762935 -0.021684737571015408 0.022681455359010762 -0.015451507562631032 0.03915315096470743 -0.018749606263995872 -0.075632993996889497 -0.050239583843442251 -0.0036739193659466544 0.020429585666713712 -0.048968798662055231 0.0003063335096060917 -0.038239634843347609 0.0007193870847414679 0.066158902798127514 -0.069587847215244275 -0.04481280084353173 0.072384375842555776 0.040832151381344668
leaf_weight=9951.2756481710821 7472.6097394805402 865.1178587526083 4529.0701050916687 7445.1118017416447 11655.375614811201 1915.2985153486952 2220.301728411112 2753.9427413148805 884.95296143274754 3088.2364883264527 4474.6393855921924 5966.9288887483999 6088.4094352107495 5609.1616605659947 4037.3172118021175 4155.3482964662835 8395.7850460638292 5738.7438926449977 3248.2609803350642 3397.2459574015811 1694.2346002580598 3796.5955453831702 4740.2852632338181 2979.0983875086531 1389.117822913453 537.69406320340931 2987.3759747976437 722.32049922924489 2344.6834550257772 295.93529350869358
leaf_count=7475 18746 7903 7525 28645 61925 45297 81325 4822 12736 29631 7681 43320 121931 129375 191826 203844 77315 211161 97492 10278 100367 178014 116935 17195 50582 631 67582 3665 2317 684
internal_value=2.50083e-10 -0.0144202 0.0497534 -0.00851436 -0.0122508 -0.0236223 -0.00379944 0.0180011 -0.0538052 0.00574762 0.0713398 0.0103465 -0.0407028 0.00920843 0.0130288 0.0200908 -0.00826719 -0.069138 -0.0316234 0.00189425 -0.00484342 -0.037117 0.0124342 -0.0201331 -0.0173175 0.0219049 -0.0579836 -0.0108963 0.0558054 -0.0156168
internal_weight=125380 97207.3 28173.2 84532.8 70555.5 30080.2 40475.3 11402.6 12674.5 25544.9 16770.6 13977.2 14239.3 23324.6 20236.3 14504.8 15840.9 6603.86 9336.67 6873.51 5731.55 6070.67 10349.4 14930.4 2274.07 8010.3 4902.67 4119.57 6819.32 11951.3
internal_count=1938225 1894462 43763 1434066 1371369 438262 933107 26290 460396 853303 17473 62697 332302 771978 742347 450154 105960 219064 219423 18765 292193 241332 246310 79804 63318 19377 112879 13943 9998 62609
is_linear=0
shrinkage=0.05


Tree=2
num_leaves=31
num_cat=0
split_feature=4 23 17 15 4 7 13 13 4 1 4 7 9 18 6 13 1 6 13 15 7 15 5 7 16 4 11 17 2 4
split_gain=33903.9 8180.75 4492.15 3122.63 2852.28 2531.04 1325.71 1672.76 1228.14 807.864 702.471 685.172 669.96 945.865 601.741 595.194 584.503 528.302 502.027 471.6 464.479 415.206 414.529 407.264 394.526 380.643 333.153 455.923 328.976 298.588
threshold=0.0060869567096233377 0.6428571641445161 0.097608692944049849 -0.18276178836822507 1.0000000180025095e-35 -0.16654398292303083 0.0095652174204587954 0.065217390656471266 0.025217391550540928 0.0026086957077495758 0.068695649504661574 -0.12786391377449033 0.016521738842129711 0.010316357482224705 -0.14955886453390119 0.040869565680623061 1.0000000180025095e-35 -0.34010666608810419 1.0000000180025095e-35 -0.074343021959066377 -0.071554929018020616 -0.11158087849617003 0.030434782616794113 -0.049537880346179002 0.011304348241537811 0.023478261195123199 -0.09420290961861609 0.16217391937971118 -0.15498252213001248 0.039130434393882758
decision_type=2 2 2 2 2 2 2 2 2 2 2 2 2 2 2 2 2 2 2 2 2 2 2 2 2 2 2 2 2 2
left_child=1 4 3 8 5 16 21 9 22 -8 -9 -4 -11 15 -7 29 -1 28 -3 -12 -19 -5 -2 -16 -15 -17 -13 -28 -10 -14
right_child=2 18 11 6 -6 14 7 10 17 12 19 26 13 24 23 25 -18 20 -20 -21 -22 -23 -24 -25 -26 -27 27 -29 -30 -31
leaf_value=0.069511620867903995 -0.037866119203457511 0.078862891248561717 -0.073102228169774339 0.0029398740865186936 0.01008238422074796 0.037713775699744247 0.037752079515820262 0.025396691832290992 0.032292935784054601 -0.032540561950224825 -0.023110754438202458 -0.055044741114578702 0.009919233370302925 -0.0066712456629868886 0.015822270951227357 -0.055979418413091134 0.043767386550868759 -0.063538296901397978 0.050504628528595899 0.02631005344051858 -0.030900178231192663 0.033566378478536441 -0.016771583655025398 -0.014829292485256836 -0.029093274217979553 -0.013288482756439091 0.002802200606235259 -0.054533874269321908 -0.061882218167439031 -0.017548303997836339
leaf_weight=4001.2510143984109 3943.2736353757791 7481.3660033755004 4055.0060666007921 4417.4895342467353 23703.396858396009 2503.7896892437711 608.14330315683037 3236.7117971200496 281.64824272040278 8347.3334302362055 1816.9184116316028 2272.0165822939016 5181.0233991732821 2405.9136313362978 4539.1050778981298 621.98668472608551 4931.1478945109993 5096.6926110805944 1981.5403127092868 656.31382558844052 1390.4332933900878 1475.6454992592335 5694.2938994285651 1422.6187866833061 10645.086131977849 3233.1021769428626 742.79624081845395 649.07305135158822 137.01252706255764 1221.9329992961138
leaf_count=3994 58764 6323 165392 46566 124576 4723 12245 186704 8837 91102 149400 74452 128108 47450 13000 5702 9250 136795 3791 55240 39000 22109 74070 5625 235686 97789 54352 39050 4550 33580
internal_value=1.34907e-10 0.0310186 -0.0230213 -0.0184314 0.0213675 0.0367413 -0.01145 -0.0148741 -0.0369419 -0.0192887 0.0100697 -0.058937 -0.0203856 -0.0160315 0.0171486 -0.00466997 0.055306 -0.0530358 0.0729306 -0.00999078 -0.0565486 0.0106132 -0.0254056 0.00850677 -0.0249607 -0.020189 -0.043244 -0.0239554 0.0013988 0.00467544
internal_weight=118694 50564.2 68129.8 60411 41101.3 17397.9 43867.6 37974.5 16543.4 32264.5 5709.94 7718.89 31656.4 23309 8465.51 10258 8932.4 6905.79 9462.91 2473.23 6487.13 5893.14 9637.57 5961.72 13051 3855.09 3663.89 1391.87 418.661 6402.96
internal_count=1938225 171282 1766943 1433697 161168 36592 1111681 1043006 322016 651662 391344 333246 639417 548315 23348 265179 13244 189182 10114 204640 175795 68675 132834 18625 283136 103491 167854 93402 13387 161688
is_linear=0
shrinkage=0.05


Tree=3
num_leaves=31
num_cat=0
split_feature=4 17 7 4 15 7 13 9 23 25 4 1 11 0 4 4 12 6 17 5 13 2 15 9 17 4 17 5 5 13
split_gain=28067.2 8310.23 4195.29 2710.95 2340.37 1369.29 1205.72 1782.86 1178.06 918.816 712.661 691.512 685.677 677.041 658.776 613.032 591.475 547.918 536.825 515.316 423.592 416.292 339.52 333.815 330.958 324.62 302.173 599.64 289.586 269.527
threshold=1.0000000180025095e-35 0.056521741673350341 -0.1540454104542732 0.0095652174204587954 -0.16751962155103681 -0.17267522215843198 0.065217390656471266 0.033913042396306999 0.5000000149011613 1.0000000180025095e-35 0.040869565680623061 0.0026086957077495758 -0.097571562975645051 0.025217391550540928 0.018260869197547439 0.0095652174204587954 0.051304347813129432 -0.139057882130146 0.16217391937971118 0.054782608523964889 1.0000000180025095e-35 -0.15540287643671033 -0.10098899528384207 0.016521738842129711 0.010869565885514023 0.035652173683047302 0.0019565217080526058 0.073913045227527632 0.047826087102293975 0.10173913091421129
decision_type=2 2 2 2 2 2 2 2 2 2 2 2 2 2 2 2 2 2 2 2 2 2 2 2 2 2 2 2 2 2
left_child=2 3 8 9 19 15 7 11 -1 26 -9 -6 14 23 -7 -3 28 -4 29 21 -10 -5 -15 -13 -25 -21 27 -2 -8 -14
right_child=1 5 17 4 6 12 16 10 20 -11 -12 13 18 22 -16 -17 -18 -19 -20 25 -22 -23 -24 24 -26 -27 -28 -29 -30 -31
leaf_value=0.038738534004204253 0.027693842321985008 -0.013392773886780361 0.036282927006682335 -0.020790065185091557 -0.032821645778380197 -0.0054385978834624871 0.012807480906183591 0.037498631651350312 0.074809548497826436 0.04652449123995768 -0.00023823862248668261 0.015204890185018744 -0.018909207303937373 -0.024636329296197523 -0.046054709282713449 -0.065277577036491743 0.0082005490403323899 0.0089188102779370632 -0.055794150392697778 -0.014744508228696024 0.050774171316043698 -0.051162794413178683 0.0055129938851857614 -0.043633673327365098 0.0001342548152886728 -0.040210489573663917 0.0017152697065400129 -0.0036480520207866855 -0.04347237846697824 0.0085673716228083802
leaf_weight=3906.0251335119829 3517.1744234543294 631.14518952555954 2803.1213112943806 1546.2529275370762 2555.6181777687743 1151.0245891408995 246.40696372184902 3525.3656653724611 9865.1565310433507 1343.9177186479792 1939.0189258912578 3950.8237848631106 2724.7174615017138 4236.778343688231 7539.6377724446356 5865.0324521809816 814.91469551390037 5265.1068548262119 755.78005419974215 4336.9535544710234 2263.331777443178 4191.4606380793266 1197.2930229976773 493.51724005956203 3411.9340017437935 1759.2427237303928 23780.946960010566 2694.8235767902806 3086.726575858891 1326.3419115843717
leaf_count=7997 9682 5210 5646 34184 17236 13645 16763 137999 9156 2714 90259 78733 73514 79098 269325 232409 52602 17284 52859 78105 3680 98358 26775 3935 87467 59104 176304 8901 71552 117729
internal_value=3.53214e-11 -0.0130113 0.0478396 -0.00474699 -0.0138563 -0.0413774 -0.00531597 -0.000514758 0.0626363 0.00609363 0.0241102 -0.00900752 -0.0322955 -0.00442615 -0.0406766 -0.0602395 -0.0299758 0.0184292 -0.0171373 -0.0322273 0.0703288 -0.0429827 -0.0179937 0.00495944 -0.00540629 -0.0220989 0.00428052 0.014099 -0.0393092 -0.00991331
internal_weight=112726 88622.8 24102.7 68629.2 37292.3 19993.7 25458.4 21310.3 16034.5 31336.9 5464.38 15846 13497.5 13290.3 8690.66 6496.18 4148.05 8068.23 4806.84 11833.9 12128.5 5737.71 5434.07 7856.28 3905.45 6096.2 29992.9 6212 3333.13 4051.06
internal_count=1938225 1894462 43763 1129771 932170 764691 662419 521502 20833 197601 228258 293244 527072 276008 282970 237619 140917 22930 244102 269751 12836 132542 105873 170135 91402 137209 194887 18583 88315 191243
is_linear=0
shrinkage=0.05


Tree=4
num_leaves=31
num_cat=0
split_feature=4 23 16 7 1 4 13 7 2 9 17 15 8 13 23 15 4 17 9 18 15 6 15 1 23 16 4 9 12 13
split_gain=25938.8 5763.75 4831.09 2977.81 1229.89 1167.89 2171.15 1080.58 917.213 796.599 1019.71 781.336 739.171 724.952 481.889 458.065 412.874 401.622 422.483 398.9 362.154 361.9 344.347 340.451 309.203 306.21 297.438 290.131 425.975 395.176
threshold=0.0026086957077495758 0.5000000149011613 0.0095652174204587954 -0.17908484488725659 1.0000000180025095e-35 0.10521738976240159 0.065217390656471266 -0.10410272702574729 -0.1370940878987312 0.033913042396306999 0.039565218612551696 -0.16431207209825513 0.035652173683047302 0.0026086957077495758 0.6428571641445161 -0.14402919262647626 0.0060869567096233377 0.09978260844945909 0.063478261232376113 0.010316357482224705 -0.99999967217445362 -0.16974054276943204 -0.15098112821578977 1.0000000180025095e-35 0.6428571641445161 0.011304348241537811 0.040869565680623061 0.033913042396306999 0.0095652174204587954 0.0095652174204587954
decision_type=2 2 2 2 2 2 2 2 2 2 2 2 2 2 2 2 2 2 2 2 2 2 2 2 2 2 2 2 2 2
left_child=1 7 11 8 24 6 9 23 20 10 22 -2 19 -13 -6 -8 -15 18 -14 26 -4 -9 -5 -1 -3 -21 -11 29 -29 -18
right_child=2 4 3 5 14 -7 15 21 -10 12 -12 13 17 16 -16 -17 27 -19 -20 25 -22 -23 -24 -25 -26 -27 -28 28 -30 -31
leaf_value=0.041514305354239084 -0.0097899603093235307 0.057734093228885369 0.02305491402922864 -0.01709556907600367 0.03157552257610613 -0.045803839311483345 -0.021829457887289488 0.023791381675453811 -0.057519947145918959 -0.053027700630742983 -0.036827290474451171 -0.010678226760839616 -0.022315614527157673 0.029517729067031692 0.05754915740158191 0.023710655629521332 -0.00093419050312803934 -0.049795980204933532 0.0061317327034486942 -0.053743552526868646 -0.032974260002939855 -0.0062768062687992426 0.0048420287437358628 0.019964456735901227 0.075474518371350344 -0.0091592196364832113 -0.00016913570222319235 -0.064164379418323328 0.0032865773224245599 0.022619389526183364
leaf_weight=2382.3073923718184 12879.860495008528 4645.4729854501784 310.63686084281653 2658.5049722432159 5104.3325678054243 3629.8688342208043 648.52416042052209 1222.0066281263717 8227.7499206003267 4297.9417575597763 2911.0753393163905 4273.9797813380137 4544.0636553242803 2964.7413949081674 2751.194093788974 3689.4295458616689 3353.8613689746708 901.19356244988739 1830.4263859158382 544.5373403779231 3916.1854544109665 5505.052715015132 5462.7046618480235 7958.1276356419548 5274.3499062592164 1311.5656929928809 283.70782543253154 321.71414546109736 851.83766284631565 3795.6223103874363
leaf_count=4216 123041 6237 11558 54076 12356 230829 39888 3443 302434 51398 61512 17202 121860 37188 3947 258413 35515 22885 59674 4345 125252 25133 117104 26664 4703 39869 14377 3546 29691 89869
internal_value=4.16084e-11 0.0355409 -0.0168234 -0.0269877 0.0554672 -0.0190653 -0.0157266 0.0147862 -0.0477938 -0.0214464 -0.011443 -0.000681056 -0.0294926 0.00685818 0.0406783 0.0168989 0.0134985 -0.0185691 -0.0141473 -0.041833 -0.0288521 -0.000812033 -0.00234054 0.0249328 0.0671733 -0.0222611 -0.0497553 0.00778941 -0.0152431 0.0115717
internal_weight=108453 34842.8 73609.7 45168.1 17775.3 32713.5 29083.7 17067.5 12454.6 24745.7 11032.3 28441.6 13713.4 15561.8 7855.53 4337.95 11287.8 7275.68 6374.49 6437.75 4226.82 6727.06 8121.21 10340.4 9919.82 1856.1 4581.65 8323.04 1173.55 7149.48
internal_count=1938225 86699 1851526 1515474 27243 1076230 845401 59456 439244 547100 232692 336052 314408 213011 16303 298301 195809 204419 181534 109989 136810 28576 171180 30880 10940 44214 65775 158621 33237 125384
is_linear=0
shrinkage=0.05


Tree=5
num_leaves=31
num_cat=0
split_feature=4 23 17 13 15 4 7 6 7 18 9 17 17 9 9 4 5 1 4 4 16 7 4 7 7 2 25 7 15 4
split_gain=23595.5 4830.5 4195.79 1368.54 1336.53 1456.08 1019.83 829.963 621.208 613.041 532.928 677.293 396.663 428.578 388.471 366.985 364.443 326.247 292.084 277.574 266.312 260.735 260.086 248.631 240.987 291.067 230.087 245.033 226.757 225.165
threshold=0.0026086957077495758 0.5000000149011613 0.065217394381761565 1.0000000180025095e-35 -0.18132622539997098 0.018260869197547439 -0.17267522215843198 -0.14955886453390119 -0.13249269127845761 0.0039610576350241908 0.028695652261376384 0.036304347217082984 0.13847825676202777 0.068695649504661574 0.051304347813129432 0.0043478262377902874 0.047826087102293975 0.0026086957077495758 1.0000000180025095e-35 0.014782608952373268 0.0095652174204587954 -0.13850124925374982 1.0000000180025095e-35 -0.34614410996437067 -0.075368437916040407 -0.1669385880231857 1.0000000180025095e-35 -0.13481364399194715 -0.12733987718820569 0.014782608952373268
decision_type=2 2 2 2 2 2 2 2 2 2 2 2 2 2 2 2 2 2 2 2 2 2 2 2 2 2 2 2 2 2
left_child=1 7 4 8 5 15 29 18 22 -6 17 20 13 -8 24 -2 -13 -11 -1 -19 -12 -9 -3 -17 25 -7 -5 -28 -18 -4
right_child=2 3 6 26 9 14 12 21 -10 10 11 16 -14 -15 -16 23 28 19 -20 -21 -22 -23 -24 -25 -26 -27 27 -29 -30 -31
leaf_value=0.036959777946589271 0.0041402211798201999 0.069276576081694727 -0.030037167992999644 0.01992925013443432 0.0038069658109809545 -0.016931653319389447 -0.039989513069189166 0.01785831872680195 0.032819645086972542 0.0086911242884301961 -0.0039084792096645759 -0.030755293358403657 -0.05099253241369215 -0.01499266061199322 -0.0022503063314227851 -0.02960872080155548 -0.01711576626311969 -0.0095955576616760605 0.016528428297168784 -0.023801316050365399 0.024443853513143786 -0.00022041901563561121 0.046933695767016774 -0.010499866320732113 -0.02504349539912323 -0.054649596977806914 0.051417343966925377 0.011793286383837302 0.0013804217471942264 -0.064083985567265231
leaf_weight=4024.4474139674567 2991.1542754834518 9322.8724117660895 553.66684096539393 2533.4404787612148 12619.225613064598 586.93291400838643 2988.0117295216769 2893.0152024379931 1609.3488093218766 1256.1692216340452 1203.7764338236302 1637.6262667784467 1980.0609636933077 4027.0102901952341 596.2369895814918 2460.7779656932689 2472.1912367241457 5891.4606857616454 3098.4834692832083 8265.6641984945163 2652.0858072373085 6415.3692484507337 1524.850621053949 5524.1974567268044 1243.6995874335989 4038.6800346728414 1662.6361044915393 510.63116578944027 5021.0252054720186 4109.5261784916511
leaf_count=8575 15239 9640 8036 8510 181892 14917 83622 9286 2973 15492 28314 73034 105858 233385 35070 34831 89260 58548 11330 158663 110308 30265 2495 65897 31933 109101 2469 1156 204769 193357
internal_value=-3.94962e-11 0.0346097 -0.0161224 0.0531597 -0.0102927 -0.0218861 -0.0410723 0.0152308 0.0618387 -0.00536271 -0.00943715 -0.00197507 -0.031229 -0.0256441 -0.0407075 -0.0107966 -0.00939509 -0.0157239 0.0280757 -0.0178907 0.0155937 0.00539971 0.0661405 -0.0163917 -0.0446132 -0.0498684 0.0301809 0.042117 -0.00472338 -0.0600489
internal_weight=105714 33595.1 72119.2 17163.8 58460.9 17441.7 13658.3 16431.3 12457.1 41019.2 28400 12986.7 8995.08 7015.02 6465.55 10976.1 9130.84 15413.3 7122.93 14157.1 3855.86 9308.38 10847.7 7984.98 5869.31 4625.61 4706.71 2173.27 7493.22 4663.19
internal_count=1938225 86699 1851526 27243 1227268 306988 624258 59456 15108 920280 738388 505685 422865 317007 191021 115967 367063 232703 19905 217211 138622 39551 12135 100728 155951 124018 12135 3625 294029 201393
is_linear=0
shrinkage=0.05


Tree=6
num_leaves=31
num_cat=0
split_feature=4 23 17 16 15 13 6 7 4 7 3 7 18 5 9 8 4 17 13 6 4 4 16 25 15 9 5 17 7 4
split_gain=21543.7 4347.95 3095.33 1440.5 1868.53 1233.35 687.108 582.864 519.149 462.645 389.974 389.595 364.183 344.101 340.643 332.116 395.173 294.816 292.496 262.782 258.667 242.285 240.189 235.662 245.003 221.696 214.729 205.141 202.17 247.02
threshold=0.0026086957077495758 0.5000000149011613 0.085217397660017027 0.0078260868322104233 -0.16751962155103681 1.0000000180025095e-35 -0.14955886453390119 -0.12359660118818282 0.028695652261376384 -0.12564145028591153 -0.11517978087067603 -0.22113964706659314 0.01016871025785804 0.044347826391458518 0.054782608523964889 0.037391304969787605 0.039130434393882758 0.14521739631891253 1.0000000180025095e-35 -0.045705808326601975 0.016521738842129711 1.0000000180025095e-35 0.011304348241537811 1.0000000180025095e-35 -0.15673509240150449 0.033913042396306999 0.24608696252107623 0.036304347217082984 -0.13249269127845761 1.0000000180025095e-35
decision_type=2 2 2 2 2 2 2 2 2 2 2 2 2 2 2 2 2 2 2 2 2 2 2 2 2 2 2 2 2 2
left_child=1 6 3 23 8 9 18 20 13 21 -9 -6 -13 -5 -10 22 -17 19 -1 -12 -4 -3 -14 24 -2 -24 -8 -27 29 -7
right_child=2 5 7 4 11 28 26 10 14 -11 17 12 15 -15 -16 16 -18 -19 -20 -21 -22 -23 25 -25 -26 27 -28 -29 -30 -31
leaf_value=0.039088197564050992 -0.0086526674329501316 0.066748948405593631 -0.024427928140877797 -0.037571567060354728 -0.034811319443162347 0.04543915328167919 0.010517599001850939 -0.049124669078686067 -0.051546419260918332 0.033097961232350169 -0.011959416405172514 -0.0028934210707056325 -0.004159584409891684 -0.013074573946960884 -0.016278923483716803 0.0050060584925979562 -0.018122154240532855 -0.040862879864950324 0.018254528637969763 0.049733432971989996 -0.062754975710965707 0.044940471137606547 -0.012441168006667801 0.027940356805975727 0.0014148338816883164 -0.046612011185587866 -0.0071241017961012456 -0.017799949914596686 0.0065252487215439669 0.019547195829651837
leaf_weight=2883.7684834995307 11318.207607747056 9061.1345143993385 503.5341617888771 2728.3557171709836 1579.1468197670765 2147.9361672136001 6750.0616335743107 1671.0112837401684 4598.4755768682808 1405.8444736194797 1166.2724859644659 11880.655637960415 1121.2503619282506 3022.8213329296559 805.81196223990992 3202.0296752001159 4361.8841135583352 811.75687458564062 4058.5292864255607 201.56666962569579 3598.867904429324 1492.3435490522534 1229.8945647282526 618.96711459197104 12964.69119250495 2015.8430375074968 2315.9634518888779 893.17879675608128 791.88656153995544 1616.7188707776368
leaf_count=5220 107448 9813 8157 64837 75353 3929 26759 81749 140458 2763 67261 318678 25632 62588 48255 97898 231419 49428 14685 13432 195478 2532 31593 2070 157608 28591 12792 43593 2082 6124
internal_value=4.41143e-11 0.0336468 -0.0155682 -0.0118202 -0.0180187 0.0516445 0.0150765 -0.0449419 -0.0351636 0.0600789 -0.030957 -0.0107409 -0.00920095 -0.0247004 -0.0462918 -0.0150438 -0.00833193 -0.0170124 0.026913 -0.00283858 -0.0580578 0.0636696 -0.0246917 -0.00250071 -0.00327777 -0.0302516 0.00601065 -0.0377748 0.0294987 0.0343281
internal_weight=102818 32524.2 70294.2 62341.2 37439.3 16515.9 16008.3 7953.01 11155.5 11959.3 3850.61 26283.9 24704.7 5751.18 5404.29 12824.1 7563.91 2179.6 6942.3 1367.84 4102.4 10553.5 5260.17 24901.9 24282.9 4138.92 9066.03 2909.02 4556.54 3764.66
internal_count=1938225 86699 1851526 1436021 1168895 27243 59456 415505 316138 15108 211870 852757 777404 127425 188713 458726 329317 130121 19905 80693 203635 12345 129409 267126 265056 103777 39551 72184 12135 10053
is_linear=0
shrinkage=0.05


Tree=7
num_leaves=31
num_cat=0
split_feature=4 23 17 15 4 13 6 7 23 16 5 13 9 17 4 4 1 23 25 7 3 9 18 4 17 11 9 25 7 6
split_gain=19317.4 4163.61 3154 1365.18 1953.88 1087.51 747.862 399.236 373.518 306.407 438.778 292.601 262.602 345.615 231.147 229.174 221.826 213.8 213.481 206.92 205.841 193.11 219.426 205.948 183.52 180.112 162.395 154.517 137.978 137.099
threshold=0.0026086957077495758 0.5000000149011613 0.084565214812755599 -0.15098112821578977 0.021739130839705471 1.0000000180025095e-35 -0.14226704090833661 -0.12564145028591153 0.6428571641445161 0.0043478262377902874 0.025217391550540928 1.0000000180025095e-35 0.051304347813129432 0.035869564861059196 0.014782608952373268 0.065217390656471266 1.0000000180025095e-35 0.6428571641445161 1.0000000180025095e-35 -0.14094107598066327 -0.11745894327759741 0.011304348241537811 0.021049945615231994 0.0078260868322104233 0.26239129900932318 -0.10199004784226416 0.068695649504661574 1.0000000180025095e-35 -0.24875011295080182 -0.074435088783502565
decision_type=2 2 2 2 2 2 2 2 2 2 2 2 2 2 2 2 2 2 2 2 2 2 2 2 2 2 2 2 2 2
left_child=1 6 3 4 9 8 11 14 16 27 -11 -1 13 -6 -4 21 -3 -7 -13 -8 -9 -5 23 -23 -22 28 -17 -2 -25 -18
right_child=2 5 7 15 12 17 19 20 -10 10 -12 18 -14 -15 -16 26 29 -19 -20 -21 24 22 -24 25 -26 -27 -28 -29 -30 -31
leaf_value=0.037588337442373124 -0.0034788094901829327 0.05707576466507075 -0.021389601256246223 -0.0085134256913548204 -0.030403866027141346 0.021676783988801594 0.016451696273404662 -0.047775980912777495 0.067509537799806757 -0.030894825637116818 -0.0078154088816731991 0.01324402316845478 -0.01930533327261863 -0.051811149754829436 -0.060297038426405249 -0.024279443388330331 0.039058929371836804 0.045366530671344912 0.048042018951022426 -0.0010074954992231103 -0.02008150654914715 0.0232633299631302 -0.01009842487895485 -0.034724401868435402 -0.064501942447428698 0.008272060545223189 -0.00046385168122385748 0.035920975157908375 -0.0020981802932056749 -0.034559778458606409
leaf_weight=3045.408193835523 7337.1900183972903 3620.8432240206748 430.84526578243822 11132.349859031383 3459.0297705619596 3009.2129272478633 2357.4222013503313 1569.140305575449 5706.7482295096852 3134.198149044998 6004.4213918964379 3781.1001564133912 1517.9060319215059 4160.7441390771419 3449.2207477607299 2327.6188749638386 2126.3610862204805 1395.4758609523997 498.20371703617275 6051.2291995501146 2254.5926983731333 1104.4315425613895 4467.9127418883145 335.06417557131499 258.62645679246634 5282.6789158489555 1033.5390347994398 256.58343828003854 9074.2152016079053 64.444769257679582
leaf_count=5760 53863 4945 6780 96930 102261 9584 7910 81110 6099 56004 93921 15432 86024 125033 197054 97777 3836 2551 870 29484 121435 17380 119876 18328 15904 170376 112830 696 277944 228
internal_value=-2.36823e-11 0.0323073 -0.014911 -0.011025 -0.0197216 0.0503315 0.0140638 -0.0444949 0.0584126 -0.00956601 -0.0157333 0.0257425 -0.0383147 -0.0420985 -0.0559834 -0.00455187 0.0494697 0.0291907 0.0173055 0.00388868 -0.0335648 -0.00322317 -0.000316655 0.00245052 -0.0246765 0.000884495 -0.0169586 -0.00214299 -0.00326357 0.0368786
internal_weight=100247 31656.4 68590.3 60627.9 25870.1 15923.1 15733.4 7962.43 11518.4 16732.4 9138.62 7324.71 9137.68 7619.77 3880.07 34757.8 5811.65 4404.69 4279.3 8408.65 4082.36 31396.7 20264.3 15796.4 2513.22 14692 3361.16 7593.77 9409.28 2190.81
internal_count=1938225 86699 1851526 1429243 517802 27243 59456 422283 15108 204484 149925 22062 313318 227294 203834 911441 9009 12135 16302 37394 218449 700834 603904 484028 137339 466648 210607 54559 296272 4064
is_linear=0
shrinkage=0.05


Tree=8
num_leaves=31
num_cat=0
split_feature=4 23 17 15 4 13 6 0 9 7 23 2 7 1 3 4 1 4 6 7 4 13 7 6 1 17 25 6 6 8
split_gain=17945.2 3695.23 2559.56 1172.38 1488.27 1011.84 673.201 436.294 440.042 407.519 335.179 319.203 341.86 261.266 246.249 243.091 224.247 216.664 207.771 205.55 203.148 452.341 408.956 199.847 196.936 191.622 188.554 174.708 174.33 171.613
threshold=0.0026086957077495758 0.5000000149011613 0.085217397660017027 -0.16039987653493878 0.016521738842129711 1.0000000180025095e-35 -0.15280990302562711 0.0060869567096233377 0.089565217494964613 -0.12564145028591153 0.6428571641445161 -0.15009858459234235 -0.069636333733797059 1.0000000180025095e-35 -0.11517978087067603 1.0000000180025095e-35 1.0000000180025095e-35 0.016521738842129711 -0.36655505001544947 -0.32780028879642481 0.026956521905958656 0.030434782616794113 -0.12675850093364713 -0.083412561565637575 1.0000000180025095e-35 0.26239129900932318 1.0000000180025095e-35 -0.09880723804235457 -0.074435088783502565 0.037391304969787605
decision_type=2 2 2 2 2 2 2 2 2 2 2 2 2 2 2 2 2 2 2 2 2 2 2 2 2 2 2 2 2 2
left_child=1 6 3 4 13 10 15 -5 20 17 16 18 -13 -2 -11 -1 -3 -4 -6 -15 21 -9 -22 24 -8 -16 -7 -28 -18 -23
right_child=2 5 9 7 11 26 23 8 -10 14 -12 12 -14 19 25 -17 28 -19 -20 -21 22 29 -24 -25 -26 -27 27 -29 -30 -31
leaf_value=0.035532730609114764 0.010215844583368631 0.056196860081429448 -0.022289474449514578 0.0061703639196434672 0.013191398592952264 0.018535258054264096 0.024300890341658693 -0.0091758039465474461 0.014069342448338835 -0.046244917358662853 0.065777969680171064 -0.047022611741604756 -0.019836829004651946 -0.022620485889455706 -0.014986189977359333 0.015703676760824556 0.03826448191203588 -0.058893143508337936 -0.026361263325643616 -0.0074314384333059556 -0.028337406244981728 0.027288642993744505 -0.0087718470547778794 -0.01116836120316443 0.0046199487393504815 -0.062153572255038814 0.044348500238215995 -0.0061108223874726808 -0.040557218215198095 -0.0017872410240591099
leaf_weight=3532.3254775437526 1551.4463965250179 3486.9270702861249 465.44891520543024 6420.3140471749939 389.53830322343856 2289.1985735306516 1618.3570682555437 14252.471820618492 2084.7976255188696 1511.6422481453046 5471.5325805512257 5270.2457493203692 1484.115640193224 3095.2887480710633 1991.4256454554852 2752.3096315320581 2070.4578446303494 3159.9350716220215 2227.1385903530754 7943.7504828623496 3728.445133134257 1263.4247943232767 9413.7985504176468 1492.8778037196025 5913.4777123080567 240.64799366076477 1808.7640834376216 189.25490016676486 71.825975093990564 847.53770465543494
leaf_count=8235 6970 4945 8092 75403 11680 8510 3670 186668 150104 82699 6099 180214 50159 42532 115882 10870 3836 193039 72490 87938 170513 46964 332779 10295 26386 15793 3072 553 228 21607
internal_value=-2.83916e-11 0.0316831 -0.0144429 -0.0110255 -0.0202223 0.0489857 0.0142896 -0.00571137 -0.00812629 -0.0422497 0.0569543 -0.0353085 -0.041053 -0.00899186 -0.0306646 0.0268526 0.0483677 -0.0542012 -0.0204704 -0.011692 -0.009695 -0.00597632 -0.0143243 0.00553887 0.00885144 -0.020097 0.0283444 0.0395683 0.0356041 0.0156195
internal_weight=98038.7 30697.3 67341.4 59972.3 21961.5 15388 15309.3 38010.8 31590.5 7369.1 11100.7 9371.04 6754.36 12590.5 3743.72 6284.64 5629.21 3625.38 2616.68 11039 29505.7 16363.4 13142.2 9024.71 7531.83 2232.07 4287.22 1998.02 2142.28 2110.96
internal_count=1938225 86699 1851526 1436021 451983 27243 59456 984038 908635 415505 15108 314543 230373 137440 214374 19105 9009 201131 84170 130470 758531 255239 503292 40351 30056 131675 12135 3625 4064 68571
is_linear=0
shrinkage=0.05


Tree=9
num_leaves=31
num_cat=0
split_feature=4 23 17 7 13 15 4 6 11 17 23 13 4 4 13 4 4 5 7 1 15 25 4 6 6 6 5 1 9 8
split_gain=16701.5 3311.96 2531.38 1052.68 992.325 677.012 714.545 580.4 436.305 409.875 284.496 271.014 224.805 222.935 368.253 212.422 209.918 203.286 202.273 190.038 187.162 183.287 181.027 207.852 174.582 144.207 140.306 129.679 145.117 517.937
threshold=0.0026086957077495758 0.5000000149011613 0.050434784963727004 -0.17267522215843198 1.0000000180025095e-35 -0.18132622539997098 0.01304347859695554 -0.14226704090833661 -0.14130433648824689 0.14304348081350329 0.6428571641445161 1.0000000180025095e-35 0.0095652174204587954 0.014782608952373268 0.051304347813129432 0.0043478262377902874 0.018260869197547439 0.056521739810705192 -0.24875011295080182 1.0000000180025095e-35 -0.99999967217445362 1.0000000180025095e-35 1.0000000180025095e-35 -0.13118399679660794 -0.074435088783502565 -0.072835747152566896 0.059999998658895499 0.0026086957077495758 0.028695652261376384 0.018260869197547439
decision_type=2 2 2 2 2 2 2 2 2 2 2 2 2 2 2 2 2 2 2 2 2 2 2 2 2 2 2 2 2 2
left_child=1 7 5 12 10 6 15 11 16 25 19 -1 -4 -7 18 -2 -5 20 -15 -3 -8 -13 23 -6 -21 -10 -9 -20 -29 -30
right_child=2 4 3 8 22 13 17 26 9 -11 -12 21 -14 14 -16 -17 -18 -19 27 24 -22 -23 -24 -25 -26 -27 -28 28 29 -31
leaf_value=0.036728595515460198 0.0039914293627797302 0.055120998725330932 -0.01486760441592967 -0.0082637945962407613 0.044409510927890257 8.3309390874864442e-05 0.011365373430024597 0.015367393515942346 -0.016447222616167264 -0.044698092801836217 0.064133862085409818 0.012817806859342532 -0.051660393671379493 -0.03591003034588959 0.0075252378148845875 -0.013307050146357 -0.041475379577572864 -0.021335709443676409 -0.024718634127007783 0.038592238291735192 -0.043016170819471337 0.045922057780927422 0.01484028122371352 0.011008332678729908 -0.040122085900600769 -0.0014985183228593958 0.00092327222453050025 -0.0037750542815905524 -0.049398583611361908 -0.0078235220944050561
leaf_weight=2879.9427282665856 2640.2267835685052 3366.3134735799395 454.42208508774638 560.61913465196267 1828.2760623171926 15850.972697478486 167.45133481733501 2398.591663280502 5452.6438703995664 1094.9565629801946 5250.7266418426298 3593.4691548664123 4928.556532776216 788.26572084287181 3150.5492125879973 5410.1270588315092 3164.4760208111256 2983.4037488317117 1338.6031859670766 1998.1841766056605 2757.2862872369587 472.48763101361692 1750.4239934352227 625.95315849967301 72.237422345206141 2291.3773850593716 5616.648709573783 7385.0711051295511 890.33576742466539 4698.8133590454236
leaf_count=5760 14905 4945 5306 8142 3554 173418 5782 8518 267520 85063 6099 15432 262666 29633 171409 64325 129007 87588 11649 3836 85139 870 6889 1692 228 124361 28876 170799 17164 137650
internal_value=-1.75014e-11 0.0310328 -0.0140353 -0.0300581 0.0477246 -0.00805159 -0.0173269 0.0144158 -0.0221288 -0.0160769 0.0558207 0.0249938 -0.0485577 -0.00425473 -0.00802197 -0.00763398 -0.0364807 -0.0305308 -0.0112659 0.0477817 -0.0398998 0.0166751 0.0271374 0.0358985 0.0358278 -0.0120248 0.00524711 -0.00990621 -0.00837617 -0.014454
internal_weight=95861.4 29853.3 66008.2 17947.1 14892.1 48061.1 13958.5 14961.1 12564.1 8838.98 10687.5 6945.9 5382.98 34102.6 18251.6 8050.35 3725.1 5908.14 15101.1 5436.74 2924.74 4065.96 4204.65 2454.23 2070.42 7744.02 8015.24 14312.8 12974.2 5589.15
internal_count=1938225 86699 1851526 882065 27243 969461 257739 59456 614093 476944 15108 22062 267972 711722 538304 79230 137149 178509 366895 9009 90921 16302 12135 5246 4064 391881 37394 337262 325613 154814
is_linear=0
shrinkage=0.05


Tree=10
num_leaves=31
num_cat=0
split_feature=4 23 17 15 4 13 6 4 4 13 6 23 15 7 7 7 2 4 6 2 7 25 7 12 3 1 9 17 6 4
split_gain=15142.1 3261.27 2023.58 1068.79 1426.91 927.301 593.938 322.502 288.045 248.585 240.162 239.402 237.317 237.275 214.318 176.721 174.131 170.177 182.114 167.707 161.116 157.182 152.054 172.454 146.155 145.124 140.762 131.99 160.58 125.257
threshold=0.0026086957077495758 0.5000000149011613 0.09978260844945909 -0.16431207209825513 0.023478261195123199 1.0000000180025095e-35 -0.14226704090833661 0.0043478262377902874 0.070434782654047026 1.0000000180025095e-35 -0.34010666608810419 0.6428571641445161 -0.11950959637761115 -0.12564145028591153 -0.069636333733797059 -0.33376148343086237 -0.15540287643671033 1.0000000180025095e-35 -0.13118399679660794 -0.13182810693979261 -0.14094107598066327 1.0000000180025095e-35 -0.21148123592138288 0.054782608523964889 -0.11517978087067603 1.0000000180025095e-35 0.068695649504661574 0.26239129900932318 -0.041458714753389352 0.011304348241537811
decision_type=2 2 2 2 2 2 2 2 2 2 2 2 2 2 2 2 2 2 2 2 2 2 2 2 2 2 2 2 2 2
left_child=1 6 3 4 7 11 9 -2 19 -1 -6 25 -10 29 -12 16 -9 18 -7 -5 -8 -11 -21 -24 -15 -3 -25 28 -26 -4
right_child=2 5 13 8 10 17 20 15 12 21 14 -13 -14 24 -16 -17 -18 -19 -20 22 -22 -23 23 26 27 -27 -28 -29 -30 -31
leaf_value=0.035649295573641097 0.0029330112377219664 0.053871722550165146 -0.016281601959394036 -0.0018564340366852888 -0.0047786895292140676 0.043396237181508507 0.015633702242590392 -0.0087504219251405852 -0.038997335966281049 0.012602252710239781 -0.046948337906660149 0.062652834453030951 -0.010810346948678936 -0.047032865501200734 -0.024666750905198653 -0.011201765404898645 -0.03451510023760114 0.014637369873905971 0.011680636807765028 -0.030117409044377957 -0.00019104689220279334 0.043528658604040288 -0.0091186928266466533 -0.014785916612769987 -0.024922339512330458 0.036695804010759218 0.026527295787058286 -0.058875875853750884 0.020348895399463565 -0.056993367664875998
leaf_weight=2820.8984822728671 3199.7567218877375 3259.4908632645383 205.84100025612861 21206.485529014841 470.20695674465969 1779.6242194182705 2226.0644576079212 999.56408530659974 1099.665321997134 3506.2673504059203 4739.2504076831974 5040.4586102920584 2326.1299912381219 1035.529343299102 1402.2664780179039 7682.1912000586744 1910.5651573375799 1705.9560049269348 608.12609790824354 792.27735218778253 5790.3579599447548 464.71664575301111 12785.271281865891 304.87203653715551 1092.217291679699 1993.2892542262562 632.54390131752007 216.34262727212626 237.84101961832494 2439.1049955550116
leaf_count=5760 18675 4945 3008 408521 15190 3554 7910 16869 68048 15432 189682 6099 175062 58369 55167 116543 36810 6889 1692 34471 29484 870 342495 12730 67983 4064 37975 15793 17682 160453
internal_value=1.66824e-11 0.0298958 -0.0134742 -0.0108556 -0.0201337 0.0468493 0.0134227 -0.0109773 -0.00601949 0.0243005 -0.0392293 0.0548551 -0.019867 -0.0433006 -0.0418657 -0.0151792 -0.0256716 0.0267108 0.035327 -0.00469095 0.0042047 0.0162316 -0.00883179 -0.00760076 -0.0324951 0.0473621 0.0130897 -0.0227359 -0.0168177 -0.0538324
internal_weight=93973.2 29195.2 64777.9 59551 20403.8 14386.9 14808.3 13792.1 39147.2 6791.88 6611.72 10293.2 3425.8 5226.88 6141.52 10592.3 2910.13 4093.71 2387.75 35721.5 8016.42 3970.98 14515 13722.7 2581.93 5252.78 937.416 1546.4 1330.06 2644.95
internal_count=1938225 86699 1851526 1528238 448936 27243 59456 188897 1079302 22062 260039 15108 243110 323288 244849 170222 53679 12135 5246 836192 37394 16302 427671 393200 159827 9009 50705 101458 85665 163461
is_linear=0
shrinkage=0.05


Tree=11
num_leaves=31
num_cat=0
split_feature=4 16 23 15 4 17 15 25 1 7 7 13 7 9 17 6 9 4 4 6 6 1 5 23 1 4 18 11 12 17
split_gain=13912.1 2680.65 1739.34 1452.89 1054.24 810.969 665.26 461.909 425.883 392.959 345.808 266.419 249.352 247.538 243.763 230.95 214.797 208.058 176.211 156.881 131.413 131.028 124.323 118.215 118.164 105.343 102.256 133.223 119.083 101.067
threshold=1.0000000180025095e-35 0.021739130839705471 0.5000000149011613 -0.15338242799043653 0.0043478262377902874 0.11130434647202493 -0.18276178836822507 1.0000000180025095e-35 1.0000000180025095e-35 -0.13131371140480039 -0.13604869693517682 0.0043478262377902874 -0.21608127653598783 1.0000000180025095e-35 0.060434786602854736 -0.083796910941600786 0.039130434393882758 0.01304347859695554 0.044347826391458518 -0.1562511324882507 -0.082275781780481325 1.0000000180025095e-35 0.053043477237224586 0.6428571641445161 0.0026086957077495758 0.021739130839705471 0.013987574260681869 -0.084781900048255907 0.063478261232376113 0.036304347217082984
decision_type=2 2 2 2 2 2 2 2 2 2 2 2 2 2 2 2 2 2 2 2 2 2 2 2 2 2 2 2 2 2
left_child=2 4 9 14 7 12 17 10 -4 24 13 -8 -5 -2 16 23 -3 -6 -14 25 21 -11 -19 -10 -1 -13 29 -28 -29 -20
right_child=1 3 8 5 6 -7 11 -9 15 20 -12 19 18 -15 -16 -17 -18 22 26 -21 -22 -23 -24 -25 -26 -27 27 28 -30 -31
leaf_value=0.04296804298932088 0.024602214788349935 -0.041730602770353689 0.059855563000312029 -0.041164659839016009 -0.013173302365049239 -0.043946833270535168 -0.014959945265529646 0.04114042378675159 0.035351281090663073 0.030867996786163428 -0.0032844723420342968 -0.0080763061744163912 -0.0025708765156723878 0.0060717956625179334 -0.051314458073302698 -0.011699147882146937 -0.016597507388970392 -0.037168981509123344 -0.042416299281722629 6.0875804745213341e-05 -0.013176696559924293 0.0073570967396731305 -0.019851632898508779 0.052297600733671123 0.024816698790807799 -0.033329772299274113 -0.028582104411758819 -0.02637053681014544 0.0081853221259413859 -0.0059544448233452944
leaf_weight=1462.4708640677854 2569.2833156962879 2522.8814515178092 6396.3144929334521 623.92709587840363 5667.5495009003207 2093.9854113511974 4580.3728046827018 928.2288049175404 2547.5120722402353 777.29643506649882 7126.2550544776022 2071.7606927119195 5878.4536252617836 6034.5633946051821 3689.1496922089718 207.62421083962545 1284.871177165769 1935.646182844881 202.26506903301924 17767.984193291282 563.05841478612274 2488.1591260025743 2240.5772291640751 1742.6944063149858 2334.406540240394 515.11767548741773 2030.1480227669235 430.88414279557765 588.96258255140856 2935.0682003870606
leaf_count=2891 6714 82740 8306 52848 71923 194196 27463 1913 5673 1676 41767 38090 193955 34926 147891 679 75213 58433 5362 425481 4249 10265 58940 2800 7224 19192 147438 17284 51993 140700
internal_value=6.0513e-11 -0.00973295 0.0387409 -0.0242196 -0.00345758 -0.0151256 -0.00841154 0.00688509 0.0515604 0.0204218 0.0048612 -0.00406628 -0.0103666 0.0116076 -0.0421482 0.0397533 -0.0332564 -0.019417 -0.00877071 -0.00161431 0.00911474 0.0129613 -0.0278851 0.0422455 0.0318177 -0.0131159 -0.0146597 -0.0211782 -0.00642602 -0.00831792
internal_weight=92237.5 73717.9 18519.5 22280.6 51437.3 14783.7 34779 16658.3 10894.1 7625.39 15730.1 24935.2 12689.7 8603.85 7496.9 4497.83 3807.75 9843.77 12065.8 20354.9 3828.51 3265.46 4176.22 4290.21 3796.88 2586.88 6187.33 3049.99 1019.85 3137.33
internal_count=1938225 1894462 43763 1109620 784842 803776 699522 85320 17458 26305 83407 510226 609580 41640 305844 9152 157953 189296 556732 482763 16190 11941 117373 8473 10115 57282 362777 216715 69277 146062
is_linear=0
shrinkage=0.05


Tree=12
num_leaves=31
num_cat=0
split_feature=4 4 15 23 17 17 25 4 1 6 7 7 6 5 18 4 13 13 5 15 1 12 9 18 13 7 27 6 18 11
split_gain=12901.5 2341.55 1755.63 1615.55 886.244 746.318 559.299 402.444 388.835 375.41 299.641 297.411 223.461 218.547 215.097 209.578 206.584 192.551 185.541 178.491 145.816 137.73 159.704 134.145 121.777 117.418 108.654 107.425 104.305 125.262
threshold=1.0000000180025095e-35 0.011304348241537811 -0.15257383137941358 0.5000000149011613 0.13413043320178988 0.035869564861059196 1.0000000180025095e-35 0.0026086957077495758 1.0000000180025095e-35 -0.14955886453390119 -0.14998442679643628 -0.23144350200891492 -0.083796910941600786 0.020000000484287742 0.0082494211383163946 0.091304346919059767 1.0000000180025095e-35 0.014782608952373268 0.033913042396306999 -0.083310585469007478 1.0000000180025095e-35 0.06695652008056642 0.046086955815553672 0.0039848492015153178 0.150434784591198 -0.13481364399194715 1.0000000180025095e-35 -0.14312298595905301 0.011698804330080749 -0.087772812694311128
decision_type=2 2 2 2 2 2 2 2 2 2 2 2 2 2 2 2 2 2 2 2 2 2 2 2 2 2 2 2 2 2
left_child=3 6 5 9 11 13 7 10 -5 -1 16 -4 -10 -3 -9 17 -2 23 -7 -17 -11 22 -20 -13 27 -22 -8 -19 29 -25
right_child=1 2 4 8 -6 18 26 14 12 20 -12 15 -14 -15 -16 19 -18 24 21 -21 25 -23 -24 28 -26 -27 -28 -29 -30 -31
leaf_value=0.032639124425015389 0.030470714390456722 -0.035243553302182686 -0.035564469599482361 0.058608626823333433 -0.046682388916564038 -0.052127097206313713 0.024403632392224511 -0.00076141158105383615 0.041605977307484401 0.027462619891378562 -0.00099196798702917677 -0.024617868421271671 -0.011536010641287993 -0.013861529054638808 -0.011835677636271233 -0.033074019017566209 0.0089735886370944408 -0.014982840683556823 -0.039068606318982117 -0.004785188499499664 0.019170686403840776 -0.049243753542148633 -0.017627099951637165 -0.0068537766797609426 0.053422540649775807 -0.0013874051336064262 0.056999249784728201 -0.0016993102907708322 -0.023732334708029046 0.026739805818655094
leaf_weight=3325.9017763803713 1793.829193786718 1559.7984299198724 906.33151964738499 6153.7151425369084 1523.1896490784129 2740.1155180581845 883.43249803222716 13991.233350308612 4166.1604806331452 936.5889214463532 4425.3538324353285 1827.7323986152187 207.27243599947542 5113.0608660769649 6385.2024426036514 1293.6258547862526 2965.1894269036129 1678.1359523257706 2268.05238872068 980.14912144257687 1010.813853086438 1413.2216068212874 1411.3814593036659 1716.978246607352 95.344470032257959 2214.7678206921555 360.7600320475176 16270.753564743092 703.68343030102551 329.94691375736147
leaf_count=8575 4082 48593 65643 8306 149834 109817 2587 127843 8473 2208 22396 18932 679 137468 79967 106416 15140 63010 72360 84820 3585 60649 75859 23436 10177 11937 575 599927 9898 5033
internal_value=1.55449e-11 -0.00939397 -0.0170976 0.0378744 -0.00963394 -0.0311561 0.00106735 -0.000315359 0.0505023 0.0201172 0.00837378 -0.00744517 0.0390853 -0.0188642 -0.00423208 -0.00642012 0.0170813 -0.0049652 -0.041624 -0.0208871 0.0101057 -0.0359637 -0.030851 -0.0141218 -0.00264125 0.00505891 0.0338931 -0.00294202 -0.0071409 -0.00142836
internal_weight=90651.7 72636.5 41831.5 18015.2 27325.9 14505.6 30805 29560.8 10527.1 7488.07 9184.37 25802.7 4373.43 6672.86 20376.4 24896.3 4759.02 22622.6 7832.77 2273.77 4162.17 5092.66 3679.43 4578.34 18044.2 3225.58 1244.19 17948.9 2750.61 2046.93
internal_count=1938225 1894462 1641872 43763 1137126 504746 252590 249428 17458 26305 41618 987292 9152 186061 207810 921649 19222 730413 318685 191236 17730 208868 148219 57299 673114 15522 3162 662937 38367 28469
is_linear=0
shrinkage=0.05


Tree=13
num_leaves=31
num_cat=0
split_feature=4 4 23 15 17 4 7 1 17 7 7 15 4 13 6 15 4 13 2 7 4 13 7 2 1 18 13 4 6 1
split_gain=11933.6 2440.27 1491.74 1454.38 705.462 630.63 369.897 367.24 359.004 350.731 276.641 271.963 249.1 234.819 193.037 174.529 223.144 165.773 161.598 191.096 153.779 147.844 141.655 157.527 137.964 119.593 118.64 214.647 108.936 108.304
threshold=1.0000000180025095e-35 0.020000000484287742 0.5000000149011613 -0.15338242799043653 0.13413043320178988 0.0026086957077495758 -0.13728699833154676 1.0000000180025095e-35 0.060434786602854736 -0.12040654197335242 -0.22364205867052075 -0.16135276854038236 0.0060869567096233377 1.0000000180025095e-35 -0.083796910941600786 -0.096218381077051149 0.1086956523358822 0.035652173683047302 -0.15498252213001248 -0.31198185682296747 0.039130434393882758 0.018260869197547439 -0.1540454104542732 -0.14979079365730283 1.0000000180025095e-35 0.0049952717963606128 0.150434784591198 0.091304346919059767 -0.16823697835206983 1.0000000180025095e-35
decision_type=2 2 2 2 2 2 2 2 2 2 2 2 2 2 2 2 2 2 2 2 2 2 2 2 2 2 2 2 2 2
left_child=2 5 9 8 10 6 13 -4 18 24 -5 12 29 -2 -9 16 17 -12 -3 -20 -21 -13 23 -14 -1 -19 -17 -28 -11 -7
right_child=1 3 7 4 -6 11 -8 14 -10 28 15 21 22 -15 -16 26 -18 25 19 20 -22 -23 -24 -25 -26 -27 27 -29 -30 -31
leaf_value=0.045303128670015298 0.032023226649348133 -0.014034795600066022 0.057404242988974334 -0.039154546718538463 -0.046244571619847824 0.014686022443547275 -0.0010098837446249037 0.040519088088193066 -0.048369467469244976 0.026212370089020394 -0.017627884679184129 -0.0027426963758118619 -0.010151809988376595 0.01070686601961591 -0.0094017734585232805 -0.00103610628359298 -0.041241619088749411 0.011185781245174591 -0.052674480814277037 -0.018790463450881777 -0.039361942837036527 0.0085425018391699289 -0.0068709170907902519 -0.028571850109403669 0.024227634559028835 -0.0083309608150211167 -0.053464738799896133 0.0048762609635287181 0.0036467200290281813 -0.004751208918256724
leaf_weight=1066.5200837808661 2066.2513810587116 1496.963989420794 5919.3982901205309 776.77180999901611 1429.7547597491648 851.4188857213594 4189.4464928728994 4069.809881944675 3518.868225019658 663.2263153931126 5032.6158712352626 13854.363236359553 1978.1892215502448 3449.3449920059647 202.96550393290818 7068.0481423693709 640.99286718235817 925.35573546472006 970.75450219772756 2094.4807379650883 1608.4093321980909 3670.1758673381992 2837.4311537821777 2813.1888979445212 2874.9409837550484 5143.5558832467068 307.64648933522403 321.96902801073156 2747.7982000284828 4499.2958931103349
leaf_count=1941 4693 56822 8306 67570 148428 3390 21310 8473 155094 1880 112952 139448 33631 16933 679 285146 53261 39642 40893 77125 76684 99329 44150 59752 9301 261337 8429 52904 13183 35539
internal_value=-5.58158e-13 -0.00906208 0.0369526 -0.019522 -0.0123142 -0.000910075 0.0101906 0.0493354 -0.0356215 0.019783 -0.00991249 -0.00444204 -0.00992755 0.0186968 0.0381461 -0.00874211 -0.0125777 -0.0109191 -0.0283451 -0.0329247 -0.0277342 -0.000378877 -0.015728 -0.0209706 0.0299405 -0.0053538 -0.00289026 -0.0236702 0.00804069 -0.00165614
internal_weight=89090 71545.3 17544.7 31336.2 21646.7 40209.1 9705.04 10192.2 9689.48 7352.49 20217 30504.1 12979.5 5515.6 4272.78 19440.2 11742.5 11101.5 6170.61 4673.64 3702.89 17524.5 7628.81 4791.38 3941.46 6068.91 7697.66 629.616 3411.02 5350.71
internal_count=1938225 1894462 43763 1436287 1029669 458175 42936 17458 406618 26305 881241 415239 176462 21626 9152 813671 467192 413931 251524 194702 153809 238777 137533 93383 11242 300979 346479 61333 15063 38929
is_linear=0
shrinkage=0.05


Tree=14
num_leaves=31
num_cat=0
split_feature=4 4 23 15 17 17 25 1 7 4 7 7 13 4 6 15 5 1 17 9 12 6 12 9 15 1 23 2 4 1
split_gain=10886.7 2010.49 1432.3 1389.22 826.683 546.199 468.679 352.81 342.039 296.144 284.089 255.102 210.632 192.497 177.597 172.487 157.41 145.579 129.082 151.684 117.836 116.246 114.425 174.942 112.054 157.515 99.9966 96.6923 95.5227 91.8221
threshold=1.0000000180025095e-35 0.0095652174204587954 0.5000000149011613 -0.16751962155103681 0.09978260844945909 0.035869564861059196 1.0000000180025095e-35 1.0000000180025095e-35 -0.13131371140480039 0.0026086957077495758 -0.13728699833154676 -0.23144350200891492 1.0000000180025095e-35 0.059999998658895499 -0.083796910941600786 -0.1257207319140434 0.020000000484287742 1.0000000180025095e-35 0.16217391937971118 0.11565217375755311 0.0095652174204587954 -0.16823697835206983 0.068695649504661574 0.046086955815553672 -0.11266898736357688 0.0026086957077495758 0.6428571641445161 -0.14912281185388562 0.028695652261376384 0.0026086957077495758
decision_type=2 2 2 2 2 2 2 2 2 2 2 2 2 2 2 2 2 2 2 2 2 2 2 2 2 2 2 2 2 2
left_child=2 6 8 5 11 16 9 -4 29 10 12 28 -2 20 26 -15 -3 -10 19 -6 -13 -19 23 -7 -11 -26 -9 -22 -5 -1
right_child=1 3 7 4 18 22 -8 14 17 24 -12 13 -14 15 -16 -17 -18 21 -20 -21 27 -23 -24 -25 25 -27 -28 -29 -30 -31
leaf_value=0.040108531153956982 0.029331518846492235 -0.033066580247044015 0.056232979171557965 -0.015096132261624243 -0.039819173408118885 -0.042911716523523061 0.033026804148313015 0.032898882614826541 0.026711030199860999 -0.0052604578232657746 -0.0020285205655517853 -0.01565997899300792 0.0079647021317581345 -0.033587325346682122 -0.0087260635373112207 -0.010323246857193857 -0.014224100893579242 0.023590080143088939 -0.049357548691824599 -0.0085475148256318571 0.0045508118820586909 -0.0019610629609757768 -0.051650959180670412 -0.021312366706800749 -0.012620004533050289 0.011597033558488616 0.049117164342220188 -0.0048235378041183007 -0.042318322514483524 0.023582251470145827
leaf_weight=1368.4763680254109 1840.1312168245204 1489.1631946053822 5692.4051546035334 630.40821713069454 956.77671546023339 3034.9685385271441 1156.4719666754827 2388.8631257956149 827.32153323665261 13977.525763225276 3968.2698652204126 2141.9899995853193 3090.8674108504783 1054.3878112130333 201.05612845439464 3258.1858790061669 4341.1018666762393 549.30820182152092 1108.7983847099822 652.70491781341843 3266.2163328931201 2328.6376507496461 1668.14693077025 1361.144167735707 926.67380127124488 2430.6698498404585 1593.2830861706752 17405.226622711634 661.93717780720908 2197.0995251326822
leaf_count=2891 4388 46479 8306 21312 52540 106007 2883 5673 1973 128385 20867 30889 16363 62674 679 221423 117454 1725 111283 92377 78918 12492 74739 80457 3643 34565 2800 531458 55358 7224
internal_value=-2.59904e-11 -0.00869927 0.035727 -0.0154394 -0.00988617 -0.0299742 0.00188979 0.0481263 0.0188814 0.000515976 0.00792979 -0.00736574 0.0159426 -0.00633108 0.0370841 -0.0160176 -0.0190417 0.00823971 -0.0362237 -0.0271505 -0.00449936 0.00292234 -0.0404801 -0.0362304 -0.00329032 0.00491102 0.0393986 -0.00334218 -0.0290612 0.0299345
internal_weight=87568.2 70421.8 17146.5 43031.2 31136.6 11894.5 27390.6 9875.61 7270.84 26234.1 8899.27 28418.4 4931 27126 4183.2 4312.57 5830.27 3705.27 2718.28 1609.48 22813.4 2877.95 6064.26 4396.11 17334.9 3357.34 3982.15 20671.4 1292.35 3565.58
internal_count=1938225 1894462 43763 1683368 1258232 425136 211094 17458 26305 208211 41618 1002032 20751 925362 9152 284097 163933 16190 256200 144917 641265 14217 261203 186464 166593 38208 8473 610376 76670 10115
is_linear=0
shrinkage=0.05


Tree=15
num_leaves=31
num_cat=0
split_feature=4 4 23 17 15 7 25 4 13 7 1 4 15 6 3 7 7 1 7 12 18 1 5 17 7 6 6 1 9 15
split_gain=10152.2 1711.58 1350.97 1254.84 861.173 407.534 369.987 338.653 329.57 322.266 305.79 186.154 315.63 180.246 174.139 166.848 160.564 157.73 140.713 136.433 123.963 121.638 132.716 119.878 118.759 113.312 112.575 97.0247 94.4903 92.946
threshold=1.0000000180025095e-35 0.0043478262377902874 0.5000000149011613 0.075217392295598998 -0.18132622539997098 -0.13975383341312406 1.0000000180025095e-35 0.025217391550540928 1.0000000180025095e-35 -0.13131371140480039 1.0000000180025095e-35 0.035652173683047302 -0.12206387892365454 -0.34010666608810419 -0.12088279053568839 -0.083716917783021913 -0.17107900232076642 1.0000000180025095e-35 -0.13604869693517682 0.030434782616794113 0.016507427208125595 1.0000000180025095e-35 0.016521738842129711 0.26239129900932318 -0.061863599345087998 -0.16823697835206983 -0.084559589624404893 1.0000000180025095e-35 0.044347826391458518 -0.082683648914098726
decision_type=2 2 2 2 2 2 2 2 2 2 2 2 2 2 2 2 2 2 2 2 2 2 2 2 2 2 2 2 2 2
left_child=2 6 9 4 7 -5 10 21 27 -1 15 19 28 -9 -7 -2 -14 -11 -12 20 -6 -3 -23 29 -15 -19 -10 -4 -13 -16
right_child=1 3 8 5 11 14 -8 13 26 17 18 12 16 24 23 -17 -18 25 -20 -21 -22 22 -24 -25 -26 -27 -28 -29 -30 -31
leaf_value=0.029482493043608338 0.023867353642316336 0.0041294261664322016 0.056240296815717655 -0.046146330213250833 -0.0028683143269076367 -0.035156192303199822 0.037902036068607099 0.00092469397473652975 0.032656693718100115 0.027778733864554647 0.0057718498450698456 -0.028061787278258261 -0.038537858002448196 -0.04260583992262091 -0.019891520517791084 -0.0050312171087005808 -0.0025836578344471464 0.023320105457976532 -0.0051645945503581946 0.0086725201018529874 -0.01341907415397873 -0.028783608925358341 -0.013420645128316883 -0.052841733212608544 -0.019607468179654877 -0.0021143899749179219 -0.02083957194458665 0.043757727328927784 -0.012904580649504694 -0.00062842341837835217
leaf_weight=3487.4888227495831 2509.544949705014 707.73465494345874 5105.6642030305229 2973.2616364067653 18612.002102827653 1613.2016456990968 862.41955167381093 333.86038097459823 2035.1034093569033 803.60128194605932 6154.1548251798376 2486.487786387559 325.52453162404709 2593.208569554612 1452.6927996699233 623.12850951170549 6339.8492486642208 539.31762328930199 5631.7281285841018 2178.1031344374642 3272.8479965776205 1931.802116391249 5172.1442362612579 188.33259266440291 719.67519493075088 2309.3724374347366 102.68061739671975 2275.0421802988276 1757.7500143069774 1100.2146627880866
leaf_count=10115 7621 4539 7663 215859 327267 105752 1913 12536 4865 1973 35671 86666 32681 123802 69555 1973 285236 1725 38142 76502 65394 43160 96714 17657 31827 12492 381 4549 117777 96218
internal_value=-6.1291e-12 -0.00839857 0.0350581 -0.0126486 -0.00961341 -0.0318765 0.00607916 -0.0215092 0.0473898 0.0186136 0.00423711 -0.00571538 -0.0111328 -0.0340894 -0.0221245 0.0181193 -0.00434511 0.00822985 0.00054602 -0.00325888 -0.00444671 -0.0156327 -0.0176018 -0.0144454 -0.0376172 0.00270739 0.0300787 0.0523991 -0.021789 -0.0115933
internal_weight=86197.9 69539.7 16658.3 53758.7 46431 7327.7 15781 11458.4 9518.49 7139.78 14918.6 34972.6 10909.6 3646.74 4354.44 3132.67 6665.37 3652.29 11785.9 24063 21884.9 7811.68 7103.95 2741.24 3312.88 2848.69 2137.78 7380.71 4244.24 2552.91
internal_count=1938225 1894462 43763 1809142 1304101 505041 85320 312578 17458 26305 83407 991523 522360 168165 289182 9594 317917 16190 73813 469163 392661 144413 139874 183430 155629 14217 5246 12212 204443 165773
is_linear=0
shrinkage=0.05


Tree=16
num_leaves=31
num_cat=0
split_feature=4 16 23 7 4 15 15 4 1 7 7 4 13 6 2 1 12 7 2 6 1 25 18 9 18 14 11 4 13 7
split_gain=9342.11 1615.93 1261.54 837.227 819.881 366.431 355.122 417.81 317.232 309.963 306.645 283.221 187.961 178.016 177.907 167.83 148.844 135.904 177.66 105.511 105.257 104.766 104.847 168.923 109.514 101.741 98.2667 111.614 109.726 96.1381
threshold=1.0000000180025095e-35 0.025217391550540928 0.5000000149011613 -0.17267522215843198 0.0026086957077495758 -0.13910689949989316 -0.18132622539997098 0.0078260868322104233 1.0000000180025095e-35 -0.13131371140480039 -0.13728699833154676 0.18347825855016711 1.0000000180025095e-35 -0.074435088783502565 -0.15144644677639005 1.0000000180025095e-35 0.06695652008056642 -0.10711702331900595 -0.16802551597356793 -0.16823697835206983 1.0000000180025095e-35 1.0000000180025095e-35 0.094320770353078856 0.042608696967363364 0.01576649118214846 -0.12392524257302283 -0.073466543108224855 0.1086956523358822 0.08782608807086946 -0.22113964706659314
decision_type=2 2 2 2 2 2 2 2 2 2 2 2 2 2 2 2 2 2 2 2 2 2 2 2 2 2 2 2 2 2
left_child=2 4 9 14 10 16 7 20 -4 -1 12 26 -2 -10 -3 -11 -5 18 -9 -17 -6 22 23 24 -8 -15 27 28 -7 -16
right_child=1 3 8 5 6 11 21 17 13 15 -12 -13 -14 25 29 19 -18 -19 -20 -21 -22 -23 -24 -25 -26 -27 -28 -29 -30 -31
leaf_value=0.028902731154404272 0.030222048083865805 -0.012225610142554882 0.054327501146151341 -0.022747502858738014 0.01333876707086863 -0.010918944514785129 -0.0038639199775051497 -0.0045996263120571543 0.037435732994969391 0.028410575365237334 -0.0004802106571566517 -0.041185891702821643 0.01057151187421977 -0.07618322506620237 -0.049311044003256033 0.022270628663295891 -0.046552566437641184 -0.01076090336673563 -0.030796225030490895 -0.0024174872284222302 -0.0063331487764550012 0.019711521015509579 -0.031210860796108415 0.0059306324762447085 -0.013305312581920685 0.016330752393579308 0.0032865479335363874 -0.031214832393350506 0.0071862500935750868 -0.032406762404344445
leaf_weight=3424.5570406790357 1939.4435727577657 504.29868148616515 5244.6299573788419 2501.4771811855026 798.85079976823181 5712.2685143402778 21576.54186305101 771.07667264575139 3856.2323374836706 780.58162533026189 4025.6238783742301 672.31195593427401 3268.6079629161395 52.11926111439243 2608.8733606203459 532.23302876064554 891.97768935421482 1887.5707098706625 4040.2353434877004 2296.3924154890701 4537.7549627965782 471.18908611033112 349.55324965715408 3935.3859496390214 3580.5672479139175 66.818282652646303 1693.3378569214838 574.69431137386709 979.73797816061415 1254.7316451662919
leaf_count=10115 4693 26959 8306 112915 3525 211587 350997 20220 8744 1973 21310 76801 16933 249 182449 1725 48389 48019 120046 12492 43125 2838 14471 176942 71705 159 94220 60570 85949 99799
internal_value=1.48506e-12 -0.00807814 0.0340812 -0.0212438 -0.00360361 -0.0148895 -0.00657264 -0.013825 0.0462477 0.0181292 0.00988397 -0.00991012 0.0178936 0.0355767 -0.0401857 0.00790168 -0.0290166 -0.022139 -0.0265997 0.00223405 -0.00338646 -0.00365431 -0.00402892 -0.00370126 -0.00520817 -0.0245067 -0.00755902 -0.0100864 -0.00826759 -0.0438311
internal_weight=84829.7 68576.1 16253.6 17393.7 51182.4 13025.8 41948.7 12035.5 9219.8 7033.76 9233.68 9632.35 5208.05 3975.17 4367.9 3609.21 3393.45 6698.88 4811.31 2828.63 5336.61 29913.2 29442 29092.5 25157.1 118.938 8960.04 7266.7 6692.01 3863.61
internal_count=1938225 1894462 43763 999638 894824 690431 851888 234935 17458 26305 42936 529127 21626 9152 309207 16190 161304 188285 140266 14217 46650 616953 614115 599644 422702 408 452326 358106 297536 282248
is_linear=0
shrinkage=0.05


Tree=17
num_leaves=31
num_cat=0
split_feature=4 16 23 15 4 17 7 13 7 17 5 13 4 11 0 7 1 9 16 1 5 23 1 15 4 6 18 7 25 1
split_gain=8759.93 1528.73 1201.7 1064.11 587.595 528.423 315.158 293.177 287.304 236.086 197.41 173.411 165.647 209.722 163.569 161.326 139.702 137.953 124.139 105.855 104.389 99.134 90.2651 87.1095 100.681 85.8677 84.8936 82.168 79.8367 78.9702
threshold=1.0000000180025095e-35 0.014782608952373268 0.5000000149011613 -0.16039987653493878 0.0026086957077495758 0.14304348081350329 -0.13728699833154676 1.0000000180025095e-35 -0.10410272702574729 0.060434786602854736 0.020000000484287742 1.0000000180025095e-35 0.084347829222679152 -0.072699978947639451 1.0000000180025095e-35 -0.32780028879642481 0.0026086957077495758 0.037391304969787605 0.0060869567096233377 1.0000000180025095e-35 0.14695652574300769 0.6428571641445161 1.0000000180025095e-35 -0.53097957372665394 0.037391304969787605 -0.15061935782432553 0.004433930618688465 -0.18598700314760205 1.0000000180025095e-35 0.026956521905958656
decision_type=2 2 2 2 2 2 2 2 2 2 2 2 2 2 2 2 2 2 2 2 2 2 2 2 2 2 2 2 2 2
left_child=2 4 8 9 6 10 11 22 16 17 27 -2 -12 -14 -6 18 -1 20 -16 -10 26 -17 -4 -19 -25 -18 -3 -5 -13 -8
right_child=1 3 7 5 14 -7 29 -9 19 -11 12 28 13 -15 15 21 25 23 -20 -21 -22 -23 -24 24 -26 -27 -28 -29 -30 -31
leaf_value=0.037830501204591624 0.029549367934045185 -0.022137528376857438 0.054559065193080881 -0.037767390388943139 0.0066143610087240068 -0.043989768403852332 0.0029255498680216866 0.029065115796134907 0.024716133386395087 -0.044552380055871359 -0.0053570233199016874 0.0080361588217455256 -0.028494709532054796 0.009799175458930328 -0.0088168228330056716 -0.0051124423711124316 0.027602966602250301 0.021911640292722013 -0.028594602708542818 0.00029039324428707289 -0.01668536813703755 0.023975596648015955 0.042129506454758429 -0.00015378006674265874 -0.030867582579560918 0.0094174181505097612 -0.042912011161279955 -0.012931567163304021 0.035770110040237647 -0.013209665793415397
leaf_weight=1582.3199327350594 1898.8291635373607 694.30675069522113 4682.5902880341746 776.90330317534972 2763.2587241814472 1136.7551865039859 3034.3985727957916 2050.525442681741 556.10222032642923 2874.28165506199 14197.071774246171 2933.7660648222081 1672.7231084061787 454.12251032900531 2063.0378681365401 25948.570505429292 1369.4153875692282 163.46522804163396 1289.6261258337181 2176.5170118161477 867.51873222971335 295.28137066727504 2156.8779713086551 481.82157222321257 596.98691165354103 1236.1822467288002 1716.3115497876424 584.99229819141328 283.83041740534827 1009.8696391829289
leaf_count=3623 4693 25983 7663 76956 22891 134731 13332 5246 1537 146225 541656 16363 149663 39198 24299 429661 4171 8706 36213 11547 28368 1784 4549 29098 46176 5427 66382 43536 570 7978
internal_value=3.39562e-11 -0.00782194 0.0335103 -0.0172744 -0.00185309 -0.0109596 0.00932561 0.0456721 0.017883 -0.0333447 -0.00883421 0.0175697 -0.00730735 -0.0203175 -0.00501785 -0.00610407 0.0261109 -0.02621 -0.0164307 0.00526838 -0.0315867 -0.00478426 0.050646 -0.0120078 -0.0171629 0.0189821 -0.0369402 -0.0271167 0.010493 -0.00110575
internal_weight=83548.3 67737.7 15810.5 26217.3 41520.5 18822.6 9160.69 8889.99 6920.54 7394.69 17685.8 5116.43 16323.9 2126.85 32359.8 29596.5 4187.92 4520.41 3352.66 2732.62 3278.14 26243.9 6839.47 1242.27 1078.81 2605.6 2410.62 1361.9 3217.6 4044.27
internal_count=1938225 1894462 43763 1336678 557784 985740 42936 17458 26305 350938 851009 21626 730517 188861 514848 491957 13221 204713 60512 13084 120733 431445 12212 83980 75274 9598 92365 120492 16933 21310
is_linear=0
shrinkage=0.05


Tree=18
num_leaves=31
num_cat=0
split_feature=4 17 23 4 15 7 25 1 7 4 1 4 1 4 6 9 6 15 6 15 7 6 2 9 23 4 15 4 6 0
split_gain=7998.11 1364.96 1151.39 810.829 576.962 465.543 313.79 284.789 280.876 262.674 230.274 204.166 195.376 179.16 168.709 138.943 126.683 121.528 114.277 106.227 104.226 101.641 86.38 104.919 85.2131 84.7358 82.3183 85.0911 90.5273 96.3197
threshold=1.0000000180025095e-35 0.05847826041281224 0.5000000149011613 0.0043478262377902874 -0.16751962155103681 -0.14731860160827634 1.0000000180025095e-35 1.0000000180025095e-35 -0.13131371140480039 0.025217391550540928 1.0000000180025095e-35 0.0095652174204587954 1.0000000180025095e-35 0.13130434602499011 -0.098402697592973695 0.063478261232376113 -0.074435088783502565 -0.070858266204595552 -0.139057882130146 -0.086461652070283876 -0.13481364399194715 -0.34010666608810419 -0.13752657920122144 0.016521738842129711 0.6428571641445161 0.0026086957077495758 -0.093167703598737703 0.26347826421260839 -0.038050999864935868 0.0078260868322104233
decision_type=2 2 2 2 2 2 2 2 2 2 2 2 2 2 2 2 2 2 2 2 2 2 2 2 2 2 2 2 2 2
left_child=2 3 8 6 9 11 10 -4 -1 22 14 -3 -10 15 -2 19 24 -6 -14 -7 25 -11 23 -5 -9 -12 -15 28 -28 -30
right_child=1 5 7 4 17 13 -8 16 12 21 20 -13 18 26 -16 -17 -18 -19 -20 -21 -22 -23 -24 -25 -26 -27 27 -29 29 -31
leaf_value=0.027587608910403086 0.021440069818805932 -0.0072760253813619058 0.052645837109128783 -0.011839885028578655 -0.0049225687237140197 -0.026904713957619925 0.036771632625008967 0.029744737774141883 0.030173216975790645 -0.0023807785183647483 0.010553857412341723 -0.041801125661849708 0.016735269747396 -0.043979441797338335 -0.010907816124088754 -0.006519317550150336 -0.019165641228366389 0.008664888240078621 -0.0053119566559465614 0.0065167260733303024 -0.0044587075892919296 -0.032246450255714279 -0.019923869835451399 0.0077020763704761484 0.045374202323110985 -0.0017179767215467299 -0.020260954904087733 -0.043825358423841297 -0.062729670991949024 0.048084535219888452
leaf_weight=3302.6299806742463 2539.1476332803722 491.30168155673891 4821.8466442052741 4951.5796387195587 27237.677743904991 1808.1352611121256 774.27303963527083 2243.3161134780385 738.59054327104241 315.74674550211057 3303.9106966657564 3358.4375840323628 837.46359445760027 690.49877469334751 478.45789746427909 3904.0517705219099 107.04976251162589 1750.5781856828835 1964.6084295478649 273.32694719498977 5153.8353497390635 2929.2155736191198 2737.7109145577997 796.72773865121417 1439.4468214332592 2448.5965821975842 479.68210270570125 276.4398323087953 23.283125652931631 102.52384172473103
leaf_count=10115 8028 5700 8306 71494 693814 65227 1801 5899 1973 11147 16716 275051 3151 51135 1565 222492 408 61589 11066 10917 35620 150922 60490 30217 2845 17525 61673 33669 454 7216
internal_value=-1.87079e-11 -0.00749697 0.0324143 -0.0042546 -0.00788821 -0.0232463 0.00581163 0.0445795 0.0171012 -0.0172437 0.00408751 -0.0373981 0.00731479 -0.016034 0.0163092 -0.0120846 0.0343053 -0.00410176 0.00128098 -0.022515 0.000704782 -0.029342 -0.0126145 -0.00913046 0.0358643 0.00533087 -0.0310501 -0.0208888 -0.010362 0.0272432
internal_weight=82280.1 66825.1 15455 55417.5 40719.2 11407.7 14698.2 8611.66 6843.29 11731 13923.9 3849.74 3540.66 7557.94 3017.61 5985.51 3789.81 28988.3 2802.07 2081.46 10906.3 3244.96 8486.02 5748.31 3682.76 5752.51 1572.43 881.929 605.489 125.807
internal_count=1938225 1894462 43763 1160928 1079673 733534 81255 17458 26305 324270 79454 280751 16190 452783 9593 298636 9152 755403 14217 76144 69861 162069 162201 101711 8744 34241 154147 103012 69343 7670
is_linear=0
shrinkage=0.05


Tree=19
num_leaves=31
num_cat=0
split_feature=4 4 23 15 17 25 4 4 1 13 7 7 7 5 4 6 13 18 6 15 9 1 6 27 9 18 5 9 12 7
split_gain=7527.43 1297.7 1071.33 1006.13 481.741 426.374 378.81 303.468 274.614 268.348 227.879 223.708 181.883 171.072 153.641 146.258 139.432 132.874 107.09 106.84 102.593 88.3715 90.3441 87.9775 87.2689 111.244 87.0084 84.5618 77.1348 74.1024
threshold=1.0000000180025095e-35 0.01304347859695554 0.5000000149011613 -0.15416667610406873 0.14304348081350329 1.0000000180025095e-35 0.040869565680623061 0.0026086957077495758 1.0000000180025095e-35 1.0000000180025095e-35 -0.13131371140480039 -0.13728699833154676 -0.24875011295080182 0.020000000484287742 0.084347829222679152 -0.31962072849273676 1.0000000180025095e-35 0.012135033030062916 -0.13188177347183225 -0.084595967084169374 0.0078260868322104233 1.0000000180025095e-35 -0.074435088783502565 1.0000000180025095e-35 0.14869565516710284 0.049883607774972923 0.068695649504661574 0.028695652261376384 0.039130434393882758 -0.044179329648613923
decision_type=2 2 2 2 2 2 2 2 2 2 2 2 2 2 2 2 2 2 2 2 2 2 2 2 2 2 2 2 2 2
left_child=2 5 8 6 12 7 13 11 -1 21 -10 16 -5 -3 20 -8 -2 27 -12 -16 -14 -4 -23 -7 25 29 -17 -15 -26 -22
right_child=1 3 9 4 -6 23 15 -9 10 -11 18 -13 14 17 19 26 -18 -19 -20 -21 24 22 -24 -25 28 -27 -28 -29 -30 -31
leaf_value=0.035300493932850334 0.026161102413113729 -0.034369053669556983 0.053053425063665616 -0.034506152099906172 -0.041704463977738859 0.021423151811313233 0.0011555116273034866 -0.0040663676299434737 0.022831318103717052 0.027800655704950928 0.015244967595538126 -0.0017419227614978829 -0.015511891859948279 -0.013211757434013533 -0.027324204600335474 -0.050205346125802297 0.0079762271069733458 -0.025694218186300841 -0.0054294850422232331 -0.0070273132715348244 -0.0052378929676501294 0.042141033835676328 -0.021361430756416763 0.052188156490263676 -0.028733758630505153 -0.025949478547262192 -0.034450036711334342 0.0069835562651068238 0.027871164981505204 0.0022220604361080083
leaf_weight=1584.1722084702924 1675.0742604741827 1534.5693874314893 4289.0285235805204 577.34169758670032 1030.8391931748483 831.38210396072827 209.90221571503207 21170.780494157691 2380.4555265263189 1968.939130813349 957.10272676218301 3796.6503678313456 1974.7604651683941 2730.0646980558522 1349.4931835306343 1650.9387118166778 2844.3152691747528 1983.4173406206537 1808.0048627085052 1248.8241332069738 13238.226419180515 1990.4338919104775 57.057512972038239 323.21991676697508 71.214846226386726 561.48955550882965 1897.4742394648492 639.08885482815094 364.16099703416694 4446.4355980199762
leaf_count=3749 4388 67172 7663 54086 134342 2807 9562 248820 8339 5246 3713 20867 22302 72711 128703 98846 16363 81777 10504 103788 483618 4344 205 605 2810 26549 108421 35107 26121 144697
internal_value=3.08825e-11 -0.00725859 0.0319337 -0.013764 -0.00825608 0.000280267 -0.0266259 -0.000887303 0.0171027 0.0439474 0.0114943 0.0072054 -0.0068076 -0.0196535 -0.00611848 -0.0393941 0.0147206 -0.015429 0.00172961 -0.0175754 -0.00467655 0.0489595 0.0403618 0.0300732 -0.00353041 -0.00405869 -0.0417924 -0.00938001 0.0185676 -0.00336223
internal_weight=81184.9 66149.7 15035.2 35508.2 24862.8 30641.4 10645.5 29486.8 6729.74 8305.46 5145.56 8316.04 23831.9 6887.14 23254.6 3758.32 4519.39 5352.57 2765.11 2598.32 20656.3 6336.52 2047.49 1154.6 18681.5 18246.2 3548.41 3369.15 435.376 17684.7
internal_count=1938225 1894462 43763 1600612 1127016 293850 473596 290438 26305 17458 22556 41618 992674 256767 938588 216829 20751 189595 14217 232491 706097 12212 4549 3412 683795 654864 207267 107818 28931 628315
is_linear=0
shrinkage=0.05


Tree=20
num_leaves=31
num_cat=0
split_feature=4 16 23 7 4 18 7 1 1 2 7 11 15 13 25 4 15 4 6 1 6 5 7 1 11 2 6 23 13 0
split_gain=7004.96 1268.61 999.738 795.843 469.565 353.944 266.333 259.77 256.779 214.397 213.766 182.515 154.145 136.418 130.707 122.031 113.54 111.769 111.113 110.052 100.153 99.7883 98.8244 91.2379 89.4449 79.1143 78.6913 76.1648 75.5103 71.87
threshold=1.0000000180025095e-35 0.014782608952373268 0.5000000149011613 -0.17107900232076642 0.0026086957077495758 0.032383278012275703 -0.13728699833154676 1.0000000180025095e-35 1.0000000180025095e-35 -0.12938035279512403 -0.13131371140480039 -0.21494054049253461 -0.14402919262647626 1.0000000180025095e-35 1.0000000180025095e-35 0.059999998658895499 -0.1257207319140434 0.0078260868322104233 -0.074435088783502565 0.039130434393882758 -0.139057882130146 0.016521738842129711 -0.21857540309429166 1.0000000180025095e-35 -0.11182063817977904 -0.1669385880231857 -0.16254344582557675 0.6428571641445161 0.0095652174204587954 0.033913042396306999
decision_type=2 2 2 2 2 2 2 2 2 2 2 2 2 2 2 2 2 2 2 2 2 2 2 2 2 2 2 2 2 2
left_child=2 4 8 9 6 11 13 -4 -1 19 -10 -5 14 -2 17 28 -17 23 27 25 -12 -19 -11 -6 -7 -3 -8 -9 -13 -30
right_child=1 3 7 5 12 24 26 18 10 22 20 15 -14 -15 -16 16 -18 21 -20 -21 -22 -23 -24 -25 -26 -27 -28 -29 29 -31
leaf_value=0.034618254505337384 0.027479019629690217 -0.00091933694207030575 0.051209255855340641 -0.029658891311856367 0.0082237718964044641 -0.031879231657074618 0.014928004287102595 0.028743028059777437 0.0224821777841454 -0.046538506065394177 0.016589100639828117 -0.022474188518611105 -0.00090903347821780396 0.010124691676118349 0.021037388619262819 -0.031617112261035939 -0.0091931812454101435 -0.02533942673507172 -0.017767436532322389 -0.005973874304303438 -0.0043382191892340763 -0.010298305155402284 -0.027709355395053634 -0.0067848377420979995 -0.017216083544166105 -0.032178678619286555 -0.0040912782273506906 0.043918926101848298 0.0036574432463595888 -0.0053365651370201857
leaf_weight=1555.6423324197531 1793.4248950437177 232.28535822406411 4426.7991642012494 861.58112175855786 1193.745094791986 1867.0448105265386 650.26454286742955 2150.3190036101732 2341.2203212340828 2208.4080817428185 813.21449125697836 505.92215687641874 15948.176400220254 3075.0029666656628 379.40620631584898 765.23138702753931 2149.7270578484749 1355.5618846002035 103.64067675266415 809.12527483818121 1918.6150545575656 5913.3694431053009 1026.8417703493033 6644.4708406617865 2358.6398882304202 1576.013529875665 3296.4830153854564 1355.6153136885259 3127.9872047563549 7655.7917834082618
leaf_count=3749 4693 9863 8306 40408 5312 111516 2961 5899 8339 169795 3151 5956 271116 16933 1978 51847 168146 38893 408 67386 11066 132372 84791 65177 167107 81137 18349 2845 108091 270635
internal_value=-2.15278e-12 -0.00700396 0.0312304 -0.0158147 -0.00149953 -0.0109142 0.00869808 0.0430864 0.0168523 -0.0319635 0.0113987 -0.00732654 -0.00435941 0.016522 -0.00791234 -0.00596999 -0.0150887 -0.00864074 0.0331131 -0.0213106 0.00189524 -0.0131064 -0.0405727 -0.0044983 -0.0237007 -0.028166 -0.000954681 0.0346218 -0.00361444 -0.00272763
internal_weight=80059.6 65394.5 14665.1 25144.6 40249.9 19291.9 8815.18 8036.37 6628.69 5852.67 5073.05 15066.2 31434.7 4868.43 15486.6 14204.7 2914.96 15107.1 3609.57 2617.42 2731.83 7268.93 3235.25 7838.22 4225.68 1808.3 3946.75 3505.93 11289.7 10783.8
internal_count=1938225 1894462 43763 1336678 557784 923706 42936 17458 26305 412972 22556 645083 514848 21626 243732 604675 219993 241754 9152 158386 14217 171265 254586 70489 278623 91000 21310 8744 384682 378726
is_linear=0
shrinkage=0.05


Tree=21
num_leaves=31
num_cat=0
split_feature=4 4 23 17 15 4 25 13 1 1 7 6 7 6 4 15 2 5 6 13 9 7 7 4 1 5 23 0 9 4
split_gain=6562.63 1067.34 946.995 760.985 617.718 364.183 293.844 253.317 244.864 217.396 198.709 147.045 139.868 114.725 113.622 136.063 100.848 99.3594 97.3941 95.2132 87.7502 84.8433 83.2178 83.228 76.2831 75.5491 70.0323 67.2033 127.791 85.1684
threshold=1.0000000180025095e-35 0.0043478262377902874 0.5000000149011613 0.09978260844945909 -0.16751962155103681 0.030434782616794113 1.0000000180025095e-35 1.0000000180025095e-35 1.0000000180025095e-35 1.0000000180025095e-35 -0.13131371140480039 -0.098402697592973695 -0.12564145028591153 -0.34010666608810419 0.058260869234800346 -0.12627758830785749 -0.13752657920122144 0.068695649504661574 -0.139057882130146 1.0000000180025095e-35 0.023478261195123199 -0.091816574335098253 -0.13481364399194715 0.0026086957077495758 1.0000000180025095e-35 0.0078260868322104233 0.6428571641445161 0.01304347859695554 0.033913042396306999 0.016521738842129711
decision_type=2 2 2 2 2 2 2 2 2 2 2 2 2 2 2 2 2 2 2 2 2 2 2 2 2 2 2 2 2 2
left_child=2 6 8 4 5 16 9 24 -1 11 -10 -2 -5 -7 19 -16 20 -15 -12 -6 -3 -18 23 -11 -4 -21 -9 -27 29 -29
right_child=1 3 7 12 14 13 -8 26 10 22 18 -13 -14 17 15 -17 21 -19 -20 25 -22 -23 -24 -25 -26 27 -28 28 -30 -31
leaf_value=0.034216940037810777 0.02052172782901969 -0.010698007892286048 0.051684717451846274 -0.043666281003161306 -0.019664879359688033 -0.0020155155775336184 0.035032904166043065 0.019047916455993168 0.022092117661645528 0.0095988740563740862 0.016725384916225852 -0.010137265330527039 -0.023575409912692004 -0.044355095669501007 -0.028172238526774408 -0.007531586288841291 -0.024446815547756906 -0.026420865356756237 -0.0040740966968032177 -0.016704529988017632 0.01136975143071599 -0.0067380592530330565 -0.0043240420277750637 -0.0025181119091965271 0.039478504686188694 0.0010789542939623681 0.038905637830045491 -0.0035335270945430065 -0.00042108652748812684 -0.012855381790813761
leaf_weight=1520.4552934218664 2430.2096328758635 5442.4094408671372 3920.1817212587921 1593.0426110578119 926.13212817907333 293.72066502086818 773.8167021330446 1174.9686704524793 2301.2622953045648 3274.4864296927117 798.9273774549365 465.4261220889166 1909.2471411032602 1440.0798383646179 1055.8598031204892 3270.2996778963134 2497.1289922702126 1680.6037514421623 1897.8698142468929 1024.8848360407865 490.31125744129531 928.79472923325375 5290.6713392157108 2497.3012382690795 1933.1010793847963 7696.1742325176019 716.95031497767195 4631.9928910550661 9908.3353579209652 5203.5907436471898
leaf_count=3749 8029 94801 7663 163041 4383 11853 1913 3657 8339 17413 3151 1565 159384 91117 77152 242727 73050 97721 11066 39565 23387 20594 37854 18546 4549 125117 1589 64654 389168 131428
internal_value=-1.87174e-14 -0.00676575 0.0306993 -0.0102512 -0.00855758 -0.0179212 0.00506193 0.042518 0.0166522 0.00339799 0.0113031 0.015592 -0.0327237 -0.0318974 -0.00500994 -0.0125746 -0.0128193 -0.0347084 0.00209167 -0.0038961 -0.0088726 -0.0196492 0.000205051 0.00435664 0.0476609 -0.00338237 0.0265897 -0.0028842 -0.00442901 -0.00846613
internal_weight=78988.2 64724.5 14263.7 49992.6 46490.3 12773 14731.9 7745.2 6518.51 13958.1 4998.06 2895.64 3502.29 3414.4 33717.3 4326.16 9358.64 3120.68 2696.8 29391.1 5932.72 3425.92 11062.5 5771.79 5853.28 28465 1891.92 27440.1 19743.9 9835.58
internal_count=1938225 1894462 43763 1809142 1486717 412523 85320 17458 26305 83407 22556 9594 322425 200691 1074194 319879 211832 188838 14217 754315 118188 93644 73813 35959 12212 749932 5246 710367 585250 196082
is_linear=0
shrinkage=0.05


Tree=22
num_leaves=31
num_cat=0
split_feature=4 4 1 17 15 7 25 4 1 7 25 6 18 9 2 6 23 7 11 17 4 4 15 13 7 5 15 6 6 18
split_gain=6105.27 1042.9 892.387 654.66 511.91 425.425 269.475 240.459 210.842 185.879 174.225 131.491 129.508 136.526 126.564 123.607 110.25 110.113 100.904 94.7333 88.1206 74.8623 89.1838 73.9358 73.8553 73.1138 70.5206 66.8959 65.7686 63.9654
threshold=1.0000000180025095e-35 0.0043478262377902874 1.0000000180025095e-35 0.088695656508207335 -0.18276178836822507 -0.13131371140480039 1.0000000180025095e-35 0.020000000484287742 1.0000000180025095e-35 -0.12786391377449033 1.0000000180025095e-35 -0.139057882130146 0.0076304043177515277 0.023478261195123199 -0.1584832891821861 -0.09997439011931418 0.5000000149011613 -0.069636333733797059 -0.093604456633329378 0.27326086163520819 0.016521738842129711 0.08782608807086946 -0.11950959637761115 0.011304348241537811 -0.059954445809125893 0.039130434393882758 -0.10159263387322424 -0.30536057054996485 -0.07492100819945334 0.021317652426660064
decision_type=2 2 2 2 2 2 2 2 2 2 2 2 2 2 2 2 2 2 2 2 2 2 2 2 2 2 2 2 2 2
left_child=2 6 16 4 7 10 8 -3 15 20 23 -7 26 -14 27 -2 -1 -16 -11 -20 -5 -15 -23 -4 -10 -17 -6 -9 -13 -25
right_child=1 3 5 9 12 11 -8 14 24 18 -12 28 13 21 17 25 -18 -19 19 -21 -22 22 -24 29 -26 -27 -28 -29 -30 -31
leaf_value=0.033897967540996457 0.020572595982755321 -0.011891203830158958 0.023301546932866447 -0.013087054666560852 -0.0042355172009813351 0.020973517895772981 0.034259727328598742 0.0064195161062043206 0.0025791154521306943 -0.02899878599581825 0.040084247598199008 0.003325172590426799 -0.015362677771232226 -0.0042921681824123125 -0.037609788762379942 0.026405268844833546 0.049864622430654454 -0.015819146969075378 -0.0034678611527625839 -0.049567294661344401 -0.045330704664250369 -0.036878882329319095 -0.0087153314415059132 -0.071441853828821483 -0.0076916194462053836 -0.018164162320891849 0.0029187132462437791 -0.022138788017945523 -0.019153887370170018 0.0043509344882539901
leaf_weight=1488.4022349154111 2348.7823569164611 6122.896523086587 2664.0650019466411 246.51964737055823 12551.127371331095 1037.9086557941046 759.20227142842487 345.59530365094543 8696.2145949951373 1341.8321428678464 2082.6880224150373 1989.5106153045781 4989.5813626081217 11503.586735889548 2375.9309008545242 121.6951918900013 4054.0664279803168 769.60485255112872 992.44284374965355 124.56825450470205 1552.8616722123697 388.04804092634004 1016.4913874743506 32.135161980055273 2190.3357096808031 367.40451823594049 4746.4588138490217 501.94831975223497 387.97438281215727 173.52378560043871
leaf_count=3749 7921 114269 9042 6929 274377 3822 1913 11625 56966 94039 4684 9626 94616 487990 138982 336 8306 36698 92019 15086 180858 36432 92641 415 16847 1337 107107 25474 3379 740
internal_value=-4.0966e-11 -0.00652051 0.0300235 -0.00996914 -0.00820723 0.0197129 0.00528213 -0.0181197 0.00367678 -0.028711 0.029074 0.00613454 -0.00535772 -0.00833936 -0.0276649 0.0158123 0.0455837 -0.0322851 -0.0197613 -0.00864857 -0.040923 -0.00562355 -0.0165171 0.0210721 0.000512163 -0.00704338 -0.00227234 -0.0105 -0.000349626 -0.00778043
internal_weight=77963.4 64053.1 13910.3 49569.5 45311.3 8367.81 14483.6 10116 13724.4 4258.22 4952.41 3415.39 35195.3 17897.7 3993.08 2837.88 5542.47 3145.54 2458.84 1117.01 1799.38 12908.1 1404.54 2869.72 10886.6 489.1 17297.6 847.544 2377.48 205.659
internal_count=1938225 1894462 43763 1809142 1420211 31708 85320 327048 83407 388931 14881 16827 1093163 711679 212779 9594 12055 175680 201144 107105 187787 617063 129073 10197 73813 1673 381484 37099 13005 1155
is_linear=0
shrinkage=0.05


Tree=23
num_leaves=31
num_cat=0
split_feature=4 4 1 17 15 7 1 4 25 7 25 6 23 4 15 7 13 3 9 6 4 1 4 17 13 6 13 18 1 12
split_gain=5724.59 934.845 837.215 605.368 467.501 409.289 257.736 225.489 204.614 170.614 153.734 123.612 102.999 102.76 199.756 102.19 95.7166 89.2167 85.9715 81.9062 80.8483 76.256 72.7666 70.2444 84.5649 69.9379 68.5165 66.9153 63.4209 63.3469
threshold=1.0000000180025095e-35 0.0043478262377902874 1.0000000180025095e-35 0.088695656508207335 -0.18132622539997098 -0.13131371140480039 1.0000000180025095e-35 0.025217391550540928 1.0000000180025095e-35 -0.13131371140480039 1.0000000180025095e-35 -0.139057882130146 0.5000000149011613 0.030434782616794113 -0.1427420377731323 -0.15537016093730924 0.0060869567096233377 -0.11517978087067603 0.065217390656471266 -0.09997439011931418 0.016521738842129711 0.023478261195123199 0.053043477237224586 0.26239129900932318 0.084347829222679152 -0.11792312189936636 1.0000000180025095e-35 0.011560639832168819 0.051304347813129432 0.042608696967363364
decision_type=2 2 2 2 2 2 2 2 2 2 2 2 2 2 2 2 2 2 2 2 2 2 2 2 2 2 2 2 2 2
left_child=2 6 12 4 7 10 19 27 21 20 -4 -7 -1 16 22 -16 -6 -11 -9 -2 -5 25 -15 24 -19 -8 -27 -3 -29 -17
right_child=1 3 5 9 13 11 8 18 -10 17 -12 -13 -14 14 15 29 -18 23 -20 -21 -22 -23 -24 -25 -26 26 -28 28 -30 -31
leaf_value=0.033551448769144697 0.021693908710678639 -0.0093700325126815903 0.021215534845869573 -0.01315415264543354 -0.0085527253146248407 0.020636864272730746 0.0059995535018048272 -0.03094776334772352 0.030780929291388998 -0.032266573309485361 0.03931717985720494 -0.00017560099044832653 0.049199611881308732 -0.015709806242571834 -0.019955155514012852 -0.008501980515923685 -0.00097066857495564445 -0.022114417059724639 -0.00083495479089005674 -0.0011479455198589561 -0.04464110487866732 -0.0067399629817728821 -0.03460212183312357 -0.047188658254196894 0.0021358036389448275 -0.016434125712875513 0.0011541088541777893 -0.027187062735265211 -0.0076803390110584098 -0.00054086263675707006
leaf_weight=1457.2953254203312 2481.2029543879908 5070.0197899425402 2796.209387076553 238.62802761350758 5677.5705114186276 1022.5482820603065 5145.5327565863263 2892.794685739791 566.18508215155452 876.16947474738117 2026.4701210905332 2354.6630422589369 3877.7935750704492 1544.6360363580752 1145.4921656934312 4622.0390827422962 15592.042098157341 671.34871212323196 258.23108442989178 466.04790070140734 1441.6896298154024 3042.6014996927697 762.45996160479262 131.61856382351834 772.26519927929621 779.25336288893595 1906.7943805987015 1212.8880158695392 636.02994255512021 5438.1396082413848
leaf_count=3749 8261 100225 10197 6843 43058 3822 31039 159286 1539 78192 4684 13005 8306 76494 102686 150638 357341 27280 25726 1707 177051 26768 52912 16425 83140 2831 13175 29190 18746 303909
internal_value=-2.40144e-11 -0.00630447 0.0295162 -0.00959566 -0.00790823 0.0194818 0.00490062 -0.0173949 0.00150337 -0.0279075 0.0288283 0.00613022 0.0449324 -0.00516129 -0.00857083 -0.00581129 -0.00299488 -0.0194823 -0.028481 0.0180828 -0.04018 -2.37092e-05 -0.0219657 -0.0123555 -0.0091492 0.00258611 -0.00395266 -0.0123426 -0.0204845 -0.00419899
internal_weight=76906.7 63371.7 13535 48984.1 44852.3 8199.89 14387.6 10070 11440.4 4131.72 4822.68 3377.21 5335.09 34782.4 13512.8 11205.7 21269.6 2451.4 3151.03 2947.25 1680.32 10874.2 2307.1 1575.23 1443.61 7831.58 2686.05 6918.94 1848.92 10060.2
internal_count=1938225 1894462 43763 1809142 1420211 31708 85320 333173 75352 388931 14881 16827 12055 1087038 686639 557233 400399 205037 185012 9968 183894 73813 129406 126845 110420 47045 16006 148161 47936 454547
is_linear=0
shrinkage=0.05


Tree=24
num_leaves=31
num_cat=0
split_feature=4 4 1 17 15 7 7 25 1 23 4 25 2 5 3 6 6 4 17 13 15 4 7 13 4 14 6 5 13 5
split_gain=5269.5 906.651 812.869 566.321 378.59 320.428 250.124 240.998 213.558 183.844 167.614 126.63 117.544 96.2413 91.6884 81.4286 79.1218 76.8002 72.7897 70.4774 69.4328 163.251 82.2402 81.2984 86.3584 69.7881 67.5086 66.3309 65.9694 63.1661
threshold=1.0000000180025095e-35 0.0043478262377902874 0.0026086957077495758 0.07173913344740869 -0.18411773443222043 -0.13131371140480039 -0.13975383341312406 1.0000000180025095e-35 1.0000000180025095e-35 0.5000000149011613 0.018260869197547439 1.0000000180025095e-35 -0.15640135109424588 0.16608695685863498 -0.1310785040259361 -0.14955886453390119 -0.09997439011931418 0.016521738842129711 0.26239129900932318 1.0000000180025095e-35 -0.11371328681707381 0.01304347859695554 -0.24875011295080182 0.056521739810705192 0.065217390656471266 -0.11282597109675406 -0.094086557626724229 0.0078260868322104233 0.011304348241537811 0.46347826719284063
decision_type=2 2 2 2 2 2 2 2 2 2 2 2 2 2 2 2 2 2 2 2 2 2 2 2 2 2 2 2 2 2
left_child=2 7 9 4 10 11 17 8 16 26 -3 27 -12 -14 -8 -7 -2 -5 -16 -11 21 28 -23 25 -25 -24 -1 -4 -6 -17
right_child=1 3 5 6 20 15 14 -9 -10 19 12 -13 13 -15 18 29 -18 -19 -20 -21 -22 22 23 24 -26 -27 -28 -29 -30 -31
leaf_value=0.031348360424945584 0.019840049612130022 -0.010660386064602173 0.032335960217437044 -0.014672802566322325 -0.0034748753288164243 0.017761816130928403 -0.028040601808384025 0.032914526810476616 0.00036619661034556126 0.047928362331758956 -0.0096598680312687119 0.037063797849997762 -0.036142326803728524 -0.01555049310594798 -0.0097076366842469008 0.0011227282703156873 -0.002942331332194625 -0.041022588781628823 -0.046651703044234723 0.030254619343512753 -0.0021732086212336845 -0.02564571110743288 -0.0095837482856175014 0.0078628772205664357 -0.017725120251540216 -0.02452672575093905 0.0044739070968442644 0.011859526984784296 0.0078595844131142331 -0.02521469928109929
leaf_weight=1873.3207813494373 2274.2175379227847 5434.0308923637494 545.40381781500764 327.25631375983357 4772.7419823189266 678.92909181769937 1153.1738647457678 735.94431267422624 10716.089928742964 4266.2782498835586 980.48084355774336 1419.9880119275767 1872.7598777351668 817.24361424730159 2850.1798996801954 1821.5625119055621 457.49027923727408 1836.7593012158759 138.97384395112749 657.83186462754384 14756.210707376944 809.7475494146347 8517.9022478309926 1227.4566809490789 449.72506375354715 859.90621274732985 267.37894573830999 1440.6755179492757 1754.9651992735453 259.15915241604671
leaf_count=5124 7921 98893 1504 9296 45421 2622 94158 1913 73813 9594 42598 3450 114910 39052 200403 10563 1673 219168 18140 1737 442097 53545 232633 78363 47114 35810 1018 6483 37541 1668
internal_value=1.97401e-11 -0.00604693 0.0286747 -0.00929526 -0.00720886 0.0154047 -0.023271 0.00507391 0.00354797 0.0402521 -0.0162392 0.0256623 -0.0244934 -0.0298945 -0.0160673 0.00273964 0.0160249 -0.0370464 -0.0114403 0.0455739 -0.00472819 -0.00677782 -0.0102716 -0.00914329 0.000995153 -0.0109564 0.0279953 0.0174961 -0.000426884 -0.0021682
internal_weight=75973.8 62743.3 13230.5 48559.5 42253.2 6165.72 6306.34 14183.7 13447.8 7064.81 9104.52 3406.07 3670.48 2690 4142.33 2759.65 2731.71 2164.02 2989.15 4924.11 33148.7 18392.4 11864.7 11055 1677.18 9377.81 2140.7 1986.08 6527.71 2080.72
internal_count=1938225 1894462 43763 1809142 1267977 26290 541165 85320 83407 17473 295453 11437 196560 153962 312701 14853 9594 228464 218543 11331 972524 530427 447465 393920 125477 268443 6142 7987 82962 12231
is_linear=0
shrinkage=0.05


Tree=25
num_leaves=31
num_cat=0
split_feature=4 16 1 17 15 7 4 23 25 6 25 6 7 23 7 5 25 7 18 15 4 4 0 11 17 7 18 13 23 5
split_gain=4959.64 813.294 748.524 450.643 399.725 361.196 347.233 240.897 136.172 110.837 107.298 102.724 102.143 97.1672 95.6472 95.2278 84.2423 76.9408 73.4739 72.8651 140.715 71.8772 71.5551 71.0058 102.329 68.5682 68.2688 68.2232 64.6118 59.1108
threshold=1.0000000180025095e-35 0.0026086957077495758 1.0000000180025095e-35 0.11130434647202493 -0.16135276854038236 -0.13131371140480039 0.037391304969787605 0.5000000149011613 1.0000000180025095e-35 -0.13822317868471143 1.0000000180025095e-35 -0.30536057054996485 -0.13131371140480039 0.5000000149011613 -0.044179329648613923 0.01304347859695554 1.0000000180025095e-35 -0.033809371292591088 0.0012297509820200505 -0.096218381077051149 0.079130433499813094 0.0078260868322104233 1.0000000180025095e-35 -0.070406436920166002 0.26239129900932318 -0.07726521790027617 0.011429077479988338 0.1086956523358822 0.6428571641445161 0.026956521905958656
decision_type=2 2 2 2 2 2 2 2 2 2 2 2 2 2 2 2 2 2 2 2 2 2 2 2 2 2 2 2 2 2
left_child=2 7 13 4 6 8 15 14 29 -7 22 -8 -5 -1 -2 21 26 -13 -6 20 27 -3 25 -14 -25 -9 -17 -20 -23 -4
right_child=1 3 5 12 18 9 11 10 -10 -11 -12 17 23 -15 -16 16 -18 -19 19 -21 -22 28 -24 24 -26 -27 -28 -29 -30 -31
leaf_value=0.03228089691804735 0.0025758700623828915 -0.010997277361915622 0.026735529624653954 -0.041202230710574154 0.0065394402171769506 0.019872756731902114 -0.0015181403444000973 0.024946911321455295 0.03787674301867066 -2.7175153801463615e-06 0.033987724951992385 -0.039377119028882641 -0.027291646089270399 0.047858294574473048 -0.0086464274408724964 -0.0061354826618407517 0.027813747883915357 -0.016354052175742834 -0.006383064048558585 -0.0018452372923058445 -0.024729503248797569 -0.031807164836109181 0.0060499385468589526 0.015380837803757924 -0.045714726492357027 -0.022801048932687487 -0.015822651451030775 0.032623093630536074 0.016327695383405789 0.011709722982986085
leaf_weight=1407.2191897321027 9442.727682803059 1082.1089987794403 1565.2594626555219 1105.4526544151595 1340.3526366590522 1008.7174099835102 254.62344737327658 1031.6697254322935 1924.1693313688738 2297.4543496945407 599.060904962942 1896.0475711108884 1049.5064213983715 3556.4448958293069 2375.4552656381857 5281.4548506112769 153.4363545528613 451.25148456939496 18581.803142874269 9565.3528437128989 1076.7726728055859 1116.84603052889 2315.9622132410295 252.3204770789016 92.956413022009656 80.328431280329823 2774.9327444890514 111.8054576003924 73.760572358500212 1128.8988759710919
leaf_count=3749 72504 13296 4996 136540 17722 3902 11718 5120 4684 12925 1556 140246 80468 8306 22849 126395 1343 28475 539911 369604 111494 47611 15232 37465 14689 583 83303 15038 1300 5201
internal_value=-5.43384e-12 -0.00585757 0.028225 -0.00920617 -0.00802615 0.0186845 -0.0153428 0.00391877 0.027715 0.00606549 0.0144785 -0.0316892 -0.0298482 0.0434494 0.000319647 -0.0112828 -0.00877349 -0.0349599 -0.00490491 -0.00542801 -0.00716126 -0.0203394 0.0110602 -0.0208263 -0.001152 0.0214803 -0.00947367 -0.00614804 -0.0288139 0.0204461
internal_weight=74994.2 62106 12888.2 46260.8 43760.5 7924.5 13084.5 15845.2 4618.33 3306.17 4027.02 2601.92 2500.24 4963.66 11818.2 10482.5 8209.82 2347.3 30676.1 29335.7 19770.4 2272.72 3427.96 1394.78 345.277 1112 8056.39 18693.6 1190.61 2694.16
internal_count=1938225 1894462 43763 1776618 1507456 31708 453687 117844 14881 16827 22491 180439 269162 12055 95353 273248 211041 168721 1053769 1036047 666443 62207 20935 132622 52154 5703 209698 554949 48911 10197
is_linear=0
shrinkage=0.05


Tree=26
num_leaves=31
num_cat=0
split_feature=4 1 4 15 4 17 7 25 1 23 4 15 25 6 2 7 7 6 5 0 5 6 4 6 4 6 13 0 9 13
split_gain=4587.18 726.949 723.945 463.904 442.614 317.44 285.565 228.478 199.96 170.994 119.8 136.793 104.419 99.4329 88.8366 92.9891 88.1959 82.788 82.1301 81.886 76.9468 74.975 73.1628 81.9989 70.2056 68.1935 66.5857 99.0929 86.5224 61.1918
threshold=1.0000000180025095e-35 0.0026086957077495758 0.0043478262377902874 -0.16431207209825513 0.033913042396306999 0.14304348081350329 -0.13131371140480039 1.0000000180025095e-35 1.0000000180025095e-35 0.6428571641445161 0.046086955815553672 -0.086461652070283876 1.0000000180025095e-35 -0.30536057054996485 -0.13752657920122144 -0.31696179509162897 -0.14608163386583325 -0.094086557626724229 0.068695649504661574 0.040869565680623061 0.21826086938381198 -0.09997439011931418 0.1086956523358822 -0.13985963910818097 0.0026086957077495758 -0.14955886453390119 0.039130434393882758 0.079130433499813094 0.030434782616794113 0.047826087102293975
decision_type=2 2 2 2 2 2 2 2 2 2 2 2 2 2 2 2 2 2 2 2 2 2 2 2 2 2 2 2 2 2
left_child=1 9 7 4 14 10 12 8 21 17 26 22 -3 -6 -4 -16 24 -1 -15 -13 -19 -2 23 -12 -10 -8 27 -5 -28 -25
right_child=2 6 3 5 13 -7 25 -9 16 -11 11 19 -14 18 15 -17 -18 20 -20 -21 -22 -23 -24 29 -26 -27 28 -29 -30 -31
leaf_value=0.035263810891210869 0.018863213729384012 0.017253694406142078 -0.0074654584947626227 -0.0032715669097211977 -0.004747542319718993 -0.034988357605777051 0.016775112217967594 0.031989335024708923 0.0097845374974961982 0.04987271468918502 -0.029545519578624682 0.0060687648697951005 0.035412903262850869 -0.044131572105945142 -0.030984654590358485 -0.012815473820397881 -0.0045138115643821855 0.025422481633492928 -0.027496122924067647 -0.010667131616949689 -0.021848811080871122 -0.0034300992590510192 -0.030413519420991943 -0.017937700993756727 -0.0021489153762868883 -0.001688971145602266 0.038159505944942745 -0.015456564422341643 0.00071701733602000156 -0.00476369051371223
leaf_weight=3890.5137143558823 2225.173175193835 1914.4071983054746 6052.6885569253936 18013.180210464634 296.64687374513596 888.31262628623517 660.82315143384039 709.3221716764383 2843.82020398858 2313.4989080186933 619.37612304405775 1608.8010120328981 1353.7241647373885 1373.0972723807208 925.63461784331594 2948.3085472560488 5595.1988801301923 297.22370936744846 1632.9490832677111 1337.7128514263895 120.14382580772508 453.73341027786955 675.13975249137729 1443.7938840505667 2174.0564721515402 2045.3936188966036 157.81569722038694 1837.9966736380011 5416.6350534589728 2263.3467021017568
leaf_count=10480 7921 7987 132832 328714 13828 139200 2622 1913 16200 5387 46154 96102 3450 109987 39019 90997 40380 952 110757 96859 654 1673 83667 52936 17233 12231 7763 42882 233103 184342
internal_value=2.76563e-11 0.0274883 -0.00563087 -0.00857652 -0.0165289 -0.00550553 0.014839 0.00436048 0.00288378 0.0388976 -0.00471976 -0.0100774 0.0247841 -0.0323824 -0.0112516 -0.0171637 -0.000197752 0.0329933 -0.035107 -0.00153035 0.0117952 0.0150875 -0.0151112 -0.0127168 0.00461483 0.00282425 -0.00304462 -0.00440048 0.00178369 -0.00989793
internal_weight=74088.5 12595.7 61492.7 47491.4 13229.3 34262.1 5974.35 14001.3 13292 6621.38 33373.8 7948.17 3268.13 3302.69 9926.63 3873.94 10613.1 4307.88 3006.05 2946.51 417.368 2678.91 5001.66 4326.52 5017.88 2706.22 25425.6 19851.2 5574.45 3707.14
internal_count=1938225 43763 1894462 1809142 497420 1311722 26290 85320 83407 17473 1172522 560060 11437 234572 262848 130016 73813 12086 220744 192961 1606 9594 367099 283432 33433 14853 612462 371596 240866 237278
is_linear=0
shrinkage=0.05


Tree=27
num_leaves=31
num_cat=0
split_feature=4 4 1 15 4 17 7 25 1 23 4 15 25 6 25 13 4 6 5 2 5 6 7 6 6 4 5 6 5 12
split_gain=4266.92 713.329 695.26 413.657 370.224 292.818 284.247 212.726 182.633 161.977 108.722 112.959 92.589 91.7572 81.8498 76.2809 79.9237 94.5692 75.4706 71.0753 85.2111 71.07 70.5429 68.5898 68.5523 67.3406 65.9042 65.3485 63.8037 62.1562
threshold=1.0000000180025095e-35 0.0043478262377902874 0.0026086957077495758 -0.16751962155103681 0.033913042396306999 0.14304348081350329 -0.13131371140480039 1.0000000180025095e-35 1.0000000180025095e-35 0.6428571641445161 0.07739130407571794 -0.083310585469007478 1.0000000180025095e-35 -0.30536057054996485 1.0000000180025095e-35 0.079130433499813094 0.033913042396306999 -0.14146252721548078 0.068695649504661574 -0.13752657920122144 0.053043477237224586 -0.094086557626724229 -0.14608163386583325 -0.09997439011931418 -0.14955886453390119 0.0026086957077495758 0.21478260308504107 -0.090055722743272767 0.0078260868322104233 0.037391304969787605
decision_type=2 2 2 2 2 2 2 2 2 2 2 2 2 2 2 2 2 2 2 2 2 2 2 2 2 2 2 2 2 2
left_child=2 7 9 4 14 10 12 8 23 21 15 -12 28 -6 19 16 -5 -18 -15 -3 -21 -1 25 -2 -8 -10 -23 -13 -4 -19
right_child=1 3 6 5 13 -7 24 -9 22 -11 11 27 -14 18 -16 -17 17 29 -20 20 -22 26 -24 -25 -26 -27 -28 -29 -30 -31
leaf_value=0.034617731472902445 0.018536790171900287 -0.0084210442384256342 0.032354988027802283 -0.0029558870027570432 -0.0048523415947170825 -0.034200134558870256 0.016598155318688329 0.031459158069772925 0.0095899539053416871 0.049238949420191379 -0.022810902767810309 -0.035397817434465746 0.034662413797946351 -0.043267932181444257 0.021756574481518128 0.0055525847235510005 -0.023995800950845622 -0.013104795544250951 -0.026580404277659606 -0.025868407834380741 -0.010346234092506106 0.025631996669530911 -0.0037239777116694368 -0.0029038828652760973 -0.0020243002344068665 -0.0021548039072013122 -0.018176626880247942 0.00083307575772375946 0.011696082322440968 -0.0033912056257955209
leaf_weight=3793.9508018688066 2190.3288540246431 5627.4380421233363 515.10727928415872 20856.455848336918 295.71395927597769 868.48857200157363 650.96500416984782 697.31687040417455 2811.445354313124 2205.6849237533752 1624.7982708974741 138.36307644238696 1322.5324031321798 1249.4098206562921 183.11942625511438 1979.7698383349343 909.58128813654184 2571.2672551593278 1497.9939889541129 1629.8506315568229 1936.1329456431558 288.41740554152057 5505.1018608752638 449.23203742690384 2041.3007969486061 2155.604204720119 121.22097721789032 1163.1648633945151 1363.2346576838754 4580.7438764236867
leaf_count=10480 7921 126976 1504 414937 13673 140401 2622 1913 16200 5387 178937 17810 3450 105592 1715 147190 51747 87657 104803 67031 57457 936 40380 1673 12231 17233 670 95013 6483 198203
internal_value=-2.62698e-11 -0.00542401 0.0268578 -0.00835314 -0.0161833 -0.00554962 0.0144582 0.0045692 0.00313683 0.0382549 -0.00481299 -0.0140228 0.0245268 -0.0313346 -0.0112632 -0.0039403 -0.00459037 -0.00881811 -0.0341822 -0.0119232 -0.017446 0.032481 0.000173736 0.014888 0.00248293 0.00449355 0.0126554 -0.00304278 0.0173757 -0.00688475
internal_weight=73223.7 60921.3 12302.4 47112.3 12419.7 34692.6 5893.14 13809 13111.7 6409.27 33824.1 2926.33 3200.87 3043.12 9376.54 30897.8 28918 8061.59 2747.4 9193.42 3565.98 4203.59 10472.2 2639.56 2692.27 4967.05 409.638 1301.53 1878.34 7152.01
internal_count=1938225 1894462 43763 1809142 477247 1331895 26290 85320 83407 17473 1191494 291760 11437 224068 253179 899734 752544 337607 210395 251464 124488 12086 73813 9594 14853 33433 1606 112823 7987 285860
is_linear=0
shrinkage=0.05


Tree=28
num_leaves=31
num_cat=0
split_feature=4 4 1 17 15 7 25 1 4 23 7 4 2 15 7 25 4 6 6 6 7 4 13 15 12 13 17 11 4 9
split_gain=3961.54 673.129 665.597 390.604 315.687 274.58 198.071 174.519 156.944 154.036 123.041 120.685 104.585 97.9529 88.3559 82.6818 70.6807 70.5956 69.3765 68.1525 63.6823 66.7621 62.4718 71.4888 65.8003 131.209 110.238 64.9331 64.7526 63.5509
threshold=1.0000000180025095e-35 0.0043478262377902874 0.0026086957077495758 0.092391304671764388 -0.18411773443222043 -0.13131371140480039 1.0000000180025095e-35 1.0000000180025095e-35 0.018260869197547439 0.6428571641445161 -0.12786391377449033 0.056521739810705192 -0.15454705059528348 -0.14402919262647626 -0.084611870348453508 1.0000000180025095e-35 0.018260869197547439 -0.090854894369840608 -0.14955886453390119 -0.09997439011931418 -0.14608163386583325 0.0026086957077495758 0.10173913091421129 -0.091964699327945695 0.021739130839705471 0.030434782616794113 0.025652174837887291 -0.10092097520828246 0.051304347813129432 0.033913042396306999
decision_type=2 2 2 2 2 2 2 2 2 2 2 2 2 2 2 2 2 2 2 2 2 2 2 2 2 2 2 2 2 2
left_child=2 6 9 4 8 15 7 19 -3 -1 16 22 -10 -13 -14 -4 -5 -16 -7 -2 21 -9 23 -6 25 29 -27 -24 -29 -25
right_child=1 3 5 10 11 18 -8 20 12 -11 -12 13 14 -15 17 -17 -18 -19 -20 -21 -22 -23 27 24 -26 26 -28 28 -30 -31
leaf_value=0.031938326200562001 0.018406452604602618 -0.0096527539029502979 0.017271208637754051 -0.010014055225977673 -0.0044978269074697546 0.01661840227368222 0.030699177801268959 0.0094805876351833594 -0.0095717085151395213 0.048607317474816669 -0.016881377861337653 -0.031598699381510824 -0.034330828306108244 -0.0094784283251910951 -0.025283655385103646 0.033772678064670894 -0.041735912000969377 0.0060602696375854342 -0.0022327678545706717 -0.0030074116543427026 -0.0034723488572961526 -0.002264544549706737 0.012328934681484847 -0.00081369673846191915 0.0063373480862177816 -0.040597113882392129 0.0060671608333453505 -0.03817533130471934 0.015797675834208501 0.033553043994440888
leaf_weight=4105.178787337034 2156.5680511274841 5287.2307733434718 1846.7707690584939 210.25915584689938 23084.216742019984 640.8188680538442 686.10227396059781 2779.9668724886142 1028.7535659568384 2102.6603355288971 2027.359205253073 576.26011152099818 1855.4972328153672 3778.9843639435712 512.49398024659604 1293.5718380645849 1087.8373542684712 275.80204103980213 2036.555939411046 448.55204797582701 5456.4492865514476 2141.1361722173169 117.35203224676661 2378.716968846973 3333.3500163656427 385.9987263334915 187.7164212744683 351.11813938594423 65.409748455160297 141.58020265214145
leaf_count=12086 7921 102143 7987 7791 597621 2622 1913 16200 48513 5387 187130 46509 133634 276564 27451 3450 170727 13770 12231 1673 40380 17233 10383 35944 111705 10079 6696 14526 3801 4155
internal_value=2.83135e-11 -0.00522152 0.0262044 -0.00807865 -0.00681173 0.0140497 0.00453692 0.00315206 -0.0151709 0.0375912 -0.0245909 -0.00463418 -0.0231104 -0.0124118 -0.028373 0.0240771 -0.0366094 -0.0143235 0.0022837 0.0147197 0.000247055 0.00437094 -0.00350639 -0.00319934 0.00146422 -0.00378623 -0.0253448 -0.0204419 -0.0296821 0.00112943
internal_weight=72380.3 60354.7 12025.6 46685.9 43360.5 5817.72 13668.8 12982.7 8959.78 6207.84 3325.46 34400.7 3672.55 4355.24 2643.79 3140.34 1298.1 788.296 2677.37 2605.12 10377.6 4921.1 30045.5 29511.6 6427.36 3094.01 573.715 533.88 416.528 2520.3
internal_count=1938225 1894462 43763 1809142 1443494 26290 85320 83407 325511 17473 365648 1117983 223368 323073 174855 11437 178518 41221 14853 9594 73813 33433 794910 766200 168579 56874 16775 28710 18327 40099
is_linear=0
shrinkage=0.05


Tree=29
num_leaves=31
num_cat=0
split_feature=4 23 17 13 1 7 15 4 4 23 6 5 7 6 0 18 9 13 6 3 25 2 27 6 4 13 6 4 7 13
split_gain=3680.43 999.283 357.95 303.281 247.116 214.536 214.519 370.416 121.114 112.461 104.908 103.225 86.1289 85.2815 79.1976 77.5962 85.4453 67.6553 65.7471 63.891 60.4159 59.945 59.6352 58.2573 56.9147 108.441 56.78 56.4936 55.8967 54.427
threshold=0.0026086957077495758 0.5000000149011613 0.11130434647202493 1.0000000180025095e-35 1.0000000180025095e-35 -0.13481364399194715 -0.14533261209726331 0.042608696967363364 0.0078260868322104233 0.6428571641445161 -0.14955886453390119 0.016521738842129711 -0.13131371140480039 -0.07335548102855681 0.039130434393882758 0.020584555342793468 0.023478261195123199 0.11217391490936281 -0.090854894369840608 -0.16490465402603147 1.0000000180025095e-35 -0.1038837283849716 1.0000000180025095e-35 -0.084559589624404893 0.19043477624654773 0.13826086372137072 -0.30536057054996485 1.0000000180025095e-35 -0.06089301407337188 0.011304348241537811
decision_type=2 2 2 2 2 2 2 2 2 2 2 2 2 2 2 2 2 2 2 2 2 2 2 2 2 2 2 2 2 2
left_child=1 4 6 9 18 19 7 8 22 13 -7 -10 -4 27 -8 16 -13 -16 -1 -6 -5 -19 -2 -22 25 -14 -9 -3 -28 -21
right_child=2 3 12 20 5 10 14 26 11 -11 -12 15 24 -15 17 -17 -18 21 -20 29 23 -23 -24 -25 -26 -27 28 -29 -30 -31
leaf_value=0.026870255018979244 -0.0036422777257309061 0.037929649233268914 -0.038297877833094768 0.012127650514181939 0.0095499972936292279 0.011731317731760511 -0.0014172603657563346 -0.0025786806677640015 -0.022147367754220985 0.047273810533865701 -0.0051221475556282158 -0.0097908991471163422 -0.017645763219314797 -0.017897303366621427 -0.0076022877694059314 -0.018862023895462175 0.002945924968295642 -0.0017830555411549203 0.00037534519117600988 0.02840573746729861 0.029162980775243937 0.030712292968500587 0.015990482514344748 -0.022064541703114227 -0.03047351365111893 0.034038454285525752 -0.035128587523540054 0.022215206096416931 -0.018073174756286978 0.0039967475246155629
leaf_weight=1983.5252378362929 6659.1567013954045 2247.6728583568474 924.02563544810982 1605.0374737363309 2628.5594050579239 1191.0374819755089 18509.510843488621 202.82916844054125 1732.1367651983164 2249.1585158043308 4095.757615363691 4978.9709228380816 620.25390384916682 80.990200441912748 10975.282397402916 1538.5951930187875 1789.5416484023444 419.82626419590088 265.50321079255082 1033.3832221915945 1194.2432689128909 213.32255189103307 409.66073954920284 57.501994649879634 548.12389520206489 120.35035953839542 1657.6058646737365 774.40478496416472 681.48926292639226 293.55278559960425
leaf_count=6077 65698 6363 136545 8510 14401 5840 486344 9601 77566 6099 26636 112933 37317 355 398083 66760 89844 66524 1025 3838 3330 19365 2850 295 74794 20850 142057 2291 44395 1639
internal_value=8.61385e-12 0.018403 -0.00697483 0.0317255 0.0088839 0.00526565 -0.00609961 -0.0101636 -0.00751645 0.0387473 -0.00132381 -0.0110463 -0.026648 0.032554 -0.0034479 -0.00872924 -0.00642345 -0.00668533 0.023744 0.014071 0.0185611 0.00919655 -0.0025024 0.026794 -0.0182718 -0.00921235 -0.0279697 0.0339115 -0.0301694 0.0230129
internal_weight=71681 19700.3 51980.7 8209.01 11491.3 9242.29 49767.9 19650 17108.1 5352.23 5286.8 10039.2 2212.75 3103.07 30117.9 8307.11 6768.51 11608.4 2249.03 3955.5 2856.78 633.149 7068.82 1251.75 1288.73 740.604 2541.92 3022.08 2339.1 1326.94
internal_count=1938225 86699 1851526 27243 59456 52354 1582020 611704 415651 15108 32476 347103 269506 9009 970316 269537 202777 483972 7102 19878 12135 85889 68548 3625 132961 58167 196053 8654 186452 5477
is_linear=0
shrinkage=0.05


Tree=30
num_leaves=31
num_cat=0
split_feature=4 23 17 13 1 7 15 4 7 23 6 27 6 4 15 2 6 9 17 3 3 4 25 6 9 0 13 10 3 4
split_gain=3464.64 925.571 362.981 272.479 219.22 192.547 159.377 268.424 141.104 113.794 91.4296 82.8623 79.5927 77.3423 72.1092 70.2276 82.0913 69.3556 68.854 68.7753 61.0364 56.4193 53.8454 53.8075 108.628 55.3436 60.4882 53.5158 51.9045 51.8379
threshold=0.0026086957077495758 0.5000000149011613 0.078260872513055815 1.0000000180025095e-35 1.0000000180025095e-35 -0.13481364399194715 -0.14402919262647626 0.026956521905958656 -0.13975383341312406 0.6428571641445161 -0.14146252721548078 1.0000000180025095e-35 -0.074435088783502565 0.016521738842129711 -0.080162487924098955 -0.14912281185388562 -0.16004684567451474 0.051304347813129432 0.042391303926706321 -0.11970474570989607 -0.16490465402603147 1.0000000180025095e-35 1.0000000180025095e-35 -0.045705808326601975 1.0000000180025095e-35 0.0043478262377902874 0.040869565680623061 -0.10503551363945006 -0.12938474118709561 0.1086956523358822
decision_type=2 2 2 2 2 2 2 2 2 2 2 2 2 2 2 2 2 2 2 2 2 2 2 2 2 2 2 2 2 2
left_child=1 4 6 9 14 20 7 11 13 12 -7 15 21 -4 -1 -2 -17 18 -9 29 -6 -3 -5 27 -25 26 -26 -8 -12 -10
right_child=2 3 8 22 5 10 23 17 19 -11 28 -13 -14 -15 -16 16 -18 -19 -20 -21 -22 -23 -24 24 25 -27 -28 -29 -30 -31
leaf_value=0.024088379438689737 -0.0026737808943133223 0.037100292367228282 -0.0094054448111765849 0.012433543544377142 0.0093907515505094099 0.010150698816107471 -0.0031787038615009888 -0.017465778601262059 -0.0092241795559363099 0.046733181526677006 -0.0099500499510200829 0.010686632605402084 -0.01638027324854998 -0.038047401373206752 -0.048957156272146717 -0.016691448658318658 -0.0058769948869980028 -0.0081523996357125827 -0.032040678175772851 -0.0089474393803936191 0.022635176319768857 0.021250623785281628 0.026399208582543573 -0.088551256393004499 0.0015244567995967382 0.014431511783686724 -0.075530310212514856 -0.019592615251929856 0.0017862769765156754 -0.033321604298809933
leaf_weight=2184.9038226157427 6282.4784111443441 2184.7922279955237 292.35374629497528 1580.2194470211398 2595.2567130487878 1387.0409729257226 26332.516129333526 2068.8028919625795 343.69040569814388 2143.6780710709281 2157.4223273405805 730.39460677327588 83.32975282438565 1232.3879557993205 33.418889924767427 2763.3336601371411 4810.2419133106014 990.21700040483847 1337.5195370769361 2133.385414712131 1309.6756710018963 762.42420072550885 1229.3599337035557 27.499881312251091 85.59940311126411 948.07162128062919 35.233623906038702 505.18130916135851 1671.2239999826998 640.73586318211164
leaf_count=6915 99221 6352 8773 8510 14401 6951 750093 111384 23483 6099 12470 8199 368 196717 187 67681 98859 88938 89492 170399 5477 2289 3625 480 1140 35077 854 25044 13055 75692
internal_value=2.95259e-11 0.0180566 -0.00676722 0.031097 0.00887291 0.00544294 -0.00544726 -0.00898228 -0.0201024 0.0379043 -0.000843403 -0.0057173 0.0316457 -0.0325654 0.0229664 -0.00658271 -0.00982449 -0.0198108 -0.0231965 -0.0139991 0.0138375 0.0330087 0.0185516 -0.00304476 0.00780762 0.0103671 -0.0213794 -0.00348839 -0.00482795 -0.0249264
internal_weight=70882.4 19322.7 51559.6 7983.8 11338.9 9120.62 46917.1 18983 4642.55 5174.22 5215.69 14586.4 3030.55 1524.74 2218.32 13856.1 7573.58 4396.54 3406.32 3117.81 3904.93 2947.22 2809.58 27934.1 1096.4 1068.9 120.833 26837.7 3828.65 984.426
internal_count=1938225 86699 1851526 27243 59456 52354 1376462 563774 475064 15108 32476 273960 9009 205490 7102 265761 166540 289814 200876 269574 19878 8641 12135 812688 37551 37071 1994 775137 25525 99175
is_linear=0
shrinkage=0.05


Tree=31
num_leaves=31
num_cat=0
split_feature=4 23 4 15 13 1 7 17 23 15 4 6 7 10 5 2 13 4 6 6 5 3 6 4 6 25 11 0 18 0
split_gain=3220.73 874.699 295.967 363.378 254.997 219.61 192.86 170.455 111.111 108.879 148.422 94.5976 87.5859 84.3133 75.7552 92.3388 71.4692 80.3292 69.2205 68.8743 64.3623 60.0358 56.4283 54.7651 53.1681 57.0477 52.6846 52.3505 54.6215 57.1285
threshold=0.0026086957077495758 0.5000000149011613 0.040869565680623061 -0.15020958334207532 1.0000000180025095e-35 1.0000000180025095e-35 -0.13481364399194715 0.16217391937971118 0.6428571641445161 -0.18132622539997098 0.0078260868322104233 -0.14955886453390119 -0.11324517056345938 -0.12029745802283286 0.079130433499813094 -0.16802551597356793 0.023478261195123199 0.026956521905958656 -0.087637323886156068 -0.30536057054996485 0.065217390656471266 -0.16490465402603147 -0.074435088783502565 1.0000000180025095e-35 -0.083412561565637575 1.0000000180025095e-35 -0.058006433770060532 0.018260869197547439 0.0037653300678357486 0.039130434393882758
decision_type=2 2 2 2 2 2 2 2 2 2 2 2 2 2 2 2 2 2 2 2 2 2 2 2 2 2 2 2 2 2
left_child=1 5 9 19 8 18 21 12 22 10 -2 -8 13 -5 15 -12 17 -11 -1 -4 -21 -7 23 -3 25 -6 -14 -18 -29 -30
right_child=2 4 3 7 24 6 11 -9 -10 16 14 -13 26 -15 -16 -17 27 -19 -20 20 -22 -23 -24 -25 -26 -27 -28 28 29 -31
leaf_value=0.025899515894009961 -0.0020631263768300045 0.036249548367495145 -0.0024638209382923035 -0.037407216035434655 0.013321396096177125 0.0092604506409173486 0.011510289685054489 -0.037584496436864456 0.046197189108557357 -0.0035882031977683125 -1.427945881933565e-05 -0.0046815676021091934 -0.0054342278739078738 -0.01134649350421256 -0.0075743588975947301 -0.023120346148826434 0.010513965298005081 -0.015461877276516683 -0.003639573722953553 -0.041722459986120564 -0.025269321075875335 0.022478206498476885 -0.010700871422846018 0.020504139519228921 -0.013076602882013927 0.028155484580616619 0.011584016266077655 0.010615874574829367 -0.012134599702179606 -0.00010658867722888421
leaf_weight=1957.2492377784802 4432.102765452466 2126.1320384358405 218.43488663830794 364.57354035793105 1484.5683736598585 2566.3080747952918 1160.7102875772398 483.85454720610869 2043.457154020085 18345.032152223517 516.05474151135422 4034.6636743145064 6141.2078691577772 2068.9730049978243 2378.666168050142 2665.9514668658376 1212.7506324346177 1543.5136513540056 220.4206134986598 984.53596403845586 1520.5104990325635 1292.5488297617994 78.516451907693408 752.52290163678117 128.17124035349116 1154.3473236679565 490.20703325537033 945.30276839411817 1193.8310354785062 5681.0604574377649
leaf_count=6226 46650 6352 10633 30555 8200 14401 5840 100281 6099 233949 16139 26636 351907 209226 78879 129755 48606 37066 876 101395 119591 5477 368 2289 588 3347 30721 37641 42100 226432
internal_value=5.56716e-11 0.0175798 -0.00652554 -0.0132955 0.0304793 0.00865683 0.00522676 -0.00869892 0.0372189 -0.00439021 -0.00888941 -0.00106259 -0.00715313 -0.0152645 -0.0143289 -0.0193742 -0.00283543 -0.00451043 0.0229093 -0.0294027 -0.0317498 0.0136925 0.0310013 0.032142 0.0182906 0.0198185 -0.00417465 0.000852642 -0.000646782 -0.00219672
internal_weight=70186.2 18999.6 51186.6 12272.3 7767.72 11231.9 9054.23 9548.82 5000.63 38914.3 9992.78 5195.37 9064.96 2433.55 5560.67 3182.01 28921.5 19888.5 2177.67 2723.48 2505.05 3858.86 2957.17 2878.65 2767.09 2638.92 6631.41 9032.94 7820.19 6874.89
internal_count=1938225 86699 1851526 954309 27243 59456 52354 722690 15108 897217 271423 32476 622409 239781 224773 145894 625794 271015 7102 231619 220986 19878 9009 8641 12135 11547 382628 354779 306173 268532
is_linear=0
shrinkage=0.05


Tree=32
num_leaves=31
num_cat=0
split_feature=4 23 4 13 1 15 4 7 15 23 17 6 25 5 6 18 12 15 25 13 9 4 6 7 4 3 25 1 6 2
split_gain=3073.53 802.682 272.726 236.589 205.943 167.373 249.631 167.16 152.493 107.738 93.8161 88.2729 78.7441 72.9982 67.1423 66.1071 63.9608 61.1471 59.3551 58.0567 57.9377 61.1977 57.735 64.5821 53.4485 52.6261 50.7258 50.2325 49.8154 48.1224
threshold=0.0026086957077495758 0.5000000149011613 0.086086958646774306 1.0000000180025095e-35 1.0000000180025095e-35 -0.15861509740352628 0.030434782616794113 -0.13481364399194715 -0.11746734753251074 0.6428571641445161 0.16217391937971118 -0.14955886453390119 1.0000000180025095e-35 0.056521739810705192 -0.087637323886156068 0.011560639832168819 0.073913045227527632 -0.53097957372665394 1.0000000180025095e-35 0.0026086957077495758 0.016521738842129711 0.0078260868322104233 -0.092496108263730989 -0.32780028879642481 1.0000000180025095e-35 -0.15883795917034146 1.0000000180025095e-35 0.051304347813129432 -0.084559589624404893 -0.13028385490179059
decision_type=2 2 2 2 2 2 2 2 2 2 2 2 2 2 2 2 2 2 2 2 2 2 2 2 2 2 2 2 2 2
left_child=1 4 5 9 14 6 12 18 -4 24 16 -9 15 17 -1 20 29 -8 19 -6 21 -2 23 -15 -3 -21 -5 -17 -28 -10
right_child=2 3 8 26 7 -7 13 11 10 -11 -12 -13 -14 22 -16 27 -18 -19 -20 25 -22 -23 -24 -25 -26 -27 28 -29 -30 -31
leaf_value=0.025715489026314882 -0.0027369289647789677 0.034463045440962119 -0.03553827504438585 0.012137118378977907 0.017929663143684434 -0.0033864116048444408 -0.0046257305473630982 0.011816082036154016 -0.013498957144871119 0.045653711590017819 -0.036264980419517472 -0.0039316642688023143 0.018002662077599631 0.019012963336529666 -0.0034967273947656852 -0.019419344532788253 -0.0040252662166950469 -0.036996599512223359 0.031763068915881064 -0.0015909145396506429 0.0048574452180874415 -0.011847613114377598 0.0020416455912788396 -0.023817503254694818 0.018950934608219842 0.016451038683889509 0.028179289630920146 -0.0068007995890332143 -0.019969340001034459 -0.057267476011757162
leaf_weight=1920.8471097440924 4233.9409223227995 2130.8916188693256 1098.8379216440371 1541.5236788149923 1672.0903248118702 32510.157563937886 170.40794617647771 1143.8352960960474 161.79401946952567 1948.8535848197644 349.68985625111964 3994.8403716604225 315.40169911435805 93.801754873944446 218.88046987890266 1671.0344694685191 1523.7828560496564 1025.6459397665458 393.36073168879375 1122.3510218344163 1265.8292899392545 3264.367864358821 343.6316507201409 1275.9986815560842 756.93976884055883 630.51092020992655 1130.6644446045393 1495.9474647538736 55.715955014806241 102.54176568705589
leaf_count=6226 39216 6630 120185 8510 7188 934148 7632 5840 11110 6099 85212 26636 2132 5599 876 46886 184670 101050 1074 8466 56456 74879 22071 96209 2379 3150 3330 55512 295 8559
internal_value=1.69444e-11 0.0173573 -0.00636352 0.029916 0.00879419 -0.00540956 -0.00974878 0.00546362 -0.0204065 0.0365574 -0.0126157 -0.000424703 -0.00661997 -0.0229117 0.022727 -0.00727232 -0.00797308 -0.0323923 0.0133862 0.0112669 -0.00503403 -0.00670429 -0.0162788 -0.0208728 0.0304051 0.00490452 0.0181313 -0.0134629 0.0259032 -0.0306296
internal_weight=69564.1 18661.3 50902.8 7564.59 11096.7 47666.2 15156 8956.99 3236.65 4836.68 2137.81 5138.68 12246.5 2909.49 2139.73 11931.1 1788.12 1196.05 3818.31 3424.95 8764.14 7498.31 1713.43 1369.8 2887.83 1752.86 2727.9 3166.98 1186.38 264.336
internal_count=1938225 86699 1851526 27243 59456 1441790 507642 52354 409736 15108 289551 32476 275081 232561 7102 272949 204339 108682 19878 18804 170551 114095 123879 101808 9009 11616 12135 102398 3625 19669
is_linear=0
shrinkage=0.05


Tree=33
num_leaves=31
num_cat=0
split_feature=4 1 7 17 25 25 15 4 6 17 25 2 6 16 13 6 6 4 7 7 23 6 14 4 7 12 15 11 3 11
split_gain=2883.13 753.101 317.552 254.101 194.175 190.91 137.484 250.422 111.733 96.9058 78.036 73.9774 98.2171 73.7047 70.0135 59.8652 58.1903 57.838 57.5548 53.8068 51.0547 82.5388 51.1544 47.7097 71.2711 58.5862 57.2345 52.9555 47.1224 44.9618
threshold=0.0026086957077495758 1.0000000180025095e-35 -0.13481364399194715 0.11130434647202493 1.0000000180025095e-35 1.0000000180025095e-35 -0.15861509740352628 0.037391304969787605 -0.14955886453390119 1.0000000180025095e-35 1.0000000180025095e-35 -0.14289062470197675 -0.13744334131479261 0.035652173683047302 0.0026086957077495758 -0.30536057054996485 -0.078156158328056322 0.01304347859695554 -0.13975383341312406 -0.03011380415409803 0.5000000149011613 -0.074435088783502565 -0.12392524257302283 0.016521738842129711 -0.24875011295080182 0.016521738842129711 -0.11371328681707381 -0.15144304931163785 -0.15957994014024732 -0.079756136983633028
decision_type=2 2 2 2 2 2 2 2 2 2 2 2 2 2 2 2 2 2 2 2 2 2 2 2 2 2 2 2 2 2
left_child=1 5 4 6 14 9 7 10 -4 -1 11 -2 17 -5 -3 -9 -11 -13 -15 -17 -10 -22 -23 -8 -25 26 27 -26 -16 -20
right_child=3 2 8 13 -6 -7 23 15 20 16 -12 12 -14 18 28 19 -18 -19 29 -21 21 22 -24 24 25 -27 -28 -29 -30 -31
leaf_value=0.035276597250122332 -0.0040186892976126782 0.017813198915409882 0.014710785494843568 -0.011062194677511357 0.032039528777594382 0.045979291979768883 -0.0014352404340155049 -0.0022023945288631719 -0.0038165525460955268 0.020658083115445997 0.017622854941074205 -0.012239117909561835 -0.0045100812705074949 -0.044231694762589903 0.00094644512490366529 -0.032469394852574808 -0.019393190411632927 -0.026792083534847067 -0.03199292393566399 -0.011809602006332801 0.018962033692023376 -0.065603109088149245 0.00073058574705695239 -0.025289230860539042 -0.00060711451451228441 -0.0038701392766962795 -0.0048262166212154926 -0.028129231691624082 0.016772453884118174 -0.0069942237797977818
leaf_weight=1590.7542418726953 6976.4050977659645 2957.5445859892061 1343.5634924888145 735.0574959187652 1765.5100204349728 1792.3574078996899 13917.345954060089 251.2490469601471 3979.5482543336693 1948.4033811599365 318.89449988747947 1668.7930712617235 2436.1887184000807 497.66783937439322 1478.8413373189978 1516.4730418572435 94.356918829726055 1158.4516304996796 463.17572584620211 399.73005819879472 563.50027173804119 48.623304443433881 70.097891284152865 433.06080361094791 228.86758772889152 17508.248554969439 1063.8994985283352 739.14963517757133 688.81333685456775 294.77870996564161
leaf_count=4655 138864 12681 6549 57710 5220 5848 180414 11832 26636 7116 2307 30639 71970 110873 11126 148696 423 65765 49584 29158 2415 295 218 48956 4341 812134 21430 15514 3517 51339
internal_value=4.92377e-12 0.0169945 0.0104177 -0.0061529 0.0177416 0.0326211 -0.00543567 -0.00946921 0.00201257 0.0260209 -0.00675933 -0.00739597 -0.0118708 -0.0236576 0.012811 -0.0251605 0.0187995 -0.0182095 -0.0310165 -0.0281681 -0.00164953 0.0109782 -0.026758 -0.00368278 -0.00524872 -0.0048033 -0.0128381 -0.0216295 0.00598087 -0.0222926
internal_weight=68929.4 18321.9 12896 50607.4 6890.71 5425.87 48616.8 14726.2 6005.33 3633.51 12558.7 12239.8 5263.43 1990.68 5125.2 2167.45 2042.76 2827.24 1255.62 1916.2 4661.77 682.221 118.721 33890.6 19973.2 19540.2 2031.92 968.017 2167.65 757.954
internal_count=1938225 86699 68657 1851526 32544 18042 1582020 499231 36113 12194 309545 307238 168374 269506 27324 189686 7539 96404 211796 177854 29564 2928 513 1082789 902375 853419 41285 19855 14643 100923
is_linear=0
shrinkage=0.05


Tree=34
num_leaves=31
num_cat=0
split_feature=4 1 7 17 25 25 15 4 6 17 4 11 5 23 6 13 23 6 2 6 5 9 16 4 13 6 6 3 15 7
split_gain=2755.71 700.307 293.29 228.875 176.606 174.395 128.267 259.065 101.401 84.9594 70.1677 67.6879 67.2782 61.3231 61.2716 59.3093 58.8318 53.71 74.6243 50.1363 49.9807 48.4933 45.9563 45.2122 55.0582 44.4455 44.0885 40.7298 40.0312 45.9528
threshold=0.0026086957077495758 1.0000000180025095e-35 -0.13481364399194715 0.13847825676202777 1.0000000180025095e-35 1.0000000180025095e-35 -0.15769057720899579 0.039130434393882758 -0.14955886453390119 1.0000000180025095e-35 0.01304347859695554 -0.14252159744501111 0.011304348241537811 0.5000000149011613 -0.30536057054996485 0.0026086957077495758 0.78571429848670971 -0.15173448622226712 -0.14002431929111478 -0.074435088783502565 0.068695649504661574 0.026956521905958656 0.011304348241537811 0.13130434602499011 0.15565217286348346 -0.078156158328056322 -0.07232769206166266 -0.14094118773937223 -0.18697874993085858 -0.053771095350384705
decision_type=2 2 2 2 2 2 2 2 2 2 2 2 2 2 2 2 2 2 2 2 2 2 2 2 2 2 2 2 2 2
left_child=1 4 5 6 9 11 7 10 -4 -1 16 15 -12 27 -9 -3 -2 18 21 -15 -16 -14 -5 24 -8 -11 -13 28 29 -10
right_child=3 2 8 22 -6 -7 23 14 13 25 12 26 17 19 20 -17 -18 -19 -20 -21 -22 -23 -24 -25 -26 -27 -28 -29 -30 -31
leaf_value=0.034528095164487606 -0.0042906439151950406 0.015016023801083425 0.014507037070768206 0.0028258168373544485 0.045320911961255164 0.031295015058107528 -0.0036740306371746932 -0.0014758748047599087 0.021081473240684712 0.020556021526603931 -0.027685713167018684 0.025990198333432486 -0.013456282587791838 0.018950793489681331 -0.038862144502799775 0.0026978966202538812 0.041904498992214628 -0.003841945607629807 -0.028129685737507949 -0.018162809403978557 -0.022060223434243697 0.0093806793809397288 -0.031248478266923504 -0.015920048680058106 0.022932389820752994 -0.015205841211863339 -0.054741722504238116 0.0010087962843881016 -0.013473855855998996 -0.011754388779651593
leaf_weight=1556.5038873301819 8167.5573447818169 2398.006360009138 1328.9868589292746 109.13722474186216 1712.1574220918119 1723.2948494382435 33162.600997788133 234.4553000992164 205.55352775473148 1913.4953794741305 567.76294898288324 970.61270858824719 963.92332238901872 555.47701172740199 726.88840367761441 1649.6360715851188 68.515970995649695 2142.6028472807957 717.83418355695903 107.95790527388453 1147.3819766977686 305.44293484953232 1043.2359435630206 750.53406547446502 194.60596852574963 90.319309586659074 16.306883419398218 2199.1819492783397 1328.804464337416 219.14492453541607
leaf_count=4655 113714 10854 6549 3910 5848 5220 1014175 11166 923 7116 36534 4225 32276 2415 84345 12108 291 91437 43171 513 98709 16213 178998 96642 29945 423 137 16059 8374 1280
internal_value=-2.40826e-11 0.016803 0.0104434 -0.00600472 0.0321202 0.0175686 -0.00548795 -0.00933409 0.00234264 0.0257611 -0.00668343 0.0128649 -0.0115594 -0.00116189 -0.0255808 0.00999762 -0.00390131 -0.00933616 -0.0152551 0.0128932 -0.0285937 -0.00795805 -0.0280218 -0.00379149 -0.00351813 0.0189373 0.0246022 -0.00352362 -0.00920535 0.00415032
internal_weight=68277.9 17975.4 12703 50302.5 5272.48 6757.86 49150.1 15042.4 5945.11 3560.32 12933.6 5034.56 4697.57 4616.12 2108.73 4047.64 8236.07 4129.8 1987.2 663.435 1874.27 1269.37 1152.37 34107.7 33357.2 2003.81 986.92 3952.68 1753.5 424.698
internal_count=1938225 86699 68657 1851526 18042 32544 1668618 527856 36113 12194 333636 27324 219631 29564 194220 22962 114005 183097 91660 2928 183054 48489 182908 1140762 1044120 7539 4362 26636 10577 2203
is_linear=0
shrinkage=0.05


Tree=35
num_leaves=31
num_cat=0
split_feature=4 23 17 13 1 7 15 4 23 16 6 7 2 7 3 4 11 13 6 6 16 17 15 4 25 12 13 4 4 12
split_gain=2544.27 684.779 209.4 202.18 193.349 162.884 103.113 163.087 91.3955 88.5995 83.9043 76.0273 65.4059 75.1406 54.0704 53.2522 52.9893 52.0564 51.9772 49.9316 46.6963 42.5412 40.9108 90.4724 52.5051 64.9216 63.2516 78.5688 65.9811 86.7191
threshold=0.0026086957077495758 0.5000000149011613 0.09521739557385446 1.0000000180025095e-35 1.0000000180025095e-35 -0.13481364399194715 -0.18132622539997098 0.018260869197547439 0.6428571641445161 0.028695652261376384 -0.14955886453390119 -0.13975383341312406 -0.15454705059528348 -0.069636333733797059 -0.16258764266967771 0.0043478262377902874 -0.093604456633329378 0.018260869197547439 -0.087637323886156068 -0.090854894369840608 1.0000000180025095e-35 0.27326086163520819 -0.084595967084169374 0.075652174651622786 1.0000000180025095e-35 0.0060869567096233377 0.0078260868322104233 0.025217391550540928 0.025217391550540928 0.025217391550540928
decision_type=2 2 2 2 2 2 2 2 2 2 2 2 2 2 2 2 2 2 2 2 2 2 2 2 2 2 2 2 2 2
left_child=1 4 6 8 18 14 7 15 20 -4 -7 -11 -9 -14 -6 -2 -13 -16 -1 -15 -3 -18 23 24 26 -26 27 -8 -28 -30
right_child=2 3 9 -5 5 10 22 12 -10 11 -12 16 13 19 17 -17 21 -19 -20 -21 -22 -23 -24 -25 25 -27 28 -29 29 -31
leaf_value=0.024963571147820912 0.0019543737171453836 0.03173324930827983 -0.0054848751668459296 0.017375056656244833 0.0089889798541628579 0.011509053397668655 -0.0069727958532902635 -0.0076724140121836653 0.044073567276356883 -0.039440945758446387 -0.004060797006737304 -0.028699635201731022 -0.028818781406594246 -0.019665418098895712 0.026029976396550261 -0.0077943929586240584 -0.0031057003675699258 -0.0058010473302970156 -0.0014105207870264592 0.0082699395242471635 0.011712161410532454 -0.042072619230650449 -0.00025301471941479502 -0.0177041678020077 0.037331482568412559 -0.0013665136181275368 0.00015807733867810345 -0.036650599110914818 -0.016871394535130251 -0.0036150086772174621
leaf_weight=1820.9892807651777 1938.7721614597831 2345.1610394516611 804.68818111094879 2578.8112795787165 2456.802203307976 1105.6687784099486 8753.5101908249781 975.32867273304146 1709.2759271246032 632.05715406735544 3965.9332388301846 604.6522245107335 1660.3731186719378 419.1315681678243 1024.7367290052352 5044.1199629291659 556.61943219986279 146.45669914712198 208.03535352437757 257.57574929390103 334.29566178377718 79.158828798768809 6770.8843308518408 1252.5833069597138 168.54668570542708 300.23626537062228 10067.888171727071 227.91209553764202 1457.1051187203266 8022.2226590609644
leaf_count=6226 15649 7819 52751 12135 14689 5840 67183 50089 6099 142025 26636 66901 146436 25155 4244 105768 70495 945 876 13265 1190 15653 243334 139648 471 3483 228277 3228 50340 411375
internal_value=-1.27547e-11 0.0162927 -0.00576734 0.0284967 0.00836506 0.00512211 -0.00499736 -0.00942337 0.0350263 -0.0193691 -0.000664787 -0.0253296 -0.0185589 -0.0230969 0.0132096 -0.00508779 -0.0181132 0.022048 0.0222601 -0.00903584 0.0292407 -0.00801581 -0.00376629 -0.00455263 -0.00398394 0.0125969 -0.00425683 -0.00772989 -0.00266074 -0.00565427
internal_weight=67689.5 17696.2 49993.4 6967.54 10728.6 8699.6 47316.2 10295.3 4388.73 2677.18 5071.6 1872.49 3312.41 2337.08 3628 6982.89 1240.43 1171.19 2029.02 676.707 2679.46 635.778 37020.9 30250 28997.4 468.783 28528.6 8981.42 19547.2 9479.33
internal_count=1938225 86699 1851526 27243 59456 52354 1503701 356362 15108 347825 32476 295074 234945 184856 19878 121417 153049 5189 7102 38420 9009 86148 1147339 904005 764357 3954 760403 70411 689992 461715
is_linear=0
shrinkage=0.05


Tree=36
num_leaves=31
num_cat=0
split_feature=4 1 7 17 25 25 18 15 4 6 23 17 15 4 11 6 23 6 2 7 16 8 13 13 3 6 9 13 8 9
split_gain=2417.33 629.063 271.415 190.262 162.759 154.201 123.324 95.7987 131.292 95.7246 86.5931 77.5684 67.853 74.1313 65.6378 57.1439 54.6824 51.1693 50.7742 71.0876 49.7806 90.2241 76.3993 47.9009 44.7349 44.4068 43.7411 44.7002 47.9104 43.5255
threshold=0.0026086957077495758 1.0000000180025095e-35 -0.13481364399194715 0.13847825676202777 1.0000000180025095e-35 1.0000000180025095e-35 0.017062105238437656 -0.14402919262647626 0.023478261195123199 -0.14955886453390119 0.78571429848670971 1.0000000180025095e-35 -0.17093466967344281 0.0060869567096233377 -0.15446724742650983 -0.038050999864935868 0.5000000149011613 -0.074435088783502565 -0.15540287643671033 -0.32780028879642481 0.030434782616794113 0.054782608523964889 0.065217390656471266 0.0026086957077495758 -0.10401108488440512 -0.07232769206166266 0.070434782654047026 0.11391304433345796 0.11217391490936281 0.065217390656471266
decision_type=2 2 2 2 2 2 2 2 2 2 2 2 2 2 2 2 2 2 2 2 2 2 2 2 2 2 2 2 2 2
left_child=1 4 5 6 11 14 10 8 -8 -4 12 -1 13 -2 23 -10 -11 -18 -15 -20 22 -22 29 -3 -13 -16 -23 -28 -29 -9
right_child=3 2 9 -5 -6 -7 7 20 15 16 -12 24 -14 18 25 -17 17 -19 19 -21 21 26 -24 -25 -26 -27 27 28 -30 -31
leaf_value=0.033490736013242491 -0.0010066815389377767 0.01374794084408555 0.014164328665541379 -0.026375634539352329 0.044338516282012679 0.030220828574249715 -0.0082010592211927535 -0.0038998860385755698 -0.027988484896448135 -0.0034344040207793243 0.042727117904313411 0.019128251111329177 -0.0025337308278490455 -0.004876629250197554 0.022880475141404774 0.019204506531872178 0.018501236066541606 -0.019110945516847166 -0.027149573926380118 -0.01059666436314741 -0.031102302129055799 -0.018878717908053039 0.0067932137008979493 0.0018771894118088741 -0.049485668359238136 -0.055539096178853137 0.0022155574451262166 -0.018028071055520654 0.025686070797947647 -0.016129701896694788
leaf_weight=1484.9256412474206 2973.5425846430007 2094.6322461350355 1299.8050992016215 1078.1162774228142 1572.4586466322653 1650.5049339738325 2474.9406290209154 2920.6711555321235 1659.252470111649 3920.2388543889392 99.279207461047918 1915.3634900744073 26918.377107628447 2392.6474203623366 1349.40853054123 66.05428413732443 540.51489694521297 107.70491426996887 825.8717603207333 3023.4445267049596 487.88311931397766 641.83228514483199 1366.0172074292786 1430.1228575974237 23.126300779171288 17.376870623324066 1172.3862148643238 633.89518572861562 68.666588463413063 968.31360179581679
leaf_count=4655 27488 9906 6549 182908 5848 5220 65670 70649 153644 26636 468 7376 714637 74913 6339 3627 2415 513 49667 135435 30702 40369 104175 10940 163 139 74906 85082 11271 25915
internal_value=-2.15081e-11 0.016038 0.0100057 -0.00560907 0.0310179 0.017008 -0.00514875 -0.0094396 -0.0155872 0.00219775 -0.00367298 0.0248882 -0.00380165 -0.00750453 0.0125445 -0.0261716 -0.00120931 0.012232 -0.0105993 -0.0141542 -0.0063119 -0.0114444 -0.00337566 0.00893344 0.0182846 0.0218436 -0.00762283 -0.00376171 -0.0137251 -0.00694834
internal_weight=67177.4 17406.2 12410.3 49771.2 4995.87 6542.05 48693.1 12459.9 4200.25 5868.26 36233.2 3423.42 36133.9 9215.51 4891.54 1725.31 4568.46 648.22 6241.96 3849.32 8259.67 3004.66 5255 3524.76 1938.49 1366.79 2516.78 1874.95 702.562 3888.98
internal_count=1938225 86699 68657 1851526 18042 32544 1668618 666010 222941 36113 1002608 12194 1002140 287503 27324 157271 29564 2928 260015 185102 443069 242330 200739 20846 7539 6478 211628 171259 96353 96564
is_linear=0
shrinkage=0.05


Tree=37
num_leaves=31
num_cat=0
split_feature=4 1 7 14 25 25 7 15 4 6 17 11 4 23 2 9 16 18 13 6 13 4 6 11 16 6 4 6 7 9
split_gain=2272.97 590.309 257.047 192.848 155.388 136.816 129.646 88.6796 132.291 87.5713 72.6501 60.023 59.7816 55.4367 53.4317 51.2203 79.013 58.6383 55.9794 50.8522 49.3555 48.4153 45.7042 44.8358 64.1082 44.8219 44.6487 43.3386 43.0753 40.0932
threshold=0.0026086957077495758 1.0000000180025095e-35 -0.13481364399194715 -0.10717992857098578 1.0000000180025095e-35 1.0000000180025095e-35 -0.14481108635663983 -0.18132622539997098 0.018260869197547439 -0.14955886453390119 1.0000000180025095e-35 -0.14252159744501111 0.091304346919059767 0.5000000149011613 -0.17782085388898847 0.051304347813129432 0.026956521905958656 0.018094480969011787 0.0095652174204587954 -0.061558451503515237 0.0026086957077495758 0.0043478262377902874 -0.07232769206166266 -0.10199004784226416 0.020000000484287742 -0.074435088783502565 0.3713043481111527 -0.078156158328056322 -0.22364205867052075 0.0026086957077495758
decision_type=2 2 2 2 2 2 2 2 2 2 2 2 2 2 2 2 2 2 2 2 2 2 2 2 2 2 2 2 2 2
left_child=1 4 5 7 10 11 -5 8 21 29 -1 20 15 -11 -10 16 -9 28 -17 -16 -3 -2 -13 24 -8 -15 -25 -12 -18 -4
right_child=3 2 9 6 -6 -7 23 12 14 13 27 22 -14 25 19 18 17 -19 -20 -21 -22 -23 -24 26 -26 -27 -28 -29 -30 -31
leaf_value=0.032904182052629988 0.0019237100281972416 0.014429695232126564 0.023704839698790808 -0.03249113822634081 0.043807974181418255 0.029327481180479256 0.0036451408991773366 -0.0032435832282376592 0.0059722855879241199 -0.0032522430583956912 0.019691985063910664 0.025240624891887137 -0.030147099126657306 0.018548927579740165 -0.020440152589732374 -0.098537860567975019 -0.034753247828330815 -0.029724525279654097 0.00072434227837155161 0.011200548027714821 0.0029361631427958354 -0.0073865124464071973 -0.055213714143842921 -0.0044494074884453248 -0.024569986651877027 -0.016918254343258721 -0.04466111711451539 -0.01600683726134532 -0.0074594629203259197 0.0059290098400702606
leaf_weight=1446.7522396526765 1931.8024693554034 2288.9943185412558 565.76868660666514 919.40568946965504 1503.3757234293153 1616.4495894212159 255.79708190879319 24963.46657594759 230.80495012854226 3902.6237104407046 1822.1547431224026 937.07583314331714 205.76244060462341 532.02501226379536 2779.356467784557 13.231254038400946 152.91635201708414 397.79845683230087 7335.0606848810567 132.4597302749753 1578.5129268995952 5033.7450433857739 17.081068135332316 1734.3119477392174 940.22944653843297 106.13614398706704 70.915392034279648 88.456341970246285 2406.8082307497971 722.5180814700434
leaf_count=4655 15932 10854 2308 187117 5848 5220 16439 476008 10845 26636 7116 4225 25030 2415 212386 211 14181 20523 379439 7004 12108 109202 137 162765 107311 513 13590 423 93543 4241
internal_value=-2.48797e-11 0.0156992 0.0098548 -0.00543201 0.0304439 0.0167409 -0.0160717 -0.00451654 -0.00864787 0.00224763 0.0244484 0.0125161 -0.00333916 -0.00101745 -0.0171623 -0.00318191 -0.00415939 -0.0118857 0.000532228 -0.0189975 0.00974061 -0.00480454 0.0237441 -0.0110327 -0.0185375 0.0126329 -0.00605291 0.0180317 -0.00910291 0.0137478
internal_weight=66631.8 17127.9 12267.2 49503.9 4860.74 6438.11 3920.66 45583.2 10108.2 5829.07 3357.36 4821.66 35475 4540.78 3142.62 35269.3 27921 2957.52 7348.29 2911.82 3867.51 6965.55 954.157 3001.25 1196.03 638.161 1805.23 1910.61 2559.72 1288.29
internal_count=1938225 86699 68657 1851526 18042 32544 487222 1364304 355369 36113 12194 27324 1008935 29564 230235 983905 604255 128247 379650 219390 22962 125134 4362 300105 123750 2928 176355 7539 107724 6549
is_linear=0
shrinkage=0.05


Tree=38
num_leaves=31
num_cat=0
split_feature=4 23 17 13 1 7 23 15 4 6 16 7 2 7 3 13 4 7 12 5 9 17 17 6 13 16 4 7 17 14
split_gain=2150.21 555.578 168.838 168.193 164.761 134.989 81.4729 81.2036 132.99 66.2015 60.099 67.0331 54.4436 62.2386 51.3108 46.2046 45.9643 77.989 67.0086 46.9949 44.3677 52.9399 43.4204 45.2437 48.6782 43.1949 42.8651 40.7035 43.5985 40.1337
threshold=0.0026086957077495758 0.5000000149011613 0.10565217956900598 1.0000000180025095e-35 1.0000000180025095e-35 -0.13481364399194715 0.6428571641445161 -0.18132622539997098 0.018260869197547439 -0.14955886453390119 0.011304348241537811 -0.12786391377449033 -0.15331557393074033 -0.07726521790027617 -0.16490465402603147 0.011304348241537811 0.039130434393882758 -0.23144350200891492 0.032173912972211845 0.086086958646774306 0.1086956523358822 0.26239129900932318 0.032608697190880782 -0.1292556896805763 0.047826087102293975 1.0000000180025095e-35 0.0043478262377902874 -0.033809371292591088 0.028260868974030021 -0.11222882941365241
decision_type=2 2 2 2 2 2 2 2 2 2 2 2 2 2 2 2 2 2 2 2 2 2 2 2 2 2 2 2 2 2
left_child=1 4 7 6 -1 14 25 8 26 -7 -4 -12 -10 -14 -6 -16 19 -18 27 29 -13 -22 -20 24 -24 -3 -2 28 -19 -9
right_child=2 3 10 -5 5 9 -8 16 12 -11 11 20 13 -15 15 -17 17 18 22 -21 21 -23 23 -25 -26 -27 -28 -29 -30 -31
leaf_value=0.021401717867105333 0.0016501943946917027 0.030194260301289744 0.0046422639983465745 0.016625398096304606 0.008424305150831167 0.010941716712166498 0.042435058657501808 0.0008878665150204852 -0.0073904873418572381 -0.0031000339975331076 -0.035627023418923168 -0.026983198328909015 -0.02720974285538796 -0.0090748170531368428 0.026499286749479239 0.0026367337346619069 -0.0297627371491711 -0.018531324851591379 0.0076613788370778722 -0.0039682006979478669 -0.0011669682961758527 -0.041974949517696515 -0.030654515646855618 -0.0041433419484673229 -0.0074863773665456912 0.01045222385296944 -0.0071911330481879256 -0.003553932030639985 -0.052401306928221571 -0.026414313582147454
leaf_weight=1936.0136655670358 1899.6810683885124 2179.2727676279028 227.53090968879405 2463.6560360462172 2310.7632065528305 1069.332145567867 1506.8859442751273 8625.889688534895 995.98632104159333 3889.3254780501593 635.58863772067707 472.6717964343261 1502.2459903327981 692.40327269770205 920.03796700527892 260.46072021638975 348.68270274368115 274.06961288163438 670.55294968909584 18896.158339770045 566.1729589177412 91.465398861386348 345.99608166282997 6931.7121731293737 656.8341121339472 318.98646107059903 4921.1707775237737 212.81487800506875 146.03359067253768 135.73671006329823
leaf_count=7102 15740 7819 7840 12135 14401 5840 6099 199109 53733 26636 146375 38427 147748 42077 3838 1639 54061 9873 22172 363320 82399 18366 18917 442725 56793 1190 106942 7555 8378 8976
internal_value=-4.21577e-12 0.0154142 -0.00527543 0.0269157 0.00824861 0.00523285 0.0332398 -0.00467389 -0.00867149 -7.03416e-05 -0.019526 -0.0226408 -0.0170958 -0.021495 0.0127629 0.021241 -0.00359912 -0.00658249 -0.00570444 -0.00256483 -0.0153135 -0.00689772 -0.0045481 -0.00558076 -0.0155024 0.0276787 -0.00472885 -0.021394 -0.0304015 0.00046193
internal_weight=66104.1 16854.7 49249.4 6468.8 10385.9 8449.92 4005.15 47256 10011.5 4958.66 1993.43 1765.9 3190.64 2194.65 3491.26 1180.5 37244.5 9586.7 9238.01 27657.8 1130.31 657.638 8605.1 7934.54 1002.83 2498.26 6820.85 632.918 420.103 8761.63
internal_count=1938225 86699 1851526 27243 59456 52354 15108 1558119 366240 32476 293407 285567 243558 189825 19878 5477 1191879 620474 566413 571405 139192 100765 540607 518435 75710 9009 122682 25806 18251 208085
is_linear=0
shrinkage=0.05


Tree=39
num_leaves=31
num_cat=0
split_feature=4 23 17 4 1 7 1 23 15 4 6 2 16 6 3 6 6 14 7 11 13 6 4 15 6 4 9 9 1 7
split_gain=2000.38 517.664 154.753 153.467 149.042 130.427 113.883 80.607 83.3607 132.349 63.4148 60.2637 57.1427 53.6304 49.1376 47.7156 47.599 47.1176 43.781 41.4881 39.3535 38.7676 38.5872 75.3577 41.3206 36.741 35.2262 34.8571 33.7127 32.9158
threshold=0.0026086957077495758 0.5000000149011613 0.1126086972653866 1.0000000180025095e-35 1.0000000180025095e-35 -0.13481364399194715 1.0000000180025095e-35 0.78571429848670971 -0.18697874993085858 0.018260869197547439 -0.14955886453390119 -0.15331557393074033 0.035652173683047302 -0.061558451503515237 -0.17423328757286069 -0.082635201513767229 -0.074435088783502565 -0.12513514608144757 -0.13975383341312406 -0.20484437048435208 0.023478261195123199 -0.075363967567682252 0.042608696967363364 -0.14402919262647626 -0.15061935782432553 0.0043478262377902874 0.0043478262377902874 0.018260869197547439 0.06695652008056642 -0.24590998142957685
decision_type=2 2 2 2 2 2 2 2 2 2 2 2 2 2 2 2 2 2 2 2 2 2 2 2 2 2 2 2 2 2
left_child=1 4 7 6 15 14 -3 8 9 25 -7 -11 -4 28 -6 -1 -8 -18 -14 -5 -16 -21 -10 -24 -25 -2 -15 -26 -13 -29
right_child=2 3 12 19 5 10 16 -9 22 11 -12 13 18 26 20 -17 17 -19 -20 21 -22 -23 23 24 27 -27 -28 29 -30 -31
leaf_value=0.022913781006715719 0.0013292545035307442 0.040033898415733661 -0.0083083000967963446 0.0064496242443382538 0.0078300179099009912 0.010817441023339218 0.025231510929700707 0.040733914794947812 -0.0027586881241175557 -0.0072360730361697538 -0.0029863226365541623 -0.028175479978174996 -0.04083387596953858 -0.060979053649025942 0.022378625368970208 -0.0067265503013546959 -0.08636138881867049 0.0060587680675635693 -0.019434822742556295 0.023240391051665268 -0.010761550049184434 -0.025796273872341464 -0.019136139949320119 -0.024221887525597244 -0.015327196737594402 -0.007190778103473067 0.014936411511298814 -0.034260800208815306 -0.010888018067450645 -0.0026165675325682944
leaf_weight=1769.8077763649635 1749.727619207697 2038.2845514649525 647.94180666177999 886.48225212283432 2095.4978150165407 1058.2789142737165 2299.0865727363853 97.02497597457841 29386.766874492576 941.31597197416704 3877.2143638846464 1498.6197113253875 377.27665300038643 16.267830798402429 1264.4540911451913 146.62394447391853 16.530145806493238 64.131959296762943 660.37346531401272 980.6339943659259 95.828281960217282 41.235348971793428 1047.4902543682838 263.62353076192085 629.76958671328612 4567.1257660983829 132.30713820829988 82.244972007523756 349.48698096873704 6466.2386573968688
leaf_count=6433 14746 8306 56129 5289 13237 5840 8744 474 647015 50480 26636 132378 109134 195 5907 669 162 246 98755 4308 734 188 99697 24207 12830 100893 8295 19393 38741 438164
internal_value=-3.15252e-11 0.0149778 -0.0050937 0.0262358 0.00806626 0.00519166 0.0313543 -0.00456213 -0.00465624 -0.00891008 -2.48987e-05 -0.0176758 -0.0199762 -0.0225914 0.0126397 0.0206437 0.0239065 -0.0137066 -0.0272471 0.0143755 0.0200378 0.0212383 -0.00361662 -0.00658578 -0.0048169 -0.00483095 0.00627213 -0.00410097 -0.024914 -0.00301917
internal_weight=65547.7 16634.1 48913.6 6326.38 10307.7 8391.27 4418.03 47228 47131 9254.85 4935.49 2938 1685.59 1996.68 3455.78 1916.43 2379.75 80.6621 1037.65 1908.35 1360.28 1021.87 37876.1 8489.37 7441.88 6316.85 148.575 7178.25 1848.11 6548.48
internal_count=1938225 86699 1851526 27243 59456 52354 17458 1587508 1587034 345728 32476 230089 264018 179609 19878 7102 9152 408 207889 9785 6641 4496 1241306 594291 494594 115639 8490 470387 171119 457557
is_linear=0
shrinkage=0.05


Tree=40
num_leaves=31
num_cat=0
split_feature=4 23 4 4 1 7 15 1 23 15 4 6 5 2 17 12 3 6 4 6 6 13 15 2 9 0 8 9 14 11
split_gain=1879.2 492.459 147.846 143.934 141.609 128.368 104.307 102.114 75.5615 77.0844 109.378 60.7172 58.6311 78.8936 55.8791 46.7752 46.7566 45.5278 43.0145 62.5909 42.728 42.225 41.7241 41.2941 60.042 35.8912 35.0822 45.7397 39.7972 47.7647
threshold=0.0026086957077495758 0.5000000149011613 1.0000000180025095e-35 0.091304346919059767 1.0000000180025095e-35 -0.13481364399194715 -0.13385323435068128 1.0000000180025095e-35 0.78571429848670971 -0.18132622539997098 0.014782608952373268 -0.14955886453390119 0.056521739810705192 -0.13979638367891309 0.16217391937971118 0.0826086960732937 -0.16258764266967771 -0.082635201513767229 0.12608695775270465 -0.038050999864935868 -0.092496108263730989 0.011304348241537811 -0.1800178065896034 -0.097273223102092729 0.10000000149011613 1.0000000180025095e-35 0.049565218389034278 0.089565217494964613 -0.11962750181555747 -0.1431731581687927
decision_type=2 2 2 2 2 2 2 2 2 2 2 2 2 2 2 2 2 2 2 2 2 2 2 2 2 2 2 2 2 2
left_child=1 4 7 8 17 16 -5 -3 9 10 -2 -7 13 -12 15 -8 -6 -1 -17 -20 -14 -18 25 26 -25 -4 27 -11 -29 -30
right_child=3 2 22 6 5 11 14 -9 -10 23 12 -13 20 -15 -16 18 21 -19 19 -21 -22 -23 -24 24 -26 -27 -28 28 29 -31
leaf_value=0.022484239226889673 -0.0041364135037081952 0.039309308557652543 0.022171488849803314 -0.035696047998398449 0.0084950082138670006 0.010578723674000774 -0.023426851007971882 0.02380768850359535 0.039429261749831773 -0.00315935820870537 -0.011342684887237272 -0.0029797611578613187 -0.012878569804569032 -0.033225166320114234 -0.031213461960513264 0.0074343178233379388 0.026312338154392146 -0.0064866818150111543 -0.017948644816285039 0.016341263316547904 0.0050245964792775041 0.0029095587384256353 0.022595577662302999 -0.0168943207484538 -0.0013925775469921513 0.0018441860082447463 0.0018962344134211503 0.010312837611916672 0.036578520166874816 -0.032178360628800216
leaf_weight=1746.0386676795315 6137.0634719906375 1961.7581409874547 301.76153530715965 552.14130537386518 2319.5170161473798 1048.8138417400187 369.76115315547213 2333.7770306596649 97.618902305606753 29598.020308221574 846.99618783808546 3867.1061037249165 1773.6065819492214 803.76801345340209 295.57635830051731 546.66669869143516 850.82859241880942 146.59572459175251 632.19871704975958 167.65234186465386 409.75445857399609 249.45311097195372 817.73931405390613 1309.1653690245585 1194.1978793729213 768.74130118335597 3492.155262748478 89.592000549659133 26.55551665998064 325.61211539409123
leaf_count=6433 102340 8306 1387 72722 14689 5840 35101 9152 474 723755 53593 26636 113940 92816 89366 63527 3600 669 113101 8077 22192 1589 3522 59162 85441 4876 192477 3368 1682 18392
internal_value=-3.76408e-11 0.0146304 0.0257685 -0.00493394 0.00789475 0.00509011 -0.0164622 0.0308947 -0.00429248 -0.0043861 -0.00827674 -8.54888e-05 -0.0149011 -0.0220111 -0.0111685 -0.00770015 0.0125278 0.020238 -0.00336733 -0.0107499 -0.0095179 0.021014 0.0140967 -0.00330934 -0.00950292 0.00758955 -0.00284669 -0.0033981 -0.0193505 -0.0269048
internal_weight=65080.2 16412.1 6183.78 48668.1 10228.4 8335.72 2564 4295.54 46104.1 46006.5 9971.19 4915.92 3834.13 1650.76 2011.86 1716.28 3419.8 1892.63 1346.52 799.851 2183.36 1100.28 1888.24 36035.3 2503.36 1070.5 33531.9 30039.8 441.76 352.168
internal_count=1938225 86699 27243 1851526 59456 52354 381894 17458 1469632 1469158 384881 32476 282541 146409 309172 219806 19878 7102 184705 121178 136132 5189 9785 1084277 144603 6263 939674 747197 23442 20074
is_linear=0
shrinkage=0.05


Tree=41
num_leaves=31
num_cat=0
split_feature=4 23 4 1 16 7 6 1 6 23 8 15 4 1 4 2 1 13 6 7 2 9 15 0 4 13 2 2 1 6
split_gain=1740.35 460.889 140.704 136.903 133.643 105.095 100.482 97.4892 90.9615 70.0511 61.0659 60.9472 77.0287 60.4551 55.1216 54.9388 53.2185 65.0345 56.5027 49.2503 72.3908 49.1081 48.1567 47.7619 46.2819 45.1078 44.7593 41.9285 45.3468 39.8323
threshold=0.0026086957077495758 0.5000000149011613 1.0000000180025095e-35 0.0026086957077495758 0.037391304969787605 -0.21608127653598783 -0.15280990302562711 1.0000000180025095e-35 -0.082635201513767229 0.78571429848670971 0.0078260868322104233 -0.13385323435068128 0.051304347813129432 0.039130434393882758 0.19217391312122348 -0.12715163826942441 1.0000000180025095e-35 1.0000000180025095e-35 -0.066328339278697954 -0.35299116373062128 -0.17050797492265699 0.018260869197547439 -0.19461337476968762 0.0026086957077495758 0.014782608952373268 0.19565217941999438 -0.073057413101196275 -0.15454705059528348 0.046086955815553672 -0.038050999864935868
decision_type=2 2 2 2 2 2 2 2 2 2 2 2 2 2 2 2 2 2 2 2 2 2 2 2 2 2 2 2 2 2
left_child=1 3 7 8 9 15 -5 -3 -1 11 23 12 16 -7 25 -6 -2 18 22 20 -19 -12 -18 -8 -22 26 -15 -25 -29 -14
right_child=4 2 -4 6 5 13 10 -9 -10 -11 21 -13 29 14 -16 -17 17 19 -20 -21 24 -23 -24 27 -26 -27 -28 28 -30 -31
leaf_value=0.019140602792335887 0.003145669911630396 0.038605562186702296 0.013673500172476819 0.011976418473765973 -0.011885003755245404 -0.021424025355498786 0.0074000687260559611 0.023250815103956879 -0.011300163851378903 0.038568279042694158 0.01389029427298161 -0.0019457593118469105 -0.023120234288519184 -0.0050392959474568223 -0.030653527556497775 -0.039222393269326632 -0.0027345943070199133 0.0068541894993118524 -0.088815252357505828 -0.0042322524055585084 -0.011148184340564407 -0.00193410911829567 -0.027227274352818517 -0.024448231567819001 -0.028572074025825473 0.032082934680781681 -0.024719264927182797 -0.003888003411728019 -0.041785841813154666 0.02205384395418003
leaf_weight=2804.1716102715582 1770.680320099229 1889.1448562063742 1868.6735817055451 2471.0918659920571 300.83757681946736 843.66669813374756 566.62997271073982 2299.4368070731289 268.28608270734549 96.739914098288864 1004.0659328664187 21386.643942632712 808.10478148434777 4252.7438563648029 232.19130840004073 476.13504268816905 344.84967075893655 401.50510707055219 27.408188071101904 14802.41488137265 1211.2080749620218 956.77428435231559 479.88986959168687 360.39160747081041 556.83539686299628 76.553516907704761 309.0924820411019 1642.7613799588289 81.939399743685499 51.160266078659333
leaf_count=11226 12587 8306 9785 14283 36252 60064 3181 9152 1190 472 5018 614932 77532 299294 64820 109038 1474 12731 192 416965 31414 9669 2228 2721 49091 25476 34031 11024 1144 2933
internal_value=-7.19744e-11 0.0141785 0.0250934 0.00766686 -0.00474699 -0.0114227 0.0038426 0.0301837 0.0164797 -0.00371345 -0.000516587 -0.00381213 -0.0057634 -0.0090735 -0.00693022 -0.0286665 -0.0051202 -0.00594148 -0.019413 -0.00526398 -0.0122981 0.00617187 -0.0170018 -0.00546289 -0.0166488 -0.00573631 -0.00637786 -0.00896031 -0.00571168 -0.0204081
internal_weight=64642 16213.4 6057.26 10156.1 48428.7 6491.22 7083.65 4188.58 3072.46 41937.4 4612.56 41840.7 20454.1 5714.25 4870.58 776.973 19594.8 17824.1 852.148 16972 2169.55 1960.84 824.74 2651.72 1768.04 4638.39 4561.84 2085.09 1724.7 859.265
internal_count=1938225 86699 27243 59456 1851526 628975 47040 17458 12416 1222551 32757 1222079 607147 483685 423621 145290 526682 514095 3894 510201 93236 14687 3702 18070 80505 358801 333325 14889 12168 80465
is_linear=0
shrinkage=0.05


Tree=42
num_leaves=31
num_cat=0
split_feature=4 23 13 1 4 7 23 18 15 4 6 15 6 3 23 1 4 6 2 3 13 13 6 6 17 9 10 12 9 18
split_gain=1647.14 421.951 133.816 128.899 124.367 124.084 76.7156 67.6366 94.9032 89.3184 55.073 51.6422 46.6541 46.423 44.7556 47.066 60.8202 61.6031 71.9219 54.7858 45.9731 45.0359 47.0597 44.1336 42.7253 42.596 52.0197 42.76 71.9915 80.9291
threshold=0.0026086957077495758 0.5000000149011613 1.0000000180025095e-35 1.0000000180025095e-35 0.12608695775270465 -0.13481364399194715 0.6428571641445161 0.012861046940088274 -0.1427420377731323 0.023478261195123199 -0.14955886453390119 -0.09679375588893889 -0.067298743873834596 -0.16258764266967771 0.78571429848670971 0.046086955815553672 0.0078260868322104233 -0.1562511324882507 -0.14979079365730283 -0.075143605470657335 0.0026086957077495758 0.065217390656471266 -0.02986065577715635 -0.059000279754400246 0.27326086163520819 0.035652173683047302 -0.1180952377617359 0.018260869197547439 0.016521738842129711 0.003104968811385334
decision_type=2 2 2 2 2 2 2 2 2 2 2 2 2 2 2 2 2 2 2 2 2 2 2 2 2 2 2 2 2 2
left_child=1 3 6 -1 7 13 12 14 9 -9 -7 -6 -3 -5 15 16 19 18 -18 -2 -19 22 25 -11 -13 26 27 28 -22 -30
right_child=4 2 -4 5 11 10 -8 8 -10 23 -12 24 -14 -15 -16 -17 17 20 -20 -21 21 -23 -24 -25 -26 -27 -28 -29 29 -31
leaf_value=0.019602246606379489 -0.0010082218216037136 0.02600840741328261 0.015206125589493413 0.0083312441996268773 -0.032123505375582076 0.010145523001531168 0.040289131122590173 -0.007017504086209915 -0.0040474717511582419 -0.022184728164577987 -0.0028710663593493912 -0.0077171188071228393 -0.026714426902915103 0.020942450103314227 0.032398482276568739 0.00089121270371795474 -0.0064200575503109598 -0.016010758328788021 -0.021679105843665815 0.061744878216066279 -0.0019772450749108274 -0.024737245311486647 0.028190579269572687 0.0084120537478009662 -0.043287187963897036 0.0070629037068486548 -0.012662139684723631 0.0024908907794347315 -0.029559862838210979 -0.0057444305773472638
leaf_weight=1845.1055384729989 9510.6792424496962 2242.670704600343 2355.431068539503 2273.2958616489777 511.96470254691667 1029.7693242677487 1296.0809496392903 3106.1118159819162 9747.4918655040092 1977.477867374866 3838.5494230284821 725.36568298525526 41.993331074714661 1075.5734659562586 88.631622483488172 6287.1382502386696 2185.8026892478229 774.47416431712918 1194.2288230226841 33.908455818891525 4769.5949690870475 242.23312160884961 118.71904612518847 124.82389955536928 94.666769983887207 908.44202165456954 1553.557246500859 2712.5034572406439 559.71971517149359 982.25881003867835
leaf_count=7102 85223 8770 12135 14689 84890 5840 6099 86948 467431 204471 26636 130465 239 5189 448 286190 73035 6206 60749 352 79451 14438 3907 8459 29724 48569 55420 90098 10576 24476
internal_value=-2.74715e-11 0.0139012 0.0244723 0.00766307 -0.00461332 0.00498016 0.0305616 -0.00418499 -0.00695963 -0.0124079 -0.000116219 -0.0196736 0.0250281 0.0123867 -0.00288485 -0.0029841 -0.00393785 -0.00582196 -0.0118162 -0.000778838 -0.00421591 -0.00344356 -0.00299699 -0.0203649 -0.0118711 -0.00332177 -0.00421422 -0.00275861 -0.00501471 -0.0144027
internal_weight=64208.3 15998.5 5936.18 10062.3 48209.8 8217.19 3580.74 46877.8 14955.9 5208.41 4868.32 1332 2284.66 3348.87 31921.9 31833.3 25546.1 16001.5 3380.03 9544.59 12621.5 11847 11604.8 2102.3 820.032 11486.1 10577.6 9024.08 6311.57 1541.98
internal_count=1938225 86699 27243 59456 1851526 52354 15108 1606447 767309 299878 32476 245079 9009 19878 839138 838690 552500 466925 133784 85575 333141 326935 312497 212930 160189 308590 260021 204601 114503 35052
is_linear=0
shrinkage=0.05


Tree=43
num_leaves=31
num_cat=0
split_feature=4 23 13 1 4 7 6 5 23 16 7 2 6 13 25 5 10 27 4 3 5 6 4 1 15 7 16 11 7 13
split_gain=1534.78 400.327 126.396 118.662 110.032 85.3139 77.893 77.3182 75.231 62.7908 132.22 91.8626 90.5086 69.0932 72.948 61.4158 51.8432 51.7741 46.3478 45.8553 44.7138 42.737 41.1753 46.8657 41.807 40.6546 40.5255 39.058 36.3256 35.7031
threshold=0.0026086957077495758 0.5000000149011613 1.0000000180025095e-35 0.0026086957077495758 0.13826086372137072 -0.14094107598066327 -0.094086557626724229 0.21478260308504107 0.6428571641445161 0.018260869197547439 -0.21608127653598783 -0.1370940878987312 -0.14312298595905301 0.014782608952373268 1.0000000180025095e-35 0.15217391401529315 -0.11882453784346579 1.0000000180025095e-35 0.046086955815553672 -0.16110106557607648 0.54869565367698681 -0.28127701580524439 0.0043478262377902874 1.0000000180025095e-35 -0.078244842588901506 -0.13975383341312406 1.0000000180025095e-35 -0.17672760784626004 0.027933459728956226 0.020000000484287742
decision_type=2 2 2 2 2 2 2 2 2 2 2 2 2 2 2 2 2 2 2 2 2 2 2 2 2 2 2 2 2 2
left_child=1 3 8 6 9 19 27 -8 26 13 11 -11 15 14 22 -12 -14 -16 -17 -5 -9 -7 23 -2 -25 -6 -3 -1 -23 -21
right_child=4 2 -4 5 25 21 7 20 -10 10 12 -13 16 -15 17 18 -18 -19 -20 29 -22 28 -24 24 -26 -27 -28 -29 -30 -31
leaf_value=0.011708135582631571 0.0099134203879355249 0.027140570715486218 0.014932162785411077 0.0063718394611129853 -0.041498317241657479 0.031295745561602223 0.011770335980751478 -0.041265105466863655 0.039867239717031412 -0.0064571616706036996 -0.027077089048664418 -0.029477686509705003 -0.0086872238752155797 0.00057683158952248799 0.0052392976894524573 -0.00080705954018868225 -0.0016187467919778382 0.042917500940279713 -0.025584005777006424 0.024271892070961809 0.02917733543901321 -9.5822070908389937e-05 -0.0061832603624056987 -0.0038823570564981771 0.033698273213580571 -0.015775520090030769 0.0074184577625119562 0.02437869777012398 -0.019475075569806311 -0.0067136177007205648
leaf_weight=1026.5182263215538 834.67897233366966 1939.2921732361137 2336.087515239371 1811.7324132283684 185.3171518969757 102.12897867895663 320.37159224157222 140.41170759429224 1240.36616216533 765.04575516871409 713.54596847554785 1000.6720307591022 3606.4278771468671 10322.608971078182 364.00937801564578 684.83904287638143 9236.7165713497961 120.80095294537023 259.58965528081171 747.62010437855497 26.05399009026587 3944.0659499979811 15140.903883253573 3780.2676678299904 74.489567452576011 894.39553336787503 301.91850880277343 1503.3896267170785 256.60692477761768 105.71562573523261
leaf_count=4617 3883 7819 12135 12276 74277 486 1220 825 6099 65164 60497 156805 158856 364503 1834 33652 524466 337 23825 3428 79 28132 214246 29977 1012 138192 1190 5675 1967 751
internal_value=-3.83334e-11 0.0135146 0.0239394 0.0074386 -0.00445083 0.00385098 0.015721 -0.0025897 0.0299771 -0.0040873 -0.00659791 -0.0195127 -0.00502412 -0.00275414 -0.00444663 -0.0160149 -0.00360414 0.0146967 -0.00763721 0.0108791 -0.0301316 -0.000503611 -0.00491536 -0.00082123 -0.0031476 -0.0202248 0.0244883 0.0192442 -0.001284 0.0204299
internal_weight=63786.6 15802.3 5817.66 9984.62 47984.3 6967.87 3016.75 486.837 3481.58 46904.6 16266.8 1765.72 14501.1 30637.8 20315.2 1657.97 12843.1 484.81 944.429 2665.07 166.466 4302.8 19830.3 4689.44 3854.76 1079.71 2241.21 2529.91 4200.67 853.336
internal_count=1938225 86699 27243 59456 1851526 47040 12416 2124 15108 1639057 1023265 221969 801296 615792 251289 117974 683322 2171 57477 16455 904 30585 249118 34872 30989 212469 9009 10292 30099 4179
is_linear=0
shrinkage=0.05


Tree=44
num_leaves=31
num_cat=0
split_feature=4 1 25 7 4 15 25 4 15 23 2 7 9 25 6 17 6 3 4 6 11 3 7 13 9 4 10 0 5 5
split_gain=1435.33 404.706 185.862 142.233 95.4828 91.4481 83.1388 75.0942 63.5224 55.9451 51.6783 63.3281 49.2649 56.6084 48.3266 47.0206 45.7201 45.6388 43.9507 67.2906 41.6014 37.6956 43.9463 36.5946 36.3747 63.1551 64.2299 42.7359 56.9544 37.7474
threshold=0.0026086957077495758 0.0026086957077495758 1.0000000180025095e-35 -0.13481364399194715 0.091304346919059767 -0.13385323435068128 1.0000000180025095e-35 1.0000000180025095e-35 -0.082683648914098726 0.78571429848670971 -0.11509349942207335 -0.31696179509162897 0.068695649504661574 1.0000000180025095e-35 -0.14955886453390119 0.27326086163520819 -0.021605838090181347 -0.16110106557607648 0.021739130839705471 -0.07335548102855681 -0.061802772805094712 -0.22355914860963819 -0.083716917783021913 0.011304348241537811 0.047826087102293975 0.051304347813129432 -0.12065972760319708 0.0026086957077495758 0.016521738842129711 0.0026086957077495758
decision_type=2 2 2 2 2 2 2 2 2 2 2 2 2 2 2 2 2 2 2 2 2 2 2 2 2 2 2 2 2 2
left_child=1 2 7 6 9 -6 17 -1 21 10 24 -12 13 18 -5 16 -7 -3 20 -20 -13 -9 -23 -19 25 27 -27 28 -2 -29
right_child=4 3 -4 14 5 15 -8 8 -10 -11 11 12 -14 -15 -16 -17 -18 23 19 -21 -22 22 -24 -25 -26 26 -28 29 -30 -31
leaf_value=0.023644882597500607 0.013569613243532924 0.0053458343874734655 0.037157777451653065 0.010093760147403227 -0.033300987419838404 -0.0096538384698036592 0.024911549518698839 0.0038377920999360738 -0.049668762495842234 0.034549816681866734 -0.024625410324136454 -0.0071779554757233945 -0.0018617924496742485 0.034427560291369529 -0.0022749414043495213 -0.042043826355206759 0.018511823892851283 0.023467718897593373 -0.022405917908470869 -0.00071405189029706334 0.036765601800237878 0.022352279666671609 0.0018974816315655834 -0.0013679671263606367 0.00082002574687882728 -0.02748153929347388 -0.006941826685422813 -0.014581196044826137 -0.0012132787083953757 -0.0036117395902301483
leaf_weight=2545.2962079901481 776.90333858621307 2432.6760038554203 1656.9852160192968 1001.1986839182209 488.00724902417278 1668.1657183325442 1075.4561527175829 831.61363478959538 41.190552063286304 93.983877113554627 505.38878251137794 2196.7274335488328 3366.6329505258764 69.509310561814345 3724.0969961480005 101.47790968837216 156.77205455690273 730.78683518525213 1326.2375401900499 489.42433276656084 54.232227589935064 1056.372803733102 349.60326818260364 185.89301965618506 5146.3278421268333 519.2639305354096 1422.1295735277818 809.21251695114188 4010.5851126298076 24604.475889013731
leaf_count=10130 7914 16903 7804 5709 72722 266128 3856 4666 273 474 49760 48949 202108 840 26598 32310 10734 3439 85983 21077 1310 4340 1576 1405 304677 37372 71141 24878 39435 573714
internal_value=-1.17506e-11 0.0131523 0.0227109 0.00638016 -0.00430066 -0.0139877 0.0128211 0.017742 0.0111413 -0.00378509 -0.00386539 -0.00750955 -0.00635349 -0.0100082 0.000347328 -0.00908043 -0.00722544 0.0089327 -0.010776 -0.0165623 -0.00610337 0.0122824 0.0172711 0.0184353 -0.00308259 -0.00370745 -0.0124469 -0.00314526 0.00118799 -0.00396158
internal_weight=63436.6 15631.2 6481.06 9150.11 47805.5 2414.42 4424.81 4824.08 2278.78 45391 45297.1 8008.15 7502.76 4136.13 4725.3 1926.42 1824.94 3349.36 4066.62 1815.66 2250.96 2237.59 1405.98 916.68 37288.9 32142.6 1941.39 30201.2 4787.49 25413.7
internal_count=1938225 86699 28789 57910 1851526 381894 25603 20985 10855 1469632 1469158 410027 360267 158159 32307 309172 276862 21747 157319 107060 50259 10582 5916 4844 1059131 754454 108513 645941 47349 598592
is_linear=0
shrinkage=0.05


Tree=45
num_leaves=31
num_cat=0
split_feature=4 1 25 7 16 7 25 4 11 4 23 2 6 1 6 5 3 15 4 13 15 7 13 13 7 4 6 0 2 1
split_gain=1347.48 395.689 168.433 143.19 102.448 103.124 80.2624 61.8484 53.5881 68.6718 49.0124 46.6592 44.2019 42.3812 40.2877 48.3008 39.3294 38.4539 58.9187 38.3207 37.9056 52.3834 37.1088 36.5287 51.2834 42.0042 40.2497 38.764 35.6905 35.3876
threshold=0.0026086957077495758 0.0026086957077495758 1.0000000180025095e-35 -0.13131371140480039 0.032173912972211845 -0.21608127653598783 1.0000000180025095e-35 1.0000000180025095e-35 -0.089520078152418123 0.1086956523358822 0.78571429848670971 -0.1266924440860748 -0.20731053501367566 0.059999998658895499 -0.094086557626724229 0.21826086938381198 -0.16110106557607648 -0.14533261209726331 0.01304347859695554 0.011304348241537811 -0.99999967217445362 -0.40124563872814173 0.054782608523964889 0.0060869567096233377 -0.012693341355770825 0.0060869567096233377 -0.090055722743272767 0.0043478262377902874 -0.15144644677639005 0.021739130839705471
decision_type=2 2 2 2 2 2 2 2 2 2 2 2 2 2 2 2 2 2 2 2 2 2 2 2 2 2 2 2 2 2
left_child=1 2 7 6 10 11 16 14 9 22 17 -6 -5 -10 -1 -16 -3 18 23 -18 -20 -22 -7 24 25 29 27 -26 -25 -2
right_child=4 3 -4 12 5 8 -8 -9 13 -11 -12 -13 -14 -15 15 -17 19 -19 20 -21 21 -23 -24 28 26 -27 -28 -29 -30 -31
leaf_value=0.025213584751741513 0.001254039043101801 0.005348537604981502 0.036440233287998787 0.017231465051278021 -0.012584962864922004 -0.012991926542577548 0.024319905498533238 0.011636235234433169 0.010874829335621054 -0.028213700895279442 0.032813895160074269 -0.035357577618211004 -0.0014633292998303769 -0.0047036602009349789 0.018672530964643302 -0.028305355176187381 0.022283899752888116 -0.0018948788187064401 0.013357676873050464 -0.0027117987710496491 -0.026121248825849954 -0.0082960181409502728 -0.0039797037861363802 0.0083037248287734736 0.0031229712264674485 -0.0099766918542370901 -0.051812724934896262 -0.028677019655219529 -0.0020800727620586476 -0.018323045479352137
leaf_weight=2249.5639799754717 2886.878341950709 2450.7046752019087 1601.3494692652021 340.62373996281531 414.14347228215775 2210.6872853849491 1085.8926002057269 2240.3556181779131 552.57793480774853 479.39136802300345 93.906953261699528 495.70222693725373 4244.9257054617628 2064.8477439740673 176.60507425107062 78.093012931232806 766.87611224304419 23572.108946551918 183.7362278184155 191.34217409638222 445.44639345828909 5415.5278803036199 2364.8434867833275 1184.2761688149767 177.12514184927568 1750.6752978439908 85.87755902018398 207.34954614611343 2740.7803564995411 249.88541678455658
leaf_count=8888 21515 17192 7804 1781 50603 120739 3953 10855 33026 89225 470 121739 29835 177477 738 504 3659 612169 9842 1490 37041 272056 191763 26722 989 18977 783 1738 62807 1845
internal_value=-3.01646e-11 0.012841 0.0224191 0.00614548 -0.00416385 -0.00910929 0.0124862 0.0176802 -0.0072198 -0.0102262 -0.00307519 -0.0250171 -7.11886e-05 -0.00141191 0.0230804 0.00421427 0.00871067 -0.00316267 -0.00511215 0.017295 -0.00895341 -0.009655 -0.00833589 -0.00261015 -0.00529435 -0.0037745 -0.0210457 -0.0140569 0.00105427 -0.000310882
internal_weight=63002.1 15426.3 6345.97 9080.37 47575.8 8582.19 4494.82 4744.62 7672.35 5054.92 38993.6 909.846 4585.55 2617.43 2504.26 254.698 3408.92 38899.7 15327.6 958.218 6044.71 5860.97 4575.53 9282.85 5357.79 4887.44 470.352 384.475 3925.06 3136.76
internal_count=1938225 86699 28789 57910 1851526 784572 26294 20985 612230 401727 1066954 172342 31616 210503 10130 1242 22341 1066484 454315 5149 318939 309097 312502 135376 45847 42337 3510 2727 89529 23360
is_linear=0
shrinkage=0.05


Tree=46
num_leaves=31
num_cat=0
split_feature=4 1 25 7 17 25 0 1 25 6 4 11 6 6 3 16 23 7 5 15 4 13 4 6 15 4 5 5 15 13
split_gain=1259.61 375.614 159.524 136.403 84.3148 71.0961 63.2223 94.0575 66.0473 62.5353 54.7114 47.9728 47.7342 46.8156 40.954 38.8068 37.4709 35.4272 34.0682 33.4344 71.558 55.9116 63.3732 36.8608 31.6047 30.3846 36.5671 29.7728 29.667 43.6589
threshold=0.0026086957077495758 0.0026086957077495758 1.0000000180025095e-35 -0.14094107598066327 0.18434783071279529 1.0000000180025095e-35 0.023478261195123199 0.028695652261376384 1.0000000180025095e-35 -0.082275781780481325 1.0000000180025095e-35 -0.13884916901588437 -0.14955886453390119 -0.12800671905279157 -0.22355914860963819 0.0078260868322104233 0.78571429848670971 -0.080944076180458055 0.2286956533789635 -0.13108588010072705 0.072173915803432478 0.058260869234800346 0.033913042396306999 -0.011345328297466038 -0.093740776181220994 1.0000000180025095e-35 0.0078260868322104233 0.202608697116375 -0.098606351763010011 0.033913042396306999
decision_type=2 2 2 2 2 2 2 2 2 2 2 2 2 2 2 2 2 2 2 2 2 2 2 2 2 2 2 2 2 2
left_child=1 2 9 5 6 11 16 8 13 10 -1 25 18 15 -12 -8 28 -16 -5 20 21 22 -9 -22 27 26 -3 -11 -2 -30
right_child=4 3 -4 12 -6 -7 7 19 -10 24 14 -13 -14 -15 17 -17 -18 -19 -20 -21 23 -23 -24 -25 -26 -27 -28 -29 29 -31
leaf_value=0.024043632221442322 -0.0029761234632937027 0.026665295094608112 0.035840232524477024 0.019699481916630804 -0.025978224439075888 0.024227381714286594 -0.0087367284507091549 -0.0047409909013219056 0.029845684762381433 0.020426583665080603 0.0038593806485728945 0.022416131084411352 -0.0022699749961573052 -0.0083151720740544284 0.022748189770492307 -0.023395431038412545 0.031136892995230422 0.0026608532695939742 0.0014686858007962134 -0.0024470032104293299 -0.030001429996247525 0.0054762734734410514 -0.017286664681597546 0.082869730196067748 -0.032827087304270267 0.0013473450322629725 0.0066578743529965324 -0.01786733784476725 0.0046397331148827414 -0.0058840346752244664
leaf_weight=2332.2994912604918 17817.038158052485 315.9575197098311 1548.9976264513389 472.96805698028766 432.42905824584886 1001.8026411428582 682.1411301169428 4846.7338457453006 91.795175822684541 122.40641325549223 785.0490404405864 544.62886710045859 3840.0359207988949 2587.5998095446848 1003.8249589595944 1344.42029246522 84.411051176954061 281.21653168951161 558.27142167277634 12129.66387364472 371.64166851286427 986.27986282377969 1269.9362576373387 6.4397612642496815 75.81053484743461 1466.466667246772 820.95609022665303 85.263383102079388 3291.9052225556225 1405.5150293646147
leaf_count=9458 379210 1320 7804 2441 103374 3703 9707 161880 1015 443 4555 2781 27472 102317 4251 81492 405 1304 3526 625558 64050 98689 108933 482 557 11620 5047 417 49032 65382
internal_value=-4.09135e-12 0.012494 0.0219302 0.00597055 -0.00402587 0.0126307 -0.00382298 -0.0055924 -0.0119398 0.0173253 0.0187909 0.0089337 0.000295399 -0.0127774 0.012864 -0.0184681 -0.00191891 0.0183578 0.00984105 -0.00406868 -0.00669737 -0.00556686 -0.00734811 -0.0278654 -0.00542038 0.00610565 0.0122366 0.0046939 -0.00204422 0.00149033
internal_weight=62603.9 15256 6234.87 9021.09 47348 4149.81 46915.5 24316.7 4705.96 4685.87 4402.39 3148.01 4871.28 4614.16 2070.09 2026.56 22598.9 1285.04 1031.24 19610.7 7481.03 7102.95 6116.67 378.081 283.48 2603.38 1136.91 207.67 22514.5 4697.42
internal_count=1938225 86699 28789 57910 1851526 24471 1748152 1254123 194531 20985 19568 20768 33439 193516 10110 91199 494029 5555 5967 1059592 434034 369502 270813 64532 1417 17987 6367 860 493624 114414
is_linear=0
shrinkage=0.05


Tree=47
num_leaves=31
num_cat=0
split_feature=4 1 25 6 16 16 4 7 23 11 2 15 4 4 5 6 5 7 13 0 11 5 15 2 6 6 5 13 2 10
split_gain=1209.61 354.224 145.209 127.527 79.2959 73.143 55.5209 50.063 48.2573 47.4851 39.9674 38.9844 88.2432 50.0924 44.1832 42.4932 38.0288 37.4373 36.4168 37.4515 36.1156 71.5933 48.6053 35.0728 35.0629 32.6756 31.8168 30.7915 30.6977 30.2807
threshold=0.0026086957077495758 0.0026086957077495758 1.0000000180025095e-35 -0.15280990302562711 0.054782608523964889 1.0000000180025095e-35 1.0000000180025095e-35 -0.13481364399194715 0.78571429848670971 -0.13828099519014356 -0.15963806211948392 -0.17093466967344281 0.042608696967363364 0.0060869567096233377 0.43739131093025213 -0.30536057054996485 0.13130434602499011 -0.17267522215843198 0.039130434393882758 0.16782609373331073 -0.091329302638769136 0.037391304969787605 -0.085198901593685136 -0.16097335517406461 -0.081508401781320558 -0.079881642013788209 0.61652174592018139 0.0026086957077495758 -0.16802551597356793 -0.12078395858407019
decision_type=2 2 2 2 2 2 2 2 2 2 2 2 2 2 2 2 2 2 2 2 2 2 2 2 2 2 2 2 2 2
left_child=1 2 6 5 8 10 -1 9 11 29 27 12 13 14 -2 -14 -12 -6 -15 -20 26 22 -22 -13 -11 -17 -9 -3 -16 -5
right_child=4 3 -4 7 17 -7 -8 20 -10 24 16 23 15 18 28 25 -18 -19 19 -21 21 -23 -24 -25 -26 -27 -28 -29 -30 -31
leaf_value=0.022437511434824614 0.0019599730323925364 0.014369734327063975 0.035131739130933988 -0.0032904549624211566 -0.034706818245555673 0.0038291324907863337 0.0114432615324273 -0.0029860293001860152 0.032597567937536286 0.023114266551413382 0.027314004242216489 0.0024658767172688824 0.0039498225268179768 -0.0085552740770321774 -0.059134144450255291 -0.028237684621581407 0.0089994470070769821 -0.010193031626125107 0.014107566849437076 -0.014006883231211992 0.025303540452548692 0.015178879484533853 -0.087332386585799573 -0.0034212324996068656 -0.02228319416378283 -0.0049584107838685212 -0.027526767951130182 -0.011396006683226614 -0.011837994435290936 0.015011010058716729
leaf_weight=2420.1675046654418 3017.9223654908128 489.70207274798304 1499.8169294266263 764.85550891049206 290.49826173958718 1268.4785128214862 2192.203085471876 3066.154906596872 90.407494507730007 553.37636322341859 1229.1377147699241 2740.5178749948391 162.49371863802662 5930.0847266326891 38.585576381068677 769.81029389402829 369.98516300215852 337.02840796421515 364.81809922319371 174.24680620932486 13.528773117810486 501.96810506505426 28.958258625119925 32819.187345234299 45.286762660252862 187.98294038022868 137.04812762024812 151.00941382534802 264.71101565379649 319.66487624868751
leaf_count=10130 32113 2429 7804 5587 101762 9513 10855 19126 474 2745 5017 55150 8136 226215 452 106449 1933 64054 36967 18578 46 6285 255 1179018 343 19770 1232 1379 2388 2020
internal_value=-6.8162e-11 0.0123416 0.021617 0.00599787 -0.00393671 0.0134267 0.0172157 0.00119724 -0.00369849 0.0083578 0.018858 -0.0037698 -0.00638422 -0.00486196 0.000129631 -0.0196713 0.0230849 -0.0215783 -0.00742424 0.00501077 -0.00202015 0.00987395 -0.0517096 -0.00296747 0.0196487 -0.0236787 -0.00404426 0.00828871 -0.0180296 0.0021128
internal_weight=62239.6 15051.3 6112.19 8939.15 47188.3 3508.31 4612.37 5430.84 46560.8 1683.18 2239.83 46470.4 10910.7 9790.37 3321.22 1120.29 1599.12 627.527 6469.15 539.065 3747.66 544.455 42.487 35559.7 598.663 957.793 3203.2 640.711 303.297 1084.52
internal_count=1938225 86699 28789 57910 1851526 20271 20985 37639 1685710 10695 10758 1685236 451068 316713 34953 134355 6950 165816 281760 55545 26944 6586 301 1234168 3088 126219 20358 3808 2840 7607
is_linear=0
shrinkage=0.05


Tree=48
num_leaves=31
num_cat=0
split_feature=4 5 4 1 0 4 5 6 13 13 14 6 4 13 5 7 23 14 9 8 5 11 6 7 6 4 11 9 6 25
split_gain=1093.56 269.937 186.413 128.783 86.9639 78.0012 64.9933 51.5845 51.1943 48.2934 61.3616 83.8943 60.6462 49.8957 47.5694 43.8112 43.5031 42.6829 54.5272 43.5484 40.7782 40.1689 49.8244 39.9922 36.658 56.0592 36.043 35.5414 35.0411 32.8856
threshold=1.0000000180025095e-35 0.039130434393882758 0.0026086957077495758 0.0043478262377902874 1.0000000180025095e-35 0.12608695775270465 0.0026086957077495758 -0.14479716122150418 1.0000000180025095e-35 0.096521738916635527 -0.10965536162257193 -0.072835747152566896 0.070434782654047026 0.014782608952373268 0.096521738916635527 -0.12564145028591153 0.78571429848670971 -0.12097900733351706 0.025217391550540928 0.011304348241537811 0.020000000484287742 -0.15522935986518857 -0.07335548102855681 -0.055931638926267617 -0.038050999864935868 0.3713043481111527 -0.080396477133035646 0.016521738842129711 -0.10601570084691046 1.0000000180025095e-35
decision_type=2 2 2 2 2 2 2 2 2 2 2 2 2 2 2 2 2 2 2 2 2 2 2 2 2 2 2 2 2 2
left_child=1 6 4 23 -2 9 -1 29 -8 10 12 20 16 -13 21 -7 -4 18 19 27 -12 -6 -23 -3 26 -26 -17 -9 -25 -5
right_child=2 3 5 7 14 15 8 17 -10 -11 11 13 -14 -15 -16 24 -18 -19 -20 -21 -22 22 -24 28 25 -27 -28 -29 -30 -31
leaf_value=0.036432074507821453 0.016892091377733554 0.02196254122691698 -0.0031215019615175293 0.0043839738291375817 0.0021708785026013444 -0.036210058598724476 0.028558062876981302 -0.0065718583588280956 0.014273940474380398 0.0048218836991707325 -0.034976898526780507 -0.054514713986929419 -0.020029366985595404 0.0055029831493666982 -0.0030867096012755623 -0.026566428472776623 0.031672526846937922 0.014829351190332039 -0.039693539337047966 0.014455729238839319 -0.013950419905188641 0.016997528989848139 -0.026838976412134865 0.015252215067381676 0.014430795650559157 -0.03569354579393072 -0.0024161396719611121 -0.057777967753102788 -0.015099558888340423 0.024463272211749806
leaf_weight=1188.308824554173 1291.4091741887387 1584.2982722742599 40855.320200491376 591.96536966902204 1911.8188367097173 223.40883455882431 1422.5552442553162 1097.3760459892801 1128.1745962093119 1715.825430849829 271.75405983591918 35.362967395340092 531.46378172043478 726.20914697117405 2247.5665788870538 443.79429677996086 89.04170088795945 272.22255525924265 114.31348436465487 261.17745912540704 1518.8295499813685 1016.6327444247436 68.34975668694824 266.92422425333643 235.46086881586234 72.007492161355913 237.04749570038985 33.99254715652205 146.46694657675107 310.52996832283679
leaf_count=5600 6087 6935 1144789 3546 13821 96010 6235 6889 5638 197674 44339 939 48491 39548 16858 71293 474 2105 1591 1144 130193 5438 732 1368 18432 16238 43106 552 1033 1127
internal_value=-1.89067e-12 0.0167499 -0.00263632 0.00874348 0.00527466 -0.00373754 0.0267646 0.00158239 0.0222483 -0.00340565 -0.00372639 -0.0112499 -0.00326318 0.00264828 0.00241123 -0.0162537 -0.00304506 -0.00335697 -0.00665009 -0.00391103 -0.0171593 0.00653428 0.0142138 0.0183505 -0.0117105 0.00261428 -0.0181739 -0.00816004 0.00448791 0.0113123
internal_weight=61909.6 8418.31 53491.3 4679.27 6535.78 46955.5 3739.04 2681.58 2550.73 45743.8 44028 2552.16 41475.8 761.572 5244.37 1211.72 40944.4 1779.08 1506.86 1392.55 1790.58 2996.8 1084.98 1997.69 988.31 307.468 680.842 1131.37 413.391 902.495
internal_count=1938225 43763 1894462 26290 42936 1851526 17473 16954 11873 1606447 1408773 215019 1193754 40487 36849 245079 1145263 12281 10176 8585 174532 19991 6170 9336 149069 34670 114399 7441 2401 4673
is_linear=0
shrinkage=0.05


Tree=49
num_leaves=31
num_cat=0
split_feature=4 5 4 1 1 4 5 6 13 23 15 4 15 7 13 4 5 9 18 7 0 7 4 11 6 18 13 25 10 0
split_gain=1081.13 228.53 170.256 100.902 85.2563 77.3432 61.8414 51.8184 48.9031 43.0789 46.4643 69.1414 47.3702 39.2972 38.5358 45.3303 49.2453 46.8007 64.6821 39.6585 42.2502 38.111 35.681 35.1948 34.8707 33.9747 43.1366 33.2916 32.7188 32.6755
threshold=1.0000000180025095e-35 0.039130434393882758 0.0026086957077495758 0.0026086957077495758 0.0078260868322104233 0.12608695775270465 0.0026086957077495758 -0.14955886453390119 1.0000000180025095e-35 0.6428571641445161 -0.1131908856332302 0.047826087102293975 -0.15098112821578977 -0.21608127653598783 0.044347826391458518 0.0095652174204587954 0.011304348241537811 0.0095652174204587954 0.018921782262623314 -0.14481108635663983 0.15913043171167376 -0.12564145028591153 0.028695652261376384 -0.13711694628000257 -0.083796910941600786 0.022067093290388588 0.01304347859695554 1.0000000180025095e-35 -0.11094289645552634 1.0000000180025095e-35
decision_type=2 2 2 2 2 2 2 2 2 2 2 2 2 2 2 2 2 2 2 2 2 2 2 2 2 2 2 2 2 2
left_child=1 6 4 -3 29 9 -1 -5 -8 10 11 14 -13 -12 15 27 -17 23 -19 20 -16 -7 -20 -18 -10 -9 -27 -4 -23 -2
right_child=2 3 5 7 -6 21 8 25 24 -11 13 12 -14 -15 19 16 17 18 22 -21 -22 28 -24 -25 -26 26 -28 -29 -30 -31
leaf_value=0.035710600530699049 0.016495068339815903 0.019634344402358516 -0.0024947168787385525 0.01346813665682829 -0.0015287265016414905 -0.035308937613721968 0.027974459110585638 -0.003521542604672051 0.016156412893905774 0.011575756802574177 -0.024766711452193575 -0.019637182353048607 -0.0067892421386429357 -0.0011159047444740632 0.017682660319149994 -0.017297257551376486 -0.0077934423604138943 -0.0013286224893559869 -0.0082645503496499087 -0.0019430812023163114 -0.014539264387771273 -0.034982088645714407 -0.02529077548946175 -0.020002236098341893 -0.020623447875855277 0.02767326178694229 -0.0070868065132767338 0.018258126488795812 -0.008399302256429075 0.0065687282803777091
leaf_weight=1156.2672569358256 1267.3524378893198 1580.223840375751 10548.667111175018 983.04233529930934 2846.6883775754832 213.40121317727608 1390.1731579785119 1673.5209569282015 1051.7980323128868 478.53429351979867 176.55495481239632 1189.1430428615422 1810.6841414399096 16266.798779778037 583.43098725005984 980.37348960485542 2487.2785947728262 6505.3223910730158 1344.9732055071509 1755.3428204713855 122.38134980900213 133.17227840359556 398.76368382608052 774.21279139141552 67.807884941808879 214.25783185195178 151.89975270908326 195.86673908960074 853.20574344022316 2401.1631792564876
leaf_count=5600 5881 7353 123444 4994 22824 96010 6235 11095 5203 4579 24518 147338 155066 535268 55595 64549 42679 244947 52186 89806 20117 22219 34734 10740 435 807 2041 881 126850 14231
internal_value=-1.02791e-11 0.0168211 -0.00260827 0.00939975 0.00496414 -0.00366213 0.026134 0.00404456 0.0217095 -0.00333234 -0.00349064 -0.00470492 -0.0118871 -0.00137134 -0.00386605 -0.00449621 -0.00654438 -0.00562712 -0.00362163 0.00208261 0.012083 -0.0161884 -0.0121704 -0.0106968 0.0139125 -0.000501589 0.0132731 -0.00211474 -0.0120201 0.0100015
internal_weight=61602.3 8268.99 53333.3 4602.94 6515.2 46818.1 3666.05 3022.72 2509.78 45618.3 45139.8 28696.4 2999.83 16443.4 25696.6 23235.5 12490.9 11510.6 8249.06 2461.16 705.812 1199.78 1743.74 3261.49 1119.61 2039.68 366.158 10744.5 986.378 3668.52
internal_count=1938225 43763 1894462 26290 42936 1851526 17473 18937 11873 1606447 1601868 1042082 302404 559786 739678 574160 449835 385286 331867 165518 75712 245079 86920 53419 5638 13943 2848 124325 149069 20112
is_linear=0
shrinkage=0.05


Tree=50
num_leaves=31
num_cat=0
split_feature=4 5 4 1 16 1 1 7 6 23 2 6 4 11 11 15 25 5 2 14 6 7 11 14 25 7 5 6 15 4
split_gain=1029.12 210.869 155.235 92.2123 75.8265 73.3228 60.4333 57.2891 46.9428 38.5524 38.3959 37.4752 37.3815 39.5944 36.8832 33.1109 32.8067 31.9822 31.6103 33.4577 30.1143 50.1848 49.2624 31.0632 29.1633 28.7581 27.9621 27.7107 26.8147 45.3079
threshold=1.0000000180025095e-35 0.039130434393882758 0.0026086957077495758 0.0026086957077495758 0.037391304969787605 0.0043478262377902874 1.0000000180025095e-35 -0.21857540309429166 -0.14955886453390119 0.78571429848670971 -0.12783780694007871 -0.09367883205413817 0.19217391312122348 -0.082936514168977724 -0.14192007482051847 -0.10334123671054839 1.0000000180025095e-35 0.033913042396306999 -0.1669385880231857 -0.12732591480016706 -0.09880723804235457 -0.087302397936582551 -0.16680498421192166 -0.12237549945712088 1.0000000180025095e-35 -0.13481364399194715 0.54869565367698681 -0.059000279754400246 -0.097393002361059175 0.021739130839705471
decision_type=2 2 2 2 2 2 2 2 2 2 2 2 2 2 2 2 2 2 2 2 2 2 2 2 2 2 2 2 2 2
left_child=1 6 5 27 9 20 24 10 -5 28 -6 14 13 -9 -8 -13 -7 25 19 -10 22 -22 -2 26 -1 -17 -23 -3 29 -4
right_child=2 3 4 8 7 16 11 12 18 -11 -12 15 -14 -15 -16 17 -18 -19 -20 -21 21 23 -24 -25 -26 -27 -28 -29 -30 -31
leaf_value=0.027143845476760128 0.0067451358094649701 0.02007170467089078 -0.0022783066508053089 0.013258279598147056 -0.008560685019378067 -0.001155328109458591 0.019244532966656749 -0.008976960012870799 -0.074646403751366705 0.030152355067500254 -0.033892851978529308 0.01252478215641869 -0.025913925254118092 0.00070196092585536314 0.037267212987889035 -0.011202329500260202 0.019804633074806455 0.024341277288470312 0.00091596540311186217 0.0057507165039137418 0.014896295936993282 -0.033937257838035403 0.021261817112457952 0.018602389847418726 0.0417634214035527 -0.099396523918636417 0.026061514009203153 -0.034109615957658983 -0.00047625858489507429 -0.006413103242703392
leaf_weight=771.29538509622216 1363.011868899106 1536.0526302504004 21736.311182226549 974.3813281559851 259.44735428178683 3426.6170098065631 1682.3894096874865 3696.0506329838827 27.757042708690278 87.752969732042402 355.07171700564504 120.1834881468676 251.61384222400375 1479.2603789632558 342.67635758090182 17.236512469360601 196.44404239789583 15.548413318581877 1966.7238251403323 23.285340991104022 244.92196176713333 161.51385223632678 1023.9610993746901 46.515439466573298 627.26646683592116 19.66687285061926 21.311263180337846 23.096784603898413 9265.7864401716506 9530.4385871392733
leaf_count=3335 8213 7175 382293 4994 34344 27207 7929 309275 346 472 107934 539 73440 103982 1146 103 737 67 13446 151 1073 947 4528 172 4140 214 59 178 291621 548165
internal_value=1.39488e-11 0.0165458 -0.00253682 0.00939232 -0.00354418 0.00471169 0.0255938 -0.00877018 0.00425214 -0.00276672 -0.023229 0.0204057 -0.00712895 -0.00621083 0.0223112 -0.00194604 -1.37182e-05 -0.0347172 -0.000101341 -0.0385638 0.0106932 -0.000813408 0.0129788 -0.0175823 0.033726 -0.0595859 -0.0268397 0.0192477 -0.00283873 -0.0035388
internal_weight=61293.6 8147.56 53146 4551.3 46661.7 6484.3 3596.26 6041.44 2992.15 40620.3 614.519 2197.7 5426.92 5175.31 2025.07 172.635 3623.06 52.4518 2017.77 51.0424 2861.24 474.263 2386.97 229.341 1398.56 36.9034 182.825 1559.15 40532.5 31266.7
internal_count=1938225 43763 1894462 26290 1851526 42936 17473 628975 18937 1222551 142278 9998 486697 413257 9075 923 27944 384 13943 497 14992 2251 12741 1178 7475 317 1006 7353 1222079 930458
is_linear=0
shrinkage=0.05


Tree=51
num_leaves=31
num_cat=0
split_feature=4 5 4 1 1 4 5 6 13 23 0 5 8 12 0 25 15 17 13 6 6 9 4 15 12 8 14 12 16 13
split_gain=953.379 214.852 150.807 89.8293 74.956 63.3035 54.8 47.3837 39.0329 38.4225 36.0389 55.7951 39.0804 35.2421 31.3933 31.357 30.8976 30.4345 29.4704 29.1411 28.8434 48.8576 41.8619 42.7471 36.5309 28.0945 46.9127 54.3135 41.8459 31.9694
threshold=1.0000000180025095e-35 0.039130434393882758 0.0026086957077495758 0.0026086957077495758 0.0043478262377902874 0.13130434602499011 0.0026086957077495758 -0.14955886453390119 1.0000000180025095e-35 0.78571429848670971 0.10347826033830644 0.016521738842129711 0.061739129945635803 0.10695651918649675 1.0000000180025095e-35 1.0000000180025095e-35 -0.09679375588893889 0.27326086163520819 0.12086956202983858 -0.059000279754400246 -0.059000279754400246 1.0000000180025095e-35 0.075652174651622786 -0.12309827283024787 0.058260869234800346 0.044347826391458518 -0.11123329401016234 0.044347826391458518 0.042608696967363364 0.089565217494964613
decision_type=2 2 2 2 2 2 2 2 2 2 2 2 2 2 2 2 2 2 2 2 2 2 2 2 2 2 2 2 2 2
left_child=1 6 4 19 14 9 -1 -5 -8 10 13 -12 -13 20 -2 -6 -7 -18 -15 -3 22 -22 25 -24 -25 26 -4 -28 -27 -30
right_child=2 3 5 7 15 16 8 -9 -10 -11 11 12 -14 18 -16 -17 17 -19 -20 -21 21 -23 23 24 -26 28 27 -29 29 -31
leaf_value=0.034581369062636057 0.017235803093710558 0.019504984060754172 -0.0029858716727218923 0.012870585527115386 -0.0011517787918129535 -0.027154400691918754 0.026851979554014423 -0.00058545774031400059 0.014072267020678883 0.029982646931635687 -0.023094402495685017 -0.013665863034093638 -0.0025960451657188622 0.00037947685580174307 0.0064867533405280403 0.019458888580276806 -0.0056722300671357365 -0.039699044205485451 0.068773118258683527 -0.034876524042437067 -0.04445683456505331 0.0041106650937220877 -0.023173823148129401 -0.035975859944353643 -0.0028520645610838583 0.006563837804246811 -0.04014906604941397 -0.00524519646945284 -0.0009974521695305591 -0.018900203044781301
leaf_weight=1096.9604119592404 1141.3265012346674 1516.7757813123171 32888.061996872537 966.21219902578741 3414.7131908365991 368.94507177166815 1326.7809485457547 2021.5797339646961 1094.3490779425483 86.342134829144925 502.98823419419932 1076.3774530607916 3069.5092536068405 31.472876277868636 1680.8494138584938 194.07945902645588 625.58964152954286 72.506493073567981 30.551700310374144 24.162155382568017 52.119966100901365 2060.7341106162639 496.97105579686468 89.620954411220737 1024.8951438359218 1883.6095572909107 182.40069072227925 285.03108254098333 1319.1717329862877 306.52608927548863
leaf_count=5600 5401 7175 820655 4994 27207 77151 6235 13943 5638 474 72255 37472 197015 3907 9591 737 123521 29698 4564 178 868 65291 70933 7786 107201 91881 13630 20883 83707 22634
internal_value=7.08847e-11 0.0160326 -0.00243976 0.00882858 0.0047358 -0.00343322 0.025301 0.0037689 0.0210838 -0.00315 -0.00321381 -0.00738381 -0.00547265 -0.00273676 0.0108384 -3.82616e-05 -0.0154656 -0.00925809 0.0346251 0.0186302 -0.0027947 0.00289214 -0.00310705 -0.0109929 -0.00554549 -0.00276205 -0.00320976 -0.018922 0.00149308 -0.00438257
internal_weight=60931.2 8046.82 52884.4 4528.73 6430.97 46453.4 3518.09 2987.79 2421.13 45386.4 45300 4648.87 4145.89 40651.2 2822.18 3608.79 1067.04 698.096 62.0246 1540.94 40589.1 2112.85 38476.3 1611.49 1114.52 36864.8 33355.5 467.432 3509.31 1625.7
internal_count=1938225 43763 1894462 26290 42936 1851526 17473 18937 11873 1621156 1620682 306742 234487 1313940 14992 27944 230370 153219 8471 7353 1305469 66159 1239310 185920 114987 1053390 855168 34513 198222 106341
is_linear=0
shrinkage=0.05


Tree=52
num_leaves=31
num_cat=0
split_feature=4 5 4 1 1 6 15 25 5 17 1 4 6 11 13 9 1 18 5 3 2 5 6 5 13 11 6 15 4 8
split_gain=878.717 204.712 140.614 96.2437 86.7275 74.5874 62.8988 60.7109 58.1066 55.4956 53.0433 52.264 48.821 44.1201 34.7194 33.383 45.4906 33.6017 40.8533 34.661 32.6838 45.5382 32.1241 49.9547 51.3691 34.7557 30.6014 30.4941 33.8003 39.3855
threshold=1.0000000180025095e-35 0.039130434393882758 0.0043478262377902874 0.0026086957077495758 0.0026086957077495758 -0.099207192659378038 -0.18843276053667066 1.0000000180025095e-35 0.016521738842129711 0.18434783071279529 1.0000000180025095e-35 0.025217391550540928 -0.14955886453390119 -0.17201221734285352 0.0043478262377902874 0.0026086957077495758 0.0078260868322104233 0.0059455626178532847 0.0060869567096233377 -0.2951879203319549 -0.15640135109424588 0.075652174651622786 -0.14312298595905301 0.018260869197547439 1.0000000180025095e-35 -0.088909257203340517 -0.09129480272531508 -0.11371328681707381 0.0060869567096233377 0.0043478262377902874
decision_type=2 2 2 2 2 2 2 2 2 2 2 2 2 2 2 2 2 2 2 2 2 2 2 2 2 2 2 2 2 2
left_child=1 10 3 5 -3 13 11 22 -7 15 -1 -4 -6 -2 -10 16 27 19 -19 -17 -13 -22 -5 -24 -25 -26 -23 -8 -29 -30
right_child=2 4 6 7 12 8 9 -9 14 -11 -12 20 -14 -15 -16 17 -18 18 -20 -21 21 26 23 24 25 -27 -28 28 29 -31
leaf_value=0.032534570247464277 0.0065927198996640918 0.018162193940914225 -0.0053602916020119296 0.0024766038845965414 0.012787495705677927 0.029188942758014164 -0.0092088708996681517 0.020471927933676456 -0.0086975405139731923 -0.024651420046207812 0.019756973072950757 -0.0042787378682299466 -0.00091656751934979198 0.018635333048368685 -0.061050157001202511 0.02080557053927648 -0.022484828925355235 -0.018733440574435288 -0.0030825982025864986 -0.00037648562203931613 -0.029189183317765301 -0.01766844082820079 0.0096491172522308044 -0.018930271289850184 -0.0056830329259674392 0.0095973002862803844 0.0036056970680152117 0.021116017078721641 -0.01630262751014994 0.010980775263896988
leaf_weight=1318.1554006324732 1550.5629436500603 1521.6850400858093 5009.7033779536723 2965.3646074192366 956.95987466850784 100.93939675553702 1459.303183394135 325.61632887437008 557.04225478810258 287.75985818002664 2137.9129858950328 514.19848706503399 2020.6132488906733 1495.0156203468796 32.630400753114372 195.53370624722447 450.95579629088752 425.06955742737046 19601.005244577682 11143.615765500261 616.46659340753104 539.19949459377676 564.3327560625039 662.41491404687986 2795.4527139257407 428.33328445674852 245.58463783375919 194.36837196722627 274.79336503893137 253.24111315049231
leaf_count=7475 9801 7353 149075 26125 4994 353 10165 1282 2516 90722 9998 32997 13943 6452 256 6100 4368 61873 977241 287227 106127 58419 4104 3040 25619 5772 19784 1121 2105 1818
internal_value=4.40732e-11 0.0154882 -0.00233877 0.00255551 0.00845557 0.00914498 -0.00370192 -0.000625453 -0.00568416 -0.00282387 0.0246384 -0.00804804 0.00349059 0.0125084 -0.011693 -0.0026384 -0.00804541 -0.00218431 -0.00341572 -9.41713e-06 -0.0150712 -0.0190256 -0.00155443 -0.00424024 -0.00625914 -0.00365044 -0.011015 -0.00505186 0.0033467 -0.0032217
internal_weight=60643.8 7955.33 52688.5 11477.7 4499.26 3736.19 41210.8 7741.51 690.612 34285.6 3456.07 6925.15 2977.57 3045.58 589.673 33997.9 2632.66 31365.2 20026.1 11339.1 1915.45 1401.25 7415.9 4450.53 3886.2 3223.79 784.784 2181.71 722.403 528.034
internal_count=1938225 43763 1894462 85320 26290 19378 1809142 65942 3125 1442740 17473 366402 18937 16253 2772 1352018 19577 1332441 1039114 293327 217327 184330 64660 38535 34431 31391 78203 15209 5044 3923
is_linear=0
shrinkage=0.05


Tree=53
num_leaves=31
num_cat=0
split_feature=4 5 17 1 6 4 15 6 5 27 25 15 4 5 5 13 18 1 7 6 12 6 0 6 1 8 13 0 6 9
split_gain=813.05 194.738 149.216 92.4776 69.3551 60.2899 54.3432 50.9137 45.6207 44.0858 70.4461 44.7687 48.8801 63.2545 41.6707 40.3107 43.2983 37.9838 34.8003 33.0727 32.786 31.5151 31.2574 30.9548 30.3042 29.4824 30.9986 30.736 33.7084 29.3293
threshold=1.0000000180025095e-35 0.030434782616794113 0.0028260869439691309 0.0026086957077495758 -0.090854894369840608 0.094782605767250075 -0.13730604946613309 -0.14955886453390119 1.0000000180025095e-35 1.0000000180025095e-35 1.0000000180025095e-35 -0.10614202544093131 0.011304348241537811 0.011304348241537811 0.018260869197547439 0.01304347859695554 0.049883607774972923 1.0000000180025095e-35 -0.04199311509728431 -0.02986065577715635 0.070434782654047026 -0.086075685918331132 0.32260869443416601 -0.12497094646096228 0.10695651918649675 0.0826086960732937 0.054782608523964889 0.0043478262377902874 -0.085686352103948579 0.13130434602499011
decision_type=2 2 2 2 2 2 2 2 2 2 2 2 2 2 2 2 2 2 2 2 2 2 2 2 2 2 2 2 2 2
left_child=1 8 4 -3 17 9 -7 -5 -1 11 -11 12 18 -14 -6 -15 25 -2 24 -20 -13 -10 -8 -18 -4 27 -27 28 -17 -29
right_child=2 3 5 7 14 6 22 -9 21 10 -12 20 13 15 -16 16 23 -19 19 -21 -22 -23 -24 -25 -26 26 -28 29 -30 -31
leaf_value=0.036406504312471437 0.01367896525962016 0.018370836840388361 -0.0013629870794862704 0.012734349724598771 0.022959036358460992 -0.029745449166642415 -0.0066502645940093551 -0.00071116808648047131 0.022782896461752921 0.0019249729224755053 0.037017314154358862 -0.0010166701287235094 -0.017503467389093533 -0.0098800460168745486 -0.011976924987287071 0.012637004266432987 -0.025584837212583474 0.0043386614518065953 -0.0066305486977290039 -0.0430709213415311 0.014069317289698752 -0.0067749878669368718 -0.043701091597869259 -0.0058790457572352765 0.010153521503195094 -0.010538703248755808 0.033430182957801167 -0.0036832602868457132 -0.023267402400365636 -0.036800200538651288
leaf_weight=671.73140278673964 1815.2348090652376 1640.1193424618687 10811.742879030062 1052.7140231329249 96.010398366954178 337.99221555719851 1713.9673859005561 2121.6028349047992 2280.870731629926 1366.3256427185843 158.7489138119854 12608.407073537121 1092.8087472723564 3425.0614765231148 712.8420596527867 500.43343114107847 370.11246813752223 2720.090344052529 2046.6523425838677 63.265646053478122 369.73801384589751 93.470545961055905 57.926943821221357 432.13350564517896 602.08182931994088 62.306886469566962 109.46555350272683 10924.976991695177 74.235412980895489 66.281778319971636
leaf_count=3751 8645 8019 136365 5502 393 62612 276553 14500 11379 25707 710 375887 113156 67624 4707 15171 42776 18811 24096 1134 36708 612 25471 42305 9136 5741 10339 584470 2339 3606
internal_value=-1.89891e-11 0.0149967 -0.00224395 0.00873391 0.00567385 -0.00314064 -0.0113998 0.00375044 0.0248893 -0.00275389 0.00559969 -0.00304648 -0.00409067 -0.0058705 -0.00780681 -0.00507317 -0.00375958 0.00807925 -0.00184545 -0.0077431 -0.00058583 0.0216169 -0.0078855 -0.0149908 -0.000754652 -0.00299074 0.0175127 -0.00329674 0.00796653 -0.0038863
internal_weight=60399.4 7860.51 52538.8 4814.44 5344.18 47194.7 2109.89 3174.32 3046.07 45084.8 1525.07 43559.7 30581.6 17057.8 808.852 15965 12539.9 4535.33 13523.7 2109.92 12978.1 2374.34 1771.89 802.246 11413.8 11737.7 171.772 11565.9 574.669 10991.3
internal_count=1938225 43763 1894462 28021 32556 1861906 364636 20002 15742 1497270 26417 1470853 1058258 887527 5100 774371 706747 27456 170731 25230 412595 11991 302024 85081 145501 621666 16080 605586 17510 588076
is_linear=0
shrinkage=0.05


Tree=54
num_leaves=31
num_cat=0
split_feature=4 1 7 25 16 7 6 11 25 6 5 6 2 11 23 4 13 14 15 6 15 5 13 4 10 7 11 2 7 15
split_gain=759.374 268.469 123.903 107.446 59.6302 58.7693 48.9371 66.782 46.7137 45.8731 40.594 53.1426 36.5482 35.2057 32.4458 32.286 30.8295 47.57 56.0199 32.2944 37.8321 30.1853 30.1027 29.5518 28.9624 37.7837 36.2317 30.1776 28.6639 28.4033
threshold=0.0026086957077495758 0.0026086957077495758 -0.13481364399194715 1.0000000180025095e-35 0.032173912972211845 -0.21608127653598783 -0.082275781780481325 -0.18050115555524823 1.0000000180025095e-35 -0.14955886453390119 0.24956522136926654 -0.09449394047260283 -0.1266924440860748 -0.13884916901588437 0.78571429848670971 0.19217391312122348 0.032173912972211845 -0.11952786147594451 -0.073706299066543565 -0.021605838090181347 -0.0643317475914955 0.2286956533789635 0.29130434989929205 0.030434782616794113 -0.12270530685782431 -0.39163926243782038 -0.068678244948387132 -0.18911182880401609 -0.058942524716258042 -0.093740776181220994
decision_type=2 2 2 2 2 2 2 2 2 2 2 2 2 2 2 2 2 2 2 2 2 2 2 2 2 2 2 2 2 2
left_child=1 3 8 6 14 12 7 -1 13 21 -9 -12 -6 -3 16 22 17 23 -19 -20 -21 -4 -7 -2 26 -26 27 -18 -25 -8
right_child=4 2 9 -5 5 15 29 10 -10 -11 11 -13 -14 -15 -16 -17 24 18 19 20 -22 -23 -24 28 25 -27 -28 -29 -30 -31
leaf_value=0.0093945510038293059 -0.0018010958375746903 0.0055222268187100172 0.019315008106248206 0.031699378522007778 -0.0089718939968178677 -0.0051094055083963008 0.0043120566405824403 0.025388605790600972 0.020866360658903738 -0.0034363798979112959 0.013407077074341198 -0.049804167611583273 -0.030833615812911771 0.019258960005339006 0.028631382691612608 -0.022886622876133331 0.034434150916702717 -0.0085440409128888246 0.013587362395127971 0.047340372806485211 -0.09715083628014369 0.0010996573284284372 0.07927077610901849 -0.020569422346770786 -0.040614676910031629 0.0022527459542352152 -0.068612614848061429 -0.0053024156209997451 -0.00017313715175423409 -0.032105791866344782
leaf_weight=1829.7189421036746 22859.403355712537 2487.2464364110492 401.23114042519592 1249.7595362468564 375.00951060437365 7086.5899765565409 194.6666007648455 1795.7021184859332 936.11671513970941 3680.6583194796694 291.60914846789092 36.5252643187996 391.45199402596336 573.5599037411157 83.737614294979721 260.21558882041427 48.035440444946289 5366.4394972786831 396.57407361408696 5.9653619276359704 13.004477775655685 523.6676368546905 9.5890292657713854 416.49913902586559 50.816708376107272 6470.4982177728671 21.154566758661531 1882.8117014825693 293.27413969812915 72.755303642014042
leaf_count=10197 376599 18558 2184 7804 50603 528706 860 7582 3856 26598 1509 280 121739 3189 470 79767 3416 165056 8770 170 609 3525 3757 22297 7975 357934 1381 112859 9418 557
internal_value=-1.60984e-11 0.0101638 0.00465565 0.0188227 -0.00310756 -0.00699502 0.0150035 0.0164035 0.0110958 -0.000934651 0.0224346 0.00624097 -0.0201629 0.00810178 -0.00227441 -0.00562051 -0.00234358 -0.00311053 -0.00717423 0.0104939 -0.051618 0.009014 -0.00498423 -0.00211337 0.000313156 0.00191253 -0.00502833 -0.00429654 -0.0121539 -0.00567855
internal_weight=60104.3 14073.2 8602.48 5470.74 46031.1 8122.86 4220.98 3953.56 3996.92 4605.56 2123.84 328.134 766.462 3060.81 37908.2 7356.39 37824.5 29351.2 5781.98 415.544 18.9698 924.899 7096.18 23569.2 8473.32 6521.31 1952 1930.85 709.773 267.422
internal_count=1938225 86699 57910 28789 1851526 784572 20985 19568 25603 32307 9371 1789 172342 21747 1066954 612230 1066484 582919 174605 9549 779 5709 532463 408314 483565 365909 117656 116275 31715 1417
is_linear=0
shrinkage=0.05


Tree=55
num_leaves=31
num_cat=0
split_feature=4 1 7 25 4 15 13 6 11 6 11 6 25 14 24 5 2 5 6 9 23 17 23 6 3 5 17 12 4 9
split_gain=747.713 246.501 109.509 98.0084 49.8303 56.3731 47.7526 45.2129 62.9017 45.0857 42.4722 36.6431 35.6575 34.4439 43.7171 40.6764 34.565 32.1316 39.5819 31.4422 30.1565 30.0315 29.7146 51.9791 34.0803 28.7734 27.6215 27.5369 52.9478 34.7198
threshold=0.0026086957077495758 0.0026086957077495758 -0.13481364399194715 1.0000000180025095e-35 0.084347829222679152 -0.11950959637761115 0.093043476343154921 -0.082275781780481325 -0.18050115555524823 -0.28127701580524439 -0.13884916901588437 -0.081508401781320558 1.0000000180025095e-35 -0.10965536162257193 1.0000000180025095e-35 0.018260869197547439 -0.15293169021606443 0.24956522136926654 -0.09449394047260283 0.098260872066020979 0.78571429848670971 0.27326086163520819 0.5000000149011613 -0.07492100819945334 -0.11631052568554877 0.31217391788959509 0.0015217391774058344 0.044347826391458518 0.056521739810705192 0.063478261232376113
decision_type=2 2 2 2 2 2 2 2 2 2 2 2 2 2 2 2 2 2 2 2 2 2 2 2 2 2 2 2 2 2
left_child=1 3 10 7 6 -6 13 8 26 -4 12 -12 -3 20 16 -16 -15 -10 -19 -18 27 -7 -11 -24 -25 -8 -1 28 29 -2
right_child=4 2 9 -5 5 21 25 -9 17 22 11 -13 -14 14 15 -17 19 18 -20 -21 -22 -23 23 24 -26 -27 -28 -29 -30 -31
leaf_value=0.013398468719459575 -0.0025849779024183835 0.0055535497011397015 0.032800673996785677 0.031031319172112267 -0.022489707080042338 -0.0042999443123766514 0.0020791046141148211 -0.0051107654057112803 0.024772886243188914 -0.0026238029457610525 0.024540777729029066 -0.022462220171671453 0.017978369595729616 0.046243860235929163 -0.032280465494507575 0.0020930288484611002 -0.02531816961399962 0.013600706888730919 -0.042970574900765474 -0.0024114072962015611 0.027226569845367476 -0.037560786352576425 0.016807412391361919 -0.063892981743227009 0.0032895076001057018 0.018569415001355609 -0.00013083050319077731 0.0013739346470193166 -0.028116177338410514 -0.0086359951074484933
leaf_weight=1278.4540422374848 33820.121388906206 2470.5751627091086 98.921045573893934 1213.5535002888937 654.51627992209978 1861.6299127834209 934.60774752381258 264.42009149165824 1773.5793352005421 3956.4658920498332 695.02749530947767 43.333642801037058 753.27378785132896 19.434396943543106 96.43537296669092 736.85999335322413 612.68369083484868 288.43701392319053 33.641100956592709 198.48090785765089 83.1456067499239 69.461555004192633 435.22449771163519 34.400795637629926 40.243214911781251 368.12864961870946 534.978764793952 3696.0953415627446 210.22618861979572 2548.5820084863226
leaf_count=6781 814696 18558 502 7804 118870 269086 91431 1417 7582 29129 3441 344 3260 1075 16563 53239 57002 1509 280 16917 474 31596 2277 237 162 28664 3416 239580 16095 96238
internal_value=7.5939e-12 0.0101531 0.0048627 0.0185252 -0.00307736 -0.0098191 -0.0026748 0.0148821 0.0162354 -0.00041621 0.0109436 0.0217556 0.00846137 -0.00296712 -0.0100152 -0.00191886 -0.0181258 0.022135 0.00757711 -0.0197231 -0.0026763 -0.00551516 -0.00115908 0.0101897 -0.0281079 0.00674962 0.00940933 -0.00273871 -0.0031543 -0.00300924
internal_weight=59824.9 13914.5 8527.47 5387.06 45910.4 2585.61 43324.8 4173.51 3909.09 4565.26 3962.21 738.361 3223.85 42022.1 1663.89 833.295 830.599 2095.66 322.078 811.165 40358.2 1931.09 4466.33 509.869 74.644 1302.74 1813.43 40275 36578.9 36368.7
internal_count=1938225 86699 57910 28789 1851526 419552 1431974 20985 19568 32307 25603 3785 21818 1311879 144796 69802 74994 9371 1789 73919 1167083 300682 31805 2676 399 120095 10197 1166609 927029 910934
is_linear=0
shrinkage=0.05


Tree=56
num_leaves=31
num_cat=0
split_feature=4 1 6 25 4 15 6 11 7 7 16 6 2 11 1 6 6 5 6 5 6 5 23 9 5 5 2 2 13 23
split_gain=704.329 231.705 107.248 93.3156 51.1586 68.2877 45.2181 58.5495 44.2046 42.9039 39.5223 38.2648 37.4359 37.2759 32.9135 31.9004 31.5139 31.3935 46.7931 30.4714 29.8069 29.3781 29.3526 29.1922 28.5727 30.1439 27.492 26.9082 26.5842 26.4818
threshold=0.0026086957077495758 0.0026086957077495758 -0.15280990302562711 1.0000000180025095e-35 0.047826087102293975 -0.13910689949989316 -0.082275781780481325 -0.18050115555524823 -0.13481364399194715 -0.19132827222347257 1.0000000180025095e-35 -0.65839532017707814 -0.1584832891821861 -0.13828099519014356 0.10000000149011613 -0.02986065577715635 -0.081508401781320558 0.24956522136926654 -0.09449394047260283 0.0826086960732937 -0.16677784919738767 0.13130434602499011 0.78571429848670971 0.01304347859695554 0.21826086938381198 0.54869565367698681 -0.1311761140823364 -0.19636188447475431 0.016521738842129711 0.5000000149011613
decision_type=2 2 2 2 2 2 2 2 2 2 2 2 2 2 2 2 2 2 2 2 2 2 2 2 2 2 2 2 2 2
left_child=1 3 10 6 22 11 7 -1 13 -7 12 -6 23 26 20 -13 -15 -9 -19 -16 -11 -14 -2 -3 -8 -26 -4 -12 -29 -10
right_child=4 2 8 -5 5 9 24 17 29 14 27 15 21 16 19 -17 -18 18 -20 -21 -22 -23 -24 -25 25 -27 -28 28 -30 -31
leaf_value=0.009299253244301104 -0.0023003366008654577 0.0079942578490420878 -0.004234091084927962 0.030482470388616109 0.027737296956897913 -0.023963671350075287 0.0068749350526217017 0.024266898762464111 -0.0040969763372109931 -0.044189590192990451 -0.066414699456922813 -0.018758488166905653 0.024700352947881872 0.021298153359788918 0.00659437805983892 0.01723110749469537 -0.022437845538120574 0.013876638802582246 -0.047143166293910466 -0.014942117825281501 -0.001164068308719751 0.0077359436052096596 0.027425280878068576 -0.05204479416260735 -0.041585055880619816 0.026325530689345095 0.013197855058759093 0.0075861085662300501 -0.021189244600520289 0.00945075086197944
leaf_weight=1797.6565456495155 38075.375237679604 610.99882255203556 666.32085179560818 1180.7697779976297 47.83338347566314 263.91837361498619 170.26278196601197 1751.8977554292069 3291.0252879597247 39.608086672495119 12.170792753808199 1485.8787303254794 1077.0208781000692 511.51341413176851 199.42256981410901 63.482207864522934 43.982209510402754 284.99836306163343 34.312938299262896 916.99322361542727 4626.9555637799494 335.90928885759786 82.234501995379105 19.949415304348804 75.261990769417025 20.053829835727811 341.16733182803728 1085.6883785949321 85.707431667251512 404.14038118283497
leaf_count=10197 1054504 3736 5321 7804 1628 93502 818 7582 24708 4290 185 208840 4853 2745 52676 4791 343 1509 280 90456 340368 1885 471 284 540 59 2286 8406 922 2236
internal_value=1.8766e-11 0.00990138 0.00477293 0.0180864 -0.0029836 -0.00671689 0.0145396 0.0159095 0.000368538 -0.00428665 0.0119462 -0.0159092 0.0161555 0.00741482 -0.00338466 -0.0172737 0.0178012 0.0216394 0.00719279 -0.0110926 -0.00153864 0.0206756 -0.00223556 0.00601658 -0.0054006 -0.0271721 0.00167615 0.00466984 0.00546443 -0.0026131
internal_weight=59602.5 13800.8 8485.59 5315.21 45801.7 7644.09 4134.44 3868.87 5258.15 6046.9 3227.45 1597.19 2043.88 1562.98 5782.98 1549.36 555.496 2071.21 319.311 1116.42 4666.56 1412.93 38157.6 630.948 265.579 95.3158 1007.49 1183.57 1171.4 3695.17
internal_count=1938225 86699 57910 28789 1851526 796551 20985 19568 37639 581292 20271 215259 10758 10695 487790 213631 3088 9371 1789 143132 344658 6738 1054975 4020 1417 599 7607 9513 9328 26944
is_linear=0
shrinkage=0.05


Tree=57
num_leaves=31
num_cat=0
split_feature=4 1 6 25 4 7 25 11 6 5 10 11 7 13 23 6 14 17 0 5 15 4 13 6 5 6 16 10 6 18
split_gain=683.991 215.803 99.8589 86.2024 42.3121 42.164 41.7256 38.8797 52.7435 50.3961 38.387 33.4411 33.1233 31.5682 30.8579 30.393 27.8685 27.3931 24.9388 63.9458 29.9399 50.3729 38.8481 31.2198 38.5048 34.8194 29.1178 27.7281 25.5332 25.5258
threshold=0.0026086957077495758 0.0026086957077495758 -0.14955886453390119 1.0000000180025095e-35 0.11565217375755311 -0.13481364399194715 1.0000000180025095e-35 -0.18050115555524823 -0.094086557626724229 0.21826086938381198 -0.11108696088194846 -0.13828099519014356 -0.17431720346212384 0.011304348241537811 0.78571429848670971 -0.081508401781320558 -0.12318436428904532 0.0015217391774058344 1.0000000180025095e-35 0.023478261195123199 -0.16231538355350492 0.042608696967363364 0.026956521905958656 -0.30536057054996485 0.068695649504661574 -0.095665328204631792 0.018260869197547439 -0.11737804487347601 -0.061558451503515237 0.051666919142007835
decision_type=2 2 2 2 2 2 2 2 2 2 2 2 2 2 2 2 2 2 2 2 2 2 2 2 2 2 2 2 2 2
left_child=1 3 6 7 14 11 13 17 -9 -10 -6 16 -12 -3 18 -13 -4 -1 19 -2 21 22 -20 -23 -25 -26 -24 -21 29 -28
right_child=4 2 5 -5 10 -7 -8 8 9 -11 12 15 -14 -15 -16 -17 -18 -19 20 27 -22 23 26 24 25 -27 28 -29 -30 -31
leaf_value=0.012933936393368969 0.01869782168560356 0.010461437966542982 -0.004124468630093631 0.02987450541351095 -0.032085959167892329 -0.0024454972324530161 0.021866364774845708 0.02242279350620693 0.013460737121069592 -0.025373226239171088 -0.033601982112097452 0.020949987967208004 -0.0053174740762961673 -0.0075378529538324126 0.027886987108852831 -0.021896459159992436 0.014127211924453374 -0.00042207340160719343 -0.005423377518662272 -0.0028111776957281428 -0.002222454691138423 0.0045714645780479289 0.012225153018272221 -0.032532105427248902 -0.019683183897914087 0.0059639263960350299 0.00010592156908995874 0.028633421979260127 0.036920581499479965 -0.022293221856537329
leaf_weight=1295.5637623746879 470.7400436262833 2279.9690908064949 636.43155117856804 1150.2766795917123 195.84893671833561 3616.1324857466388 763.29844886844512 1834.5305300567125 299.14869451307459 114.775233633467 114.16365997685352 499.03620586852776 1029.9722173619375 272.00971307209693 81.480781328398734 44.32004185160622 310.30074382387102 545.31137817632407 8380.0081624122104 1992.2322416529059 30870.049389266351 165.78567189531168 572.32918064005207 334.2244245405891 406.12215537257725 195.50223331659799 645.57065707645961 71.667167619569227 38.399186812108383 157.39608499291353
leaf_count=6969 3841 15441 5062 7804 36870 26598 3074 8315 1399 810 67350 2703 174554 2534 474 343 2155 3492 220639 17456 1053198 9418 33315 71396 53711 18322 63357 1000 2750 23875
internal_value=2.69927e-11 0.00981668 0.0048588 0.0177829 -0.00293327 0.000471188 0.0116145 0.0143752 0.0187869 0.00265743 -0.0116839 0.00754626 -0.00816662 0.00854073 -0.00266881 0.0174213 0.00186629 0.00897948 -0.00272564 0.00208937 -0.00301789 -0.00527122 -0.00413002 -0.0154037 -0.0189434 -0.0113529 0.00353504 -0.00170595 -0.0023838 -0.00430699
internal_weight=59382.6 13661.1 8421.5 5239.61 45721.5 5106.22 3315.28 4089.33 2248.45 413.924 1339.98 1490.09 1144.14 2551.98 44381.5 543.356 946.732 1840.88 44300 2534.64 41765.4 10895.3 9793.7 1101.63 935.849 601.624 1413.7 2063.9 841.366 802.967
internal_count=1938225 86699 57910 28789 1851526 36861 21049 20985 10524 2209 278774 10263 241904 17975 1572752 3046 7217 10461 1572278 22297 1549981 496783 343936 152847 143429 72033 123297 18456 89982 87232
is_linear=0
shrinkage=0.05


Tree=58
num_leaves=31
num_cat=0
split_feature=4 1 6 25 7 17 11 6 5 25 15 10 0 11 23 17 4 15 12 6 16 9 6 4 8 0 15 13 6 6
split_gain=651.055 207.04 96.9476 80.0735 40.8778 40.3037 39.5579 49.1183 39.0541 36.5466 34.5074 37.4285 33.0583 31.7758 31.0816 27.3591 26.7455 62.2512 35.5447 45.4362 41.5103 37.7324 29.0062 28.3532 30.1719 33.6076 28.6431 31.706 26.2927 35.1675
threshold=0.0026086957077495758 0.0026086957077495758 -0.14955886453390119 1.0000000180025095e-35 -0.13481364399194715 0.26239129900932318 -0.15849335491657254 -0.094086557626724229 0.21826086938381198 1.0000000180025095e-35 -0.16231538355350492 -0.12849695980548856 0.0026086957077495758 -0.13828099519014356 0.78571429848670971 0.0015217391774058344 0.059999998658895499 -0.15020958334207532 0.053043477237224586 -0.047762239351868623 0.021739130839705471 0.0043478262377902874 -0.038050999864935868 0.079130433499813094 0.035652173683047302 0.026956521905958656 -0.071557432413101182 0.058260869234800346 -0.073889546096324907 -0.062395198270678513
decision_type=2 2 2 2 2 2 2 2 2 2 2 2 2 2 2 2 2 2 2 2 2 2 2 2 2 2 2 2 2 2
left_child=1 3 9 6 13 14 15 -8 -9 -3 -10 -12 -13 -4 16 -1 -2 22 19 20 -19 -20 -18 24 26 -26 -23 -28 -15 -30
right_child=5 2 4 -5 -6 -7 7 8 10 -11 11 12 -14 28 -16 -17 17 18 21 -21 -22 23 -24 -25 25 -27 27 -29 29 -31
leaf_value=0.013356137298393697 -0.0024373958356767832 0.0085900442118544661 0.0019071935028728551 0.029339321433383365 -0.0024128021394106249 -0.032663437839896427 0.024209584283058014 0.013366647718230859 0.052911952514297068 0.021146076070966358 -0.10079416846475138 -0.0039924904287027265 -0.10174271316633186 0.019163380485749851 0.027908091883969824 0.0012743685500487515 -0.023778891042428175 -0.009961139469870461 -0.094688093324065442 0.022919056225325689 -0.041508706433800474 -0.0019370240561242967 0.017779929161883323 -0.0048694451443792135 0.030187847477785038 0.0040606852666028332 0.032998369347339261 -0.077560791919024374 -0.10326043778590357 0.032922195867827998
leaf_weight=1612.3581200829067 40990.433343904369 2529.5318908676854 943.41877191979438 1118.729033479176 3613.8036646952969 112.1358361178136 1386.5253206459456 287.4762513503083 12.20556612825021 752.09307339636143 15.991957342717795 61.720603303401731 9.0768266972154361 521.33309785462916 81.357184940949082 660.69087376829702 599.16617516869155 271.69099004217423 9.992259753867982 63.262560225091875 169.1180810482474 87.943029493559152 44.435842673497973 2339.7163191492727 148.8138518818887 692.27996263233945 7.6653568604961029 28.89655249286443 9.3365719751454908 8.066289308248086
leaf_count=8603 1254285 17975 7217 7804 26598 43392 6128 1339 23 3074 194 414 110 2886 474 4174 101808 15653 184 2358 17781 4467 3676 341683 8822 55729 259 955 134 26
internal_value=-9.64589e-12 0.00962714 0.00477199 0.0175001 0.000455208 -0.00285629 0.0142201 0.0198184 0.00404249 0.0114732 -0.0228973 -0.0340399 -0.0177674 0.00744493 -0.00278217 0.00984652 -0.00283772 -0.00651314 -0.00408626 -0.0164429 -0.022131 -0.00220312 -0.0208864 -0.00189497 0.00530997 0.0087137 -0.0175702 -0.0541202 0.0171209 -0.0417803
internal_weight=59189.3 13542.4 8377.58 5164.77 5095.96 45646.9 4046.05 1773 386.471 3281.62 98.995 86.7894 70.7974 1482.15 45534.8 2273.05 45453.4 4462.98 3819.38 504.072 440.809 3315.31 643.602 3305.32 965.599 841.094 124.505 36.5619 538.736 17.4029
internal_count=1938225 86699 57910 28789 36861 1851526 20985 8208 2080 21049 741 718 524 10263 1808134 12777 1807660 553375 447891 35792 33434 412099 105484 411915 70232 64551 5681 1214 3046 160
is_linear=0
shrinkage=0.05


Tree=59
num_leaves=31
num_cat=0
split_feature=4 1 6 25 4 15 11 7 12 6 16 2 0 3 5 23 3 10 4 2 7 9 9 11 3 9 15 18 23 6
split_gain=620.906 204.042 93.506 72.0919 45.5496 48.6578 42.1386 40.4924 38.8986 38.183 34.3939 34.9478 33.2296 30.4285 30.1132 28.5797 27.8332 27.3622 26.474 22.9427 22.8254 24.8319 28.9646 22.6511 30.8752 22.2429 31.6595 26.6372 22.135 38.7839
threshold=0.0026086957077495758 0.0026086957077495758 -0.14955886453390119 1.0000000180025095e-35 0.059999998658895499 -0.15020958334207532 -0.15849335491657254 -0.13481364399194715 0.056521739810705192 -0.092070430517196641 1.0000000180025095e-35 -0.15963806211948392 0.32260869443416601 -0.13876952975988385 0.13130434602499011 0.78571429848670971 -0.18927826732397077 -0.12611807137727735 1.0000000180025095e-35 -0.19636188447475431 -0.038576727733016007 0.06695652008056642 0.08782608807086946 -0.087180726230144487 -0.096005987375974641 0.0060869567096233377 -0.99999967217445362 0.0085531803779304045 0.5000000149011613 -0.07492100819945334
decision_type=2 2 2 2 2 2 2 2 2 2 2 2 2 2 2 2 2 2 2 2 2 2 2 2 2 2 2 2 2 2
left_child=1 3 10 6 15 -6 18 13 20 -8 11 16 17 -4 -13 -2 25 -10 -1 -12 -7 -22 -23 -11 -25 -3 -27 -28 -9 -30
right_child=4 2 7 -5 5 8 9 28 12 23 19 14 -14 -15 -16 -17 -18 -19 -20 -21 21 22 -24 24 -26 26 27 -29 29 -31
leaf_value=0.014893281132531511 -0.0023158801595875977 0.0022271377307713771 0.003321807482831703 0.028736541982348464 -0.020363466981367956 -0.021269918650949182 0.023692315798816532 -0.0038249166454692382 -0.024811382410503232 0.010808677810569172 -0.063234692341734233 0.023358663657099366 -0.04154486755411288 0.02010441660061308 0.0065636516514134911 0.027168613319443802 0.020383526243786615 -0.0012663524191951631 0.004037760444500659 0.0052212974881763099 0.0033714362783985527 -0.070252789078718472 0.01269291158531826 -0.05248440742197652 0.021657534665480149 -0.13617033444903037 -0.049695768419771164 0.020769817828140302 0.015964907195030555 -0.024618788973500762
leaf_weight=1173.4093440314464 40910.603525102153 339.37872417201288 1116.5158077899832 1090.3449147680949 634.03643398017448 531.7521350561874 1405.1646333641838 3216.1647756989114 127.77584310458042 282.49562578951009 11.371110921725629 1110.9637503913837 53.760703338048188 355.50124903907999 352.47596855368465 81.359619081020355 193.86172727344092 2956.421276311652 1078.3525936045917 1188.6667833924294 224.03123913495801 25.751109371427447 16.911773197818547 34.648029182979371 22.436908230418339 5.4123213784769169 28.532909834757447 23.781140545383096 326.06957564956974 70.858625559136271
leaf_count=6113 1258249 2239 8421 7804 108335 39480 6325 24399 19050 1422 188 5211 27608 1842 2061 474 1030 384653 6664 9669 10149 2502 1026 316 145 156 327 168 1800 399
internal_value=3.59182e-11 0.00944937 0.00463445 0.0173406 -0.0027847 -0.00751879 0.0142251 0.000398457 -0.00544526 0.020058 0.0112511 0.0151785 -0.00293577 0.00738581 0.0193208 -0.0022567 0.00490553 -0.00224953 0.00969875 0.00452052 -0.0152917 -0.00333705 -0.0378351 0.00499392 -0.0234722 -0.00268286 -0.0310955 -0.0178745 -0.00244953 0.00867635
internal_weight=58988.8 13426.4 8339.55 5086.85 45562.4 4570.44 3996.51 5085.11 3936.4 1744.75 3254.44 2054.41 3137.96 1472.02 1463.44 40992 590.967 3084.2 2251.76 1200.04 798.446 266.694 42.6629 339.581 57.0849 397.105 57.7264 52.3141 3613.09 396.928
internal_count=1938225 86699 57910 28789 1851526 592803 20985 36861 484468 8208 21049 11192 431311 10263 7272 1258723 3920 403703 12777 9857 53157 13677 3528 1883 461 2890 651 495 26598 2199
is_linear=0
shrinkage=0.05


Tree=60
num_leaves=31
num_cat=0
split_feature=4 1 6 25 11 6 23 17 8 9 18 14 6 16 2 11 3 18 10 25 26 9 17 13 1 6 4 15 6 6
split_gain=607.185 189.809 83.1994 65.7212 40.2434 36.4175 36.0958 35.0498 34.3477 35.5581 35.4567 39.1321 33.1909 32.0822 31.3168 29.7825 29.6245 29.204 28.128 27.7679 59.7933 34.4202 44.1377 53.121 28.6306 27.5959 25.8733 51.5102 32.6853 28.4681
threshold=0.0026086957077495758 0.0026086957077495758 -0.15280990302562711 1.0000000180025095e-35 -0.15849335491657254 -0.10561111569404601 0.5000000149011613 0.26239129900932318 0.0043478262377902874 0.011304348241537811 0.0063899734523147353 -0.12367209419608115 -0.07492100819945334 1.0000000180025095e-35 -0.15963806211948392 -0.23179712891578672 -0.16891620308160779 0.012861046940088274 -0.12591574341058728 1.0000000180025095e-35 1.0000000180025095e-35 0.0043478262377902874 0.020000000484287742 0.014782608952373268 0.035652173683047302 -0.10519932210445403 0.06695652008056642 -0.14338825643062589 -0.038050999864935868 -0.075852114707231508
decision_type=2 2 2 2 2 2 2 2 2 2 2 2 2 2 2 2 2 2 2 2 2 2 2 2 2 2 2 2 2 2
left_child=1 3 13 4 -1 -6 8 19 10 17 16 15 -8 14 -3 -12 -4 -10 -11 26 21 -21 23 24 -23 -24 -2 28 -28 -29
right_child=7 2 6 -5 5 -7 12 -9 9 18 11 -13 -14 -15 -16 -17 -18 -19 -20 20 -22 22 25 -25 -26 -27 27 29 -30 -31
leaf_value=0.0096508326015262071 -0.0024843691548425855 0.0052115275036905082 -0.014001318410935677 0.028098430627004813 0.025263227010243867 0.010107836126769111 0.013393803448454648 -0.03133376578799215 0.0042765605044378088 -0.021222229470682037 0.023010838300650309 -0.00056447706307002899 -0.020150038241796255 0.0045431240874381695 0.019102417740859023 -0.071004232474555909 0.00011579073943811514 0.022299039545872139 0.00026557505763718988 0.019706148580495929 0.038394212831604463 -0.0028536143514802312 0.022004612938604912 -0.069081252428962903 -0.08440667105503967 -0.0095250693676200756 -0.024656311062933131 -0.0090139942474102754 0.01885582849414456 0.00063821707481126553
leaf_weight=2231.1653049130691 41025.137462988539 573.12762103631394 541.6414064639248 1063.8678337958409 1106.0410912287189 620.63505552877905 775.89227809489239 105.97966766095487 747.34901978354901 172.93938596796943 9.3592102015390974 54.088529772590846 80.592679560184479 1147.6827235843521 1396.2619074634276 57.209768312983215 1179.0835267344955 320.87012506998144 1223.9087034035474 171.67398270964622 123.95966081612278 136.88068473758176 140.20094036706723 48.825533858500421 10.688174488022922 135.63570254287333 504.48956733066007 1583.5807467929262 46.464942762395367 1474.7584079213848
leaf_count=12777 1304919 3808 4236 7804 4868 3340 4410 43392 4247 1968 57 537 472 9513 6950 827 7813 1371 11701 668 713 845 4263 541 93 7354 95717 221318 3783 167920
internal_value=9.9833e-12 0.00939674 0.00474435 0.0170653 0.0140933 0.0198248 0.000849393 -0.00274674 -0.00101574 0.00284326 -0.00618054 -0.0322698 0.0102176 0.0111934 0.0150646 -0.0576413 -0.00433348 0.00970592 -0.00240804 -0.00267932 0.00674247 0.000599031 -0.0063741 -0.0244284 -0.00928874 0.00652229 -0.00284156 -0.00689973 -0.0209592 -0.00436092
internal_weight=58810 13301.7 8280.01 5021.71 3957.84 1726.68 5162.93 45508.3 4306.45 2465.07 1841.38 120.658 856.485 3117.07 1969.39 66.569 1720.72 1068.22 1396.85 45402.3 767.865 643.905 472.231 196.394 147.569 275.837 44634.4 3609.29 550.955 3058.34
internal_count=1938225 86699 57910 28789 20985 8208 37639 1851526 32757 19287 13470 1421 4882 20271 10758 884 12049 5618 13669 1808134 14477 13764 13096 1479 938 11617 1793657 488738 99500 389238
is_linear=0
shrinkage=0.05


Tree=61
num_leaves=31
num_cat=0
split_feature=4 1 6 25 11 23 6 4 25 27 18 1 6 4 16 2 1 6 3 11 0 4 5 15 15 13 10 17 17 6
split_gain=577.026 180.919 78.9121 59.5266 37.8043 36.8755 35.5159 33.2923 40.3871 46.1601 30.6073 41.6962 29.9216 41.0524 29.0637 28.3259 27.9338 27.1657 26.9548 26.1489 35.3624 25.6038 24.7749 24.745 24.5549 40.7666 40.8494 38.8289 32.1603 31.7624
threshold=0.0026086957077495758 0.0026086957077495758 -0.15280990302562711 1.0000000180025095e-35 -0.15849335491657254 0.5000000149011613 -0.10561111569404601 0.18347825855016711 1.0000000180025095e-35 1.0000000180025095e-35 0.010461921337991955 0.039130434393882758 -0.038050999864935868 0.3713043481111527 1.0000000180025095e-35 -0.15963806211948392 0.0026086957077495758 -0.07492100819945334 -0.10878559574484824 -0.13045301288366315 0.026956521905958656 1.0000000180025095e-35 0.13130434602499011 -0.0643317475914955 -0.08208476752042769 0.065217390656471266 -0.11016186699271201 0.043478263542056091 0.068260867148637785 -0.1292556896805763
decision_type=2 2 2 2 2 2 2 2 2 2 2 2 2 2 2 2 2 2 2 2 2 2 2 2 2 2 2 2 2 2
left_child=1 3 14 4 21 10 -6 8 24 16 19 -12 -9 -14 15 -3 -10 -7 -19 -4 -21 -1 -17 -13 28 27 -27 -26 -2 -30
right_child=7 2 5 -5 6 17 -8 12 9 -11 11 23 13 -15 -16 22 -18 18 -20 20 -22 -23 -24 -25 25 26 -28 -29 29 -31
leaf_value=0.014751772116145445 -0.0027930181737305057 0.0052652418221412929 -0.0096313229649827529 0.02738547399092723 0.02493094441109623 0.013258573114321427 0.0099217561482992534 -0.026671719437211989 0.025748014076029686 0.037330622563541541 0.01444742770856316 -0.0028597771820406213 0.019304807540976854 -0.031824353464808185 0.0046122870714273507 0.022261035050812866 -0.001490375873844568 -0.04141047536006702 0.01736304645981785 0.0011810535124106103 -0.0868715951834131 0.0039890702219591177 0.0065424792847319146 0.049682375222268899 0.00090408887068833929 -0.011363915203649761 0.0012840831048633679 0.013545784467203571 -0.016071816122859177 -0.0047875093110701884
leaf_weight=1153.7069853741559 35015.087978068419 569.54707737267017 1253.4610921674175 1038.4451685170061 1090.7417763120029 768.48452863312559 619.96306312608067 269.51645991059195 114.38418831117451 119.55081188341137 624.89480373600964 1063.608373643714 104.55083635923802 61.509246757093933 1139.4706555065932 1054.9082467851695 510.36688940995373 46.540358073776588 32.333569824229926 1323.79602878273 10.501440466381608 1061.6501674710307 330.11781329091173 21.891380550339818 2964.5315591804683 1210.3826604603091 1349.2322827118041 762.99431227124296 897.61755305682891 2042.257625732469
leaf_count=6113 1096312 3808 9288 7804 4868 4410 3340 88680 428 657 3749 9298 18782 21794 9513 5017 11385 347 125 9350 120 6664 1933 952 67611 61664 109557 31096 103736 239824
internal_value=-3.32819e-11 0.00919989 0.00465591 0.016739 0.0139168 0.000860988 0.0195006 -0.00267453 -0.00254112 0.00900175 -0.0010191 0.0041693 -0.0164159 0.000289251 0.0109647 0.0146637 0.00352981 0.0103876 -0.0174011 -0.0044487 0.000423506 0.00959816 0.018522 -0.0017554 -0.00273551 0.000158674 -0.00469896 0.00349468 -0.00321491 -0.00823718
internal_weight=58626 13204.1 8239.56 4964.51 3926.06 5145.51 1710.7 45422 44986.4 744.302 4298.15 1710.39 435.577 166.06 3094.04 1954.57 624.751 847.358 78.8739 2587.76 1334.3 2215.36 1385.03 1085.5 44242.1 6287.14 2559.61 3727.53 37955 2939.88
internal_count=1938225 86699 57910 28789 20985 37639 8208 1851526 1722270 12470 32757 13999 129256 40576 20271 10758 11813 4882 472 18758 9470 12777 6950 10250 1709800 269928 171221 98707 1439872 343560
is_linear=0
shrinkage=0.05


Tree=62
num_leaves=31
num_cat=0
split_feature=4 1 6 25 23 11 6 17 25 27 5 4 17 12 24 16 18 15 2 15 4 6 17 5 5 2 6 13 11 1
split_gain=537.18 176.272 77.8843 55.8341 38.3857 34.8707 41.5839 30.8074 33.0432 40.7542 29.4825 28.1721 26.2693 30.3745 36.8705 26.2609 26.1779 25.4421 24.694 23.5803 39.3791 61.5151 26.0296 23.2663 28.8742 23.1075 36.0989 35.4921 25.4059 23.357
threshold=0.0026086957077495758 0.0026086957077495758 -0.15280990302562711 1.0000000180025095e-35 0.5000000149011613 -0.18050115555524823 -0.082275781780481325 0.26239129900932318 1.0000000180025095e-35 1.0000000180025095e-35 0.0026086957077495758 0.0060869567096233377 0.0052173917647451171 0.023478261195123199 1.0000000180025095e-35 1.0000000180025095e-35 0.00086956526502035569 -0.093740776181220994 -0.1584832891821861 -0.076311148703098283 0.1086956523358822 -0.038050999864935868 0.0015217391774058344 0.1278260871767998 0.016521738842129711 -0.13730709999799726 -0.085303828120231615 0.040869565680623061 -0.13045301288366315 0.040869565680623061
decision_type=2 2 2 2 2 2 2 2 2 2 2 2 2 2 2 2 2 2 2 2 2 2 2 2 2 2 2 2 2 2
left_child=1 3 15 5 10 -1 -7 8 19 11 -4 -10 -13 14 23 18 -16 -8 -3 20 -2 -22 -21 24 -14 28 27 29 -12 -27
right_child=7 2 4 -5 -6 6 17 -9 9 -11 25 12 13 -15 16 -17 -18 -19 -20 22 21 -23 -24 -25 -26 26 -28 -29 -30 -31
leaf_value=0.0084720500800568085 -0.0028760988696004586 0.0058707661917636669 0.032387384361720749 0.026866206475537582 0.010459664845227283 0.020202924402657099 0.0095656515651511807 -0.030241113886021888 0.01956355536976093 0.034162687934032321 -0.010870025251654378 0.037969052278722687 -0.052688480041094311 0.0070508245455555441 0.032998071570180539 0.0046856064215214915 -0.051848188775673168 -0.027890486531088051 0.018079114405134676 -0.091875747469472635 -0.020163161639012522 0.023007423395766596 0.00080235823742609764 -0.0306307108386937 0.025414997320879946 0.013664699850118117 -0.0080633813017121411 -0.047692057532907145 -0.00013437286698544002 0.00076295675543294446
leaf_weight=1762.8554197858321 39018.574266909171 602.93972039542859 63.27514841966331 1012.8905322189094 838.71170561155304 1933.4778266519716 123.89850182668306 99.447152728549554 177.90810085856356 122.02843684807885 1057.1768201628001 33.804081819020212 13.14326409390196 198.77038787666243 9.4736426873132569 1132.0022300203564 85.903279043501243 70.198926826706156 1331.4249925289769 6.5885385824367395 636.44009507237934 93.938403772219317 4694.4433503185282 46.35467426571995 72.488029411295429 741.15969328396022 612.1509298265446 28.685840740334243 1150.0290974616655 665.48284517286811
leaf_count=10461 1380647 4020 303 7804 4882 9371 596 43392 806 674 7998 112 207 10882 58 9513 977 557 6738 104 146752 8285 257869 343 418 4314 7044 615 7764 4719
internal_value=-6.56505e-12 0.00890622 0.00443106 0.0164088 0.000678168 0.0136799 0.0179891 -0.00258032 -0.00251881 0.00781328 -0.00122375 0.0027267 -0.00381427 -0.00720997 -0.0196536 0.01074 -0.0431656 -0.00405458 0.0142788 -0.00269561 -0.00309164 -0.0145869 0.000652957 -0.0024664 0.0129573 -0.0017311 0.00209426 0.00642897 -0.00527898 0.00756576
internal_weight=58435.7 13126.4 8223.04 4903.32 5156.67 3890.43 2127.58 45309.3 45209.9 759.874 4317.96 637.845 459.937 426.133 227.363 3066.37 95.3769 194.097 1934.36 44450 39749 730.378 4701.03 131.986 85.6313 4254.69 2047.48 1435.33 2207.21 1406.64
internal_count=1938225 86699 57910 28789 37639 20985 10524 1851526 1808134 14477 32757 13803 12997 12885 2003 20271 1035 1153 10758 1793657 1535684 155037 257973 968 625 32454 16692 9648 15762 9033
is_linear=0
shrinkage=0.05


Tree=63
num_leaves=31
num_cat=0
split_feature=4 1 7 23 11 11 6 6 6 23 25 14 15 6 18 16 9 16 2 12 13 6 15 15 18 7 4 13 5 4
split_gain=515.586 165.226 73.0426 53.1408 38.7296 38.4449 38.3755 35.9735 35.4119 28.8662 28.5869 43.5799 29.659 27.8818 27.847 33.9868 32.7663 27.9467 27.2511 33.407 45.8182 26.7021 25.7185 24.8369 30.0329 31.162 23.4709 23.4546 23.0649 59.4364
threshold=0.0026086957077495758 0.0026086957077495758 -0.13481364399194715 0.6428571641445161 -0.13884916901588437 -0.15849335491657254 -0.082275781780481325 -0.28127701580524439 -0.081508401781320558 0.5000000149011613 1.0000000180025095e-35 -0.12150349467992781 -0.097996547818183885 -0.07492100819945334 0.051666919142007835 0.044347826391458518 0.093043476343154921 0.011304348241537811 -0.12472876533865927 0.042608696967363364 0.12434782832860948 -0.31962072849273676 -0.093740776181220994 -0.054430656135082238 0.038897858932614333 -0.024865203537046906 1.0000000180025095e-35 0.093043476343154921 0.046086955815553672 0.030434782616794113
decision_type=2 2 2 2 2 2 2 2 2 2 2 2 2 2 2 2 2 2 2 2 2 2 2 2 2 2 2 2 2 2
left_child=1 3 4 5 -3 26 -7 -4 -6 -9 14 21 -13 -11 23 16 17 -16 -18 20 -20 -12 -8 28 -25 -26 -1 -17 29 -2
right_child=10 2 7 -5 8 6 22 9 -10 13 11 12 -14 -15 15 27 18 -19 19 -21 -22 -23 -24 24 25 -27 -28 -29 -30 -31
leaf_value=0.014036513215702654 0.0017864217168057914 0.0071614638839768681 0.030387080700515184 0.028265167630423412 0.023266832982808187 0.021659197672042694 0.012679895839310033 -0.0019939584115062155 -0.022576134015015431 0.015878222655483897 -0.032194438391545198 0.0033146231247515989 -0.028566547886185373 -0.018917624997459415 -0.0027064884975477477 -0.035216108256593805 -0.023427591206390718 -0.018383912248550464 -0.00011128077824157214 0.012212712709533275 -0.056660426638824701 0.020291451225336935 -0.024004975736484122 0.013893593050403477 -0.037237458696007288 0.020319246734076361 0.0037401263450482268 -0.0098273824527172326 -0.0031594429881535643 -0.0079563922728377243
leaf_weight=1231.8616692245123 7223.450884605234 3040.3234498525271 94.946725936839357 755.68819015254849 644.47715344658354 1651.1644241706526 122.11047458369285 3874.7242196322186 44.290422711404972 410.89972932316596 24.843604806112126 237.23342915813555 104.23367521514592 66.061069726012647 541.00904047547374 173.88760703668231 93.097761971439468 598.9343057811202 201.73220001871232 522.36538434660179 42.554544641869143 417.58029796427581 77.08016785106156 438.8823236253811 63.616496516013285 36.17073432484176 1006.1335030130576 191.84449849171506 32354.229461798532 1997.4113819760532
leaf_count=6929 195849 21818 502 6191 3441 8079 611 29129 344 2277 306 7448 13303 399 13063 32767 25695 59967 7581 50777 1845 2647 619 46351 10114 2110 6360 53148 1053172 275383
internal_value=1.62182e-11 0.00876802 0.0044315 0.0160847 0.0095912 0.0138269 0.0191596 0.000103225 0.0202905 -0.000564349 -0.00252223 0.00693736 -0.00647218 0.0110294 -0.00268909 -0.00796697 -0.00539775 -0.0109524 0.00197136 0.00508216 -0.0101529 0.0172782 -0.00156493 -0.00239246 0.00826556 -0.0163798 0.00941131 -0.0219616 -0.00253075 -0.000324688
internal_weight=58282.8 13019.8 8175.72 4844.04 3729.09 4088.35 1850.36 4446.63 688.768 4351.69 45263.1 783.891 341.467 476.961 44479.2 2365.43 1999.69 1139.94 859.75 766.652 244.287 442.424 199.191 42113.8 538.67 99.7872 2238 365.732 41575.1 9220.86
internal_count=1938225 86699 57910 28789 25603 22598 9309 32307 3785 31805 1851526 23704 20751 2676 1827822 244843 158928 73030 85898 60203 9426 2953 1230 1582979 58575 12224 13289 85915 1524404 471232
is_linear=0
shrinkage=0.05


Tree=64
num_leaves=31
num_cat=0
split_feature=4 1 7 23 11 6 11 5 23 6 25 26 10 6 18 16 13 9 6 9 13 4 4 5 5 6 18 12 4 17
split_gain=487.032 156.547 72.7255 51.0102 37.6941 39.5786 37.0832 32.3836 32.378 31.9773 30.9837 38.7184 28.5951 27.7051 25.5543 47.914 42.9286 41.1013 36.7624 35.8446 36.2563 31.2591 45.903 28.8483 28.7893 27.4275 27.425 26.9457 24.7914 24.1356
threshold=0.0026086957077495758 0.0026086957077495758 -0.13481364399194715 0.6428571641445161 -0.15685369819402692 -0.09129480272531508 -0.13884916901588437 0.21826086938381198 0.5000000149011613 -0.081508401781320558 1.0000000180025095e-35 1.0000000180025095e-35 -0.13089676946401593 -0.24878873676061627 0.013659372460097076 0.026956521905958656 0.068695649504661574 0.070434782654047026 -0.12862455844879148 0.025217391550540928 0.0095652174204587954 0.046086955815553672 0.026956521905958656 0.086086958646774306 0.020000000484287742 -0.038050999864935868 0.01016871025785804 0.021739130839705471 0.01304347859695554 0.18434783071279529
decision_type=2 2 2 2 2 2 2 2 2 2 2 2 2 2 2 2 2 2 2 2 2 2 2 2 2 2 2 2 2 2
left_child=1 3 6 4 -1 -6 -3 -7 13 -8 14 12 -12 -4 16 19 -2 18 -17 -16 23 22 26 -21 -20 -26 27 -18 -13 -19
right_child=10 2 8 -5 5 7 9 -9 -10 -11 11 28 -14 -15 15 17 21 29 24 20 -22 -23 -24 -25 25 -27 -28 -29 -30 -31
leaf_value=0.0092365620970829912 -0.0022399368617118326 0.007124970865778949 0.020246464020425885 0.027813242016013824 0.022643984150743021 0.013047194199663065 0.022882734132796539 -0.021140027178335279 0.012252718894588961 -0.020820329156120362 0.02109422025932052 0.043815314887300158 -0.0033299457800834696 -0.0022762253180181003 -0.0068499131555866651 -0.026191057524433362 -0.00036787546424443785 -0.0037097719618858684 -0.03421844769103647 0.0017003586989227813 0.00057251723642238268 0.0019557346502990678 0.023654345988897249 -0.047464936171110923 -0.0099791723598727528 0.018202217710076712 0.037675023532604109 -0.092738887395133043 -0.011740086431269225 -0.02359661327494729
leaf_weight=2270.9772348943516 29057.339034279023 3023.4535436809529 140.60545796575025 737.92592420462461 1432.0092078783782 257.82367137022084 637.60421260626754 93.605683436442632 481.05202299071243 44.032170060556382 156.76100156863686 100.08477523713373 497.70761239617423 3819.0086883057375 2789.6448937000241 468.09518532770744 13.629171983804556 2972.9713278314885 113.19563122940599 51.177600426482968 5869.6810767673014 1076.917000765854 373.37557900790125 70.323936440749094 1263.8506192943751 91.756996730022365 10.130703264148904 17.791856354102492 24.601775279385038 159.88256268370606
leaf_count=13519 748621 21818 801 6191 7009 1319 3441 751 2712 344 1383 314 21586 28794 70104 63174 383 324313 21398 554 281892 117144 22742 939 105460 4828 445 360 421 65465
internal_value=3.47428e-11 0.00855284 0.00433336 0.0157225 0.0135156 0.0189561 0.00950451 0.00390704 1.76189e-05 0.0200333 -0.00244945 0.00742887 0.00254349 -0.00147154 -0.00262297 -0.00440439 -0.00181517 -0.00827422 -0.0139984 -0.0021694 1.07474e-05 0.0064541 0.0180965 -0.0269112 -0.0100975 -0.00805965 -0.0312271 -0.0539193 0.0328475 -0.00473189
internal_weight=58117 12938.1 8145.76 4792.34 4054.42 1783.44 3705.09 351.429 4440.67 681.636 45178.9 779.155 654.469 3959.61 44399.8 13850.6 30549.2 5069.75 1936.9 8780.83 5991.18 1491.84 414.927 121.502 1468.8 1355.61 41.5517 31.421 124.687 3132.85
internal_count=1938225 86699 57910 28789 22598 9079 25603 2070 32307 3785 1851526 23704 22969 29595 1827822 938127 889695 584638 194860 353489 283385 141074 23930 1493 131686 110288 1188 743 735 389778
is_linear=0
shrinkage=0.05


Tree=65
num_leaves=31
num_cat=0
split_feature=4 1 7 25 11 4 12 17 7 18 11 6 5 17 10 6 6 5 25 26 9 5 16 12 5 14 13 17 13 2
split_gain=466.874 146.327 70.7187 47.5961 36.7792 34.8926 40.7316 43.4273 35.3103 67.2102 33.3344 36.2233 32.0803 31.6069 31.1566 28.5775 27.7225 27.7191 26.4888 34.9348 29.1492 28.572 26.0949 25.285 64.0488 26.2115 40.0523 24.3201 24.1898 29.851
threshold=0.0026086957077495758 0.0026086957077495758 -0.13481364399194715 1.0000000180025095e-35 -0.13884916901588437 0.037391304969787605 0.042608696967363364 0.042608698830008514 -0.098340418189764009 0.030731472186744217 -0.15685369819402692 -0.094086557626724229 0.21826086938381198 0.044782610610127456 -0.12004310265183447 -0.14955886453390119 -0.081508401781320558 0.2286956533789635 1.0000000180025095e-35 1.0000000180025095e-35 0.0043478262377902874 0.011304348241537811 0.018260869197547439 0.028695652261376384 0.11391304433345796 -0.11198547109961508 0.093043476343154921 0.0015217391774058344 0.032173912972211845 -0.11792452633380889
decision_type=2 2 2 2 2 2 2 2 2 2 2 2 2 2 2 2 2 2 2 2 2 2 2 2 2 2 2 2 2 2
left_child=1 3 4 10 -3 18 13 -8 9 14 27 -12 -13 23 -9 17 -6 -4 28 20 -20 -22 -10 24 -7 26 -25 -1 29 -2
right_child=5 2 15 -5 16 6 7 8 22 -11 11 12 -14 -15 -16 -17 -18 -19 19 -21 21 -23 -24 25 -26 -27 -28 -29 -30 -31
leaf_value=0.01222892231991469 -0.0018008958055796094 0.0070752549993058182 0.018525296495572833 0.025389358188919599 0.022658849645485885 -0.051560729335357394 0.0080607662112011005 -0.018302752719127589 0.0089154658812558418 -0.024077032662556598 0.022459266938534759 0.013047255329995233 -0.021174500264608972 -0.022116396382768432 -0.0018946067822137231 -0.0019078147350249999 -0.018325907725145318 0.00040064504146908417 0.020305368969849594 0.033253236472193595 -0.052136762120231328 -0.00082869908257725798 -0.0027737648620090177 -0.0033112381834323082 -0.007664921493240634 -0.022671472673912361 -0.056760882949233663 0.000630894102519856 0.001164700308748964 -0.0069941459071758156
leaf_weight=1559.9605679498636 24041.262041332549 3004.789806950721 371.12483272433747 950.89025682141073 630.70313271344639 109.364875594154 821.71322509116726 344.53251651022583 540.18728356162319 556.11801203274808 1231.8675652290112 271.39900818106253 90.509897126699798 422.57617508701514 1780.1557575919578 3563.4611992212012 43.415276688057929 487.15285458334256 164.43731131555978 115.66558920126408 28.597254945663735 326.41993459302466 4053.6790186106664 2331.6651854802622 338.3082819718984 206.07427094416926 34.589928928762674 636.38699843594804 5774.1548695709353 3126.2364089173207
leaf_count=8756 447278 21818 2184 7804 3441 9763 42949 46202 31678 145743 5929 1334 739 30464 241149 26598 344 3525 661 494 571 2995 341294 113810 14211 13674 2623 4227 270195 95772
internal_value=1.70747e-11 0.00841103 0.00432695 0.0153868 0.00944764 -0.00239423 -0.0047661 -0.0028284 -0.00405933 -0.00861827 0.0128713 0.018376 0.00445396 -0.00932113 -0.00456266 6.53367e-05 0.0199961 0.0082503 -0.001579 0.00852722 0.00296823 -0.00509649 -0.0013976 -0.00752402 -0.0184795 -0.00561094 -0.00411621 0.00887023 -0.0017741 -0.00239873
internal_weight=57957.4 12841.7 8100.65 4741.01 3678.91 45115.7 11539 8096.39 7274.67 2680.81 3790.12 1593.78 361.909 3442.58 2124.69 4421.74 674.118 858.278 33576.8 635.12 519.455 355.017 4593.87 3020 447.673 2572.33 2366.26 2196.35 32941.7 27167.5
internal_count=1938225 86699 57910 28789 25603 1851526 1033560 849015 806066 433094 20985 8002 2073 184545 287351 32307 3785 5709 817966 4721 4227 3566 372972 154081 23974 130107 116433 12983 813245 543050
is_linear=0
shrinkage=0.05


Tree=66
num_leaves=31
num_cat=0
split_feature=4 1 23 25 6 4 7 5 4 5 25 7 26 9 12 15 3 5 7 8 17 18 5 13 2 6 6 6 11 2
split_gain=446.523 137.983 57.1109 54.0573 60.74 40.1158 46.2824 34.4191 32.5834 43.8256 39.692 34.3683 32.638 31.7138 30.1027 29.8168 34.4046 72.5384 30.6877 29.1603 33.4063 32.6929 31.8271 29.0555 27.9814 28.5206 26.5074 26.1181 29.2099 25.7791
threshold=0.0026086957077495758 0.0060869567096233377 0.78571429848670971 1.0000000180025095e-35 -0.08416330441832541 1.0000000180025095e-35 -0.043091885745525353 0.011304348241537811 0.018260869197547439 0.0095652174204587954 1.0000000180025095e-35 -0.18424488604068753 1.0000000180025095e-35 0.025217391550540928 0.014782608952373268 -0.18843276053667066 -0.17515320330858228 0.061739129945635803 -0.30233889818191523 0.070434782654047026 0.068695653229951872 0.041347803547978408 0.29826086759567266 1.0000000180025095e-35 -0.14314348250627515 -0.090854894369840608 -0.09997439011931418 -0.080296076834201799 -0.13711694628000257 -0.17204444110393521
decision_type=2 2 2 2 2 2 2 2 2 2 2 2 2 2 2 2 2 2 2 2 2 2 2 2 2 2 2 2 2 2
left_child=1 2 5 7 -5 6 -1 -3 10 11 -2 -10 27 -13 23 24 17 26 -18 21 -21 29 -23 -6 -11 -26 -17 28 -12 -20
right_child=8 3 -4 4 14 -7 -8 -9 9 15 12 13 -14 -15 -16 16 18 -19 19 20 -22 22 -24 -25 25 -27 -28 -29 -30 -31
leaf_value=0.017439133132276737 -0.0013127120422835757 0.011833601516677538 0.034044141876009598 0.016501465311585643 0.005953547942791639 0.0077390325995220256 -0.0030856063053518127 -0.0010987370202175746 -0.021497618755632053 -0.0026179759257927192 -0.0015450090705114211 -0.027730699013976502 0.038127107376611936 0.01221722511182629 0.026807652010893437 0.019928785276513834 -0.034658675867097859 -0.0030074177903421568 -0.026624700890966059 0.029588241036822227 0.00063776491198385148 -0.037645096678053006 -0.0069681706916608094 -0.049593786229908128 -0.018638786541581565 -0.0012036386306217683 -0.0018528189766050382 -0.040749797819979658 0.027567603756640247 -0.0035513128743807475
leaf_weight=3256.6008064833877 22154.986192513781 583.70507540786639 312.34889223330538 1036.5357020345982 34.766494080657139 2844.9834043892915 299.65267742954893 4284.1332587848301 586.84898297522159 1002.548477298129 217.79008746601176 68.3887318050256 101.86216330132447 173.94034713361179 27.255267492495477 631.7556041192729 77.407593177078525 1721.2584622660652 121.13758940598927 103.46496080467477 2161.0358140517055 139.2793970342027 214.29753071407322 70.659088623942807 871.69941248829127 320.96822235338914 179.03855578423827 26.332756699062884 141.45132729038596 14007.060341985838
leaf_count=18678 371781 4084 2712 4605 167 17620 2187 35906 132467 72788 1588 3473 370 40060 95 41788 16611 98960 5578 3621 261152 11569 14140 645 123990 30657 11609 180 578 608566
internal_value=4.7903e-13 0.00825958 0.0131914 0.0027738 0.0124228 0.0121687 0.0157093 0.000454099 -0.00233929 -0.00369221 -0.00100194 -0.0149658 0.013097 0.000875718 -0.0193255 -0.00325778 -0.00263116 0.00280173 -0.00344896 -0.00330263 0.00197299 -0.00412766 -0.0191244 -0.031392 -0.00877913 -0.0139516 0.0151226 0.00640292 0.00996279 -0.00375102
internal_weight=57773.2 12750.6 6713.59 6037.05 1169.22 6401.24 3556.25 4867.84 45022.6 22380.1 22642.4 829.178 487.436 242.329 132.681 21551 19355.7 2532.05 16823.7 16746.3 2264.5 14481.8 353.577 105.426 2195.22 1192.67 810.794 385.574 359.241 14128.2
internal_count=1938225 86699 41197 45502 5512 38485 20865 39990 1851526 1477029 374497 176000 2716 43533 907 1301029 1073594 152357 921237 904626 264773 639853 25709 812 227435 154647 53397 2346 2166 614144
is_linear=0
shrinkage=0.05


Tree=67
num_leaves=31
num_cat=0
split_feature=4 5 4 1 25 1 5 2 6 25 15 11 6 15 15 4 6 3 17 13 5 6 11 15 8 6 9 13 6 26
split_gain=418.448 117.368 90.1358 75.1972 43.7098 41.5892 33.7371 32.7013 47.8537 32.5892 30.1802 27.3423 35.5742 27.252 26.317 28.4952 24.9337 26.6115 24.8318 23.7624 23.4111 45.8214 25.1342 23.4316 23.3176 23.8375 25.2427 26.4699 22.9049 22.6179
threshold=1.0000000180025095e-35 0.035652173683047302 0.0043478262377902874 0.0026086957077495758 1.0000000180025095e-35 0.0026086957077495758 1.0000000180025095e-35 -0.13447257131338117 -0.1064515672624111 1.0000000180025095e-35 -0.20790250599384305 -0.12725027650594709 -0.15747509896755216 -0.19302906095981595 -0.99999967217445362 0.046086955815553672 -0.086075685918331132 -0.16891620308160779 0.18434783071279529 0.0095652174204587954 0.34347826242446905 -0.092496108263730989 -0.080396477133035646 -0.091964699327945695 0.0026086957077495758 -0.2223369628190994 0.054782608523964889 0.058260869234800346 -0.059000279754400246 1.0000000180025095e-35
decision_type=2 2 2 2 2 2 2 2 2 2 2 2 2 2 2 2 2 2 2 2 2 2 2 2 2 2 2 2 2 2
left_child=1 6 3 -2 -5 28 -1 9 19 11 14 12 -7 -10 24 -16 17 -8 -12 -9 22 23 -13 -22 -4 26 -26 -28 -3 -6
right_child=2 5 10 4 29 7 16 8 13 -11 18 20 -14 -15 15 -17 -18 -19 -20 -21 21 -23 -24 -25 25 -27 27 -29 -30 -31
leaf_value=0.031112825987309096 0.0087348276646728659 0.014624704729078432 -0.046319317742155988 -0.0011059403889162255 0.010105241285272147 0.00038028381708538848 0.014916329695541963 0.026329328579918293 0.03080214081943998 0.0091450398238309607 -0.0020187690173183166 0.010804683034958925 -0.021699509896762267 -0.0073664412532662496 -0.0061038156629652082 -0.01983512427370757 -0.0064723079026173403 0.028099389396589076 -0.018068732239966991 0.0056168030179062555 -0.060031468387775545 0.021594804328816775 -0.04202069768903624 0.03031311899430757 0.021007115266534107 -0.026130608125771893 -0.059603731963101939 0.0041210600528093664 -0.037362236583239054 0.041442038515781099
leaf_weight=523.58051737578353 3338.4533755087759 1269.2750600937143 19.509175454732031 7040.4775484389975 215.56034485367127 332.56988663371885 1559.5562539447565 393.63079471769743 52.306857853429392 543.45157189446036 34668.738107701021 418.63865820766659 402.98086720262654 380.43612979981117 4276.8237288297678 413.76645408115292 107.48475166031858 509.56915827936609 241.69576832142775 214.33760990411974 49.323266599094495 40.186153914779425 22.819714286364615 7.7421457010786972 255.50600216694875 43.685069803614169 19.216567552124616 83.47074570984114 20.619383035344072 78.086967672221363
leaf_count=3751 19378 7435 339 64660 1044 2347 10013 1694 229 2883 1424272 2284 3399 4040 196302 74578 716 2316 93188 1414 447 307 240 66 10673 3477 1256 5057 182 238
internal_value=-1.12403e-11 0.0115996 -0.00156721 0.00251537 -0.000316496 0.0063162 0.0197111 0.00295104 0.0100143 -0.00109623 -0.00265593 -0.00546772 -0.0117295 -0.00269252 -0.00624373 -0.00731905 0.0169554 0.018175 -0.0021304 0.0190484 0.0030879 -0.0189979 0.00798525 -0.0474633 0.00571503 0.00834974 0.012616 -0.00826402 0.0137654 0.0185507
internal_weight=57543.5 6848.51 50695 10672.6 7334.12 4148.32 2700.19 2858.42 1040.71 1817.71 40022.4 1274.26 735.551 432.743 5111.98 4690.59 2176.61 2069.13 34910.4 607.968 538.71 97.2516 441.458 57.0654 421.388 401.878 358.193 102.687 1289.89 293.647
internal_count=1938225 43763 1894462 85320 65942 26967 16796 19350 7377 11973 1809142 9090 5746 4269 291682 270880 13045 12329 1517460 3108 3344 820 2524 513 20802 20463 16986 6313 7617 1282
is_linear=0
shrinkage=0.05


Tree=68
num_leaves=31
num_cat=0
split_feature=4 5 17 1 25 26 2 6 5 6 4 6 27 18 16 5 6 9 4 0 1 9 18 6 6 10 6 1 10 18
split_gain=412.278 103.601 80.3374 35.0245 34.0542 41.5106 31.8511 34.433 30.8821 30.1334 29.3488 27.9169 26.214 25.9672 26.0359 43.9721 28.9797 27.4494 26.9521 25.9075 24.2339 23.4866 26.0827 34.2271 23.4067 31.434 23.1868 27.2761 41.3212 23.0376
threshold=1.0000000180025095e-35 0.035652173683047302 0.0023913043551146988 0.0043478262377902874 1.0000000180025095e-35 1.0000000180025095e-35 -0.13380394876003263 -0.1064515672624111 0.0026086957077495758 -0.059000279754400246 0.01304347859695554 -0.019159969873726364 1.0000000180025095e-35 0.018921782262623314 0.011304348241537811 0.014782608952373268 -0.10076437518000601 0.042608696967363364 0.10000000149011613 1.0000000180025095e-35 0.0078260868322104233 0.072173915803432478 0.04408275522291661 -0.11909969896078108 -0.067763697355985628 -0.12205239757895468 -0.086075685918331132 0.011304348241537811 -0.12029745802283286 0.058056095615029342
decision_type=2 2 2 2 2 2 2 2 2 2 2 2 2 2 2 2 2 2 2 2 2 2 2 2 2 2 2 2 2 2
left_child=1 8 19 9 13 11 -5 -8 -1 -3 -7 -6 -12 -4 21 -16 17 -17 29 20 -2 -15 23 -23 -21 -26 -10 -28 -29 -19
right_child=2 3 4 6 5 10 7 -9 26 -11 12 -13 -14 14 15 16 -18 18 -20 24 -22 22 -24 -25 25 -27 27 28 -30 -31
leaf_value=0.027412940214863436 0.010047965991749602 0.01317044775825111 -0.0016572963680423333 -0.0017741845573290315 0.0039715033454014925 0.040431025287190885 0.017694506931882317 -0.0013922301384272978 0.017031987115266552 -0.037921983130543013 -0.067614872234672233 -0.063279748836108998 0.030158961917285822 -0.0027614196284315301 -0.02228273537931057 -0.017902590654302965 -0.0027185418177324392 -0.0012387894232909103 -0.02693684571633 0.0021442648534451803 -0.021357515334505979 -0.044550874233805438 0.0019596384785089413 0.035081280016971576 -0.058873623127401881 0.0069663688320270468 0.013460477392853774 -0.11541574641860762 -0.0058634125180613977 -0.015543530827202135
leaf_weight=810.52192222289159 2022.0868823703495 1611.0278231888078 34740.093610930038 1487.6300521694939 734.60000638492056 130.21484471065924 573.79359396209475 401.00693126162514 1753.0359486750385 28.444288963510189 12.280477981083095 14.763637438067233 13.302973512094468 3389.6904648295022 403.76347113779048 705.5439101816155 4100.3072712899448 1271.2511923798302 143.58464664773783 1862.7673288634396 62.438635517610237 14.224518094444646 411.33687286515487 127.00787936476991 36.20944824302569 34.982114627026021 60.947325705841649 11.39165672007948 28.566933972062543 360.57245062473521
leaf_count=5600 11357 9400 1091746 10256 17778 452 2976 4087 10514 248 306 5666 115 67763 118582 56092 322681 87946 32379 13091 611 841 13847 5222 448 217 339 148 195 47322
internal_value=-2.56598e-11 0.0115903 -0.00155036 0.00660129 -0.00213566 0.00746277 0.00282935 0.00984935 0.0192654 0.0122614 0.0308585 0.00256398 -0.0175521 -0.00232606 -0.00445187 -0.00628521 -0.00530051 -0.00956496 -0.00624339 0.00523187 0.00909748 -0.00120273 0.00834664 0.0268041 0.00106277 -0.0268728 0.0156905 -0.00755319 -0.0391506 -0.00440719
internal_weight=57357.4 6766.37 50591 4101.9 46572.5 905.162 2462.43 974.801 2664.46 1639.47 155.798 749.364 25.5835 45667.4 10927.3 6985.02 6581.26 2480.95 1775.41 4018.48 2084.53 3942.26 552.569 141.232 1933.96 71.1916 1853.94 100.906 39.9586 1631.82
internal_count=1938225 43763 1894462 26967 1868738 24317 17319 7063 16796 9648 873 23444 421 1844421 752675 665002 546420 223739 167647 25724 11968 87673 19910 6063 13756 665 11196 682 343 135268
is_linear=0
shrinkage=0.05


Tree=69
num_leaves=31
num_cat=0
split_feature=4 5 4 1 25 7 5 18 13 11 25 6 6 5 15 1 7 4 8 5 15 4 0 16 12 6 12 6 4 6
split_gain=392.109 99.2103 71.4881 70.3006 42.2157 34.442 32.8001 32.5266 41.8052 35.6078 38.8256 32.9188 30.7591 48.2238 30.6317 30.6498 28.4273 27.0638 28.2579 34.7928 28.6375 50.6527 38.0006 28.2829 27.1003 26.6237 39.1507 29.1585 27.4526 40.9513
threshold=1.0000000180025095e-35 0.051304347813129432 0.0043478262377902874 0.0078260868322104233 1.0000000180025095e-35 -0.043091885745525353 0.0026086957077495758 0.022575226612389091 0.0043478262377902874 -0.094774596393108354 1.0000000180025095e-35 -0.023132245987653729 -0.11967268213629721 0.037391304969787605 -0.15673509240150449 0.0026086957077495758 -0.088189326226711259 0.19217391312122348 0.054782608523964889 0.016521738842129711 -0.083950210362672792 0.01304347859695554 0.091304346919059767 0.028695652261376384 0.030434782616794113 -0.081915594637393938 0.0095652174204587954 -0.083014540374279008 0.020000000484287742 -0.096440341323614107
decision_type=2 2 2 2 2 2 2 2 2 2 2 2 2 2 2 2 2 2 2 2 2 2 2 2 2 2 2 2 2 2
left_child=1 6 3 12 -5 -3 -1 8 9 10 25 17 14 -14 -2 -16 -8 18 20 -20 -9 22 -22 -21 -23 27 -27 28 -4 -30
right_child=2 5 7 4 -6 -7 16 11 -10 -11 -12 -13 13 -15 15 -17 -18 -19 19 23 21 24 -24 -25 -26 26 -28 -29 29 -31
leaf_value=0.026729215399620299 0.005591667998636903 0.0084093875480665669 -0.0066347238155345422 -0.0031218461067341174 0.020209136825193961 -0.003195388553585143 0.015322216193778992 -0.0066506159998130287 -0.00099928805452963719 0.0074592694329888576 0.023465412497385964 0.00636595106572636 0.014402946312028438 -0.0034197027426690224 0.022247906293029179 0.00554895885145617 -0.060258820824289683 -0.022813110135885054 -0.019145629955056635 0.0032715065048059102 -0.021084009156045604 0.012048309871812574 -0.074275868169023276 -0.0053778402912217603 -0.016578837567341385 -0.032988165076166531 0.0033256987853430178 0.032464703407656635 -0.018719367686138168 -0.10106303736071016
leaf_weight=795.1340330594976 2460.3252951783361 2817.1213979023887 3809.8716076181736 4800.544015504769 201.05458073480986 826.41724842853728 2257.7316917903663 2270.0706337606534 26984.965270670931 443.62280396884307 98.739033903926611 557.43366882755072 504.9128630264895 1518.4690525127808 679.92503546108492 462.11616941785906 11.549101041164247 237.10620454294258 308.81245982097607 1633.0462503438466 74.972483184188604 99.398086963221431 61.5350390849635 2241.0529004467098 472.53387807263061 233.02547014830634 108.4454440199188 45.424148296471685 112.27331257011974 16.596973905572668
leaf_count=5600 19308 17645 31450 47742 869 6609 13789 104477 1119548 4744 387 37628 2705 8739 3167 2790 120 76149 74274 86704 1466 3709 1198 238799 22929 2415 1025 205 1773 262
internal_value=-7.51179e-11 0.0113561 -0.00151054 0.0021326 -0.00218013 0.00577707 0.0179854 -0.00248314 -0.00176875 -0.00603304 -0.00738726 -0.00534272 0.00596657 0.00103266 0.0087368 0.0155016 0.0149112 -0.00622564 -0.00567334 -0.00302185 -0.00939473 -0.018166 -0.0454277 -0.00173198 -0.0115913 -0.00809678 -0.0214795 -0.00694469 -0.00740731 -0.0300208
internal_weight=57144.2 6707.95 50436.3 10627.3 5001.6 3643.54 3064.41 39808.9 31853 4868 4424.38 7955.96 5625.75 2023.38 3602.37 1142.04 2269.28 7398.53 7161.42 4182.91 2978.51 708.439 136.508 3874.1 571.932 4325.64 341.471 3984.17 3938.74 128.87
internal_count=1938225 43763 1894462 85320 48611 24254 19509 1809142 1161809 42261 37517 647333 36709 11444 25265 5957 13909 609705 533556 399777 133779 29302 2664 325503 26638 37130 3440 33690 33485 2035
is_linear=0
shrinkage=0.05


Tree=70
num_leaves=31
num_cat=0
split_feature=4 1 6 23 11 6 5 4 15 13 9 17 25 26 9 3 11 5 2 11 17 24 18 5 2 18 2 7 1 17
split_gain=367.713 107.664 63.3482 39.288 34.0927 31.2233 28.0488 27.8597 26.0474 23.9003 23.6708 22.6934 23.8763 39.8522 23.1708 24.4836 22.0922 22.0047 21.8204 29.6129 26.2866 28.3978 21.591 21.4799 21.1806 20.666 20.4761 22.6849 24.6371 20.0697
threshold=0.0026086957077495758 0.0026086957077495758 -0.14955886453390119 0.78571429848670971 -0.15849335491657254 -0.082275781780481325 0.061739129945635803 1.0000000180025095e-35 -0.091331284493207918 0.01304347859695554 1.0000000180025095e-35 0.27326086163520819 1.0000000180025095e-35 1.0000000180025095e-35 0.0043478262377902874 -0.12651639431715009 -0.12991308420896527 0.58521738648414623 -0.16922082006931302 -0.16482989490032193 0.025217392481863502 1.0000000180025095e-35 0.051666919142007835 0.053043477237224586 -0.18411412835121152 0.033715983852744109 -0.18911182880401609 -0.23423317819833753 0.01304347859695554 0.0058695652987807998
decision_type=2 2 2 2 2 2 2 2 2 2 2 2 2 2 2 2 2 2 2 2 2 2 2 2 2 2 2 2 2 2
left_child=1 3 9 4 7 -6 -4 24 -7 16 -8 12 22 14 -14 18 26 -18 29 -20 21 -21 -2 -10 -1 -11 27 28 -3 -16
right_child=11 2 6 -5 5 8 10 -9 23 25 -12 -13 13 -15 15 -17 17 -19 19 20 -22 -23 -24 -25 -26 -27 -28 -29 -30 -31
leaf_value=-0.0097832763548721738 -0.0019602027017601776 -0.02250414279601845 0.0065352558857639589 0.033978618978959978 0.02004952484281991 0.012328914302874642 -0.011107889296000055 0.0025558334826519197 -0.10092195933538982 -0.033115493442115083 -3.1100395568208865e-06 -0.029338375358266212 0.018256853262742258 0.033976988305539364 0.011717666357942672 0.010718141441691408 0.032572666196117664 -0.027682565121598498 0.011157037263406392 -0.01808439949777383 -0.0013441173311933808 -0.079800650266802664 -0.006957403235138335 -0.014980807508960288 0.015019037135163425 0.0022985299879942408 0.010748114395081984 0.012605572097345197 -0.12765515192762747 -0.082556414060176886
leaf_weight=91.482135255588219 41528.38908287634 38.80119754653424 1401.4700266496511 227.82878746632196 1656.2143680725712 130.40295215783408 574.20322723616846 1031.9956623687176 7.3196226027794173 50.641701871994883 2895.7012555594556 75.43004421540536 160.51959579344839 113.15868639666587 7.6497683408670154 182.0560901327699 175.98435809160583 15.818338488461448 113.26108763739467 48.427415322512388 76.071492765448056 30.147091605933383 2279.4155833482509 62.506763392273569 1305.7967974177591 203.10531337372959 2476.1460369580891 41.188022216781974 5.6541948444209984 18.360821474576369
leaf_count=818 1568269 409 10042 2383 8820 694 2916 6821 85 852 23903 38681 668 713 37 7423 791 145 2581 322 2318 364 229809 501 8667 1421 16963 322 146 341
internal_value=-3.45231e-11 0.00761944 0.00409111 0.0137761 0.0126945 0.0177962 0.000567936 0.00879004 -0.000849575 0.00979597 -0.00184341 -0.00211565 -0.00206891 0.00677334 0.00189124 -0.00365468 0.0111489 0.0274855 -0.0125635 -0.00821176 -0.0223778 -0.0424687 -0.00222037 -0.0252874 0.0133894 -0.00487149 0.00991549 -0.0140037 -0.0383922 -0.0554229
internal_weight=57025.1 12392.3 7878.71 4513.55 4285.72 1856.44 4871.37 2429.27 200.229 3007.34 3469.9 44632.9 44557.5 749.652 636.493 475.974 2753.59 191.803 293.918 267.907 154.646 78.5745 43807.8 69.8264 1397.28 253.747 2561.79 85.6434 44.4554 26.0106
internal_count=1938225 86699 57910 28789 26406 10100 36861 16306 1280 21049 26819 1851526 1812845 14767 14054 13386 18776 936 5963 5585 3004 686 1798078 586 9485 2273 17840 877 555 378
is_linear=0
shrinkage=0.05


Tree=71
num_leaves=31
num_cat=0
split_feature=4 0 5 5 13 3 6 11 23 0 14 2 4 6 10 2 0 5 5 18 9 2 4 9 5 15 14 6 11 0
split_gain=338.324 106.509 66.8147 42.452 34.5526 48.1253 35.4023 29.7311 25.4064 23.6946 21.9361 23.7864 21.8296 23.7554 23.6686 22.4189 21.7636 58.9062 34.8651 29.4131 22.3112 29.0931 22.3033 21.4305 34.1074 30.2634 35.8895 26.6609 27.6902 26.3999
threshold=0.0026086957077495758 1.0000000180025095e-35 0.075652174651622786 1.0000000180025095e-35 0.0095652174204587954 -0.16809120774269101 -0.07335548102855681 -0.99999982118606556 0.5000000149011613 0.046086955815553672 -0.12367209419608115 -0.13979638367891309 1.0000000180025095e-35 -0.17128959298133847 -0.1205436699092388 -0.16587232798337934 0.0043478262377902874 0.016521738842129711 0.0043478262377902874 0.00075306560029275726 0.028695652261376384 -0.1388808339834213 0.26347826421260839 0.0060869567096233377 0.39913043379783636 -0.065232951194047914 -0.12419412657618521 -0.041458714753389352 -0.261059820652008 0.0060869567096233377
decision_type=2 2 2 2 2 2 2 2 2 2 2 2 2 2 2 2 2 2 2 2 2 2 2 2 2 2 2 2 2 2
left_child=1 3 4 -1 5 7 -7 -3 -4 -6 11 -8 13 15 -15 -9 17 -2 19 -18 -19 -22 23 24 25 26 29 -26 -29 -20
right_child=16 2 8 -5 9 6 10 12 -10 -11 -12 -13 -14 14 -16 -17 18 20 22 -21 21 -23 -24 -25 27 -27 -28 28 -30 -31
leaf_value=0.032234981657003454 0.010906351783920049 -0.035009452392869699 -0.00083331379925141345 0.013359487034129376 -0.025857420679315166 0.021117957522985162 -0.00078105112615815299 0.0018130864024083516 0.010658280790272812 0.0018357429153057455 0.0075983940048090686 -0.092801543791382959 0.0032539890479736351 -0.0010966191067877573 0.025926089853605058 0.021186810084980651 0.020494965503626894 -0.0020298375274923302 -0.0097790213320722002 -0.01302115897507191 0.023840416560326885 -0.037182293298243158 -0.022643533632899056 -0.0016725058303285962 -0.014413309025805114 0.034782536706779658 -0.0089574115862557629 -0.0072898028908227608 -0.10530231055815316 0.002940465164877705
leaf_weight=334.52502967797045 1142.9201993907918 40.516029973863624 4174.5515466551296 2708.10471020962 94.695257454644889 1113.1953052122262 13.204733093734832 190.27650308253942 542.59154786259751 399.94742189731915 39.95143316173926 14.041745400289072 1432.5758937934879 448.96507904384634 97.858254025166389 696.17043955993722 68.74171280435985 5717.2016551517299 526.26590777700767 1094.5202537532314 152.06405484868446 21.480223890044726 132.38375581675791 31231.809296689811 501.76956775118015 49.334741408936679 2094.8343868731172 12.837811653967949 15.903638275340198 1801.7043504891335
leaf_count=2747 14314 472 31961 16252 1734 5763 84 1418 3435 3296 241 221 11297 3243 491 4044 1572 64446 4785 101911 6529 1629 52054 1554642 5273 627 25564 74 394 17712
internal_value=-4.55253e-11 0.00732578 0.00466777 0.0154447 0.00896777 0.0104782 0.0189892 0.00701618 0.000490491 -0.00350736 -0.0160683 -0.0498112 0.00762232 0.0119832 0.0037778 0.017035 -0.00202887 0.000523439 -0.00250721 -0.0110247 -0.00149256 0.0161177 -0.00223446 -0.00215928 -0.00519726 -0.00377315 -0.00421099 -0.0171726 -0.0632406 6.21068e-05
internal_weight=56904.9 12341.2 9298.54 3042.63 4581.4 4086.76 1180.39 2906.36 4717.14 494.643 67.1979 27.2465 2865.85 1433.27 546.823 886.447 44563.8 7033.67 37530.1 1163.26 5890.75 173.544 36366.8 36234.5 5002.65 4472.14 4422.8 530.511 28.7414 2327.97
internal_count=1938225 86699 67700 18999 32304 27274 6309 20965 35396 5030 546 305 20493 9196 3734 5462 1851526 86918 1764608 103483 72604 8158 1661125 1609071 54429 48688 48061 5741 468 22497
is_linear=0
shrinkage=0.05


Tree=72
num_leaves=31
num_cat=0
split_feature=4 1 7 3 23 7 6 11 6 15 4 25 6 7 15 13 4 26 17 7 10 15 8 9 5 4 7 3 13 13
split_gain=320.073 103.209 52.3356 43.3629 39.9848 32.628 34.2467 31.3056 29.3864 29.2046 22.7197 33.2675 32.2028 55.4483 43.2195 50.1789 36.8088 30.3149 23.8583 23.3226 21.7951 21.5768 21.4436 20.9719 20.3285 28.079 38.6963 44.605 23.4887 49.4675
threshold=0.0026086957077495758 0.0043478262377902874 -0.16354571282863614 -0.18117848783731458 0.78571429848670971 -0.059954445809125893 -0.12800671905279157 -0.18306284397840497 -0.28127701580524439 -0.075658291578292833 0.011304348241537811 1.0000000180025095e-35 -0.17992829531431195 -0.35299116373062128 -0.99999967217445362 0.059999998658895499 0.033913042396306999 1.0000000180025095e-35 0.012608696240931751 -0.18424488604068753 -0.11834985390305518 -0.99999967217445362 0.30173912644386297 0.0043478262377902874 0.046086955815553672 0.025217391550540928 -0.14998442679643628 -0.16971769928932187 0.059999998658895499 0.026956521905958656
decision_type=2 2 2 2 2 2 2 2 2 2 2 2 2 2 2 2 2 2 2 2 2 2 2 2 2 2 2 2 2 2
left_child=1 4 3 -3 5 7 -7 21 -4 -9 11 -2 14 18 -12 16 -16 23 -14 20 -17 -1 24 -13 25 28 27 -27 29 -15
right_child=10 2 8 -5 -6 6 -8 9 -10 -11 12 17 13 22 15 19 -18 -19 -20 -21 -22 -23 -24 -25 -26 26 -28 -29 -30 -31
leaf_value=-0.02280330053400768 -0.00081227455211263294 0.003831131668453943 0.025903070057265061 0.018040473848480645 0.031460646638108637 0.014065424778806191 -0.008621346837429154 0.01708175956527079 -0.00086849032457719853 -0.033923006916293262 0.0092420815931040842 0.021177707064070999 0.011914687620521856 0.0037398150934056756 -0.0097138765173403543 0.011635398595811324 -0.027263549240473285 0.040452837819255599 -0.028030069240874006 -0.0028708970655341517 0.067079258086527413 0.0090695427152838303 -0.034861272136313709 -0.0059259243477239295 -0.002542029283191625 0.0038233029480552595 0.0065273125017987314 -0.015396535482289423 -0.026870707616880426 0.028450911525060102
leaf_weight=53.576166925020516 15591.662163563538 1458.2617342553567 104.01042023743503 849.49677136103855 255.89636789269571 288.04096473148093 390.88698826247128 2492.1400358613173 4292.7943145695608 27.491975076904055 301.8599420885439 130.61142975953408 42.483003161847591 1143.1969392522005 1550.3275179610355 38.543922445969656 369.90824942431937 84.529964024899527 282.83301682274032 69.699917578138411 32.649940440140199 2056.5596946266014 48.710789213830139 155.2026669352781 22343.861102352297 505.19795915191935 780.05133533893968 747.83492972202657 48.712694387941156 245.23927717102924
leaf_count=520 207810 11810 555 5186 2595 1688 2801 13470 33289 229 16039 543 1653 39401 83697 6055 47632 284 61497 9795 7378 14556 26943 1017 1041196 64234 60922 156988 2312 16130
internal_value=-5.99005e-11 0.00714997 0.00297141 0.00906721 0.0121831 0.0112481 0.00101024 0.0127489 -0.000229439 0.016512 -0.00197086 -0.000460064 -0.00281546 -0.00231084 -0.00840455 -0.0109922 -0.013107 0.0143304 -0.0227932 0.0177199 0.0376392 0.00824988 -0.00205234 0.00649056 -0.00198908 0.00157093 -0.00221031 -0.00765061 0.00691792 0.00812187
internal_weight=56782.3 12269.2 6704.56 2307.76 5564.59 5308.7 678.928 4629.77 4396.8 2519.63 44513.1 15962 28551.1 26188.1 2362.99 2061.13 1920.24 370.344 325.316 140.894 71.1939 2110.14 25862.8 285.814 25814.1 3470.23 2033.08 1253.03 1437.15 1388.44
internal_count=1938225 86699 50840 16996 35859 33264 4489 28775 33844 13699 1851526 209654 1641872 1471276 170596 154557 131329 1844 63150 23228 13433 15076 1408126 1560 1381183 339987 282144 221222 57843 55531
is_linear=0
shrinkage=0.05


Tree=73
num_leaves=31
num_cat=0
split_feature=4 5 4 1 25 1 18 5 9 6 13 6 5 15 5 15 1 15 11 15 4 0 9 1 6 6 2 13 25 3
split_gain=300.204 90.476 63.9301 60.35 38.499 32.8988 32.2142 35.6404 30.3121 28.5381 27.7109 24.2978 40.4038 29.1981 23.6651 23.6541 22.9727 25.3371 22.9589 22.8987 27.3945 22.4497 26.8983 29.3001 23.5777 22.4207 21.6672 23.0742 21.2222 21.1954
threshold=1.0000000180025095e-35 0.035652173683047302 0.0043478262377902874 0.0078260868322104233 1.0000000180025095e-35 0.0043478262377902874 0.02394069638103247 0.47913043200969702 0.025217391550540928 -0.082275781780481325 0.0095652174204587954 -0.12080102413892745 0.018260869197547439 -0.14948821067810056 1.0000000180025095e-35 -0.20387563109397885 0.065217390656471266 -0.13730604946613309 -0.14069939404726026 -0.99999967217445362 0.046086955815553672 0.026956521905958656 0.011304348241537811 0.033913042396306999 -0.077251184731721864 -0.11519996449351309 -0.16587232798337934 0.0043478262377902874 1.0000000180025095e-35 -0.30099719762802118
decision_type=2 2 2 2 2 2 2 2 2 2 2 2 2 2 2 2 2 2 2 2 2 2 2 2 2 2 2 2 2 2
left_child=1 14 3 11 -5 9 7 8 21 -3 -8 13 -13 -2 -1 19 17 18 -9 -4 25 22 28 -24 -23 -21 -14 -28 -7 -16
right_child=2 5 15 4 -6 6 10 16 -10 -11 -12 12 26 -15 29 -17 -18 -19 -20 20 -22 24 23 -25 -26 -27 27 -29 -30 -31
leaf_value=0.027569306439626941 0.005573099208667243 0.013200155422997076 0.0056129287477116076 -0.00276145519310561 0.019846864887743842 -0.0036185806687296061 0.026288711358212903 -0.025693150120476911 -0.0363481755629372 -0.0096521162020236379 0.0026402341750977917 0.017638324935546772 -0.024412692329839489 0.016009005713840504 0.006597265022054293 -0.0017545705891905015 -0.086174402014496401 0.009209975699176455 -0.11475355370381848 -0.0069627265137845026 -0.018526210601140094 0.016297582535644763 -0.012263857296320686 -0.085099847927388797 -0.024688167127191924 0.0019407445608372359 0.0015496998728179482 -0.019948976646241942 0.010671699727242108 0.01816404942434564
leaf_weight=472.90404937195126 2586.3048898136476 1428.5530034917174 435.88683466202929 4726.8016940052039 195.11931325122714 875.81522437825333 219.79875736311078 85.25162064912729 52.112602605717257 150.33752705880033 282.76916411472484 321.39500927750487 97.592511162394658 904.72570995026035 537.78630451153731 34371.065464887957 12.57943710539257 54.052485995925963 7.0678906820248804 3526.2925528045744 420.35523137208656 362.30456740641966 57.535024632699788 17.358726730337366 37.951958818361163 883.89065416608355 1476.3905811610166 135.32521419762634 368.20725228625815 1518.7679484393011
leaf_count=3751 20373 8620 20802 47742 869 5895 833 721 1077 1028 2769 1727 725 4636 4036 1503843 181 438 142 166661 78923 1856 709 369 374 38913 7710 1538 1955 9009
internal_value=2.04091e-11 0.010073 -0.00131582 0.0021643 -0.00186135 0.00540138 0.0017522 -0.00118537 0.000855302 0.0110195 0.0130146 0.00575234 0.00140255 0.00828145 0.017477 -0.00223279 -0.0237889 -0.017879 -0.0336681 -0.00535292 -0.00634339 0.00200351 -0.00114625 -0.0300445 0.0123595 -0.00517825 -0.00165873 -0.000266654 0.000616248 0.015144
internal_weight=56622.3 6541.15 50081.1 10443.7 4921.92 4011.7 2432.8 1930.24 1771.29 1578.89 502.568 5521.73 2030.7 3491.03 2529.46 39637.5 158.951 146.372 92.3195 5266.43 4830.54 1719.17 1318.92 74.8938 400.257 4410.18 1709.31 1611.72 1244.02 2056.55
internal_count=1938225 43763 1894462 85320 48611 26967 17319 13717 12235 9648 3602 36709 11700 25009 16796 1809142 1482 1301 863 305299 284497 11158 8928 1078 2230 205574 9973 9248 7850 13045
is_linear=0
shrinkage=0.05


Tree=74
num_leaves=31
num_cat=0
split_feature=4 5 4 1 25 6 7 3 1 2 9 10 6 15 5 18 0 7 11 6 7 6 14 13 18 1 5 10 10 3
split_gain=295.452 79.0191 67.1589 53.9787 35.9862 33.0278 26.3875 45.2593 34.8177 38.4528 35.4613 27.5836 25.1424 37.787 34.206 30.7602 25.0817 24.9151 23.7216 32.6684 33.8059 25.633 23.3981 22.0447 28.1776 26.9244 21.7034 21.488 26.3364 41.3077
threshold=1.0000000180025095e-35 0.035652173683047302 0.0043478262377902874 0.0026086957077495758 1.0000000180025095e-35 -0.087637323886156068 -0.048457227647304528 -0.12938474118709561 0.0043478262377902874 -0.13292226940393445 0.020000000484287742 -0.1293065398931503 -0.09997439011931418 -0.15586325526237485 0.039130434393882758 0.0014420105726458134 1.0000000180025095e-35 -0.15268627554178235 -0.10092097520828246 -0.07947357743978499 -0.091816574335098253 -0.07492100819945334 -0.12472130358219145 0.0095652174204587954 0.034176791086792953 0.032173912972211845 0.0043478262377902874 -0.12141556292772292 -0.12753656506538388 -0.15341145545244214
decision_type=2 2 2 2 2 2 2 2 2 2 2 2 2 2 2 2 2 2 2 2 2 2 2 2 2 2 2 2 2 2
left_child=1 26 3 12 17 6 7 8 -3 10 -10 -8 13 -2 -14 16 -16 -5 21 20 -20 -7 -21 -11 25 -25 -1 28 29 -17
right_child=2 5 -4 4 -6 18 11 -9 9 23 -12 -13 14 -15 15 27 -18 -19 19 22 -22 -23 -24 24 -26 -27 -28 -29 -30 -31
leaf_value=0.023028771339768168 0.0049025899982883918 0.013491157339518204 -0.0022409896502214792 0.0028817643057331369 0.017528229211756532 0.015119160282805705 -0.010717811545369563 0.02323481468492998 -0.0035973125618368193 0.022775088237388431 -0.069216413898072912 0.0095415095221000699 0.0184161419596264 0.017193324208888774 0.01330110685449622 -0.086383567871241088 -0.015077879769229025 -0.0032784498178311003 0.0010912343182467494 -0.028506490267676488 -0.063434661215420379 -0.011360128407581495 0.0076900179009445615 0.018753020158521864 0.015807773733217987 -0.069897899862523385 0.013387361637004019 0.01239413650451085 -0.059056529753685451 0.011312452279955164
leaf_weight=936.15234743991459 1576.8615595947485 1002.2830576070701 39597.905575600729 2702.7724528363906 275.83339018677361 212.88727181020658 354.74101652452373 514.67743617136148 768.50719983759336 242.07378952600993 20.161995973438025 317.39032265785499 159.96977224561851 1036.6630336891976 171.7631064534653 13.178280706284566 140.73170071141794 4176.4508818264003 31.404015545937 65.202025153732393 56.227969513041899 158.65323494782206 136.24056056185509 12.547019832767544 58.617265761364251 23.78368980390951 1568.6537179287843 27.360603682696819 60.872070522047579 44.938621741253883
leaf_count=6922 11137 6015 1809142 26463 1282 1185 2942 2316 5272 1150 405 2011 682 5017 775 97 859 38197 212 835 747 1186 1839 78 342 432 9874 123 497 191
internal_value=-9.67114e-12 0.0100441 -0.00130232 0.00227588 -0.000146943 0.00565913 0.00769336 0.00994245 0.00671812 0.000680974 -0.00536037 -0.0011511 0.00763741 0.00978246 -0.00142328 -0.00836502 0.000513332 -0.000858101 -0.00454428 -0.0152605 -0.0405596 0.00381197 -0.00410884 0.0147924 -0.00558494 -0.0395996 0.0169985 -0.0271975 -0.0363287 -0.0119271
internal_weight=56465.5 6480.2 49985.3 10387.4 7155.06 3975.4 3314.78 2642.65 2127.97 1125.69 788.669 672.131 3232.34 2613.52 618.814 458.844 312.495 6879.22 660.615 289.075 87.632 371.541 201.443 337.022 94.948 36.3307 2504.81 146.35 118.989 58.1169
internal_count=1938225 43763 1894462 85320 65942 26967 20963 16010 13694 7679 5677 4953 19378 16154 3224 2542 1634 64660 6004 3633 959 2371 2674 2002 852 510 16796 908 785 288
is_linear=0
shrinkage=0.05


Tree=75
num_leaves=31
num_cat=0
split_feature=4 4 5 1 7 9 18 6 15 25 0 3 13 10 6 17 9 6 5 11 6 12 14 1 2 1 6 2 5 11
split_gain=305.513 75.5657 63.4951 62.8641 35.7493 38.0076 45.1959 35.0178 50.2781 33.265 30.9459 25.8085 25.4559 24.0245 25.8284 26.3989 23.5649 23.1973 29.9121 30.2461 29.5581 29.2742 25.0466 24.5751 59.4495 23.2129 26.8867 25.6175 25.0214 33.6295
threshold=1.0000000180025095e-35 0.0043478262377902874 0.0043478262377902874 0.0026086957077495758 -0.049537880346179002 0.0026086957077495758 0.0047628052998334178 -0.090432573109865175 -0.12787204980850217 1.0000000180025095e-35 0.089565217494964613 -0.13548275828361508 0.020000000484287742 -0.12217391654849051 -0.077717166393995271 0.010000001173466446 0.01304347859695554 -0.14226704090833661 0.016521738842129711 -0.12936118990182874 -0.041458714753389352 0.011304348241537811 -0.12160915136337279 0.033913042396306999 -0.16316831856966016 0.063478261232376113 -0.088425092399120317 -0.12068063020706175 0.063478261232376113 -0.19303219765424726
decision_type=2 2 2 2 2 2 2 2 2 2 2 2 2 2 2 2 2 2 2 2 2 2 2 2 2 2 2 2 2 2
left_child=2 3 -1 -2 5 -4 -7 11 -9 17 13 -8 -13 14 15 16 -10 23 22 20 21 25 -19 -5 -25 26 -20 -27 -29 -30
right_child=1 -3 4 9 -6 6 7 8 10 -11 -12 12 -14 -15 -16 -17 -18 18 19 -21 -22 -23 -24 24 -26 27 -28 28 29 -31
leaf_value=0.022405900181715094 0.0083241284809194901 -0.0023120116063545643 0.013859009274846654 0.0051212203853338283 -0.00087395811423511365 -0.0086799469852360811 0.0076218009469301087 0.029939422197066787 -0.10703303667060125 0.016954294495122649 -0.073882274937747378 0.028418489446929918 -0.012424187255587447 0.00069310841181151025 -0.095263420517073649 0.031755497567225996 0.013825080375586758 0.0014119340207137654 -0.012114595471232526 -0.00041120026627552834 -0.048249714800743908 0.011115028073772227 0.026868203385543007 -0.087928661741092928 -0.0034208238079107356 -0.075398552684209724 0.0071816606712112917 0.039627395982705968 0.036116028593835205 -0.080010508358867999
leaf_weight=922.6298074790393 3190.6035630616243 39611.938779763739 2679.4552896568493 2186.8704346470768 900.87282680810313 477.7464792355895 847.20085861865664 59.063482060329989 9.0827826305758226 273.26134182326496 24.816761872731149 319.15258238534443 42.740283927880228 92.070763498079032 14.876290172338484 14.480472519062458 6.3786575961858025 340.75289535697084 1223.7734639048576 1940.0106423579855 46.928396689239889 171.59885952732293 133.94021282950416 20.711790309287608 504.56078425107989 27.473525096196681 211.04714455106296 13.845628480426965 8.7252555973827821 17.347370258066807
leaf_count=6922 19378 1809142 15860 20708 7468 3787 5655 262 132 1282 402 1280 323 1096 364 102 110 2686 10668 19262 537 1719 1003 439 5286 469 1431 82 54 316
internal_value=2.56644e-11 -0.00131953 0.0102746 0.00249301 0.00823142 0.0100195 0.00462195 0.00906934 -0.00921069 -0.000120509 -0.0236065 0.012412 0.0235739 -0.0140222 -0.0436076 -0.0156936 -0.0593618 -0.000804276 -0.00316073 -0.00469238 -0.00951607 -0.00840194 0.0086361 0.00278866 -0.00691376 -0.0106373 -0.00927329 -0.0391175 -0.0129148 -0.04125
internal_weight=56334 49923.4 6410.57 10311.5 5487.94 4587.06 1907.61 1429.86 220.769 7120.85 161.706 1209.09 361.893 136.889 44.8182 29.9419 15.4614 6847.59 4135.44 3660.75 1720.74 1673.81 474.693 2712.14 525.273 1502.21 1434.82 67.3918 39.9183 26.0726
internal_count=1938225 1894462 43763 85320 36841 29373 13513 9726 2468 65942 2206 7258 1603 1804 708 344 242 64660 38227 34538 15276 14739 3689 26433 5725 13020 12099 921 452 370
is_linear=0
shrinkage=0.05


Tree=76
num_leaves=31
num_cat=0
split_feature=4 4 5 1 25 7 6 24 10 6 0 15 3 1 2 9 15 9 18 11 25 7 6 5 5 11 6 5 3 13
split_gain=296.631 76.8109 61.0176 56.6608 31.7818 26.2731 35.8355 23.8087 23.772 20.844 21.8586 21.059 20.0689 24.7422 24.6026 41.5357 30.674 32.734 21.8495 23.4725 20.8195 20.0376 19.7145 19.952 19.5332 19.3115 28.5186 18.8934 19.6024 18.2037
threshold=1.0000000180025095e-35 0.0043478262377902874 0.035652173683047302 0.0026086957077495758 1.0000000180025095e-35 -0.043091885745525353 -0.038050999864935868 1.0000000180025095e-35 -0.12711467593908307 -0.18826716393232343 0.42869564890861517 -0.99999967217445362 -0.13983344286680219 0.0043478262377902874 -0.13447257131338117 0.014782608952373268 -0.14948821067810056 0.033913042396306999 0.0233652712777257 -0.14192007482051847 1.0000000180025095e-35 -0.26861578226089472 -0.092070430517196641 0.16608695685863498 0.011304348241537811 -0.17092595994472501 -0.099207192659378038 1.0000000180025095e-35 -0.30099719762802118 0.020000000484287742
decision_type=2 2 2 2 2 2 2 2 2 2 2 2 2 2 2 2 2 2 2 2 2 2 2 2 2 2 2 2 2 2
left_child=2 3 27 7 9 6 12 25 -7 11 -11 24 13 -4 15 20 -16 18 19 -18 -15 -6 23 29 -5 -2 -27 -1 -29 -14
right_child=1 -3 5 4 21 8 -8 -9 -10 10 -12 -13 22 14 16 -17 17 -19 -20 -21 -22 -23 -24 -25 -26 26 -28 28 -30 -31
leaf_value=0.025553056357404371 0.0061477491904926938 -0.0022971374455224717 0.011558464542832306 0.021162549072132372 -0.0070957310462038516 -0.010089829153641226 -0.076188757863528647 0.0035760918842154977 0.007123418188520636 -0.0018900021297455574 -0.074724956899236736 0.0061467658105401699 0.030242735011678457 -0.0078012400421920876 0.021213039187020812 -0.056391101382546528 -0.064501830614101516 -0.098454278689336899 0.035967913614728474 0.001276666119135418 0.010754619062978771 0.024534758453791581 0.0050495502790640807 0.010485676762788155 -0.036686659997684327 0.022215899240671945 0.0022384053479513671 0.0059480117766983406 0.017186115587916547 -0.023225276592295827
leaf_weight=453.62665403078427 730.24790538987145 39591.87112633069 978.17660909102415 19.190691085765138 65.681337242713198 415.10289783147164 11.493347113486378 1518.1746394600486 386.28102911659516 5365.7577993917512 9.321672869846223 1364.9645871784305 332.44132182979956 472.19871977932053 241.76299991668202 35.799591915914789 18.032726437086239 8.803693669382481 25.673955159261823 47.055096826283261 221.14334636833519 204.61795526335482 370.81480819977878 326.56730964532471 53.410029530175962 686.9490702910698 241.6296958734747 527.97577439417364 1478.0940189263201 16.012885672040284
leaf_count=3751 5162 1809142 5989 199 385 3474 245 9712 3135 49513 197 14076 1409 3521 1282 615 261 222 106 344 1207 897 3263 1735 675 3210 1294 4036 9009 159
internal_value=3.09362e-12 -0.00129804 0.0101618 0.0025572 6.84072e-05 0.00627567 0.00835772 0.00810407 -0.00179421 -0.000599832 -0.00203019 0.004746 0.00869625 0.00581455 0.000559976 -0.00462601 0.0116194 -0.0116551 -0.00225463 -0.0176477 -0.00187583 0.0168509 0.0143301 0.0194133 -0.0213155 0.0122435 0.0170255 0.0163301 0.0142328 0.0277262
internal_weight=56218.9 49851.8 6367.06 10259.9 7082.94 3907.36 3105.98 3177 801.384 6812.64 5375.08 1437.57 3094.48 2048.65 1070.47 729.142 341.328 99.5655 90.7618 65.0878 693.342 270.299 1045.84 675.022 72.6007 1658.83 928.579 2459.7 2006.07 348.454
internal_count=1938225 1894462 43763 85320 65942 26967 20358 19378 6609 64660 49710 14950 20113 13547 7558 5343 2215 933 711 605 4728 1282 6566 3303 874 9666 4504 16796 13045 1568
is_linear=0
shrinkage=0.05


Tree=77
num_leaves=31
num_cat=0
split_feature=4 4 5 1 25 7 24 13 18 3 1 7 6 15 5 6 8 7 5 7 11 6 7 5 18 15 23 13 2 2
split_gain=281.203 70.0787 57.0929 54.2313 29.619 26.4633 23.0935 20.9297 29.3489 22.4232 21.9624 20.3939 18.9492 36.7628 20.7145 19.6093 18.442 18.1756 19.1093 18.1719 24.2546 19.4685 18.1563 17.6255 28.3781 17.3861 19.8208 17.2598 16.7852 16.6738
threshold=1.0000000180025095e-35 0.0043478262377902874 0.039130434393882758 0.0026086957077495758 1.0000000180025095e-35 -0.043091885745525353 1.0000000180025095e-35 0.0078260868322104233 0.023634743876755241 -0.23247256875038144 0.044347826391458518 -0.13604869693517682 -0.099207192659378038 -0.16135276854038236 0.016521738842129711 -0.1064515672624111 0.01304347859695554 -0.45807968080043787 0.072173915803432478 -0.036231236532330506 -0.1354134529829025 -0.12317942082881926 -0.26861578226089472 0.0095652174204587954 0.0061487548518925914 -0.13674452155828473 0.35714286565780645 0.0026086957077495758 -0.018861247226595875 -0.13556707650423047
decision_type=2 2 2 2 2 2 2 2 2 2 2 2 2 2 2 2 2 2 2 2 2 2 2 2 2 2 2 2 2 2
left_child=2 3 7 6 11 17 12 9 10 -1 -9 28 13 15 -14 -2 19 18 -4 20 -7 -22 -6 24 -3 26 -21 -16 -5 -19
right_child=1 23 5 4 22 16 -8 8 -10 -11 -12 -13 14 -15 27 -17 -18 29 -20 25 21 -23 -24 -25 -26 -27 -28 -29 -30 -31
leaf_value=0.011908945779307931 0.0080156846318942387 -0.0018802390979098902 -0.12093725533800728 0.002559362446415248 -0.0065221428342862597 0.00035843348596257207 0.0034032811058293568 -0.015465647584714207 0.012681240777888013 0.021696060657907985 -0.09702173159871133 -0.0031303518642680876 0.032240017415952935 0.023613780643494078 -0.00054008674854893037 -0.060236121265945755 0.011055558688461439 0.0062380340521806781 0.012625999144602947 -0.039206873469093712 -0.0042833717160424755 -0.088953912918166761 0.02357595146884588 -0.0019579520042203326 -0.01331533657518843 0.0059738290264398849 -0.0055631269733466999 -0.042391156835659652 -0.069597796765058728 0.014846890878111427
leaf_weight=1130.0526891796908 746.42904565541539 1339.7385492785543 4.5808223568601516 3055.7113199045416 65.875604324508458 29.669452816597186 1517.2870904472657 47.854308624053374 131.40124002541415 1224.7587906213594 9.1261353031732124 3744.8392339939892 42.373158157570288 603.97899053542642 221.24606630322523 9.6851262012496573 201.20158443611581 2209.0057362414664 4.8201938690617681 53.070644137915224 10.007297723554077 20.823043092386797 203.49980887875427 37257.02325973261 911.2669757408803 256.48014617766603 232.4725941788638 26.726334505015984 7.0818988091778001 755.19091139297234
leaf_count=8950 5218 59933 111 29521 385 225 9712 473 724 7165 161 34982 150 2822 1081 89 1592 14261 30 627 62 333 897 1590998 158211 1977 1793 306 157 5279
internal_value=2.82396e-11 -0.00126209 0.00993337 0.00242282 -1.12941e-05 0.00603155 0.00785915 0.015724 -0.000311576 0.0170064 -0.0299759 -0.000655792 0.011951 0.0144247 0.000353422 0.00706304 -0.00201632 0.00820673 -0.0578255 -0.00639252 -0.032153 -0.0624685 0.0162186 -0.00221766 -0.00651333 -0.00346327 -0.0119311 -0.00520292 0.00236986 0.00843559
internal_weight=56073.3 49752.8 6320.52 10244.7 7077.01 3777.32 3167.73 2543.19 188.382 2354.81 56.9804 6807.63 1650.44 1360.09 290.346 756.114 803.725 2973.6 9.40102 602.523 60.4998 30.8303 269.375 39508 2251.01 542.023 285.543 247.972 3062.79 2964.2
internal_count=1938225 1894462 43763 85320 65942 26290 19378 17473 1358 16115 634 64660 9666 8129 1537 5307 6609 19681 141 5017 620 395 1282 1809142 218144 4397 2420 1387 29678 19540
is_linear=0
shrinkage=0.05


Tree=78
num_leaves=31
num_cat=0
split_feature=4 0 25 5 5 6 6 27 3 5 15 15 1 3 17 9 1 15 11 4 1 25 1 14 10 11 2 11 3 1
split_gain=263.57 74.1358 45.6438 35.4707 32.4274 30.5335 29.6182 27.5891 26.789 31.3215 25.5331 24.4598 23.0825 27.7514 23.6805 21.532 21.378 46.9055 26.3771 21.3367 42.7429 20.3364 19.9824 21.1643 21.4281 19.7001 24.9226 25.9949 23.9698 29.9121
threshold=0.0026086957077495758 1.0000000180025095e-35 1.0000000180025095e-35 1.0000000180025095e-35 0.26000000536441809 -0.077251184731721864 -0.059873826801776879 1.0000000180025095e-35 -0.22355914860963819 0.014782608952373268 -0.066083818674087511 -0.16751962155103681 0.0043478262377902874 -0.13049463182687757 0.0015217391774058344 0.042608696967363364 0.025217391550540928 -0.12309827283024787 -0.12520276755094525 0.0043478262377902874 1.0000000180025095e-35 1.0000000180025095e-35 0.072173915803432478 -0.12045375630259512 -0.12091068550944327 -0.10853226482868193 -0.13577350974082944 -0.09420290961861609 -0.10520491376519202 0.0060869567096233377
decision_type=2 2 2 2 2 2 2 2 2 2 2 2 2 2 2 2 2 2 2 2 2 2 2 2 2 2 2 2 2 2
left_child=1 3 4 -1 5 8 7 -4 -3 -10 -6 -7 -11 14 -14 25 -16 -18 -19 20 -2 -22 23 24 -20 -15 28 -28 -27 -30
right_child=19 2 6 -5 10 11 -8 -9 9 12 -12 -13 13 15 16 -17 17 18 22 -21 21 -23 -24 -25 -26 26 27 -29 29 -31
leaf_value=0.029860186238122623 0.012349352925949344 3.3965080370003375e-05 0.0099255093878891382 0.011690701635546996 -0.0047931610831018464 0.015260135751631749 -0.032731631032707285 0.027286608684356412 0.016785917842084021 0.012674860587696108 0.048017949393089461 -0.016226845293464881 -0.021377395187514161 0.02335644083445286 0.005353205034569871 -0.01112257140107898 -0.00045631916545883154 -0.089691571541121312 -0.01163900366760316 -0.0021562403401227843 -0.0012811855417114249 0.020849632524457623 -0.096388409305806277 0.059352412886040956 -0.10285703887281157 0.0044111875945339468 -0.0074184662302013982 0.034229772403065996 0.032265102598838906 -0.05561232862213842
leaf_weight=299.30115386696707 749.70682494714856 1680.2983084181906 1310.7016191114526 2595.4641701588698 1443.7448815047974 77.394742277916521 35.332516847236548 277.01281523231592 747.10619567710091 797.1659056810895 22.261379576753825 290.28525408671703 131.12945799995214 297.03827255312353 891.70655756536871 98.691648845328018 391.76952605519909 20.3928053798154 41.835744017036632 39433.147874664537 3801.1209764240484 105.719655471039 7.4994268761947742 7.5379574913531533 6.6878188877599305 144.28502477996517 56.150155760347843 109.76527775637805 11.982411896809934 39.636363899568096
leaf_count=2747 3981 14571 7661 16252 12494 391 352 1642 4845 4537 613 3891 1098 1432 6404 1037 3476 393 421 1809142 37905 498 175 26 151 842 350 481 28 389
internal_value=5.07047e-11 0.00662585 0.00437252 0.013579 0.00268849 0.00435521 0.0119554 0.0129698 0.00529136 0.00761524 -0.00395904 -0.00957558 0.0053665 0.00277972 -0.00116403 0.0105724 0.000788531 -0.00776088 -0.0414409 -0.00177826 0.00142233 -0.00067714 -0.0248108 -0.0137144 -0.0260343 0.013834 0.00597372 0.0201749 -0.00609498 -0.0349876
internal_weight=55921.9 11832.2 8937.41 2894.77 7314.37 5848.36 1623.05 1587.71 5480.68 3800.38 1466.01 367.68 3053.27 2256.11 1498.56 757.549 1367.43 475.723 83.9538 44089.7 4656.55 3906.84 63.5609 56.0615 48.5236 658.858 361.819 165.915 195.904 51.6188
internal_count=1938225 86699 67700 18999 58045 44938 9655 9303 40656 26085 13107 4282 21240 16703 12144 4559 11046 4642 1166 1851526 42384 38403 773 598 572 3522 2090 831 1259 417
is_linear=0
shrinkage=0.05


Tree=79
num_leaves=31
num_cat=0
split_feature=4 5 27 0 11 1 6 10 2 6 3 12 15 18 13 1 4 6 3 23 7 18 13 6 1 11 2 15 8 14
split_gain=265.293 64.6151 50.1987 38.3478 25.5365 25.1126 22.7932 21.5449 23.0332 21.0298 41.6693 28.6078 20.8086 19.539 23.2021 41.9502 23.2563 20.4816 41.4703 23.1976 21.6546 21.128 19.2902 24.6471 41.3641 22.9415 18.9781 18.5741 18.0393 34.3221
threshold=0.0026086957077495758 0.24260868877172473 1.0000000180025095e-35 1.0000000180025095e-35 -0.99999982118606556 1.0000000180025095e-35 -0.24878873676061627 -0.14480520039796826 -0.15794556587934491 -0.083412561565637575 -0.12651639431715009 0.033913042396306999 -0.092581316828727708 0.002259197062812746 1.0000000180025095e-35 0.0095652174204587954 0.011304348241537811 -0.13595540076494214 -0.13711404055356977 0.21428572386503222 -0.15673222392797467 0.0063899734523147353 1.0000000180025095e-35 -0.12317942082881926 0.0026086957077495758 -0.14130433648824689 -0.17782085388898847 -0.10559841617941855 1.0000000180025095e-35 -0.12306745722889899
decision_type=2 2 2 2 2 2 2 2 2 2 2 2 2 2 2 2 2 2 2 2 2 2 2 2 2 2 2 2 2 2
left_child=1 2 3 5 26 -1 -3 -8 -9 10 -6 12 -12 -2 15 16 -15 21 20 -20 -19 -17 23 25 27 -7 -5 -25 29 -11
right_child=13 6 -4 4 9 22 7 8 -10 28 11 -13 -14 14 -16 17 -18 18 19 -21 -22 -23 -24 24 -26 -27 -28 -29 -30 -31
leaf_value=0.017299300617932219 0.00036449688351613576 0.021477649159826043 0.021071958213213914 -0.06559710927306045 0.0050176738977548855 0.00078234341000218771 -0.014444247162117136 0.011219305241512953 -0.0025279904822179183 -0.040283860208463473 0.023578341526640085 -0.020370229498209783 0.0033484190209730827 0.0015386181764546084 -0.0021134446250805536 -0.037949929216650718 -0.026564456924008446 -0.028575957516855079 -0.10099113146157185 -0.0067247071207359836 -0.09615888385861765 0.011178002406891848 0.015531534752800828 -0.017273942769497921 -0.056774779604228699 0.034793199332456726 -0.0058851093473233137 0.029765799645363196 0.00085051746927683838 0.02331406547332654
leaf_weight=1377.7313390468917 8551.1483952012495 109.47137781500351 735.66884689249855 19.905865241307765 5007.7292992164876 283.62478843226563 291.50043027853826 375.65025202964898 1593.8177733716147 73.238725373434136 618.87087874498684 47.144783244701102 160.36563534726156 421.83280673995614 34761.172471927137 38.644058289937675 88.155787725001574 18.827335090376437 6.2968307146802536 63.631311422679573 37.099144735373557 48.096303277648985 323.02384114917368 50.365878521435661 45.276107036857866 59.09906714502722 37.225638993084431 34.486275099101476 473.56470768002328 28.939283106359653
leaf_count=8915 140053 615 5629 317 37302 1534 2584 2412 13230 804 2925 392 1045 2121 1706563 251 802 134 88 823 461 230 2400 368 380 207 333 148 4974 185
internal_value=9.42605e-12 0.00667585 0.00854024 0.00747097 0.00553835 0.0132157 -0.000699243 -0.00178202 9.84893e-05 0.00583671 0.00673634 0.0171325 0.0194247 -0.00178095 -0.00229798 -0.01116 -0.00336171 -0.0297638 -0.0425818 -0.0165173 -0.0743091 -0.0108923 0.00613392 -0.000305193 -0.0187475 0.00673131 -0.0274606 0.00196834 -0.00327527 -0.02222
internal_weight=55781.6 11746.7 9376.26 8640.59 6466.98 2173.61 2370.44 2260.97 1969.47 6409.85 5834.11 826.381 779.237 44034.9 35483.8 722.584 509.989 212.595 125.855 69.9281 55.9265 86.7404 795.876 472.852 130.128 342.724 57.1315 84.8522 575.743 102.178
internal_count=1938225 86699 67858 62229 48277 13952 18841 18226 15642 47627 41664 4362 3970 1851526 1711473 4910 2923 1987 1506 911 595 481 5037 2637 896 1741 650 516 5963 989
is_linear=0
shrinkage=0.05


Tree=80
num_leaves=31
num_cat=0
split_feature=4 0 5 5 25 11 2 6 4 1 6 5 17 11 6 10 2 2 12 7 6 6 2 7 3 10 17 15 0 5
split_gain=246.851 61.6939 43.548 31.9872 27.8658 22.5771 20.3815 19.6091 18.4636 34.2461 37.0029 32.6908 20.8633 19.6446 18.2819 17.7978 18.7364 16.8246 16.9335 29.3154 24.6911 25.9618 35.941 18.9201 16.7751 16.7226 16.6537 18.192 29.0634 29.524
threshold=0.0026086957077495758 1.0000000180025095e-35 0.26000000536441809 1.0000000180025095e-35 1.0000000180025095e-35 -0.99999982118606556 -0.17782085388898847 -0.24878873676061627 0.0043478262377902874 0.0026086957077495758 -0.11734361201524733 0.086086958646774306 0.0034782610600814228 -0.17201221734285352 -0.08416330441832541 -0.12217391654849051 -0.15182284265756604 -0.1669385880231857 1.0000000180025095e-35 -0.080024171620607362 -0.067763697355985628 -0.083014540374279008 -0.15111248940229413 -0.1214521788060665 -0.12536231428384778 -0.14263238012790677 0.28695653378963476 -0.066951856017112718 0.28086955845355993 0.32608695328235632
decision_type=2 2 2 2 2 2 2 2 2 2 2 2 2 2 2 2 2 2 2 2 2 2 2 2 2 2 2 2 2 2
left_child=1 3 4 -1 5 6 -3 -4 9 10 13 15 17 -2 -6 -12 -17 -13 19 -19 21 22 -20 -24 -21 -9 27 -10 29 -29
right_child=8 2 7 -5 14 -7 -8 25 26 -11 11 12 -14 -15 -16 16 -18 18 20 24 -22 -23 23 -25 -26 -27 -28 28 -30 -31
leaf_value=0.028597760962568764 0.007565145838743164 -0.06948417730441106 0.020885650349468567 0.011060539496015917 0.014276068727970723 0.004908089343089922 -0.0049102878876895323 -0.016280138059702104 -0.0023090591181150325 -0.0014709929507988016 0.018086423479109839 -0.057021250164370131 -0.057989823985761559 0.023054926910589715 -0.0074421563146884369 0.020819803649441318 -0.058262969733444026 -0.10551365419389887 0.010615063143427028 -0.05081929703344195 -0.055696524084857923 0.031391607094085637 0.0099597436067608829 -0.060026484143298808 0.024960245876208431 -0.0018725140935411015 -0.02875617512291391 0.0047639526881766737 0.040538276381594032 -0.007703996239632663
leaf_weight=289.03699913930905 458.37909052835312 17.881204472854733 82.648812983767129 2561.7069733383832 1243.4280024934415 5728.904463573941 35.114635213511065 234.04791182128247 36792.98346360751 3309.9948136432795 183.99855452822521 16.328453006222844 22.989275331608951 371.05139025812969 104.47472278063651 12.693776562344285 15.960983239696359 10.042093239724634 94.551992455963045 12.095977800432591 17.733737397007644 60.719574628397822 12.735896690282969 35.869725917931646 15.576009030453863 1409.5296443826519 57.387685652618529 1743.6798511280504 47.321924520219909 651.37674751228769
leaf_count=2747 3699 297 489 16252 7321 44335 306 2194 1605025 34322 816 116 144 1890 790 42 125 93 378 82 128 170 50 236 93 11968 33608 114788 8278 47443
internal_value=-1.65203e-11 0.0064515 0.00439125 0.012848 0.00611631 0.00460558 -0.0275814 -0.00273316 -0.00171882 0.00126001 0.0079984 -0.00257903 -0.0132294 0.014514 0.0125884 0.0123699 -0.0237094 -0.0093003 -0.00608804 -0.0365985 -0.000754639 0.00427287 -0.00736738 -0.0418572 -0.00878164 -0.00393283 -0.00207142 -0.00203166 0.00214643 0.00137128
internal_weight=55650.2 11706.8 8856.03 2850.74 7129.8 5781.9 52.9958 1726.23 43943.5 4650.72 1340.73 511.296 298.643 829.43 1347.9 212.653 28.6548 275.653 259.325 37.7141 221.611 203.877 143.158 48.6056 27.672 1643.58 39292.7 39235.4 2442.38 2395.06
internal_count=1938225 86699 67700 18999 53049 44938 603 14651 1851526 42384 8062 2473 1490 5589 8111 983 167 1346 1230 268 962 834 664 286 175 14162 1809142 1775534 170509 162231
is_linear=0
shrinkage=0.05


Tree=81
num_leaves=31
num_cat=0
split_feature=4 4 5 1 25 5 6 15 3 6 5 10 10 6 11 15 6 7 6 5 2 9 15 7 2 15 13 6 9 3
split_gain=230.541 60.3904 54.8682 54.0201 23.3883 22.904 22.8377 22.2156 20.9228 30.1423 22.8944 21.5844 46.4172 31.1366 39.0139 26.1079 25.0404 24.6168 20.7652 19.7306 20.8927 25.2123 22.2442 19.332 19.043 36.4309 27.4354 26.6205 27.8653 21.1026
threshold=1.0000000180025095e-35 0.0043478262377902874 0.051304347813129432 0.0026086957077495758 1.0000000180025095e-35 0.46347826719284063 -0.18826716393232343 -0.99999967217445362 -0.21926072239875791 -0.09997439011931418 0.037391304969787605 -0.12257835641503333 -0.12753656506538388 -0.072835747152566896 -0.090730279684066759 -0.070858266204595552 -0.079881642013788209 -0.070591736584901796 -0.27167555689811701 0.0026086957077495758 -0.17576096951961515 0.042608696967363364 -0.99999967217445362 -0.55789506435394276 -0.13556707650423047 -0.10098899528384207 0.035652173683047302 -0.049785476177930825 1.0000000180025095e-35 -0.046223629266023629
decision_type=2 2 2 2 2 2 2 2 2 2 2 2 2 2 2 2 2 2 2 2 2 2 2 2 2 2 2 2 2 2
left_child=2 3 19 8 6 24 7 -5 -2 -10 -11 12 17 14 16 -15 -14 -12 -7 -1 22 -22 -21 -6 27 26 -26 28 -4 -27
right_child=1 -3 5 4 23 18 -8 -9 9 10 11 -13 13 15 -16 -17 -18 -19 -20 20 21 -23 -24 -25 25 29 -28 -29 -30 -31
leaf_value=0.021691579956876428 0.0023327723886553782 -0.0020278276488591238 0.0099849261577848077 -0.021613261429900596 -0.043140927031504038 0.037291160963210994 -0.0021899990227137048 0.0064163798772712104 0.014588964798178958 0.01958162550416144 0.022984623403138102 0.015001816856854859 -0.023512885230391481 -0.10235273381162938 -0.092257524451543588 0.015625138032447746 0.033535652964269254 -0.016410305678161478 -0.010008597855159909 -0.083966698573242321 0.014183861513617236 -0.024380016012958056 -0.0012175353860785307 0.017532676816991256 0.019859952586464131 -0.014113228302444481 -0.037438398313656217 -0.066437633551807027 -0.0012554972529718364 0.045338012783217398
leaf_weight=687.47756347959512 1115.2294505199534 39231.663179115967 1089.5802984492475 73.646024559391662 12.909677405841647 23.88919839868322 5339.4114061188884 1344.3207528915373 1456.056385746575 120.47804571560118 93.501879728399217 98.637171450653113 71.817093794583343 22.377386074978862 15.288778561633078 5.5627731396816662 25.180786573095247 67.404146620538086 346.29841445488273 7.6041233590804032 1878.6345381452047 42.485468803206459 145.34101961256238 252.02017795783468 640.0779690782656 148.95596399751958 20.700569862034172 12.382872015237806 1114.7520309604006 15.599844331387429
leaf_count=5600 8414 1809142 6449 874 98 104 49710 14076 8110 506 378 446 558 265 172 68 77 384 3000 153 12179 387 1190 1184 3501 2140 289 176 8374 221
internal_value=-3.69628e-12 -0.00113972 0.00910818 0.00230513 -0.000119702 0.00486552 -0.000691993 0.00494638 0.00781132 0.0109001 0.000567725 -0.00519703 -0.011841 -0.0327637 -0.0206283 -0.0791355 -0.00851192 0.00648251 -0.00686398 0.0143469 0.0119031 0.0133188 -0.00585036 0.014425 0.00629467 0.012774 0.0180111 0.0038776 0.00430254 -0.00823746
internal_weight=55519.3 49345.5 6173.78 10113.8 7022.31 3412.24 6757.38 1417.97 3091.53 1976.3 520.248 399.77 301.133 140.227 112.287 27.9402 96.9979 160.906 370.188 2761.54 2074.07 1921.12 152.945 264.93 3042.05 825.334 660.779 2216.72 2204.33 164.556
internal_count=1938225 1894462 43763 85320 65942 24254 64660 14950 19378 10964 2854 2348 1902 1140 807 333 635 762 3104 19509 13909 12566 1343 1282 21150 6151 3790 14999 14823 2361
is_linear=0
shrinkage=0.05


Tree=82
num_leaves=31
num_cat=0
split_feature=4 4 1 5 15 6 7 3 27 17 6 5 15 11 11 3 17 25 15 14 12 17 4 6 4 10 14 7 2 5
split_gain=220.258 63.7818 62.0467 50.495 24.3262 31.7037 25.2054 32.124 21.8496 34.0358 22.8007 20.3287 20.0092 19.9072 20.913 23.1324 22.5787 18.4927 18.2266 18.0008 19.2205 17.6531 16.9826 22.7653 22.6325 27.076 16.7296 25.2403 16.6452 16.582
threshold=1.0000000180025095e-35 0.0043478262377902874 0.0026086957077495758 0.039130434393882758 -0.15586325526237485 -0.12199030444025992 -0.083716917783021913 -0.11970474570989607 1.0000000180025095e-35 0.013913044240325691 -0.19072602689266202 0.46347826719284063 -0.080162487924098955 -0.10092097520828246 -0.10199004784226416 -0.13440471887588498 0.0010869565594475719 1.0000000180025095e-35 -0.99999967217445362 -0.12249141559004782 1.0000000180025095e-35 0.0028260869439691309 0.18347825855016711 -0.038050999864935868 0.3713043481111527 -0.095916647464036928 -0.12150349467992781 -0.14731860160827634 -0.1584832891821861 0.0026086957077495758
decision_type=2 2 2 2 2 2 2 2 2 2 2 2 2 2 2 2 2 2 2 2 2 2 2 2 2 2 2 2 2 2
left_child=3 2 4 29 -2 -6 12 13 10 17 18 -5 19 14 15 -8 -17 -10 -4 20 -7 28 -3 -24 25 -25 27 -21 -9 -1
right_child=1 22 8 11 5 6 7 21 9 -11 -12 -13 -14 -15 -16 16 -18 -19 -20 26 -22 -23 23 24 -26 -27 -28 -29 -30 -31
leaf_value=0.021154118261665494 0.0042180906499327099 -0.0019197771410876269 -0.019026347875397028 0.0064742793727860324 0.022326253810165474 -0.00049020561791101138 -0.0099878465576270226 -0.023065153217841281 -0.0031979552188406918 0.036671093318018565 -0.0023156280306690174 -0.0059157388979744867 -0.035996756332794963 -0.071049067932024798 0.048154232111634859 -0.0076308024659488497 -0.10981702922681909 0.032457612953678792 0.0062687032036763957 0.0016835648568909664 0.022337238445172363 -0.04000642256796489 -0.022400010718292271 -0.052583969961570803 -0.026340367621018254 0.023420444066595811 0.011666208437158045 -0.11375234444380614 0.029556203714706988 0.011939835885372408
leaf_weight=679.12347964034416 1634.5874581232201 38822.285528369917 74.351403876091354 3331.4575798948063 566.69355780276237 119.34322245779913 104.49006288300734 17.298112308839336 228.38500915537588 98.525587229989469 5258.924925927422 366.79704129407764 19.262409162824042 16.361548313638195 11.410148771479724 9.6605203270446527 11.752054316224529 42.223101358162239 1309.0013199269888 10.178238135064023 403.99427619081689 12.515039071440695 230.52124964199174 12.330545344448181 47.506631814780121 98.40086869787774 22.296729948488064 7.8087505130097261 88.177122622495517 1761.385814093599
leaf_count=5600 11743 1679886 841 23186 2926 725 651 141 1901 554 49095 3104 144 178 31 59 124 165 13386 60 1768 109 88680 1871 21794 16911 110 99 510 11873
internal_value=3.75453e-11 -0.00111263 0.0024373 0.00893023 0.00838186 0.0131643 0.0070696 -0.00549496 -0.000154385 0.0116689 -0.000813105 0.00524416 0.012925 -0.020503 -0.01401 -0.0199788 -0.066112 0.00246442 0.0048964 0.0146577 0.0171406 0.01406 -0.00202409 -0.0124095 0.00219393 0.0145621 -0.0172323 -0.0517827 0.0207906 0.0145115
internal_weight=55417 49278.3 10067.2 6138.76 3055.83 1421.24 854.548 271.665 7011.41 369.134 6642.28 3698.25 582.884 153.674 137.313 125.903 21.4126 270.608 1383.35 563.621 523.337 117.99 39211 388.759 158.238 110.731 40.2837 17.987 105.475 2440.51
internal_count=1938225 1894462 85320 43763 19378 7635 4709 1803 65942 2620 63322 26290 2906 1043 865 834 183 2066 14227 2762 2493 760 1809142 129256 40576 18782 269 159 651 17473
is_linear=0
shrinkage=0.05


Tree=83
num_leaves=31
num_cat=0
split_feature=4 1 25 5 0 5 3 6 6 15 2 6 1 18 2 1 18 6 18 1 15 6 11 9 3 11 2 11 6 15
split_gain=210.449 107.72 44.6649 35.403 28.2836 34.3885 25.882 29.4518 25.1891 22.6 20.869 27.0815 26.6774 30.0936 27.6715 30.8721 25.151 23.7689 35.0952 23.7323 22.4672 22.1673 20.7508 20.7098 36.8648 19.976 21.0417 22.532 20.6841 21.4317
threshold=0.0043478262377902874 0.0026086957077495758 1.0000000180025095e-35 0.026956521905958656 1.0000000180025095e-35 0.0043478262377902874 -0.23021157830953595 -0.060709178447723382 -0.08416330441832541 -0.10614202544093131 -0.1370940878987312 -0.072835747152566896 0.016521738842129711 0.0056855205912143001 -0.16316831856966016 0.046086955815553672 0.0027498068520799284 -0.14226704090833661 0.0049952717963606128 0.41478261351585394 -0.074999999254941926 -0.12742213904857633 -0.15849335491657254 0.0078260868322104233 -0.1016569174826145 -0.087772812694311128 -0.14363036304712293 -0.091329302638769136 -0.10916003212332724 -0.14151462167501447
decision_type=2 2 2 2 2 2 2 2 2 2 2 2 2 2 2 2 2 2 2 2 2 2 2 2 2 2 2 2 2 2
left_child=1 4 3 -3 5 -1 -6 -8 -4 -9 12 19 13 17 15 -14 -13 -5 -19 -12 25 -20 -7 24 -18 26 27 -16 29 -28
right_child=-2 2 8 10 6 22 7 9 -10 -11 11 16 14 -15 20 -17 23 18 21 -21 -22 -23 -24 -25 -26 -27 28 -29 -30 -31
leaf_value=0.025044173913357493 -0.0019802469374000493 0.0061162305960761644 0.012237297846395517 0.0035072021684508722 3.6157831552087116e-05 0.0063171316466167143 0.011340463720769132 -0.0072063781739991565 -0.0098364572125752611 -0.1042896728705633 0.0046605266791552883 0.026307236370497797 -0.023876362792569404 0.01272921496551732 -0.0015631278223669038 -0.11420452948182974 -0.014787121965523215 -0.0050132338788904558 0.011525221495623567 -0.060504874600465358 -0.075550220280419148 -0.069969170971437886 0.015943911437117295 -0.00803322734364776 -0.093839931192553516 0.01888074428021301 -0.022901557069016951 -0.088970188908623335 -0.034364406532957852 0.008934309668263106
leaf_weight=566.62951563331444 39169.231759251852 2239.3846232564538 1309.7001235705684 998.48788642848376 915.93969815599121 1094.4743206236308 1637.9564806102571 17.083623052574698 142.63449203537311 8.3743559535359946 2378.5326933759497 42.227757068816572 125.23698799929116 359.1897479025647 615.3855870483676 9.3618987407535297 51.002745992038399 1700.9211795098381 10.747734719887374 13.058476489735765 10.800102299544958 32.726111913332716 1149.4270017145755 286.10870724800043 20.03373763570562 73.162299244664609 116.53572780580726 6.4632309367880216 123.14925016998313 95.317967373179272
leaf_count=4826 1809142 20644 6799 7886 7603 7559 10110 110 1095 149 21115 407 1483 2439 5989 289 477 12343 83 188 264 375 6494 5277 379 775 1343 152 1622 808
internal_value=1.45254e-11 0.00480258 0.00191212 0.000639185 0.0105716 0.0140416 0.00678655 0.0105013 0.0100641 -0.0418764 -0.00109664 0.00226625 -0.00329087 -0.000859207 -0.00970216 -0.0309549 -0.00977085 -0.00264265 -0.0061628 0.00427957 -0.00692666 -0.0500158 0.0112533 -0.0140982 -0.0380748 -0.00613453 -0.00806495 -0.00261298 -0.0181473 -0.00860317
internal_weight=55319.3 16150.1 10760.2 9307.83 5389.88 2810.53 2579.35 1663.41 1452.33 25.458 7068.45 2790.96 4277.49 3102.07 1175.41 134.599 399.373 2742.88 1744.4 2391.59 1040.81 43.4738 2243.9 357.145 71.0365 1030.01 956.852 621.849 335.003 211.854
internal_count=1938225 129083 92232 84338 36851 18879 17972 10369 7894 259 63694 27843 35851 23126 12725 1772 6540 20687 12801 21303 10953 458 14053 6133 856 10689 9914 6141 3773 2151
is_linear=0
shrinkage=0.05


Tree=84
num_leaves=31
num_cat=0
split_feature=4 1 25 7 11 23 11 6 6 15 1 2 5 6 27 24 12 17 1 11 2 1 3 5 15 6 13 10 11 11
split_gain=200.187 97.2551 43.3585 31.6146 34.7899 27.4948 29.6511 32.7575 22.8463 21.2069 23.0413 23.775 20.5851 22.8691 19.1868 17.6037 22.9136 17.3435 27.4688 23.3056 26.4765 23.5496 22.9185 34.7887 23.0684 20.7368 31.3249 29.4117 37.91 33.1529
threshold=0.0043478262377902874 0.0026086957077495758 1.0000000180025095e-35 -0.19132827222347257 -0.14192007482051847 0.78571429848670971 -0.15685369819402692 -0.09449394047260283 -0.08416330441832541 -0.99999967217445362 0.033913042396306999 -0.16167665272951123 0.21478260308504107 -0.076316237449645982 1.0000000180025095e-35 1.0000000180025095e-35 1.0000000180025095e-35 0.0050000001210719356 0.025217391550540928 -0.13101816922426221 -0.13447257131338117 0.016521738842129711 -0.10225900635123251 0.053043477237224586 -0.094962112605571733 -0.16389735788106916 1.0000000180025095e-35 -0.12522851675748822 -0.15446724742650983 -0.13371911644935605
decision_type=2 2 2 2 2 2 2 2 2 2 2 2 2 2 2 2 2 2 2 2 2 2 2 2 2 2 2 2 2 2
left_child=1 5 3 4 9 6 -1 -8 14 10 11 -3 -9 -14 -4 -15 -17 19 22 25 -21 -22 24 -24 -19 -5 27 28 -27 -30
right_child=-2 2 8 17 -6 -7 7 12 -10 -11 -12 -13 13 15 -16 16 -18 18 -20 20 21 -23 23 -25 -26 26 -28 -29 29 -31
leaf_value=0.0061058128193996388 -0.001931054118923388 -0.028327964536701618 0.0093799345815374774 0.001601290934518061 0.02083676188322697 0.028522690458926993 0.01713424740861141 0.0093521346585260373 -0.0090364952172343142 0.0041319939781589111 -0.083293084321499053 0.030820767572220339 -0.029298168919201856 0.029186466691548164 0.025764511942063795 -0.056171743351229132 0.023384704589212341 0.0059407325762498653 -0.0022872410940583394 0.0024239507619880098 -0.0059147178194493485 -0.060170720348691954 0.034522887577000422 -0.034879307921997151 0.027285692894577523 -0.018335293465394926 -0.0061609528013247981 -0.0061830122780875173 -0.075020795085345995 0.0094132855789030596
leaf_weight=2874.9742474900995 39105.357809695524 54.311339414096437 1084.0537236339878 385.21250644652173 315.78466460417258 196.31390612763789 1730.7821406049479 397.48534026055131 141.1484205883462 2268.3548757563112 11.616358197527004 23.582641671877354 85.8772343978344 42.679790334776044 213.68351561989402 17.856244004040491 16.595388375688344 1191.6753135660547 2311.3219977300614 1283.7384561635554 53.780956353060901 31.078393120318651 23.342858484014869 69.852360594086349 140.7951494185254 126.91790756373666 763.59118078276515 137.8809882523492 71.388966777711175 13.602425744291393
leaf_count=21306 1809142 670 5768 3152 2075 2446 9633 2228 1095 22607 235 169 720 201 1031 209 108 9028 25353 9168 529 467 80 738 948 798 6963 715 572 71
internal_value=-7.09674e-12 0.00469622 0.00194511 0.000692191 0.00527832 0.0101927 0.00949082 0.0137336 0.0100178 0.00318666 -0.0205508 -0.0102568 0.00322083 -0.0116958 0.0120956 0.00802665 -0.0182707 -0.00116499 0.00107935 -0.00408953 0.000627884 -0.0262545 0.00653513 -0.017314 0.00821491 -0.00839528 -0.0118523 -0.0242234 -0.0358774 -0.0615552
internal_weight=55184.6 16079.3 10716.7 9277.83 2673.65 5362.56 5166.25 2291.28 1438.89 2357.87 89.5103 77.894 560.494 163.009 1297.74 77.1314 34.4516 6604.18 3736.99 2867.19 1368.6 84.8593 1425.67 93.1952 1332.47 1498.59 1113.38 349.79 211.909 84.9914
internal_count=1938225 129083 92232 84338 25756 36851 34405 13099 7894 23681 1074 839 3466 1238 6799 518 317 58582 36147 22435 10164 996 10794 818 9976 12271 9119 2156 1441 643
is_linear=0
shrinkage=0.05


Tree=85
num_leaves=31
num_cat=0
split_feature=4 1 6 5 2 9 11 1 7 15 0 5 2 3 9 15 11 7 6 6 7 15 11 9 18 6 17 12 5 6
split_gain=200.461 88.3538 38.5841 37.4939 28.8403 32.4427 33.6865 32.186 28.0326 27.1103 25.2807 33.1485 25.0855 24.186 23.6883 23.6473 23.2043 23.0086 22.0729 21.7432 20.9957 20.7923 33.3406 20.6745 32.0403 24.0875 25.7472 21.6933 32.3121 29.9457
threshold=0.0043478262377902874 0.0026086957077495758 -0.14312298595905301 0.43043477833271032 -0.13204705715179441 0.011304348241537811 -0.13101816922426221 0.021739130839705471 -0.040879970416426652 -0.99999967217445362 1.0000000180025095e-35 1.0000000180025095e-35 -0.16399519145488736 -0.099246017634868608 0.01304347859695554 -0.1427420377731323 -0.17318277060985562 -0.11531849205493926 -0.25544480979442591 -0.095272105187177644 -0.16083601862192151 -0.20589605718851087 -0.20289855450391767 0.026956521905958656 0.01576649118214846 -0.07335548102855681 0.030434784479439262 0.018260869197547439 0.5226086974143983 -0.059873826801776879
decision_type=2 2 2 2 2 2 2 2 2 2 2 2 2 2 2 2 2 2 2 2 2 2 2 2 2 2 2 2 2 2
left_child=1 10 3 9 5 6 -4 8 -6 12 11 -1 14 17 -3 -11 -12 -7 -5 -18 -8 -9 -23 24 -24 -26 -27 28 29 -25
right_child=-2 2 4 18 7 13 20 21 -10 15 16 -13 -14 -15 -16 -17 19 -19 -20 -21 -22 22 23 27 25 26 -28 -29 -30 -31
leaf_value=0.029394205679906707 -0.0019314304479991374 -0.025132328320322368 -0.0062828416869424586 0.01887690459206904 0.019478475665785262 -0.023575065006440743 0.019842650122918363 0.015704570764681916 -0.019545014161898123 0.0062833362743981019 0.0014225514206956356 0.011411654257211726 0.013313741036165795 -0.04679928672050291 -0.11938221150527867 0.017666943580346969 0.014189744456361201 -0.0015951632371230631 -0.014682316642271834 -0.0016716347456932378 0.001728173472451302 -0.062518187146338458 -0.0072052930654409406 -0.015658452091427327 0.017356489396180643 -0.035955249024803813 0.025499534904918533 0.0051080943273466538 -0.071333240574421114 0.025451835177530364
leaf_weight=285.33304734202102 39066.669650346943 60.049187667667866 1691.2967721971218 57.167625390458852 443.71326008928008 203.90470433689188 175.03856140837888 209.41295264661312 50.527405919507146 3312.2738087483449 1229.3042711698508 2490.3299011172203 40.499292911961675 50.762523193843663 6.6674434999003998 528.69320644019172 1057.5943172677653 284.58470330759883 313.02920621354133 271.2253635112429 1754.8299797087093 20.760148126166314 323.74695449596038 340.48064392496599 433.69396653911099 45.931936778128147 25.884511855896562 240.15840773424134 22.049804558046162 49.982988534495234
leaf_count=2795 1809142 676 13372 347 2991 2550 962 1599 549 29242 9995 16084 343 878 221 3203 6155 3897 2764 1822 12075 342 3540 4873 2427 513 105 2637 456 1670
internal_value=-8.90343e-12 0.00471016 0.0020862 0.00573385 -0.000388394 -0.00283885 -0.0011333 0.00423152 0.0154576 0.0071608 0.00996535 0.0132701 -0.0175312 -0.0142686 -0.0361752 0.00785443 0.00637573 -0.0107994 -0.00946304 0.0109535 0.00338058 0.000983708 -0.00107685 -0.000174552 0.00506223 0.0129175 -0.0137593 -0.00682576 -0.013769 -0.0103444
internal_weight=55085.6 16018.9 10685.1 4318.38 6366.76 4160.42 3621.17 2206.34 494.241 3948.18 5333.79 2775.66 107.216 539.252 66.7166 3840.97 2558.12 488.489 370.197 1328.82 1929.87 1712.1 1502.69 1481.93 829.257 505.51 71.8164 652.672 412.513 390.464
internal_count=1938225 129083 92232 36796 55436 33734 26409 21702 3540 33685 36851 18879 1240 7325 897 32445 17972 6447 3111 7977 13037 18162 16563 16221 6585 3045 618 9636 6999 6543
is_linear=0
shrinkage=0.05


Tree=86
num_leaves=31
num_cat=0
split_feature=4 1 25 11 6 5 23 27 8 9 12 23 11 10 9 13 18 0 1 10 6 14 17 6 11 6 15 5 6 6
split_gain=206.022 74.6412 37.3614 25.9007 37.2242 25.5936 20.4852 19.6641 17.9549 29.669 28.3854 26.8285 28.0518 22.6413 20.6462 25.4932 27.307 20.2885 20.2755 19.6878 21.147 19.4246 27.8022 19.4327 19.2168 18.6654 30.5774 18.6294 23.0687 24.8549
threshold=0.0043478262377902874 0.0026086957077495758 1.0000000180025095e-35 -0.15768645703792569 -0.10233997553586958 0.026956521905958656 0.78571429848670971 1.0000000180025095e-35 0.0078260868322104233 0.049565218389034278 0.018260869197547439 0.21428572386503222 -0.10853226482868193 -0.088385995477437959 0.0060869567096233377 0.0078260868322104233 0.011698804330080749 0.0095652174204587954 0.032173912972211845 -0.12611807137727735 -0.083412561565637575 -0.13252436369657514 0.015652175061404709 -0.16389735788106916 -0.061802772805094712 -0.09880723804235457 -0.093167703598737703 0.41304348409175878 -0.080696675926446901 -0.11063922569155692
decision_type=2 2 2 2 2 2 2 2 2 2 2 2 2 2 2 2 2 2 2 2 2 2 2 2 2 2 2 2 2 2
left_child=1 3 5 6 -5 -3 -1 -4 14 21 11 12 -11 -12 17 18 -17 24 -16 20 -19 22 23 -10 -7 26 -23 28 29 -20
right_child=-2 2 7 4 -6 8 -8 -9 9 10 13 -13 -14 -15 15 16 -18 19 27 -21 -22 25 -24 -25 -26 -27 -28 -29 -30 -31
leaf_value=0.0055651765761521067 -0.0019555903482873518 0.0058838059125996276 0.0073357049565589555 0.018210047955184609 0.0048724042224076109 -0.0030949924697737507 0.023902752449647392 0.023366881212058994 -0.010092474531919943 -0.061813444988658484 0.0089058105708150898 0.031093598891119758 -0.015096555138279051 -0.027600284346395318 -0.0097360709172943719 0.01071282752652861 -0.055680079853088295 0.0094351712728402929 -0.013995408527839238 -0.0023955262918355057 0.046307404398644191 0.0082278164652946489 0.0081491257785608617 -0.053268478109940211 0.060947696695156477 -0.00047295958766589491 0.045469925644826881 -0.073813566044935178 0.03620772642598593 -0.074514847486878866
leaf_weight=2830.6590401417488 39063.276597291406 2221.9280679399963 1197.4274835248943 1514.4176801884023 800.3431015489914 2446.6711216441472 160.09844219061779 227.15775879722787 68.70135160908103 53.961978772655129 190.03401981154457 16.968873419333249 79.53816231386736 53.616328413598239 600.62845297192689 208.93155765521806 15.729605333646758 455.9225200015353 55.976382774650119 388.97720710159047 41.642269247211516 1392.9657920961617 116.96188533422537 41.599614458857104 10.771596792154012 652.53954548179172 56.457704117987305 21.395975749474019 13.432101992191745 23.748700221767649
leaf_count=21143 1809142 20644 6779 8625 4882 17551 2201 1115 674 1251 1998 437 1997 844 6275 4652 590 2703 518 2720 213 11822 1022 554 65 6481 273 443 253 358
internal_value=-1.21197e-11 0.00478651 0.00237304 0.00963149 0.0136026 0.00120924 0.00655447 0.00990656 -0.000273663 0.00290006 -0.00977081 -0.026768 -0.0342991 0.000792505 -0.00229149 -0.00883481 0.0058382 -0.000450369 -0.0134458 0.00602968 0.0126078 0.00504732 -0.00881173 -0.0267084 -0.0027896 0.00654923 0.00970881 -0.0326441 -0.0225049 -0.0327228
internal_weight=55022.5 15959.2 10653.7 5305.52 2314.76 9229.1 2990.76 1424.59 7007.17 2723.35 394.119 150.469 133.5 243.65 4283.83 939.843 224.661 3343.98 715.182 886.542 497.565 2329.23 227.263 110.301 2457.44 2101.96 1449.42 114.553 93.1572 79.7251
internal_count=1938225 129083 92232 36851 13507 84338 23344 7894 63694 27353 6527 3685 3248 2842 36341 13089 5242 23252 7847 5636 2916 20826 2250 1228 17616 18576 12095 1572 1129 876
is_linear=0
shrinkage=0.05


Tree=87
num_leaves=31
num_cat=0
split_feature=4 1 25 7 6 2 10 27 0 5 3 6 15 6 6 10 4 6 3 11 8 3 10 9 17 8 7 15 18 14
split_gain=196.136 69.897 37.6497 31.9213 29.8574 28.3395 28.1462 27.845 27.0448 28.4646 23.562 22.6213 21.5749 18.8116 18.7533 17.9588 18.6024 21.3888 19.1416 18.8858 21.6535 20.8335 18.728 18.6596 31.671 23.5576 25.4725 19.9206 17.8959 32.1721
threshold=0.0043478262377902874 0.0060869567096233377 1.0000000180025095e-35 -0.059954445809125893 -0.13822317868471143 -0.1370940878987312 -0.12297841906547545 1.0000000180025095e-35 1.0000000180025095e-35 1.0000000180025095e-35 -0.23497536778450009 -0.086075685918331132 -0.093167703598737703 -0.064586743712425218 -0.070761896669864641 -0.08742263168096541 1.0000000180025095e-35 -0.10689946264028548 -0.089283488690853105 -0.072699978947639451 0.046086955815553672 -0.10401108488440512 -0.11463963612914084 0.0095652174204587954 0.0071739130653440961 0.018260869197547439 -0.1949939355254173 -0.11429323628544806 0.00075306560029275726 -0.1293404549360275
decision_type=2 2 2 2 2 2 2 2 2 2 2 2 2 2 2 2 2 2 2 2 2 2 2 2 2 2 2 2 2 2
left_child=1 3 5 8 -5 13 28 14 9 -1 -8 -4 -9 -3 15 16 17 -7 -18 20 21 23 -23 24 27 26 -25 -19 -6 -30
right_child=-2 2 11 4 6 7 10 12 -10 -11 -12 -13 -14 -15 -16 -17 18 19 -20 -21 -22 22 -24 25 -26 -27 -28 -29 29 -31
leaf_value=0.027869571535062771 -0.0019101260090442374 -0.0026027473273992846 0.012773788699971698 0.011625008943607844 0.0022004175527335977 0.016523849780998964 -0.039037708694306124 0.030175496190704906 0.0067290637510215873 0.011400834507541736 0.019608643436562975 -0.0093277634694595452 -0.03986064655083818 -0.034944784043343516 -0.008148221329757125 -0.023521661988279013 -0.00012541029192238845 -0.0066041939589387994 0.014068940628720928 -0.058483783130013116 0.038125472019263723 0.030196673987295804 -0.046268371266307042 0.039785619826905788 0.032642951008638225 -0.0047365949725907044 -0.081470985237825602 -0.083232013821811626 -0.037916222640636342 -0.0071231588831516136
leaf_weight=294.12910582398763 38985.064986046113 3561.9626498657162 951.46713423437905 375.97932349919574 179.26809175821836 533.77078048139811 18.497811328619719 135.08040047157556 4011.0477559224455 2416.3981844508817 143.03340381057933 131.06389503157698 11.108337968587874 44.543945694342256 373.23316150531173 58.165815698681399 1764.8255047496641 29.372710866620764 273.4459389038384 12.528062753845004 34.861823019338772 56.057224704883993 8.4032869762741011 4.4840347273275212 40.832334229024127 34.921226473059505 27.527208313345913 11.039133688900618 123.14003344991943 269.81932339476771
leaf_count=2885 1809142 33305 4840 2275 1267 3344 152 828 29294 15818 729 1006 137 589 6193 835 17970 195 2142 191 255 428 78 14 175 397 566 132 1131 1912
internal_value=-1.27693e-11 0.00467442 0.00141725 0.0080422 0.000185636 7.76021e-05 -0.00568376 0.00334527 0.0093391 0.0131975 0.0126939 0.0100918 0.0246191 -0.00301178 0.00238505 0.00374762 0.00431579 0.0108043 0.00178481 -0.000954904 0.00218076 -0.00386324 0.0196739 -0.0141657 0.00198071 -0.0335053 -0.0637951 -0.0290407 -0.0108846 -0.0168444
internal_weight=54915.1 15930 8098.69 7831.31 1109.74 7016.16 733.759 3409.66 6721.58 2710.53 161.531 1082.53 146.189 3606.51 3263.47 2890.24 2832.07 793.798 2038.27 260.027 247.499 212.637 64.4605 148.177 81.2442 66.9325 32.0112 40.4118 572.227 392.959
internal_count=1938225 129083 73620 55463 7466 67774 5191 33880 47997 18703 881 5846 965 33894 32915 26722 25887 5775 20112 2431 2240 1985 506 1479 502 977 580 327 4310 3043
is_linear=0
shrinkage=0.05


Tree=88
num_leaves=31
num_cat=0
split_feature=4 4 5 1 2 6 3 6 6 11 5 5 1 14 7 18 7 14 8 1 13 14 17 15 3 9 7 6 1 5
split_gain=190.816 52.969 38.199 36.8133 23.2792 31.5438 21.9318 26.4869 21.4211 31.714 20.5711 22.7956 19.7983 19.2564 19.2262 16.6416 16.4598 27.56 23.4758 30.3134 21.9582 28.1173 27.1625 18.8535 27.7279 33.0158 27.6177 23.8953 19.706 18.8174
threshold=1.0000000180025095e-35 0.0043478262377902874 0.030434782616794113 0.0026086957077495758 -0.16167665272951123 -0.21088551729917523 -0.21926072239875791 -0.09997439011931418 -0.098010830581188188 -0.14192007482051847 0.037391304969787605 0.054782608523964889 0.0043478262377902874 -0.12392524257302283 -0.15268627554178235 0.00086956520681269478 -0.03011380415409803 -0.13252436369657514 0.014782608952373268 0.0043478262377902874 0.01304347859695554 -0.12066245451569556 0.035869564861059196 -0.08208476752042769 -0.13983344286680219 0.016521738842129711 -0.08641647174954413 -0.11215706169605254 0.0026086957077495758 0.30869565904140478
decision_type=2 2 2 2 2 2 2 2 2 2 2 2 2 2 2 2 2 2 2 2 2 2 2 2 2 2 2 2 2 2
left_child=2 3 8 6 12 -6 15 -8 9 -1 -9 13 -4 -12 -5 -2 20 18 19 -18 21 23 -22 24 25 -7 -25 -27 -28 -30
right_child=1 -3 4 14 5 16 7 10 -10 -11 11 -13 -14 -15 -16 -17 17 -19 -20 -21 22 -23 -24 26 -26 27 28 -29 29 -31
leaf_value=0.012680971585360114 -0.0058911272739474319 -0.0018595959197231016 0.002972599846091285 0.0035175950908849017 0.021979050489920444 0.0051697974651472647 0.013707645037280456 0.01883019987536956 -0.0049299870001006758 0.031089618957679595 -0.10576773170805565 -0.0023468464083109129 -0.014936706175512016 -0.0053784550776639481 -0.0018771024407583878 0.0065897510454164879 -0.0066719191239707895 0.0017500367604203243 0.019453302665971992 -0.088755177809286406 -0.036173177155451382 0.028968962512698399 0.0064587916947711601 0.013715455716858289 0.015804166837044515 -0.019071545716067839 -0.0014912580975976187 -0.10825821337263851 -0.081828591491339503 0.00069648404872647135
leaf_weight=1676.5195990439024 468.01620106754126 38939.328849965808 493.69834242868819 2713.4928130383487 329.45707755314652 1174.3008066222683 1385.3635490331799 115.46463173849043 140.35617336817086 271.81035205122316 9.097923783585431 374.88461339368951 223.32093285885639 9.2794727580621821 4216.8471980275353 619.37985640903935 20.49334761290811 372.15424625034211 14.599013891536741 24.411459990893491 62.199017898179591 155.63012862193864 90.791053097695112 50.959088706877083 732.43467913271161 39.136248440248892 24.351766436477192 8.4938266454264504 25.063496275572106 9.3756827646866423
leaf_count=13245 3910 1809142 3479 27159 1758 8007 8110 506 1100 1397 110 2189 2041 49 38783 4504 168 3213 81 409 1609 689 935 335 3964 318 145 176 568 126
internal_value=-2.60245e-11 -0.00102893 0.00846144 0.00223424 0.00550599 0.00736509 0.00687899 0.0101269 0.0139051 0.0152638 0.000368014 -0.00508663 -0.00261842 -0.0579707 0.00023533 0.00121749 0.00564103 -0.00333361 -0.0346317 -0.052256 0.00727445 0.00853807 -0.0109958 0.00698434 0.00811825 0.0035021 -0.0130987 -0.0368752 -0.0361814 -0.0599764
internal_weight=54790.7 48851.2 5939.56 9911.83 3850.87 3133.85 2981.49 1894.09 2088.69 1948.33 508.727 393.262 717.019 18.3774 6930.34 1087.4 2804.39 431.658 59.5038 44.9048 2372.74 2219.75 152.99 2064.12 1954.37 1221.93 109.75 47.6301 58.7909 34.4392
internal_count=1938225 1894462 43763 85320 28021 22501 19378 10964 15742 14642 2854 2348 5520 159 65942 8414 20743 3871 658 577 16872 14328 2544 13639 12465 8501 1174 494 839 694
is_linear=0
shrinkage=0.05


Tree=89
num_leaves=31
num_cat=0
split_feature=4 5 11 17 3 6 15 7 8 11 6 5 5 2 16 25 26 7 2 8 6 13 10 9 6 3 18 7 10 17
split_gain=181.878 38.4635 29.9788 25.8039 28.3433 34.0709 27.7899 22.8234 22.2467 21.7521 21.4711 21.3694 20.7601 20.7318 19.5007 25.6327 27.5753 24.5796 53.6599 24.5267 21.4431 46.4231 21.1244 19.3816 21.7941 29.1101 29.7376 18.8326 32.5507 21.2424
threshold=0.0026086957077495758 0.079130433499813094 -0.99999982118606556 1.0000000180025095e-35 -0.16891620308160779 -0.09880723804235457 -0.093167703598737703 -0.17908484488725659 0.073913045227527632 -0.087180726230144487 -0.13670665770769116 1.0000000180025095e-35 0.020000000484287742 -0.15963806211948392 0.014782608952373268 1.0000000180025095e-35 1.0000000180025095e-35 -0.33376148343086237 -0.14735821634531018 0.056521739810705192 -0.19847848266363141 0.058260869234800346 -0.11528383567929266 0.0078260868322104233 -0.071792043745517717 -0.20013400167226789 0.0028510604752227668 -0.19682031124830243 -0.12648401409387586 0.0015217391774058344
decision_type=2 2 2 2 2 2 2 2 2 2 2 2 2 2 2 2 2 2 2 2 2 2 2 2 2 2 2 2 2 2
left_child=1 2 12 11 10 8 9 -3 -6 -7 -5 -4 -1 -14 15 27 -17 18 19 22 21 -19 -16 24 25 26 -22 -2 29 -29
right_child=14 7 3 4 5 6 -8 -9 -10 -11 -12 -13 13 -15 17 16 -18 20 -20 -21 23 -23 -24 -25 -26 -27 -28 28 -30 -31
leaf_value=-0.0034130854533228252 0.0018738380355146627 -0.015052127857472298 0.031644355239854101 0.0068975144791695794 0.019567444922710148 0.0061220424555999296 -0.017405372211808223 0.0032249438166463461 -0.012114119854740018 0.06005985083905549 -0.0027717406832898812 0.012696904909046743 -0.091362033726085659 0.005364170123346319 -0.0056051986847527116 0.0049162368392034047 0.034861108535613826 -0.018782887331498892 -0.026854216379318202 0.03848211980703091 -0.069494551734982188 0.022084316004998938 0.066849891437641917 -0.001791076913381251 0.009736232850030389 -0.030032975074699337 0.016170828777169247 0.011404748878411076 -5.5162163649537137e-06 -0.0047222062355686909
leaf_weight=43.870448815752752 5202.6814836046833 175.58774348034058 180.14709880588634 2485.3192467804838 1003.2693658031058 284.46262109826785 136.28162126877578 5236.6886847644928 58.000779416412115 19.03852016129531 745.89930544790695 855.50024015088275 16.211305889359213 8.0124152807984483 327.02674882492283 401.49117686750833 94.226378543651663 438.93899351502478 322.32671418078098 38.011851169387228 10.705094110162461 81.654041793808574 9.3803181335679238 16314.444480058875 79.229217014802998 202.73464351722214 74.480027480785793 209.56790017127059 12811.34164583046 6818.5991415180033
leaf_count=429 138281 1687 2293 19436 6176 1900 1515 39951 467 35 6250 6218 294 48 19741 2868 394 41706 86775 3172 399 12994 880 1162804 1140 4460 2607 1171 257056 115078
internal_value=2.1946e-11 0.00566616 0.00848158 0.00887243 0.00730513 0.0129809 0.00127429 0.00262932 0.0178262 0.00969167 0.00466528 0.0160201 -0.024275 -0.0604239 -0.00146739 -0.000580427 0.0106669 -0.00273279 -0.0119329 0.000949677 -0.00235949 -0.0123429 -0.00339273 -0.00204721 -0.0133927 -0.0197689 0.00472395 -0.000803488 -0.00150564 -0.00423977
internal_weight=54685.1 11248.3 5836.01 5767.92 4732.27 1501.05 439.783 5412.28 1061.27 303.501 3231.22 1035.65 68.0942 24.2237 43436.8 25537.9 495.718 17898.9 696.746 374.419 17202.2 520.593 336.407 16681.6 367.149 287.92 85.1851 25042.2 19839.5 7028.17
internal_count=1938225 86699 45061 44290 35779 10093 3450 41638 6643 1935 25686 8511 771 342 1851526 514848 3262 1336678 110568 23793 1226110 54700 20621 1171410 8606 7466 3006 511586 373305 116249
is_linear=0
shrinkage=0.05


Tree=90
num_leaves=31
num_cat=0
split_feature=4 4 1 5 11 6 6 5 5 7 10 3 15 1 6 15 2 7 2 2 7 6 14 8 9 15 6 7 5 7
split_gain=163.428 43.1811 39.9279 37.6778 22.8032 25.5045 20.8138 19.86 18.6963 18.2701 21.2409 17.0928 19.2183 18.8864 26.5403 30.5164 28.5982 26.5667 25.3354 21.2229 20.6805 20.4889 18.6793 18.4049 19.0096 17.1436 19.5426 19.385 17.216 25.9701
threshold=1.0000000180025095e-35 0.0043478262377902874 0.0026086957077495758 0.035652173683047302 -0.17318277060985562 -0.09997439011931418 -0.14226704090833661 0.016521738842129711 0.67391306161880504 -0.049537880346179002 -0.1293065398931503 -0.15156280249357221 -0.091964699327945695 0.0043478262377902874 -0.13985963910818097 -0.17726931720972058 -0.14763783663511273 -0.06089301407337188 -0.16587232798337934 -0.16167665272951123 -0.21148123592138288 -0.078156158328056322 -0.12066245451569556 0.0026086957077495758 0.0060869567096233377 -0.090734537690877901 -0.092070430517196641 -0.11531849205493926 0.14695652574300769 -0.073447868227958665
decision_type=2 2 2 2 2 2 2 2 2 2 2 2 2 2 2 2 2 2 2 2 2 2 2 2 2 2 2 2 2 2
left_child=3 2 4 -1 -2 -6 8 -7 -4 11 -11 13 -13 -5 18 16 -16 19 20 -17 23 22 -21 -15 -25 -14 -27 -28 -29 -30
right_child=1 -3 6 9 5 7 -8 -9 -10 10 -12 12 25 14 15 17 -18 -19 -20 21 -22 -23 -24 24 -26 26 27 28 29 -31
leaf_value=0.013018128106543883 0.0020120568552594426 -0.0017037604679604813 0.0039967765973483605 0.0089242318092817297 0.014928949774999332 0.026936990582821577 -0.0022959580081484388 -0.0027113012737154212 -0.021532929414055782 -0.010538860523661949 0.0051189794870562261 0.014431199838420115 -0.055532736469270073 -0.11573314608882045 -0.0408891231981637 -0.090961913552079318 0.028096681963539257 0.030734620222023501 0.011286901512325961 -0.022643905903717308 -0.0023522965279128638 -0.095839310610554673 0.032135527872266811 0.025642763112225388 -0.080288789951270562 0.021843158030426843 -0.065565551612077666 0.013092048800510799 -0.069656159535345832 -0.0016225564716467315
leaf_weight=2212.7850167673896 1333.25928367913 38793.906200639489 2663.9176998102048 770.32228335042601 1138.014356552565 64.185737872961909 4185.6302124436479 422.18106059334241 72.715024592122063 373.92746425101359 511.94534590456169 960.16883771168068 12.677424539229831 7.9633787623606649 18.168343683704734 10.748421416152267 69.282080381875858 22.477229275973514 378.88732672407059 215.0579334840877 50.997841578675434 8.0371043239720148 15.905408884398637 8.5089202155359072 6.7867921337019643 80.959137683821609 12.4873475569766 77.770941903319908 18.692033921019174 48.93239777898998
leaf_count=16796 10184 1809142 26403 5181 6456 256 38825 2482 714 3261 4207 5493 146 171 190 145 422 105 2367 2062 401 86 99 52 155 377 197 827 348 675
internal_value=-2.76154e-11 -0.000952204 0.00199869 0.007863 0.00686039 0.0108361 -7.92324e-05 0.00124862 0.00331081 0.00476111 -0.00149464 0.00674381 0.0112113 0.00331962 -0.00199639 -0.0121201 0.0134642 -0.020358 0.00604812 -0.0250605 -0.0204769 -0.0217301 -0.0187492 -0.0584819 -0.0234023 -0.00108911 0.00202018 -0.00821815 -0.00287862 -0.0211687
internal_weight=54567.3 48673.8 9879.9 5893.49 2957.64 1624.38 6922.26 486.367 2736.63 3680.7 885.873 2794.83 1211.69 1583.14 812.821 359.677 87.4504 272.226 453.144 249.749 74.2569 239 230.963 23.2591 15.2957 251.519 238.842 157.883 145.395 67.6244
internal_count=1938225 1894462 85320 43763 19378 9194 65942 2738 27117 26967 7468 19499 8063 11436 6255 3109 612 2497 3146 2392 779 2247 2161 378 207 2570 2424 2047 1850 1023
is_linear=0
shrinkage=0.05


Tree=91
num_leaves=31
num_cat=0
split_feature=4 4 7 1 13 2 14 6 3 6 15 3 10 1 0 5 11 6 15 7 3 18 11 15 9 3 2 18 2 5
split_gain=164.245 43.8829 38.68 37.2928 23.9017 45.09 25.3545 31.2333 28.2734 27.39 26.6144 22.4705 24.1819 25.2764 28.7959 21.7227 21.2675 28.828 20.5061 19.6885 17.623 23.4806 21.504 17.3149 16.8 21.9205 16.4779 17.7755 27.4962 17.7863
threshold=1.0000000180025095e-35 0.0043478262377902874 -0.049537880346179002 0.0026086957077495758 0.0095652174204587954 -0.14464666694402692 -0.12066245451569556 -0.082275781780481325 -0.14094118773937223 -0.17626530677080152 -0.99999967217445362 -0.20159333944320676 -0.12029745802283286 0.0060869567096233377 0.0043478262377902874 0.16260869055986407 -0.15768645703792569 -0.10394633933901785 -0.15861509740352628 -0.15268627554178235 -0.20978979766368863 0.00075306560029275726 -0.18050115555524823 -0.19638937711715695 0.01304347859695554 -0.23021157830953595 -0.18911182880401609 0.00086956526502035569 -0.17782085388898847 0.70695650577545177
decision_type=2 2 2 2 2 2 2 2 2 2 2 2 2 2 2 2 2 2 2 2 2 2 2 2 2 2 2 2 2 2
left_child=2 3 4 16 6 -6 7 8 9 10 -1 12 13 -11 -15 -10 -2 -18 -9 -5 21 22 -21 -12 -16 -26 -23 -28 -29 -30
right_child=1 -3 -4 19 5 -7 -8 18 15 11 23 -13 -14 14 24 -17 17 -19 -20 20 -22 26 -24 -25 25 -27 27 28 29 -31
leaf_value=-0.026704641457121106 0.002784708805065348 -0.001708849730954791 -0.0016894148984555703 0.0033564756091302734 -0.075412989499336447 0.0015024283104866998 0.026717554030193571 0.024892787329122517 0.026469113808754705 0.00039192469769794882 0.011179144944113928 0.00854048052001153 0.029582644825528477 -0.07675282145853192 -0.0088706119933024546 0.0088530764154914534 0.017199067358684064 0.0023529160693713806 -0.013092020143015595 -0.056115329990931384 -0.0033573367232963935 -0.050719935410655372 0.030712657983174088 0.022691986347901538 -0.13980413957835053 -0.01035671928807301 0.032674120767716468 -0.074205056193356655 0.0099167934824501494 -0.060958872797041236
leaf_weight=39.394698383577634 1579.9932802137337 38790.191249380034 888.87619716839981 2692.2959742447711 19.197221454465762 336.15346576902084 231.01727504545124 41.390967582352459 452.853037534951 378.37615112238564 1160.9178613457625 1132.3832785673003 49.457340891589411 20.864895254489966 123.82828092644922 287.13238368596649 822.92765653977403 542.73198274307651 219.84838394900726 25.358275991398841 3670.3069000443211 10.295976310269905 9.0424863025546056 456.31356741284253 4.9311076300218701 7.6821950762532634 74.989137128228322 9.3398171949665976 401.44386228173971 8.0654550916515273
leaf_count=508 11813 1809142 7468 27159 498 3527 1259 226 2168 3144 9170 7597 318 269 1094 1665 4523 3042 1870 318 34110 149 49 2815 107 60 449 168 3414 126
internal_value=-1.15357e-11 -0.000952158 0.00791423 0.0020286 0.00963468 -0.00285276 0.0105984 0.00974142 0.010806 0.00886013 0.0134457 0.00443193 -0.00352008 -0.00662574 -0.0234015 0.0196548 0.00673739 0.011305 -0.0070017 1.80393e-05 -0.00211777 0.00632089 -0.0330691 0.0144396 -0.0147438 -0.0675158 0.0090689 0.0104154 0.00636197 0.00837577
internal_weight=54487.6 48637 5850.62 9846.79 4961.74 355.351 4606.39 4375.37 4114.13 3374.15 1656.63 1717.52 585.14 535.683 157.306 739.985 2945.65 1365.66 261.239 6901.14 4208.84 538.535 34.4008 1617.23 136.442 12.6133 504.134 493.838 418.849 409.509
internal_count=1938225 1894462 43763 85320 36295 4025 32270 31011 28915 25082 12493 12589 4992 4674 1530 3833 19378 7565 2096 65942 38783 4673 367 11985 1261 167 4306 4157 3708 3540
is_linear=0
shrinkage=0.05


Tree=92
num_leaves=31
num_cat=0
split_feature=4 1 25 5 7 6 11 8 4 6 5 15 5 0 1 6 3 6 18 6 2 2 15 2 5 5 15 5 11 10
split_gain=158.476 53.2797 32.3399 29.3141 33.9851 33.4985 30.8287 27.5353 22.9414 21.0919 19.477 22.2854 19.6074 17.503 20.1674 17.3666 17.2584 24.1282 23.7329 26.1851 28.5335 23.1035 23.8819 22.304 19.2915 18.8099 18.0359 16.8542 16.8072 16.5779
threshold=0.0043478262377902874 0.0060869567096233377 1.0000000180025095e-35 0.075652174651622786 -0.16216852515935895 -0.10964439064264296 -0.15522935986518857 0.0026086957077495758 1.0000000180025095e-35 -0.08416330441832541 0.27043478190898901 -0.074343021959066377 0.3678260892629624 1.0000000180025095e-35 1.0000000180025095e-35 -0.09880723804235457 -0.1760962903499603 -0.085303828120231615 0.0021299911895766859 -0.13323794305324552 -0.15077716857194898 -0.19636188447475431 -0.16858599334955213 -0.15589711815118787 0.20782608538866046 0.19391304999589923 -0.18994198739528653 1.0000000180025095e-35 -0.17672760784626004 -0.16490256786346433
decision_type=2 2 2 2 2 2 2 2 2 2 2 2 2 2 2 2 2 2 2 2 2 2 2 2 2 2 2 2 2 2
left_child=1 3 7 6 -5 -6 13 16 -9 -4 -7 -12 -13 27 -15 -8 17 21 25 24 23 -3 -23 -21 -20 -18 -26 -1 -27 -24
right_child=-2 2 9 4 5 10 15 8 -10 -11 11 12 -14 14 -16 -17 18 -19 19 20 -22 22 29 -25 26 28 -28 -29 -30 -31
leaf_value=0.02369070388744942 -0.001712815109235875 -0.083384135814612931 0.012009840029328141 -0.016712138629051711 0.0094634550082501219 0.0030538902530598561 0.019703464889423372 0.0075342425846849446 -5.1937978872712719e-05 -0.010500910064413622 -0.013046037874039854 -0.011176562663846038 0.075147463784420165 -0.0043052660296035534 0.0072547697451280542 0.0063867785859413858 -0.0055751070872393452 -0.056322724862291257 0.026274246145557879 -0.027006079580330966 -0.013262537941662086 -0.0022635206451942762 0.048668899067241943 -0.10540911910110598 0.033692533613042155 -0.053398683355483173 -0.039608999144139539 0.0089544345691703539 0.014699240623168198 -0.029450034339829428
leaf_weight=237.39806456230872 38781.919034821418 9.6005262697581184 940.48155268860864 193.64067054557381 1692.0501917792571 853.9218875545921 965.91169994079974 1315.825320403208 4097.8949888317438 116.21423506434076 392.75808439277171 12.005506763351152 12.967457376420496 515.4811972060852 1400.6891537851188 329.53839318288374 249.51627827028278 29.040600756648928 62.854206284158863 23.01738983229734 205.31082535762107 389.30864711944014 6.2516528042033306 15.108050085604189 11.033512430498375 8.3705778368748707 27.399461967637762 1059.9483025169611 309.12851257494185 141.29649953008629
leaf_count=2614 1809142 184 4912 1690 10548 5007 5749 11040 42680 934 2937 109 40 4275 12557 1933 2036 325 425 261 2541 3692 31 279 56 82 317 8004 2166 1659
internal_value=-2.72886e-11 0.0042514 0.00138524 0.00722591 0.0035295 0.00485722 0.00981292 0.000137422 0.00179296 0.00952655 -0.00127441 -0.0101084 0.0348155 0.00718408 0.00414431 0.0163235 -0.0058861 -0.0126576 -0.0016027 -0.01193 -0.0207938 -0.0102384 -0.00877776 -0.0599751 0.00936859 0.00468583 -0.0182445 0.0116672 0.0127419 -0.0258348
internal_weight=54405.9 15624 7957.65 7666.31 3157.34 2963.7 4508.97 6900.96 5413.72 1056.7 1271.65 417.731 24.973 3213.52 1916.17 1295.45 1487.24 575.498 911.739 344.723 243.436 546.457 536.857 38.1254 101.287 567.015 38.433 1297.35 317.499 147.548
internal_count=1938225 129083 73620 55463 20331 18641 35132 67774 53720 5846 8093 3086 149 27450 16832 7682 14054 5891 8163 3879 3081 5566 5382 540 798 4284 373 10618 2248 1690
is_linear=0
shrinkage=0.05


Tree=93
num_leaves=31
num_cat=0
split_feature=4 1 27 6 2 1 23 11 6 15 17 0 18 4 3 11 7 11 15 11 15 25 15 3 2 2 7 10 15 15
split_gain=153.239 52.6568 30.0964 27.9187 26.0991 32.9042 23.2568 26.5206 37.8035 23.1702 20.3929 18.2306 17.6799 17.5893 23.1085 22.4947 20.5122 19.1007 17.8017 24.4911 16.7399 16.4407 15.7753 33.5412 22.4482 33.1986 16.2071 25.7381 20.4916 19.815
threshold=0.0043478262377902874 0.0026086957077495758 1.0000000180025095e-35 -0.19847848266363141 -0.16587232798337934 0.030434782616794113 0.78571429848670971 -0.15685369819402692 -0.09449394047260283 -0.13910689949989316 0.01434782659634948 0.43217390775680548 0.0047628052998334178 0.0026086957077495758 -0.24031477421522138 -0.21494054049253461 -0.1758858114480972 -0.14130433648824689 -0.070105083286762224 -0.070406436920166002 -0.14795023947954175 1.0000000180025095e-35 -0.078903805464506135 -0.08851847797632216 -0.13335343450307843 -0.14792633056640622 -0.070591736584901796 -0.12456293031573294 -0.16231538355350492 -0.08208476752042769
decision_type=2 2 2 2 2 2 2 2 2 2 2 2 2 2 2 2 2 2 2 2 2 2 2 2 2 2 2 2 2 2
left_child=1 6 3 4 5 12 7 -1 -9 -6 21 13 -3 14 20 -15 17 -16 19 -17 -5 -4 26 24 25 -24 -10 28 -28 -30
right_child=-2 2 10 11 9 -7 -8 8 22 -11 -12 -13 -14 15 16 18 -18 -19 -20 -21 -22 -23 23 -25 -26 -27 27 -29 29 -31
leaf_value=0.0044503575175462856 -0.0016848914204881814 -0.0063834235546847713 0.00057655073632456491 -0.0059427805528526473 0.008447968436909729 -0.072203981254004845 0.026045005637735447 0.01568404837264006 0.0097423241793169815 0.034834453103297601 0.02775565719838495 -0.057800842472461825 0.018518325545806798 0.0081954557123616358 0.0053113265235490981 -0.0055455613788105568 0.0015143674918427904 0.021946922993703169 0.019043182342785698 -0.078697204275234467 -0.053430655047093524 0.020667637876243122 -0.017991756413901893 0.032386293535003434 0.027270727344653963 -0.11248928807429136 0.034664992757945087 0.01045845027282083 -0.050309818651067088 0.030020531833099856
leaf_weight=2775.8693198223045 38725.713192521362 334.68172417371534 303.86140194756445 562.46220346656628 1402.7310035822447 15.920236298115922 178.0828692463183 1620.0091559668945 338.37181370894541 87.601504122605547 166.11616547970334 12.544534437358378 89.497277863323689 371.43117724987678 599.27844469493721 2092.0226854590001 3921.4598582815961 241.88453997822944 72.796945640351623 10.51151882112026 18.21664602868259 152.18942640101886 20.807933579722881 18.841723220306449 8.106486371252684 16.499774266034368 9.8001082991249842 77.484633555141045 58.313306349795312 8.1446087681688351
leaf_count=21306 1809142 3331 2559 5280 12761 344 2446 9633 1841 423 910 264 700 3978 4777 20999 32101 1471 1030 191 288 825 151 109 32 230 26 405 633 39
internal_value=-7.50612e-12 0.00418632 0.00215011 0.00147465 0.00686352 -0.00382827 0.00833473 0.00769274 0.0118243 0.0100213 0.012806 0.00015757 -0.00109822 0.000257033 0.00188679 -0.00316173 0.00303527 0.0101154 -0.00510381 -0.00594852 -0.00752183 0.00731173 0.000577727 -0.0225261 -0.0455154 -0.0616299 0.00363398 -0.00978594 -0.0302251 -0.040166
internal_weight=54311.3 15585.5 10455.2 9833.04 1930.43 440.099 5130.33 4952.25 2176.38 1490.33 622.167 7902.61 424.179 7890.06 5343.3 2546.76 4762.62 841.163 2175.33 2102.53 580.679 456.051 556.37 64.2559 45.4142 37.3077 492.114 153.743 76.258 66.4579
internal_count=1938225 129083 92232 87938 17559 4375 36851 34405 13099 13184 4294 70379 4031 70115 43917 26198 38349 6248 22220 21190 5568 3384 3466 522 413 381 2944 1103 698 672
is_linear=0
shrinkage=0.05


Tree=94
num_leaves=31
num_cat=0
split_feature=4 0 6 25 5 9 27 13 5 10 15 4 2 1 27 15 2 2 3 15 9 2 11 5 5 13 1 8 17 17
split_gain=148.561 53.3434 34.1824 30.7199 27.7532 27.0908 24.66 21.9459 17.3862 28.6225 28.8573 20.3962 17.9328 17.0439 24.8463 16.9691 23.4072 20.2059 19.7674 19.7713 37.3313 28.6973 18.103 17.6061 20.4895 17.4563 16.3908 17.6506 22.8409 16.4084
threshold=0.0043478262377902874 1.0000000180025095e-35 -0.038050999864935868 1.0000000180025095e-35 1.0000000180025095e-35 0.23913042992353442 1.0000000180025095e-35 0.07739130407571794 0.25304347276687628 -0.14263238012790677 -0.12053441628813742 1.0000000180025095e-35 -0.16587232798337934 0.06695652008056642 1.0000000180025095e-35 -0.092581316828727708 -0.12573076784610746 -0.13357359170913694 -0.15404241532087323 -0.18549548089504239 0.020000000484287742 -0.12011587619781493 -0.19458762556314466 0.1278260871767998 0.14347826689481738 0.023478261195123199 0.0060869567096233377 0.0043478262377902874 0.0034782610600814228 0.0032608695328235631
decision_type=2 2 2 2 2 2 2 2 2 2 2 2 2 2 2 2 2 2 2 2 2 2 2 2 2 2 2 2 2 2
left_child=1 4 3 7 -1 -4 -5 8 11 10 13 12 -3 -10 -15 18 17 -17 19 -14 22 -22 -21 25 -25 -20 -24 28 29 -28
right_child=-2 2 5 6 -6 -7 -8 -9 9 -11 -12 -13 15 14 -16 16 -18 -19 23 20 21 -23 26 24 -26 -27 27 -29 -30 -31
leaf_value=0.024968744724806313 -0.0016572679183248654 -0.0058496172672710608 -0.026436246564148582 0.0065580577091441349 0.0084236576123010286 0.04567423858641978 0.023029525522501815 -0.068217885303192158 -0.0084867870286740518 0.0006460571786575098 -0.074807817499232918 0.001608501830314051 0.012390149430215594 -0.08262476651051931 0.044233466590362772 -0.011992684933104526 0.022145953136176653 -0.079659476118531761 0.026488124518679906 -0.03818763935660302 -0.10871124347362138 -0.0086170881972641583 0.013652652749061384 -0.038174118678017871 0.011478559354593465 -0.024430196650250223 -0.018199255176740717 0.0079814741067168338 -0.074103966642593777 0.03778081036066868
leaf_weight=276.64714647109213 38701.809392739058 232.94163199258037 147.49492419778835 1302.8918257538317 2956.3359064928518 13.370608550962059 274.67001332178188 10.129451706074176 333.07414452906232 1872.1254285905161 17.884822792897467 6113.278794958489 632.52097852760926 15.900229699909689 4.3055100194178513 94.790147567517124 46.481420901836827 11.579362208489327 360.07007051975233 24.982003070879728 12.604237654712053 15.517193573992698 248.71478884652606 22.009554243879393 215.10918918135576 16.902263867668808 84.820399639662355 130.96251200174447 15.091736845206468 14.487684858031569
leaf_count=2903 1809142 2049 2759 8260 20051 263 1758 517 2948 16593 314 56245 4221 286 14 899 538 315 1882 303 364 203 1540 206 1275 267 821 933 285 71
internal_value=-2.59544e-11 0.00413314 0.00262881 0.00293333 0.00984671 -0.0201975 0.00943868 0.00195942 0.00203336 -0.00187119 -0.0145356 0.00308967 0.00724139 -0.0112818 -0.0547822 0.0088101 -0.00714539 -0.0200322 0.0101729 0.00637697 -0.000583972 -0.0556725 0.00250191 0.0174429 0.0067288 0.0241465 0.00463227 -0.00452965 -0.0187972 -0.0097373
internal_weight=54219.5 15517.7 12284.7 12123.8 3232.98 160.866 1577.56 10546.3 10536.2 2243.29 371.165 8292.86 2179.59 353.28 20.2057 1946.64 152.851 106.37 1793.79 1179.7 547.181 28.1214 519.059 614.091 237.119 376.972 494.077 245.362 114.4 99.3081
internal_count=1938225 129083 106129 103107 22954 3022 10018 93089 92572 20155 3562 72417 16172 3248 300 14123 1752 1214 12371 8741 4520 567 3953 3630 1481 2149 3650 2110 1177 892
is_linear=0
shrinkage=0.05


Tree=95
num_leaves=31
num_cat=0
split_feature=4 4 7 1 2 13 11 6 6 10 3 6 1 1 15 6 14 17 5 10 15 3 9 12 9 6 23 15 7 6
split_gain=136.722 39.5633 37.4019 34.5803 23.2517 26.9741 22.9683 20.4902 19.4028 25.1744 32.2809 24.1869 21.5195 19.389 18.7803 18.4529 18.3397 16.9048 16.7656 16.6054 16.2521 18.4218 16.0823 24.5914 25.4917 15.9997 15.912 20.8967 24.3062 20.2131
threshold=1.0000000180025095e-35 0.0043478262377902874 -0.049537880346179002 0.0026086957077495758 -0.18411412835121152 0.035652173683047302 -0.17318277060985562 -0.14226704090833661 -0.17455270886421201 -0.12257835641503333 -0.20159333944320676 -0.07232769206166266 0.0060869567096233377 0.016521738842129711 -0.24044181406497953 -0.09997439011931418 -0.13840076327323911 0.0034782610600814228 0.016521738842129711 -0.1293065398931503 -0.12154720723628996 -0.12308423221111296 0.011304348241537811 0.0060869567096233377 0.025217391550540928 -0.29211205244064326 0.5000000149011613 -0.25020483136177057 -0.049537880346179002 -0.064586743712425218
decision_type=2 2 2 2 2 2 2 2 2 2 2 2 2 2 2 2 2 2 2 2 2 2 2 2 2 2 2 2 2 2
left_child=2 3 4 6 -1 8 -2 -5 14 10 12 -12 -10 20 16 -8 -6 -14 -17 -4 -13 -22 -11 24 -24 -18 27 28 -9 -30
right_child=1 -3 19 7 5 -7 15 26 9 22 11 13 17 -15 -16 18 25 -19 -20 -21 21 -23 23 -25 -26 -27 -28 -29 29 -31
leaf_value=-0.010394610030150277 0.0016890866247367487 -0.0015848398884622625 -0.010251475637015934 0.0034448786255889194 -0.0076328201277749662 -0.034060795200583679 0.014185744093738947 0.022659840594272181 4.9106082776869778e-05 0.02030216601773659 0.0091511146674645733 0.04268845622944966 -0.042226867802785742 -0.095225438163344403 0.019214849856087773 0.026221769433332806 0.020664123366975831 -0.0076541665242775142 -0.0013623765996470217 0.0036181405565971617 -0.076257707608981137 -0.0052260604479012736 -0.00085612835227476085 0.015609305356003647 -0.06011909547181235 0.0056937194806078303 0.0070664997969539459 -0.0041031711290925024 0.0029870503864869381 -0.061578946883750388
leaf_weight=148.91662052592437 1313.659877209051 38626.328685101253 368.82257291655696 2692.6785724649671 140.53531255215057 34.130068464903161 1101.4118817680283 151.41076199966483 337.93954866740387 510.26023765048012 1538.3569193910516 10.221437130821867 62.897451926430222 6.9896627054549745 887.69128895830363 62.663399948040023 309.48033520564786 80.40229132422246 408.25429681502283 517.32062385592144 11.547253840544725 34.109378486988135 86.116784223821014 222.52924884238746 21.999901702394709 422.38643079331086 419.8403352284804 3529.1874565611361 43.610405567102134 15.743087182519956
leaf_count=1516 10184 1809142 3261 27117 1288 749 6456 1254 2817 2993 10330 40 705 245 5837 256 2583 751 2482 4207 164 289 808 1391 515 3274 2985 34050 376 160
internal_value=-1.79587e-11 -0.000866792 0.00728634 0.00198112 0.00900644 0.00962093 0.00657118 4.72952e-05 0.00994646 0.00744489 0.00449257 0.00790447 -0.00685264 -0.0222664 0.0140948 0.0106464 0.00886892 -0.0230164 0.00235594 -0.0021596 -0.0116263 -0.0244404 0.0147422 0.00612647 -0.0133556 0.0120437 -0.0021523 -0.00318879 0.0120692 -0.0148752
internal_weight=54117.4 48364.8 5752.65 9738.46 4866.51 4717.59 2885.99 6852.47 4683.46 2923.37 2082.46 1601.22 481.239 62.8677 1760.09 1572.33 872.402 143.3 470.918 886.143 55.8781 45.6566 840.906 330.646 108.117 731.867 4159.79 3739.95 210.764 59.3535
internal_count=1938225 1894462 43763 85320 36295 34779 19378 65942 34030 21048 15341 11068 4273 738 12982 9194 7145 1456 2738 7468 493 453 5707 2714 1323 5857 38825 35840 1790 536
is_linear=0
shrinkage=0.05


Tree=96
num_leaves=31
num_cat=0
split_feature=4 1 6 2 15 11 6 15 23 27 17 1 17 14 6 9 1 8 8 3 6 9 5 5 0 15 11 15 8 25
split_gain=143.939 44.0688 25.9562 26.2851 29.204 23.9723 33.5941 21.1663 17.9215 16.6875 17.2954 16.2003 15.8501 15.0965 33.8786 32.4272 15.0715 19.0759 21.2309 15.4251 14.564 14.1073 21.2678 13.9863 15.4102 16.5116 19.1776 32.3504 38.285 14.7597
threshold=0.0043478262377902874 0.0026086957077495758 -0.20731053501367566 -0.16587232798337934 -0.99999967217445362 -0.15768645703792569 -0.10233997553586958 -0.13910689949989316 0.6428571641445161 1.0000000180025095e-35 0.025217392481863502 0.030434782616794113 1.0000000180025095e-35 -0.12900730967521665 -0.11571532860398291 1.0000000180025095e-35 0.42173913121223455 0.13130434602499011 0.058260869234800346 -0.024355221539735791 -0.10076437518000601 0.014782608952373268 0.14173913002014163 0.042608696967363364 1.0000000180025095e-35 -0.09679375588893889 -0.11560035869479178 -0.12154720723628996 0.0026086957077495758 1.0000000180025095e-35
decision_type=2 2 2 2 2 2 2 2 2 2 2 2 2 2 2 2 2 2 2 2 2 2 2 2 2 2 2 2 2 2
left_child=1 5 3 4 11 8 -7 -5 13 -4 21 -3 -10 14 -1 20 19 18 -18 -2 -16 -11 -23 -8 -25 26 27 -26 -29 -27
right_child=16 2 9 7 -6 6 23 -9 12 10 -12 -13 -14 -15 15 -17 17 -19 -20 -21 -22 22 -24 24 25 29 -28 28 -30 -31
leaf_value=0.00082376581091927754 -0.0016131708803471684 -0.024862560877605751 0.00050523956584164415 0.0095136624964480016 0.0023240296257267213 0.016465171188494093 0.015800128194700471 0.038050208481008235 0.024720805539307899 0.0090132833727989137 0.032369700250887326 -0.10705632479327826 0.0055440837286777336 0.0065212490121017326 -0.063893390609158038 -0.10096270316580942 0.045212596103334175 -0.0077367928708508595 -0.066338072935757886 0.020757782464644846 0.0011754286691071907 0.0053410431774169693 -0.070459558425557497 0.006753498399115378 0.0008082264702431581 -0.036081905674048002 0.016294006099450892 -0.12129462110673206 0.010230242855295998 0.023894212741543075
leaf_weight=943.96427003567806 38414.92039854639 59.300001078750938 8019.7137990856427 1341.0129399119178 366.57689818058861 1406.712557684441 176.39520199273829 67.448041609255597 196.75748147511331 376.16700953850523 72.609983822447248 5.8623168179765335 238.42448070787941 1441.0926738996641 10.640591109753585 14.316320202080531 4.2715595127083352 113.11519489438069 28.252667028049473 76.214722975564655 32.783892765291966 25.065603445982561 13.552447576541452 340.50277592784551 65.923661691049347 71.274362284573726 84.379940557933878 12.650746193714442 9.0600696962792409 11.242372638385858
leaf_count=7037 1764287 682 72085 12178 3507 8625 962 329 3154 2581 342 172 2314 10351 122 197 102 34406 1812 8535 169 197 159 2047 430 709 444 186 42 62
internal_value=2.14258e-11 0.00408673 0.00221686 0.00759956 -0.00318808 0.0079122 0.0118692 0.0109062 0.00491437 0.00105176 0.0100249 -0.0337634 0.0142512 0.00324587 -0.00146802 -0.0383111 -0.00162933 -0.017629 -0.050776 -0.00156834 -0.0158482 0.00604488 -0.0223671 0.0034778 -0.000195477 -0.00948162 -0.000621765 -0.0169094 -0.0683747 -0.0277223
internal_weight=54040.2 15403.4 10347.3 1840.2 431.739 5056.12 2178.14 1408.46 2877.98 8507.11 487.395 65.1623 435.182 2442.8 1001.71 57.7408 38636.8 145.639 32.5242 38491.1 43.4245 414.785 38.6181 771.429 595.034 254.531 172.014 87.6345 21.7108 82.5167
internal_count=1938225 129083 92232 16868 4361 36851 13507 12507 23344 75364 3279 854 5468 17876 7525 488 1809142 36320 1914 1772822 291 2937 356 4882 3920 1873 1102 658 228 771
is_linear=0
shrinkage=0.05


Tree=97
num_leaves=31
num_cat=0
split_feature=4 1 25 5 7 6 11 2 2 15 13 13 2 6 15 3 7 15 5 6 8 6 7 13 3 7 14 6 15 10
split_gain=125.222 47.4313 30.6731 22.3106 36.1403 27.09 26.1862 24.3095 21.3721 32.5483 20.1059 18.0503 18.414 17.3108 16.6604 24.3695 26.7271 24.0195 31.3827 28.8518 30.1445 23.7566 25.291 21.4157 24.3908 20.306 18.708 36.2037 24.9879 17.6395
threshold=0.0043478262377902874 0.0060869567096233377 1.0000000180025095e-35 0.075652174651622786 -0.16216852515935895 -0.12317942082881926 -0.15522935986518857 -0.16587232798337934 -0.18911182880401609 -0.14595818519592282 0.0060869567096233377 0.0060869567096233377 -0.16238766908645627 -0.086075685918331132 -0.19816465675830838 -0.16187310218811032 -0.16654398292303083 -0.14151462167501447 0.17478261142969134 -0.14566414803266522 0.011304348241537811 -0.11571532860398291 -0.11016918346285819 0.011304348241537811 -0.097299333661794649 -0.011137183289974926 -0.12367209419608115 -0.12742213904857633 -0.14795023947954175 -0.12029745802283286
decision_type=2 2 2 2 2 2 2 2 2 2 2 2 2 2 2 2 2 2 2 2 2 2 2 2 2 2 2 2 2 2
left_child=1 3 8 6 -5 -6 -1 -7 9 10 -3 -8 -13 -4 -10 17 23 19 21 25 26 -19 -23 -17 -25 -16 28 -28 -21 -29
right_child=-2 2 13 4 5 7 11 -9 14 -11 -12 12 -14 -15 15 16 -18 18 -20 20 -22 22 -24 24 -26 -27 27 29 -30 -31
leaf_value=0.0065106884186010155 -0.0015220002352836692 -0.060896201508285897 0.011561040858785617 -0.017416062751706336 0.010228302615725314 -0.021743737779926178 0.015786071437981674 0.0021839112370390132 0.0044356754973121143 0.040352609295654061 0.00020967090792552124 0.024724033802348486 -0.073769583215863591 -0.0081604793722073379 0.00046216077842399489 0.017127969936605217 -0.00078672134036042788 0.010032056904998282 0.02554062412645567 -0.026789351475675367 -0.00084278990449147188 -0.0090973601073143506 -0.061485205186395255 -0.025584147826446541 0.02441052638904008 -0.053474354509320601 -0.058599699085170633 0.018892150911140822 -0.069344376543258826 -0.043755963867583202
leaf_weight=3162.8421004873671 38556.072320985702 42.255509922746569 904.39995370947872 194.42516376206186 1281.0972795737616 113.20288923681073 1234.6575504205393 1504.2606111802306 1722.581134064123 14.039924571581649 19.53392503852956 7.4439685200341073 10.427935062907634 126.13958192965947 438.31947512744227 388.60715842590434 3136.5474566156045 139.68782807141542 113.78566783526912 238.21650671772659 165.2596890857094 138.81685001915321 26.749023229349405 68.958056979579851 36.521669392473996 17.173026644391939 25.75940914475359 66.721973880892619 40.136650716187432 12.497641714755444
leaf_count=27450 1809142 526 4840 1690 8067 984 7460 9590 17155 72 346 44 178 1006 4355 2493 30789 1124 1027 2655 1947 1500 569 905 298 257 392 518 664 182
internal_value=1.73201e-11 0.00381261 0.0011034 0.00665636 0.0033983 0.00479998 0.00893736 0.000496865 -0.000106662 -0.0263297 -0.0418827 0.015055 -0.033609 0.00914153 0.000190623 -0.0012569 0.000917193 -0.00680014 0.00324962 -0.0109933 -0.0187056 -0.00511579 -0.0178795 0.0117137 -0.00820714 -0.00168405 -0.0263843 -0.00829675 -0.0331518 0.00858657
internal_weight=53947.1 15391.1 7882.71 7508.36 3092.99 2898.56 4415.37 1617.46 6852.17 75.8294 61.7894 1252.53 17.8719 1030.54 6776.34 5053.76 3630.63 1423.12 419.039 1004.08 548.592 305.254 165.566 494.087 105.48 455.493 383.332 104.979 278.353 79.2196
internal_count=1938225 129083 73620 55463 20331 18641 35132 10574 67774 944 872 7682 222 5846 66830 49675 34485 15190 4220 10970 6358 3193 2069 3696 1203 4612 4411 1092 3319 700
is_linear=0
shrinkage=0.05


Tree=98
num_leaves=31
num_cat=0
split_feature=4 1 25 11 6 7 3 1 6 23 27 11 11 17 4 17 6 0 3 0 1 2 4 4 6 14 7 4 4 13
split_gain=126.855 41.7391 26.1823 22.9394 30.098 20.1931 23.7813 20.4094 21.7401 17.4465 17.1349 17.086 21.4507 15.8618 15.1745 14.0062 14.966 18.5894 16.5503 18.9972 25.4315 29.0541 17.5792 16.204 17.2936 16.8584 15.3986 14.7899 14.6264 15.1248
threshold=0.0043478262377902874 0.0026086957077495758 1.0000000180025095e-35 -0.15768645703792569 -0.10233997553586958 -0.19682031124830243 -0.18803743273019788 0.021739130839705471 -0.1101677082479 0.6428571641445161 1.0000000180025095e-35 -0.25705559551715845 -0.99999982118606556 1.0000000180025095e-35 1.0000000180025095e-35 0.34586955606937414 -0.0041932547464966765 1.0000000180025095e-35 -0.12196508795022963 0.025217391550540928 0.0060869567096233377 -0.10321205854415892 0.16434781998395923 0.18347825855016711 -0.038050999864935868 -0.082913435995578752 -0.0076736831106245509 0.096521738916635527 0.053043477237224586 0.084347829222679152
decision_type=2 2 2 2 2 2 2 2 2 2 2 2 2 2 2 2 2 2 2 2 2 2 2 2 2 2 2 2 2 2
left_child=1 3 5 9 -5 6 7 -3 11 -1 -4 12 -9 -11 -8 16 23 -18 26 20 -20 -22 27 -2 -25 -26 -19 28 29 -21
right_child=15 2 10 4 -6 -7 14 8 -10 13 -12 -13 -14 -15 -16 -17 17 18 19 22 21 -23 -24 24 25 -27 -28 -29 -30 -31
leaf_value=0.0030098523985413995 -0.0014702574104944496 0.003917469343185309 0.0061283126729300679 0.01588199926298944 0.0035100204759924121 -0.00039544944719450487 0.022876945140073435 -0.062292759339703532 0.036781469414026512 0.024559513193727643 0.021796235461663982 -0.029432633541232836 0.0036429599696399932 0.0052358747839000132 0.0076437707259206225 -0.035457004977345018 -0.084542474983083371 0.057990609974551938 0.043870278642251959 0.027468942547027721 -0.098320975864635562 0.033428210001462275 0.064811517764296056 -0.020846035036687492 -0.059943346165269806 0.010372664493326793 -0.019578225946098635 -0.05756646927423234 0.058629425999679734 -0.035021218529859767
leaf_weight=2428.9912153269979 38048.070922521598 1371.1282635079115 1134.3042296427302 1386.1053276944876 762.5070812311169 6534.2275172370137 226.37675085413503 12.735044897301121 20.831458906410262 192.48602383298567 205.60900862677954 114.04950053221546 120.22483571176417 236.96539912719891 588.57768635568209 29.399519268292352 3.6133559615700497 33.678353584327851 7.5516527267172959 20.530071475543082 13.086457082245037 5.3640657028881806 15.613539432000833 214.47866551318293 8.3697706746461318 93.853136904792336 7.3233510723221107 6.8999082390218964 13.444477714598177 16.5973976906389
leaf_count=17876 1675320 14395 6779 8625 4882 59400 1273 276 146 3154 1115 1724 1451 2314 5673 19238 95 1377 103 667 613 113 1628 85635 918 20356 1405 339 315 1020
internal_value=-4.34381e-11 0.00384612 0.0020295 0.00759211 0.0114951 0.00105705 0.00492331 0.00145007 -0.0111486 0.00465538 0.00854701 -0.0153228 -0.0030903 0.0139339 0.0118981 -0.00153052 -0.0015037 0.0145465 0.0176835 0.00646319 -0.0295195 -0.0602686 0.0194907 -0.0015642 -0.0128097 0.00409041 0.0439997 0.00628042 0.0159388 -0.000652391
internal_weight=53873 15335.1 10328.1 5007.06 2148.61 8988.15 2453.92 1638.97 267.841 2858.44 1339.91 247.009 132.96 429.451 814.954 38537.9 38508.5 143.703 140.089 99.0876 26.0022 18.4505 73.0854 38364.8 316.702 102.223 41.0017 57.4719 50.5719 37.1275
internal_count=1938225 129083 92232 36851 13507 84338 24938 17992 3597 23344 7894 3451 1727 5468 6946 1809142 1789904 7675 7580 4798 829 726 3969 1782229 106909 21274 2782 2341 2002 1687
is_linear=0
shrinkage=0.05


Tree=99
num_leaves=31
num_cat=0
split_feature=4 7 4 1 2 13 2 11 2 9 6 7 0 9 13 6 3 6 11 11 18 15 6 13 15 1 2 11 11 6
split_gain=117.507 36.2547 31.3547 27.1961 22.3007 21.7412 31.7779 20.2934 19.8622 25.8595 18.957 18.7447 17.603 22.4911 22.1882 19.9886 17.3735 17.3121 24.6139 16.7262 25.2906 17.5656 20.807 19.3964 16.9459 16.2433 20.6845 16.0127 21.6211 18.704
threshold=1.0000000180025095e-35 -0.049537880346179002 0.0043478262377902874 0.0026086957077495758 -0.18065031617879865 0.0095652174204587954 -0.14464666694402692 -0.17318277060985562 -0.13249349594116208 0.0026086957077495758 -0.09997439011931418 -0.15268627554178235 0.08782608807086946 0.025217391550540928 0.035652173683047302 -0.059873826801776879 -0.20978979766368863 -0.18385905772447583 -0.18306284397840497 -0.18306284397840497 0.00075306560029275726 -0.18994198739528653 -0.07677548378705977 1.0000000180025095e-35 -0.42362995445728296 0.0060869567096233377 -0.12573076784610746 -0.13315819948911664 -0.13428030908107755 -0.086863610893487916
decision_type=2 2 2 2 2 2 2 2 2 2 2 2 2 2 2 2 2 2 2 2 2 2 2 2 2 2 2 2 2 2
left_child=1 4 3 7 -1 8 -7 -2 9 17 -9 27 13 -8 -14 -15 19 -6 -19 20 -13 22 -22 -23 -24 -25 -27 28 -5 -29
right_child=2 -3 -4 11 5 6 12 10 -10 -11 -12 16 14 15 -16 -17 -18 18 -20 -21 21 23 24 25 -26 26 -28 29 -30 -31
leaf_value=-0.007476549408641885 0.0012546866569883579 -0.0024941930487258298 -0.0014403712760295826 0.0021247912001188004 0.016674406399057547 -0.076691406189659445 0.0056010919219354714 0.013378991782572264 0.018461692333312223 0.0019928248194288865 0.001312639905108136 -0.047502404422177805 0.016200667788811692 -0.045274675447968857 -0.033009975325351333 0.043294871678178269 -0.0032704248504416113 -0.0039430420012150922 0.011379618874884112 0.023485522000291782 0.013932422957728197 -0.10201287433025058 0.015327407661863022 0.030286041263702719 -0.053846157550409696 -0.050421483046547637 0.021217222724651468 0.016539406203127587 -0.069196838275832603 -0.025141060950292039
leaf_weight=207.18391085565963 1303.0376550092478 881.64025170822606 38474.00712631151 2257.0312837321253 983.96648691295377 12.976726992055772 69.970548488199711 1075.5301041138591 626.86098212958314 1002.8475629970198 466.9194774327334 23.506714669987559 171.83904216100927 55.319051929749548 25.456695052795112 6.3850692664273074 3658.5219276326243 328.97747154859826 1279.8190030040714 111.92298924177885 293.44061628985219 5.3236786611378184 14.215714152203871 17.153706785757095 20.99559001205489 28.247948551550508 14.673489583190529 329.02027557371184 9.6770317121408862 28.423994555603713
leaf_count=2002 10184 7468 1809142 24564 8049 432 763 6456 3671 7296 2738 315 960 1196 472 136 34110 2883 8435 785 2463 65 89 110 218 479 149 2226 127 242
internal_value=-1.70478e-11 0.0068186 -0.000800996 0.00174603 0.00853947 0.00926794 -0.00285088 0.00585046 0.0102498 0.00881339 0.00972957 3.09686e-05 0.000285463 -0.0138126 0.00971666 -0.0355653 -0.00204503 0.0114497 0.00824584 0.00641224 0.00179071 0.00484404 0.0095589 -0.0186369 -0.026267 -0.00969909 -0.026005 0.00334366 0.00178993 0.0131641
internal_weight=53784.9 5653.24 48131.6 9657.64 4771.6 4564.42 341.947 2845.49 4222.47 3595.61 1542.45 6812.15 328.97 131.675 197.296 61.7041 4188 2592.76 1608.8 529.48 417.557 394.051 328.652 65.3988 35.2113 60.0751 42.9214 2624.15 2266.71 357.444
internal_count=1938225 43763 1894462 85320 36295 34293 3959 19378 30334 26663 9194 65942 3527 2095 1432 1332 38783 19367 11318 4673 3888 3573 2770 803 307 738 628 27159 24691 2468
is_linear=0
shrinkage=0.05


Tree=100
num_leaves=31
num_cat=0
split_feature=4 6 25 11 1 11 2 5 15 3 2 4 27 7 15 3 11 12 15 6 10 15 2 2 2 2 15 6 2 1
split_gain=116.227 38.2558 34.1132 31.8339 35.1747 30.2687 23.8796 22.6699 23.8222 20.556 20.9143 28.065 19.7927 18.9193 36.094 19.2643 18.6318 18.2759 17.7712 19.0855 17.8858 18.9407 18.0225 17.3364 31.3419 27.7942 25.3071 17.2738 26.9717 22.6442
threshold=0.0043478262377902874 -0.10601570084691046 1.0000000180025095e-35 -0.085989192128181444 0.0060869567096233377 -0.18050115555524823 -0.18065031617879865 0.042608696967363364 -0.069346260279417024 -0.057280777022242539 -0.13688016682863233 1.0000000180025095e-35 1.0000000180025095e-35 -0.12786391377449033 -0.15020958334207532 -0.079229153692722307 -0.089520078152418123 0.0060869567096233377 -0.99999967217445362 -0.15747509896755216 -0.14165033400058744 -0.19816465675830838 -0.15640135109424588 -0.1388808339834213 -0.12155703827738761 -0.11980484053492545 -0.086461652070283876 -0.066845659166574464 -0.076551847159862504 0.13478260487318042
decision_type=2 2 2 2 2 2 2 2 2 2 2 2 2 2 2 2 2 2 2 2 2 2 2 2 2 2 2 2 2 2
left_child=1 2 3 4 5 18 -3 8 -8 10 16 -12 -4 14 -9 -15 -6 -16 -1 -20 -21 -22 -23 -17 26 -26 -25 28 29 -27
right_child=-2 6 12 -5 9 -7 7 13 -10 -11 11 -13 -14 15 17 23 -18 -19 19 20 21 22 -24 24 25 27 -28 -29 -30 -31
leaf_value=-0.02062049599871138 -0.001463793134646469 -0.07797770350486119 0.0093853311605596058 0.030888786249215008 -0.0018973005863760111 0.01085307766628963 0.0077481643178583708 0.015571592707066812 -0.064497481421914235 -0.047760319303770352 0.014549675123606713 0.00078754848539764515 0.023692987165497496 0.00033607418322281133 -0.030882423317137794 0.036114591668299459 -0.074487681065251804 0.0061890847675042625 0.0059613271489872641 -0.027776964724725496 0.0068641996498100422 -0.041369281839756196 -0.0041202652637984481 -0.0015866640891050864 0.05829377224990423 -0.018684448933701272 -0.084502102336363072 6.3671640680705124e-05 0.015326124308987677 -0.083746018365510655
leaf_weight=76.679637599620037 38478.67563891974 8.8457518462091667 1267.3291882140911 108.97594303381629 2500.4428707867046 2326.4534961669124 929.62322711976594 76.392354031209834 10.561216441452414 20.929677747189999 530.83670605625957 1221.2472653300501 298.7262721722982 2985.5777132035873 180.73740392329637 14.897176262835272 7.8718959204852572 40.322612592019141 1911.8425124295754 72.426016033161432 274.14115268550813 44.578663786000106 113.85539331391919 13.784166525118051 13.203221175819634 28.254959672805853 26.923832827713341 91.240489261457697 21.019645719323307 25.734371210914105
leaf_count=745 1809142 124 9620 597 24635 14863 6581 558 201 350 3506 12915 2891 25716 1887 104 107 423 15771 650 2047 486 953 94 75 273 539 1771 178 423
internal_value=-1.69411e-11 0.00369487 0.00530745 0.00414655 0.00382299 0.00675208 -0.000195578 -2.37971e-05 0.00686895 0.00052458 0.000772937 0.00496304 0.0121279 -0.00186727 -0.0139105 -0.000751001 -0.00215471 -0.0241229 0.00292303 0.00367822 -0.00495991 -0.0010844 -0.0147948 -0.0145014 -0.0180741 -0.00894529 -0.0571372 -0.0146019 -0.0322072 -0.0506555
internal_weight=53722.1 15243.5 10776.3 9210.28 9101.31 4819.98 4467.12 4458.27 940.184 4281.33 4260.4 1752.08 1566.06 3518.09 297.452 3220.64 2508.31 221.06 2493.52 2416.84 505.001 432.575 158.434 235.058 220.161 179.453 40.708 166.249 75.009 53.9893
internal_count=1938225 129083 90136 77625 77028 35515 38947 38823 6782 41513 41163 16421 12511 32041 2868 29173 24742 2310 20652 19907 4136 3486 1439 3457 3353 2720 633 2645 874 696
is_linear=0
shrinkage=0.05


Tree=101
num_leaves=31
num_cat=0
split_feature=4 5 15 2 6 0 15 5 11 3 6 15 1 2 11 2 27 6 15 11 8 12 15 2 3 7 15 18 18 1
split_gain=117.311 34.1591 32.1129 39.6765 29.0877 25.974 22.3911 22.2284 24.6255 22.179 24.8095 33.0191 21.3676 32.1849 19.813 18.2768 17.7157 16.9178 21.6237 19.8745 17.4917 24.1785 17.0267 20.3663 16.8749 29.5006 26.6021 16.7631 16.6773 16.5675
threshold=0.0043478262377902874 0.016521738842129711 -0.99999967217445362 -0.16316831856966016 -0.139057882130146 1.0000000180025095e-35 -0.14033291488885877 0.53826087713241588 -0.12725027650594709 -0.24313925951719281 -0.086863610893487916 -0.10098899528384207 0.13652173429727557 -0.13490422815084455 -0.10364595800638197 -0.16922082006931302 1.0000000180025095e-35 -0.038050999864935868 -0.25719700753688807 -0.15602773427963254 0.056521739810705192 0.032173912972211845 -0.1914785951375961 -0.12345080077648161 -0.28444409370422358 -0.15948519110679624 -0.18411773443222043 1.0000000180025095e-35 0.020584555342793468 1.0000000180025095e-35
decision_type=2 2 2 2 2 2 2 2 2 2 2 2 2 2 2 2 2 2 2 2 2 2 2 2 2 2 2 2 2 2
left_child=1 5 3 29 6 -1 7 16 -9 -7 14 -12 13 -13 -11 -6 -4 18 -17 22 28 -22 23 -19 25 26 -20 -26 -21 -3
right_child=-2 2 4 -5 15 9 -8 8 -10 10 11 12 -14 -15 -16 17 -18 19 24 20 21 -23 -24 -25 27 -27 -28 -29 -30 -31
leaf_value=0.015010918862511716 -0.0014693711426455869 -0.13429409690738814 0.0042432695022821326 0.011047409815862407 -0.014433112660067512 1.6276530231795328e-05 0.013754781979226086 -0.0077929876121355423 -0.095340589202917048 0.009645250737232821 0.0082293606144035469 -0.018237063026385801 0.029354145646108748 -0.10812014301536919 0.034293452087096742 0.015478991963451656 0.018489341974715606 -0.061972185260156534 -0.016289578605470496 -0.022899793886190473 -0.079680300485303709 0.0056173956956353001 -0.076878585766069374 0.003583817353992744 0.0087658917692355256 0.01075774611634446 -0.084368180328560027 0.00034711464024268399 0.037750583200092572 -0.041969778074396745
leaf_weight=959.18089834850798 38463.320919973667 4.6847274732135693 3222.0224079572945 43.458860249724239 194.20039281265053 1109.6121095797516 740.46081158521702 213.04180237272521 7.3627880071289828 1335.6274541833263 77.56490963982651 22.971934888046235 7.6718417908996335 17.286180295981467 86.059001239365898 263.17815940245055 233.22979402897181 17.421384334564209 40.961655149934813 15.633439987897871 12.290175704285501 21.841917320620269 17.272566616069525 32.916804947191849 659.03865141230926 48.701408479129896 21.632627489045262 5677.2848649958032 35.559500417206436 55.21766815171577
leaf_count=8466 1809142 112 26711 323 1871 11578 4780 1893 106 11227 485 149 37 217 363 1893 1765 172 441 777 418 298 289 192 4415 407 370 47701 865 762
internal_value=-6.23842e-11 0.00371969 0.00239434 -0.0252173 0.00264525 0.00796128 0.00582738 0.00422709 -0.011135 0.00541146 0.00927829 -0.0119625 -0.0441392 -0.0585165 0.0111603 0.000653658 0.00520995 0.00108256 0.00145829 -0.0153067 0.000794521 -0.0264901 -0.0353418 -0.0198695 0.000883679 -0.0183296 -0.0407743 0.00122399 0.0191451 -0.0512766
internal_weight=53656.7 15193.4 11577.4 103.361 11474.1 3615.97 4416.12 3675.66 220.405 2656.79 1547.18 125.495 47.93 40.2581 1421.69 7057.93 3455.25 6863.73 6710.8 152.936 85.325 34.1321 67.6108 50.3382 6447.62 111.296 62.5943 6336.32 51.1929 59.9024
internal_count=1938225 129083 96561 1197 95364 32522 35255 30475 1999 24056 12478 888 403 366 11590 60109 28476 58238 55227 3011 2358 716 653 364 53334 1218 811 52116 1642 874
is_linear=0
shrinkage=0.05


Tree=102
num_leaves=31
num_cat=0
split_feature=4 5 15 2 6 11 6 5 16 17 7 7 2 15 5 2 11 10 3 6 5 13 6 7 5 14 6 14 14 11
split_gain=103.843 37.7175 29.9712 35.2049 31.3187 27.931 22.3655 21.9402 21.206 19.2095 17.8629 31.5433 29.1606 27.0724 25.0635 17.6291 26.3508 25.3114 20.9181 24.3134 24.3753 23.3712 20.1018 18.4213 28.1202 18.1799 17.4059 17.1303 26.8659 23.1266
threshold=0.0043478262377902874 0.016521738842129711 -0.99999967217445362 -0.16316831856966016 -0.19072602689266202 -0.15446724742650983 -0.45338021218776697 0.072173915803432478 1.0000000180025095e-35 0.17630434781312945 -0.03011380415409803 -0.028824894689023491 -0.16587232798337934 -0.12733987718820569 0.41652174293994909 -0.15589711815118787 -0.17318277060985562 -0.13915546983480451 -0.18229383975267408 -0.11792312189936636 0.72608697414398204 0.0095652174204587954 -0.099207192659378038 -0.024865203537046906 0.55913043022155773 -0.1252845227718353 -0.092070430517196641 -0.12014498561620711 -0.12559198588132856 -0.11823796108365058
decision_type=2 2 2 2 2 2 2 2 2 2 2 2 2 2 2 2 2 2 2 2 2 2 2 2 2 2 2 2 2 2
left_child=1 5 3 6 -4 8 7 -3 -1 10 -6 12 -12 15 27 16 -13 22 -19 -20 21 23 -17 -21 -25 26 -26 28 29 -15
right_child=-2 2 4 -5 9 -7 -8 -9 -10 -11 11 13 -14 14 -16 17 -18 18 19 20 -22 -23 -24 24 25 -27 -28 -29 -30 -31
leaf_value=0.0092612829394688716 -0.0013843143509465455 -0.066546949733125429 0.0080375345033879275 0.0092435162200301766 0.0021592476153553097 0.015645634974773445 -0.08767029334427838 0.010151161805030751 0.00030233583674820039 -0.07047008843261568 0.036840057943517628 -0.013976101931453717 -0.078900812893900815 0.017513620861477463 0.011421189706671232 -0.049395549464543616 0.015832153637476049 0.0067698187532637902 -0.00020352989722396695 0.014912313880657125 -0.09168370909620166 0.004933923639506399 0.010069409235634472 -0.060427673989059683 -0.026333756437630026 -0.052495698513376904 0.050446738660040097 -0.056494581849852024 0.015091427850018347 -0.054851416984571424
leaf_weight=1547.290016707555 38389.488590408553 15.785362305818124 2000.6810291771544 43.736194023163989 7997.4789184944675 891.72709259029398 22.602756236941786 20.470828885561787 1152.0740991687053 8.3521731299115327 6.3486370039172497 140.53242652432527 23.478254526620731 15.326708707027136 441.1607716709259 71.341431197302882 154.72206963237841 148.44014774356037 146.02180096553639 16.374788550660014 12.715899537084622 55.282899732235819 17.309820299036801 69.368318002554588 12.928096284740603 14.253604832105337 14.872970340773465 18.519183825468644 66.069216096191667 35.118320671317633
leaf_count=13424 1809142 301 15946 323 65507 6006 418 155 13092 193 32 1222 350 96 4002 930 1037 1062 1331 88 215 538 131 762 137 125 73 489 620 478
internal_value=6.18435e-12 0.00350064 0.00211293 -0.0246614 0.00235419 0.00797726 -0.0495886 -0.0241318 0.00543918 0.00115481 0.00122535 -0.00381854 -0.0538695 -0.00275283 0.00565536 -0.00829511 0.00164502 -0.0133589 -0.008871 -0.0156632 -0.0271332 -0.0221761 -0.0378018 -0.0338506 -0.0410857 -0.00851913 0.0150675 -0.0131274 -0.00581233 -0.0329517
internal_weight=53569.9 15180.4 11589.3 102.595 11486.7 3591.09 58.8589 36.2562 2699.36 9486.02 9477.66 1480.19 29.8269 1450.36 576.194 874.164 295.254 578.91 490.259 341.818 195.797 183.081 88.6513 127.798 111.423 42.0547 27.8011 135.033 116.514 50.445
internal_count=1938225 129083 96561 1197 95364 32522 874 456 26516 79418 79225 13718 382 13336 5685 7651 2259 5392 4331 3269 1938 1723 1061 1185 1097 335 210 1683 1194 574
is_linear=0
shrinkage=0.05


Tree=103
num_leaves=31
num_cat=0
split_feature=4 7 4 5 25 26 6 7 15 13 2 6 11 13 10 5 10 2 15 3 6 6 10 1 7 15 13 8 6 4
split_gain=99.9225 29.055 26.5531 25.5911 25.5559 35.2995 24.3663 24.0954 26.9814 24.5889 22.6781 22.4918 25.2681 21.4738 21.0539 25.5085 19.9861 23.2329 19.1463 26.6003 29.6887 23.9805 22.4755 21.2498 21.5754 20.3266 20.1867 18.149 20.1399 28.1222
threshold=1.0000000180025095e-35 -0.049537880346179002 0.021739130839705471 0.0043478262377902874 1.0000000180025095e-35 1.0000000180025095e-35 -0.025314233265817162 -0.19682031124830243 -0.1800178065896034 0.023478261195123199 -0.18411412835121152 -0.069732241332530961 -0.14572057127952573 0.011304348241537811 -0.12129283323884009 0.068695649504661574 -0.1205436699092388 -0.14651127904653546 -0.091964699327945695 -0.15156280249357221 -0.15873813629150388 -0.092070430517196641 -0.12230834737420081 0.0060869567096233377 -0.058942524716258042 -0.18994198739528653 0.0078260868322104233 0.30173912644386297 -0.038050999864935868 0.19391304999589923
decision_type=2 2 2 2 2 2 2 2 2 2 2 2 2 2 2 2 2 2 2 2 2 2 2 2 2 2 2 2 2 2
left_child=1 6 4 -4 7 11 10 8 -2 14 -1 12 -6 -5 -10 16 17 -16 19 20 -12 -20 23 -22 -25 -24 -27 28 29 -15
right_child=2 -3 3 13 5 -7 -8 -9 9 -11 18 -13 -14 27 15 -17 -18 -19 21 -21 22 -23 25 24 -26 26 -28 -29 -30 -31
leaf_value=-0.01109334762158644 0.00012796596587762347 -0.0020442129438641441 -0.017074687130955665 -0.0090740795808572968 -0.0039764285544595978 0.031495576448405463 -0.07220334321232745 -0.00083363236295524914 0.0077307271240928859 0.025402638554754782 0.011289482837960175 -0.050652635433043817 0.017894535663903654 -0.0016690978062260102 -0.072201760756601452 -0.047342025419631589 0.0034958437610606214 -0.00720963345075714 0.016290335902858579 0.015970589185178321 0.0029773185447104005 -0.014156458120010929 0.028822074188197308 -0.015760030674503846 0.033798754340469576 0.010222680373292943 -0.032369516191454645 -0.034743063793635127 0.0058941416537150173 -0.02267607884270359
leaf_weight=148.95659188382706 4188.5793917828341 872.11119771332596 283.58620638644061 1004.4141007842081 297.27343154832488 145.39445524208713 8.486765049165113 21579.751412635753 1896.4874875946552 162.78204083541641 1785.2851895302156 17.303056282922626 236.2094476375205 16559.917459619195 18.413339201768395 30.696139624691568 381.97930187566089 48.050268857507035 96.983957893869956 1162.2396843092283 655.25461508476292 189.36057050581439 122.70382299472112 319.00742772326339 22.65128924511373 157.9058446030831 32.729326445609331 40.114849672136188 877.88273944734829 159.87262716945406
leaf_count=1516 106736 7468 77631 24014 2321 704 181 338347 27481 10465 13915 168 1234 1154283 508 649 9268 1114 523 6972 5268 2377 774 3078 88 1042 561 25578 52316 61645
internal_value=-1.54276e-11 0.00633577 -0.00073691 -0.00219374 0.000213781 0.00967091 0.00789031 -1.91421e-05 0.00259343 0.00665998 0.0080505 0.00386308 0.00572271 -0.00196646 0.00536556 -0.00399267 -0.000926649 -0.0260186 0.00868034 0.00952194 0.00709638 -0.00382342 0.00137882 -0.00229485 -0.0123853 0.013037 0.00277946 -0.00156122 -0.00148361 -0.00187131
internal_weight=53502.4 5573.68 47928.7 18925.8 29002.9 696.18 4701.57 28306.7 6726.99 2538.41 4693.08 550.786 533.483 18642.2 2375.63 479.139 448.443 66.4636 4544.12 4257.78 3095.54 286.345 1310.25 996.913 341.659 313.339 190.635 17637.8 17597.7 16719.8
internal_count=1938225 43763 1894462 1395467 498995 4427 36295 494568 156221 49485 36114 3723 3555 1317836 39020 11539 10890 1622 34598 31698 24726 2900 10811 8434 3166 2377 1603 1293822 1268244 1215928
is_linear=0
shrinkage=0.05


Tree=104
num_leaves=31
num_cat=0
split_feature=4 7 4 0 5 12 5 2 12 26 25 6 3 6 14 9 6 7 11 15 14 10 3 12 4 6 17 10 7 11
split_gain=100.638 28.213 26.4673 24.9497 25.0142 24.0675 32.687 21.8229 20.0122 19.8899 34.6475 18.7611 24.9376 19.7752 25.3637 29.7743 19.4125 25.8176 27.7372 19.389 27.3746 18.3482 18.0423 17.9379 35.1571 48.6543 29.533 27.1375 23.4578 21.2351
threshold=1.0000000180025095e-35 -0.049537880346179002 0.042608696967363364 1.0000000180025095e-35 0.0043478262377902874 0.033913042396306999 0.12260869517922403 -0.18411412835121152 0.0026086957077495758 1.0000000180025095e-35 1.0000000180025095e-35 -0.083014540374279008 -0.12938474118709561 -0.16974054276943204 -0.12160915136337279 0.020000000484287742 -0.086075685918331132 -0.095545928925275789 -0.10580001026391982 -0.19461337476968762 -0.12667607516050336 -0.1695694103837013 -0.16891620308160779 0.026956521905958656 0.028695652261376384 -0.067763697355985628 0.031304350122809417 -0.11564918234944342 -0.059954445809125893 -0.075680486857891069
decision_type=2 2 2 2 2 2 2 2 2 2 2 2 2 2 2 2 2 2 2 2 2 2 2 2 2 2 2 2 2 2
left_child=1 7 3 4 8 6 -4 -1 -2 23 -11 12 13 21 15 22 -14 -18 -19 -17 -21 -9 -15 24 29 27 -25 -26 -29 -5
right_child=2 -3 5 9 -6 -7 -8 11 -10 10 -12 -13 16 14 -16 19 17 18 -20 20 -22 -23 -24 26 25 -27 -28 28 -30 -31
leaf_value=-0.010777814452424284 0.0081983199022289989 -0.0018870402147266306 -0.036889763357940447 -0.001283240390458192 0.0026569947152245603 -0.0025868547236432521 -0.0063985918349316988 -0.01650261227870357 0.03564782718031357 0.0026815743199515973 0.029023216988233326 -0.0024674738129596501 0.021385214052341311 -0.0011589105739542387 0.022516301783710786 0.020980173412272055 0.020082946530203566 0.041203941957788523 -0.11460567518617233 0.017776795329317585 -0.078973234645424717 0.012784751472970488 0.009269706317395713 0.0086721982187163513 -0.011807748312187595 0.01229797486724319 1.3492666280271238e-05 -0.062315760484667637 -0.0090772753563411381 0.0058365317730322457
leaf_weight=150.20473889606365 186.38429270605411 869.58693258897256 118.16103979297986 24999.418589424258 2915.4124248287699 8510.8567944509814 337.23815638682572 54.438725856482051 102.87886188097764 1187.8049260408734 138.53167610277887 355.97913723271631 538.17355955550738 895.02304068066587 174.5350618729135 10.790790281258522 16.936078250291761 3.4009286244399872 8.9868914786493352 9.5207453672774083 26.50831425271463 1653.175998697785 771.57570667238906 1180.046349951328 894.26028306176886 205.41122350675869 5926.2091981345657 51.209874869266059 34.919195625348948 1092.0885492123161
leaf_count=1516 1261 7468 12502 483136 24189 885313 17018 521 736 20391 724 3421 2901 7583 1163 75 107 11 246 132 686 12786 5147 49395 46845 6439 317905 4481 1483 22644
internal_value=-1.02565e-11 0.00638013 -0.000738169 -0.00017386 0.00405162 -0.00318704 -0.0143735 0.00791986 0.0180501 -0.000553166 0.00545267 0.00854358 0.00948549 0.00794392 0.00441383 0.00255779 0.0192214 -0.0198856 -0.0719474 -0.0363452 -0.0536172 0.011842 0.00367183 -0.000784991 -0.00136789 -0.00978439 0.00145235 -0.0144189 -0.0410833 -0.000985022
internal_weight=53419.7 5538.84 47880.8 38914.6 3204.68 8966.26 455.399 4669.25 289.263 35709.9 1326.34 4519.04 4163.07 3595.57 1887.95 1713.42 567.497 29.3239 12.3878 46.8198 36.0291 1707.61 1666.6 34383.6 27277.3 1185.8 7106.26 980.389 86.1291 26091.5
internal_count=1938225 43763 1894462 979629 26186 914833 29520 36295 1997 953443 21115 34779 31358 28093 14786 13623 3265 364 257 893 818 13307 12730 932328 565028 59248 367300 52809 5964 505780
is_linear=0
shrinkage=0.05


Tree=105
num_leaves=31
num_cat=0
split_feature=4 7 4 1 2 6 3 6 14 9 3 10 27 15 24 6 10 15 14 6 6 15 6 15 11 2 15 11 12 8
split_gain=101.839 25.761 24.2533 22.4634 20.7536 17.645 25.433 19.8186 22.1295 19.3661 18.5486 17.7011 16.7577 18.5173 15.7361 18.0343 15.6946 15.2225 18.3316 17.8644 15.1383 14.6219 22.2012 14.4728 16.8467 14.2027 13.9105 19.407 13.7587 18.1085
threshold=1.0000000180025095e-35 -0.049537880346179002 0.0043478262377902874 0.0078260868322104233 -0.18065031617879865 -0.082275781780481325 -0.12938474118709561 -0.16974054276943204 -0.12160915136337279 0.018260869197547439 -0.24924100190401074 -0.12041883543133734 1.0000000180025095e-35 -0.10394585505127905 1.0000000180025095e-35 -0.067763697355985628 -0.13054066151380536 -0.24044181406497953 -0.13840076327323911 -0.29211205244064326 -0.061558451503515237 -0.14338825643062589 -0.047762239351868623 -0.25368690490722651 -0.261059820652008 -0.11792452633380889 -0.16431207209825513 -0.31687422096729273 0.0078260868322104233 0.014782608952373268
decision_type=2 2 2 2 2 2 2 2 2 2 2 2 2 2 2 2 2 2 2 2 2 2 2 2 2 2 2 2 2 2
left_child=1 4 3 14 -1 6 7 17 9 10 11 23 -5 -14 15 -2 -3 18 -6 -20 -17 22 -7 -9 -25 -12 27 -22 29 -11
right_child=2 16 -4 12 5 21 -8 8 -10 28 25 -13 13 -15 -16 20 -18 -19 19 -21 26 -23 -24 24 -26 -27 -28 -29 -30 -31
leaf_value=-0.0074453840870911392 0.0073859234381450896 -0.010150615238868921 -0.0013040168283305553 -0.0016506731976787656 -0.010431041426349383 0.032226569261207004 0.019335314204222805 0.003701285316798949 0.021399768004256126 -0.018522708497657053 0.0050730779008635301 0.03527280660208864 0.017343534864646945 -0.027145628694752844 0.00095593553390826741 -0.049569519625121995 0.0037408574242130152 0.01670714220712502 0.01977073357745996 0.0035237341386669448 0.009138547860174864 -0.0077048513172928296 -0.036580511790962715 -0.081208925705322912 -0.018367632835670344 0.041597770069723469 0.017552503431947194 -0.082744595460494952 0.0063973849053254222 -0.093320664743548609
leaf_weight=209.15266714870086 2444.2018689317047 324.67466421492281 38268.584700221152 4442.1077310151886 125.45628872839734 54.966017400089186 570.65799501325819 71.349799911869923 173.12979984714184 25.246359722921625 1393.4661534376064 18.834540699375793 201.59706243127584 25.537848821259104 2380.3857029558858 23.406382764223963 540.3043264662374 832.34822388592875 288.57965449581025 408.29297120630508 12.34217231301591 266.02698575067916 13.93768984894268 10.910011713742277 116.50840639798844 26.159482213435695 33.957301086047664 9.4740506359375996 21.244572064140812 11.404951973818241
leaf_count=2002 17724 2999 1809142 46940 1194 277 3379 581 1168 468 10309 129 1417 254 18381 189 4469 5919 2523 3311 57 2856 112 194 1189 118 245 113 222 344
internal_value=6.73295e-12 0.00644107 -0.000740959 0.0015098 0.00791826 0.00864538 0.009548 0.00795758 0.00442461 0.00267927 0.00369049 -0.00987244 -0.000972274 0.0122443 0.00387288 0.00662305 -0.00147908 0.0119415 0.00710332 0.0102704 -0.0167245 -0.00238215 0.0179842 -0.0143054 -0.0243388 0.00577493 -0.00231014 -0.0326409 -0.0254939 -0.0436583
internal_weight=53344.2 5502.65 47841.6 9573.01 4637.67 4428.52 4093.59 3522.93 1868.25 1695.12 1637.23 217.603 4669.24 227.135 4903.77 2523.38 864.979 1654.68 822.329 696.873 79.1799 334.931 68.9037 198.768 127.418 1419.63 55.7735 21.8162 57.8959 36.6513
internal_count=1938225 43763 1894462 85320 36295 34293 31048 27669 14722 13554 12520 2093 48611 1671 36709 18328 7468 12947 7028 5834 604 3245 389 1964 1383 10427 415 170 1034 812
is_linear=0
shrinkage=0.05


Tree=106
num_leaves=31
num_cat=0
split_feature=4 7 4 23 2 15 6 6 15 11 10 1 11 6 3 18 3 6 15 11 5 6 18 24 2 10 15 12 1 9
split_gain=94.0368 26.2063 23.0323 20.6092 19.2501 25.2333 21.751 16.9493 23.4987 19.1651 17.9045 17.0111 38.1227 27.8687 20.6168 20.1014 16.6397 24.335 17.1554 16.4589 22.8335 20.8496 34.5888 16.4338 18.4035 17.3872 21.011 19.2039 37.8438 16.8617
threshold=1.0000000180025095e-35 -0.049537880346179002 0.0043478262377902874 0.5000000149011613 -0.17204444110393521 -0.99999967217445362 -0.29211205244064326 -0.18385905772447583 -0.67991220951080311 -0.30892552435398096 -0.13124322146177289 0.0026086957077495758 -0.17201221734285352 -0.09997439011931418 -0.085423748940229402 0.00086956526502035569 -0.15341145545244214 -0.092070430517196641 -0.093167703598737703 -0.23179712891578672 1.0000000180025095e-35 -0.068246882408857332 0.0021299911895766859 1.0000000180025095e-35 -0.14167368412017819 -0.095916647464036928 -0.15586325526237485 0.01304347859695554 0.10695651918649675 0.018260869197547439
decision_type=2 2 2 2 2 2 2 2 2 2 2 2 2 2 2 2 2 2 2 2 2 2 2 2 2 2 2 2 2 2
left_child=1 4 3 7 5 -1 -6 8 10 -9 -2 12 15 -14 -13 -11 -8 -18 -19 20 -5 -21 -23 29 -25 27 -27 28 -26 -16
right_child=2 -3 -4 19 6 -7 16 9 -10 11 -12 14 13 -15 23 -17 17 18 -20 21 -22 22 -24 24 25 26 -28 -29 -30 -31
leaf_value=-0.052730373279845526 -0.036516904275833213 -0.0017668848306929001 -0.001260412870453748 -0.016788572222601408 0.019507749629635765 0.00055578018735764933 0.0049516952123209515 0.01518182813099353 0.0066053258036802053 -0.024211929562342239 0.016020306646651421 -0.003832098365671565 0.014469995644425441 -0.0027466565428591314 0.03734385924203578 0.0023908653708346987 0.01617895014026632 0.01045662528739567 -0.0097075658155034526 0.01019135259632472 0.0045554576678902264 -0.089524146821304995 0.014017871435278313 -0.087795695548982852 0.0070780537918477496 0.0028502664291191939 -0.10033539166842953 0.02532263821674359 -0.0767418161778462 0.0068396227738187019
leaf_weight=22.484910443075933 55.393920019036159 868.05833679054194 38229.979367415464 159.54561009985628 421.13643175555626 411.1521944432825 2351.2184874708037 178.64716514840256 1382.1176862687571 159.25804005400278 22.090611703228205 4188.3923659741558 643.96276875474723 369.39169460092671 72.999894477194175 127.20817301003262 978.56201222732489 247.57872836313618 182.264042068462 1301.452703982417 569.80515081598423 13.060042654862629 18.385746658314019 5.1148186526261261 64.397810654714704 10.890324245207013 7.9389476192882276 69.619777998072095 15.981669195811262 118.31178517395165
leaf_count=346 775 7468 1809142 1598 3481 3656 18837 1531 13353 1308 214 39504 3774 2249 434 828 5973 1513 2489 9693 6082 153 83 83 700 122 338 637 305 1556
internal_value=-2.17799e-11 0.00620158 -0.000711649 0.00148412 0.00770067 -0.00232217 0.00874056 0.000265455 0.00509826 -0.000904599 -0.0215254 -0.00139806 0.00364512 0.0081976 -0.0028381 -0.0124315 0.0075296 0.0118266 0.00190382 0.005909 -0.000130147 0.00921119 -0.0304189 0.0085394 -0.00258308 0.000500281 -0.0435216 0.00627794 -0.0103259 0.018613
internal_weight=53266.4 5482.46 47783.9 9553.97 4614.4 433.637 4180.76 7491.72 1459.6 6032.12 77.4845 5853.47 1299.82 1013.35 4553.65 286.466 3759.62 1408.4 429.843 2062.25 729.351 1332.9 31.4458 365.255 173.943 168.829 18.8293 149.999 80.3795 191.312
internal_count=1938225 43763 1894462 85320 36295 4002 32293 67711 14342 53369 989 51838 8159 6023 43679 2136 28812 9975 4002 17609 7680 9929 236 4175 2185 2102 460 1642 1005 1990
is_linear=0
shrinkage=0.05


Tree=107
num_leaves=31
num_cat=0
split_feature=4 5 27 11 9 6 10 0 7 0 9 17 3 10 14 2 15 6 1 1 10 8 3 3 3 6 6 18 15 6
split_gain=91.1191 32.8276 22.6363 21.9729 24.4703 17.4258 26.7837 19.6505 27.5855 27.516 23.2512 25.7137 21.1071 19.8888 19.3723 17.5926 16.9705 19.4459 16.6938 21.272 16.4635 15.8216 15.7384 21.9 20.0453 21.4861 20.7709 26.848 24.0569 19.1696
threshold=0.0043478262377902874 0.059999998658895499 1.0000000180025095e-35 -0.15522935986518857 0.0060869567096233377 -0.10561111569404601 -0.14369682967662809 0.0026086957077495758 -0.16504162549972531 0.0095652174204587954 0.011304348241537811 0.0091304355300962942 -0.082044374197721467 -0.12381669506430625 -0.12379850074648856 -0.14912281185388562 -0.16751962155103681 -0.21808464080095288 0.065217390656471266 0.10347826033830644 -0.11967539414763449 0.0060869567096233377 -0.094736069440841661 -0.10579141601920126 -0.11745894327759741 -0.12986672669649121 -0.12556189298629758 0.0017391302390024068 -0.13501663506031034 -0.12080102413892745
decision_type=2 2 2 2 2 2 2 2 2 2 2 2 2 2 2 2 2 2 2 2 2 2 2 2 2 2 2 2 2 2
left_child=1 2 3 16 -5 6 18 8 14 20 12 -12 -11 15 -8 -10 -1 -18 -3 -20 22 -13 23 24 25 -9 27 28 -27 -28
right_child=-2 5 -4 4 -6 -7 7 9 13 10 11 21 -14 -15 -16 -17 17 -19 19 -21 -22 -23 -24 -25 -26 26 29 -29 -30 -31
leaf_value=0.0042904578842320072 -0.0012948286980080399 -0.0039518122946243586 0.015882546119396018 0.013494801331084728 0.0015167551483003328 -0.0016481016011145586 -0.00099855291517747242 0.00020747713687743714 0.012910915574699477 0.0097215984007124143 -0.025942948430661351 -0.062285012999452771 0.065404539360952543 0.030306543527938729 -0.044875697328849273 -0.0063542090798972177 0.021025367420268577 -0.008380806957157972 -0.10073094260236762 -0.0059011485437314741 -0.070853186243538022 0.003206090283676816 0.042620327840635713 -0.069581080766549536 0.022231116689110302 0.013303099800143726 0.010680802888808349 -0.11013168464346575 -0.088026000389345382 -0.019354620510308573
leaf_weight=3630.4520960114169 38235.509152941202 802.16683499392821 525.35120038452442 1278.7638587389374 639.85388570534997 3241.2580235463975 152.64389537624083 498.19527283293428 832.22676554096688 1072.916170897297 86.050622580223717 8.3206794881261867 16.330176777904853 139.95932848012308 29.131552509847097 137.52926346243476 62.423360703804065 496.30127789305698 9.2682543788105267 14.260938911465926 8.3455140476580691 883.42868411797099 16.663565261289477 11.96119286236353 65.85923445870867 17.27078068559058 70.682605354231782 11.866003065602852 7.7041163239628103 206.44948002340971
leaf_count=34511 1809142 6899 5015 8171 6092 29665 1188 4065 5183 7289 1451 129 35 737 297 1136 437 4677 254 162 120 8188 69 138 345 126 481 223 103 1897
internal_value=-9.107e-12 0.00330624 0.00593118 0.00507277 0.00950303 0.00121818 0.00304006 0.00463287 0.00978256 0.00240007 0.00559481 -3.40238e-06 0.0106156 0.0127391 -0.00823741 0.010175 0.00304195 -0.00506372 -0.00519944 -0.0458388 -0.00481532 0.00252593 -0.00413007 -0.00505224 -0.00409502 -0.00625454 -0.0164762 -0.0512695 -0.0201398 -0.0116832
internal_weight=53209.1 14973.6 6633.15 6107.79 1918.62 8340.49 5099.23 4273.53 1291.49 2982.04 2067.05 977.8 1089.25 1109.72 181.775 969.756 4189.18 558.725 825.696 23.5292 914.998 891.749 906.652 889.989 878.027 812.168 313.973 36.8409 24.9749 277.132
internal_count=1938225 129083 58903 53888 14263 70180 40515 33200 8541 24659 17092 9768 7324 7056 1485 6319 39625 5114 7315 416 7567 8317 7447 7378 7240 6895 2830 452 229 2378
is_linear=0
shrinkage=0.05


Tree=108
num_leaves=31
num_cat=0
split_feature=4 7 4 2 15 6 1 18 18 15 10 1 10 9 16 8 0 12 6 3 6 2 14 5 13 25 2 18 7 10
split_gain=86.0867 26.9626 25.0349 19.3228 23.4014 19.2747 18.6147 35.146 19.1843 17.7107 25.0613 16.9599 28.1284 21.7506 44.7884 20.0601 19.8132 22.6634 17.97 15.594 23.8031 15.0788 20.9223 14.5627 14.1825 35.1783 22.1723 42.5284 34.2742 28.7884
threshold=1.0000000180025095e-35 -0.049537880346179002 0.0043478262377902874 -0.17204444110393521 -0.99999967217445362 -0.29211205244064326 0.026956521905958656 0.0031352621736004953 0.003558847820386291 -0.15948923677206037 -0.12753656506538388 0.21130434423685077 -0.11651786789298056 0.070434782654047026 0.0026086957077495758 0.094782605767250075 0.33478261530399328 0.058260869234800346 -0.021605838090181347 -0.15341145545244214 -0.092070430517196641 -0.16492961347103116 -0.13315015286207196 0.028695652261376384 0.0060869567096233377 1.0000000180025095e-35 -0.13730709999799726 0.0014420105726458134 -0.34614410996437067 -0.12959515303373334
decision_type=2 2 2 2 2 2 2 2 2 2 2 2 2 2 2 2 2 2 2 2 2 2 2 2 2 2 2 2 2 2
left_child=1 3 6 4 -1 -5 -2 9 -9 -8 -11 13 -13 21 18 -16 -14 -18 -15 -7 -21 22 -10 -12 25 -4 29 -28 -29 -26
right_child=2 -3 24 5 -6 19 7 8 11 10 23 12 16 14 15 -17 17 -19 -20 20 -22 -23 -24 -25 26 -27 27 28 -30 -31
leaf_value=-0.050436774218138691 0.0028023509274665171 -0.0021219624458696513 -0.0038119019801681701 0.018713849414188112 0.00025940035601192292 0.0048895261123786298 -0.093218817023261305 0.043730860781118736 -0.0030835811743198998 0.011145196281802319 0.0094427804098544399 -0.071510790154435927 0.02937201445601963 -0.0093129669629149047 -0.085438682268253241 0.013055775352269714 -0.085479627078378362 0.010601212406250648 0.073043133747436803 0.015911567857097887 0.001725321689060971 -0.0015379511511469943 -0.091485864104870529 -0.096259249517808246 -0.0028289492127566134 0.021257118267871092 -0.024975177726071954 -0.016716314096703908 -0.0013683854324115191 0.0022491218040779875
leaf_weight=23.097757583193015 7379.8359225945023 868.4415780834679 6797.238993805011 417.64041665496188 410.81435984132986 2335.2105277207011 12.46281896997243 22.172588764224201 16.829153124475855 20.895180935971435 4.1332606463693145 8.0119372808840108 109.78035950555932 43.787717610131949 30.143938412657008 5.9062400637194505 7.5677377923857447 21.012915598461404 6.7749303621239951 966.9406343215669 426.13213947424083 1784.2698030745378 10.193065725499762 11.921770221786572 3967.6524873024173 141.89868882880546 197.31639147826354 370.57479001789761 17308.047891992683 9404.7898707983622
leaf_count=346 60689 7468 72019 3481 3656 18837 224 127 280 233 32 145 1120 756 791 111 227 328 84 5973 4002 19610 317 246 175265 668 7431 79101 1081920 392738
internal_value=-6.5785e-12 0.00595349 -0.000680355 0.00748491 -0.00254899 0.00853542 0.00161704 -0.00251653 -0.00150951 -0.0437651 -0.0250681 -0.00202133 0.0143201 -0.00328851 -0.0276208 -0.0693851 0.0197676 -0.0168693 0.00292457 0.00739052 0.0115764 -0.00211039 -0.0385046 -0.0700889 -0.00125165 -0.00329628 -0.000797524 -0.00194943 -0.00169103 0.000742341
internal_weight=53131.5 5448.28 47683.2 4579.84 433.912 4145.92 9495.7 2115.86 2066.45 49.413 36.9502 2044.28 146.373 1897.9 86.6128 36.0502 138.361 28.5807 50.5626 3728.28 1393.07 1811.29 27.0222 16.055 38187.5 6939.14 31248.4 17875.9 17678.6 13372.4
internal_count=1938225 43763 1894462 36295 4002 32293 85320 24631 23896 735 511 23769 1820 21949 1742 902 1675 555 840 28812 9975 20207 597 278 1809142 72687 1736455 1168452 1161021 568003
is_linear=0
shrinkage=0.05


Tree=109
num_leaves=31
num_cat=0
split_feature=4 6 11 7 13 15 6 2 5 5 7 13 18 0 14 0 18 6 5 16 14 10 11 6 2 0 1 8 9 11
split_gain=86.4639 29.7245 29.4074 23.6085 22.0413 22.0031 25.0892 23.494 19.1736 17.2726 21.3504 16.6627 22.9448 20.4961 15.704 16.8458 15.3838 23.0301 24.5515 14.8117 15.0616 39.2487 23.7426 22.4741 17.0236 30.8133 14.3523 18.4239 18.6702 17.986
threshold=0.0043478262377902874 -0.10601570084691046 -0.13101816922426221 -0.15537016093730924 0.020000000484287742 -0.99999967217445362 -0.19847848266363141 -0.16167665272951123 0.042608696967363364 0.0060869567096233377 -0.068659450858831392 0.032173912972211845 0.041347803547978408 0.29478260874748236 -0.12024873122572897 0.16608695685863498 0.007210054202005268 -0.65839532017707814 0.030434782616794113 1.0000000180025095e-35 -0.12294936925172804 -0.12381669506430625 -0.080396477133035646 -0.16528469324111936 -0.10680963471531867 0.021739130839705471 0.0060869567096233377 0.0078260868322104233 0.0078260868322104233 -0.18306284397840497
decision_type=2 2 2 2 2 2 2 2 2 2 2 2 2 2 2 2 2 2 2 2 2 2 2 2 2 2 2 2 2 2
left_child=1 2 4 -4 5 7 -7 9 -3 -1 16 12 -6 -14 15 26 17 -11 -19 -5 21 -21 24 -22 25 -23 29 -28 -29 -8
right_child=-2 8 3 19 11 6 14 -9 -10 10 -12 -13 13 -15 -16 -17 -18 18 -20 20 23 22 -24 -25 -26 -27 27 28 -30 -31
leaf_value=0.0045796072679705297 -0.0012611285547200252 0.0062237778002696637 0.020578198391428063 0.01197631370529521 -0.059323829947588086 0.0076595739170337435 -0.00099898700823742594 0.011889518874442012 -0.0018868477013546038 -0.0092579390919170571 0.03716013883649346 0.0052190671773125995 -0.0019003327802166172 -0.074299520497695823 0.013032096380658756 -0.06251808419525684 -0.11453346552995991 -0.029693728066984473 -0.12052884697090145 0.003429164961452999 -0.051360302512864657 -0.015352948840314058 0.045200454294440549 0.018722244573845092 0.014458080116730568 -0.087287728122938557 -0.0053866384739490606 0.016110598488349448 -0.00044119782075831927 0.0075213030731302415
leaf_weight=29.350381552707404 38177.579295427364 918.32576220147894 426.64711110421922 807.70558053150307 33.102062528720126 3144.3429482656502 1069.2040172652924 55.442626030824613 3512.7820941933751 32.014203227241524 7.324867070419713 76.681227019056678 78.779009230085649 10.169915363425387 299.97128913033521 9.3343266808660683 7.1838137947488567 18.250881460146051 12.712118123541584 473.96192420553416 11.26645717199426 28.48935709381476 7.5610063718631855 178.26281632611062 10.280234948033465 31.403137934394181 1291.8584762610844 232.87814581338898 627.26116680906853 1470.6137809498323
leaf_count=277 1809142 6787 2736 5243 1140 28846 9191 432 32160 338 27 1143 809 213 2622 112 229 228 288 3507 157 268 30 1157 85 389 12496 1634 5944 10595
internal_value=-1.1925e-13 0.00322835 0.00467959 0.0101738 0.00340254 0.00379675 0.00416059 -0.0143796 -0.000204935 -0.0279957 -0.0402359 -0.0130133 -0.0244174 -0.010912 0.00195959 0.00125045 -0.0487247 -0.039545 -0.069591 0.00729654 0.00218778 -0.00199453 -0.0346877 0.0143085 -0.0438097 -0.0538842 0.00139062 -0.0016133 0.00405362 0.00393548
internal_weight=53090.7 14913.2 10482.1 1975.58 8506.48 8307.74 8145.46 162.279 4431.11 106.836 77.4859 198.732 122.051 88.9489 5001.12 4701.15 70.161 62.9772 30.963 1548.93 741.225 551.696 77.7337 189.529 70.1727 59.8925 4691.82 2152 860.139 2539.82
internal_count=1938225 129083 90136 13572 76564 73259 71440 1819 38947 1387 1110 3305 2162 1022 42594 39972 1083 854 516 10836 5593 4279 772 1314 742 657 39860 20074 7578 19786
is_linear=0
shrinkage=0.05


Tree=110
num_leaves=31
num_cat=0
split_feature=4 6 11 6 10 15 5 11 15 7 14 2 1 17 2 7 5 15 14 2 0 1 1 11 7 6 5 18 1 15
split_gain=84.8408 28.6301 26.3614 34.1688 31.2817 33.4264 28.0229 25.0491 24.5133 21.0487 23.9879 20.6805 18.2452 17.8382 22.4046 17.5144 17.3257 21.6227 16.8133 16.5418 27.8919 29.6099 25.7422 18.0139 16.3498 16.2338 15.8965 15.6763 19.7548 23.1322
threshold=0.0043478262377902874 -0.10601570084691046 -0.15522935986518857 -0.15061935782432553 -0.14073254913091657 -0.18843276053667066 0.11565217375755311 -0.17925481498241422 -0.99999967217445362 -0.25513361394405359 -0.13009069859981534 -0.16167665272951123 0.0026086957077495758 0.0045652175322175035 -0.15688904374837873 -0.16354571282863614 0.53826087713241588 -0.18697874993085858 -0.12119051814079283 -0.13910552859306333 0.011304348241537811 0.026956521905958656 0.021739130839705471 -0.1537118926644325 -0.12457512319087981 -0.11680519580841063 0.0060869567096233377 0.0012297509820200505 0.011304348241537811 -0.14033291488885877
decision_type=2 2 2 2 2 2 2 2 2 2 2 2 2 2 2 2 2 2 2 2 2 2 2 2 2 2 2 2 2 2
left_child=1 2 3 8 13 15 -4 9 11 -7 -11 26 -8 14 -5 -6 -10 -18 -12 23 22 -22 -21 -14 25 -23 -1 -25 29 -29
right_child=-2 -3 6 4 5 7 12 -9 16 10 18 -13 19 -15 -16 -17 17 -19 -20 20 21 24 -24 27 -26 -27 -28 28 -30 -31
leaf_value=0.003977627962034591 -0.0012484769368812159 -0.00016681815025901758 0.012586310521469996 -0.024259864446335919 0.00025876645904648757 0.0077483777306150761 0.012433261861824205 -0.0019081862382197179 0.0060044997363889116 0.018434691998910898 -0.03872209284707006 0.010665291202328441 0.035703835874794948 -0.0010958228179114083 -0.081824633762349844 0.016576747321037488 -0.0040881117493138828 -0.061849858012477034 0.0070313954826066007 -0.071401025066147178 0.032255927948778164 -0.077188738794166351 0.033003122103328196 0.0054232039687876904 0.0065480155855864863 0.013167636080257429 -0.039019225837166049 -0.048663854576307071 -0.0011310699276733175 -0.011152899636519959
leaf_weight=29.516154415672645 38159.775397706166 4426.0083351329049 1748.7738999313005 90.903795789985452 388.46714875538601 52.98015525622759 497.39678441318392 582.32757791894255 4568.3114784768441 24.728558349073865 167.71725497912848 54.088329221704043 29.2535345479846 57.354833018616773 20.277864497853443 284.17807957262266 118.34565322333947 17.804792172508314 22.473130667465739 18.894979811506349 121.32561024650931 10.834636489162223 7.7007221316453061 332.60168774181511 437.93121659662575 8.1335290838032943 76.446405953145586 50.674130260245875 420.02752105973195 205.91503459477099
leaf_count=278 1809142 38947 12672 908 3891 478 3259 5231 42363 159 2190 426 157 578 282 2118 984 270 201 228 588 161 72 2034 3593 39 1142 584 3748 1502
internal_value=2.46269e-11 0.00320344 0.0046314 0.002696 -0.00342414 -0.00115526 0.0078921 -0.0077401 0.00482425 -0.0203626 -0.0272961 -0.0143618 0.00405322 -0.0237977 -0.0353946 0.00716713 0.0054799 -0.0120377 -0.0333073 0.0015107 0.00807706 0.0104046 -0.0410706 -0.00231773 0.00454444 -0.0397249 -0.0271171 -0.00345409 -0.00781943 -0.0187211
internal_weight=53031.2 14871.4 10445.4 6555.92 1691.41 1522.87 3889.46 850.227 4864.51 267.899 214.919 160.051 2140.69 168.536 111.182 672.645 4704.46 136.15 190.19 1643.29 604.821 578.225 26.5957 1038.47 456.899 18.9682 105.963 1009.22 676.617 256.589
internal_count=1938225 129083 90136 61499 16036 14268 28637 8259 45463 3028 2550 1846 15965 1768 1190 6009 43617 1254 2391 12706 4681 4381 300 8025 3793 200 1420 7868 5834 2086
is_linear=0
shrinkage=0.05


Tree=111
num_leaves=31
num_cat=0
split_feature=4 6 11 7 15 6 10 5 2 2 15 6 2 5 15 2 4 6 15 13 3 14 1 7 2 11 6 0 2 17
split_gain=77.0944 30.7723 26.8882 21.5533 20.3965 23.1084 21.898 24.5001 21.7037 17.9196 26.2614 35.3713 24.2265 18.5897 24.1531 17.6768 17.4721 17.4461 16.8093 17.0161 17.2889 23.433 16.5843 22.3213 23.5672 20.6996 30.9884 24.456 21.8394 21.7669
threshold=0.0043478262377902874 -0.10964439064264296 -0.13101816922426221 -0.1540454104542732 -0.99999967217445362 -0.18385905772447583 -0.14369682967662809 0.17130435258150103 -0.15009858459234235 -0.14853510260581967 -0.15338242799043653 -0.042769813910126679 -0.067226599901914583 0.093043476343154921 -0.42362995445728296 -0.16167665272951123 0.0026086957077495758 -0.13985963910818097 -0.34139505028724665 0.020000000484287742 -0.1360082924365997 -0.12758651375770566 0.0026086957077495758 -0.064756099134683595 -0.16922082006931302 -0.098679009824991212 -0.09449394047260283 0.016521738842129711 -0.15077716857194898 0.0095652178861200827
decision_type=2 2 2 2 2 2 2 2 2 2 2 2 2 2 2 2 2 2 2 2 2 2 2 2 2 2 2 2 2 2
left_child=1 2 4 -4 15 -6 7 -7 -9 22 11 -11 13 -13 -15 -1 -5 -10 -8 20 -20 -22 23 -3 -25 26 28 -27 -24 -29
right_child=-2 9 3 16 5 6 18 8 17 10 -12 12 -14 14 -16 -17 -18 -19 19 -21 21 -23 25 24 -26 27 -28 29 -30 -31
leaf_value=-0.026074299945734306 -0.0011912859209983484 0.0067035920868536913 0.020648323101677173 0.01115013341297829 0.0066786257970223115 0.0031634877775817251 0.019871448173164729 -0.013817647857814469 -0.087949305455592278 0.01462899757000314 -0.00043860838180094692 -0.0019919886188533025 0.030644530860376121 0.018545881647531137 -0.074251785018924293 0.0080260695143640776 -0.001274502453597063 -0.01711236034026763 0.001658073465285804 -0.018998099961004808 -0.019070330799976595 0.026853255993449555 -0.010504231631558433 -0.073120433084376268 -0.0083935316101279266 -0.033952497908113902 0.0069445563116763906 0.040261411413963222 -0.047270108706703361 -0.050540367349741523
leaf_weight=105.50873726303689 38110.882588485052 457.78513690004183 391.39042199141113 909.26652598797227 3772.4039361774194 205.92699138622265 133.60893559531542 192.05783575330861 18.759695340879261 610.42757507026545 2860.9684220509735 28.782199064618908 18.300017247442156 8.5037818066775781 31.408293960150331 58.488624835212249 410.30874924885575 16.57762920181267 3467.8293741795787 94.070260434760712 33.873979121213779 139.19982125912793 229.07468887750292 14.325751311727798 176.39819890330546 142.85126573499292 259.47212097412557 22.304449187824506 48.308547733351588 8.2586904512718302
leaf_count=1421 1809142 2905 2536 6073 34701 1741 1255 1868 334 4249 27355 189 99 33 439 471 3112 201 29578 1865 338 900 1911 173 1256 1356 1885 149 562 128
internal_value=3.99409e-11 0.0030538 0.00465289 0.0103551 0.00346751 0.00382271 0.00131735 -0.00932865 -0.0206057 -0.000182044 0.00168323 0.0103756 -0.0192967 -0.0328498 -0.05451 -0.0139377 0.00728878 -0.0561034 0.00251191 0.00188577 0.00243042 0.0178072 -0.00506451 0.000717289 -0.0136114 -0.0103371 -0.00546376 -0.0253063 -0.0170541 0.0149013
internal_weight=52977.3 14866.4 9949.27 1710.97 8238.31 8074.31 4301.9 433.322 227.395 4917.17 3558.39 697.422 86.9943 68.6943 39.9121 163.997 1319.58 35.3373 3868.58 3734.97 3640.9 173.074 1358.78 648.509 190.724 710.27 536.855 173.414 277.383 30.5631
internal_count=1938225 129083 86394 11721 74673 72781 38080 4144 2403 42689 32364 5009 760 661 472 1892 9185 535 33936 32681 30816 1238 10325 4334 1429 5991 4358 1633 2473 277
is_linear=0
shrinkage=0.05


Tree=112
num_leaves=31
num_cat=0
split_feature=4 27 1 17 2 9 15 2 17 2 13 13 25 2 16 9 14 23 6 11 6 5 6 13 7 3 10 4 6 1
split_gain=84.0143 23.8904 22.4868 18.7043 16.5375 16.4538 24.7199 44.3105 19.5169 27.1478 20.253 18.3047 16.3512 19.5314 16.3115 16.2484 16.3002 17.0969 16.1541 16.0553 25.4373 19.5846 15.995 18.2411 25.5929 18.7509 15.3547 14.7106 17.1553 19.1935
threshold=0.0043478262377902874 1.0000000180025095e-35 0.0078260868322104233 0.0039130437653511771 -0.12894833832979199 0.0095652174204587954 -0.076978676021099077 -0.12738881260156629 0.0089130434207618254 -0.12783780694007871 0.01304347859695554 1.0000000180025095e-35 1.0000000180025095e-35 -0.13688016682863233 0.0026086957077495758 0.018260869197547439 -0.12709496170282361 0.35714286565780645 -0.073889546096324907 -0.18306284397840497 -0.12138869240880011 0.021739130839705471 -0.080696675926446901 0.0026086957077495758 -0.018983340822160241 -0.077179394662380205 -0.11907021328806876 1.0000000180025095e-35 -0.088851213455200181 0.051304347813129432
decision_type=2 2 2 2 2 2 2 2 2 2 2 2 2 2 2 2 2 2 2 2 2 2 2 2 2 2 2 2 2 2
left_child=1 2 18 4 22 6 27 -8 9 10 15 -9 13 -3 -11 -7 17 -17 19 -1 -21 -22 -4 26 25 -25 -24 -5 -29 -30
right_child=-2 12 3 5 -6 8 7 11 -10 14 -12 -13 -14 -15 -16 16 -18 -19 -20 20 21 -23 23 24 -26 -27 -28 28 29 -31
leaf_value=0.0022878961541300509 -0.0012411930324996525 0.00067895770256112256 -0.0041085483030249715 0.01282033421796332 0.027136897423611861 -0.0083299877775760128 -0.099812156209312289 0.065843479107659517 0.0011640945390810522 -0.10027258209577457 0.031751152620253228 -0.043702176057843253 0.019847339173426265 0.020865060140121548 0.0035424647032451053 -0.061696862216287542 -0.10101667846535888 0.053374809364864453 -0.005460115989736402 0.011022722071567403 0.014796299801978802 0.0010121097385965541 -0.051209808841672227 -0.042675085987114975 0.055112056675944467 0.068217195113703472 0.030711923150730354 0.00078844244716814657 0.018415373248205153 -0.048670128203373547
leaf_weight=2942.4785198743339 38133.170637589232 451.00241985914181 1196.3936590048834 575.7394495717017 38.484582150820643 345.971286356973 14.114892282988878 8.4243135610595328 2725.7808046776336 11.977139005903156 29.094691328704357 5.5171640561893573 330.2081486961215 162.22527585865464 5.2469598490279159 6.2649335095193255 8.7667510842438769 4.837692191824317 380.930774429351 2068.5016212586634 302.96525869048492 1693.7545652558911 52.311682050582021 24.24676837073639 13.368855209788306 3.5672520031221238 5.7447064016014329 1156.9815657541621 232.10113702504896 10.23060759436339
leaf_count=26345 1809142 3758 10853 3445 405 4433 335 35 30200 470 949 129 3223 1135 81 133 254 22 2680 14333 1926 11308 633 577 122 13 34 9657 1478 117
internal_value=2.84005e-11 0.00319632 0.00267192 0.000520726 -0.00475235 0.00188976 0.0054289 -0.0403676 -0.000370462 -0.0104974 -0.0077234 0.0224687 0.0108914 0.00604433 -0.0701885 -0.0109407 -0.0538225 -0.0112899 0.00455684 0.00510205 0.00713792 0.00310996 -0.00571976 -0.0249092 0.00061765 -0.0265788 -0.0427208 0.00609956 0.00332715 0.0153948
internal_weight=52940.4 14807.2 13863.8 6475.17 1334.12 5141.05 2003.11 28.0564 3137.94 412.159 394.935 13.9415 943.436 613.228 17.2241 365.841 19.8694 11.1026 7388.63 7007.7 4065.22 1996.72 1295.63 99.2393 41.1829 27.814 58.0564 1975.05 1399.31 242.332
internal_count=1938225 129083 120967 64375 12637 51738 15196 499 36542 6342 5791 164 8116 4893 551 4842 409 155 56592 53912 27567 13234 12232 1379 712 590 667 14697 11252 1595
is_linear=0
shrinkage=0.05


Tree=113
num_leaves=31
num_cat=0
split_feature=4 6 15 1 2 1 13 27 2 15 11 15 7 11 2 18 18 10 3 3 6 5 13 1 2 15 5 14 12 1
split_gain=82.3736 22.9414 25.2086 24.5897 23.921 19.8266 37.5427 17.9836 16.2105 18.2193 23.2215 29.6012 27.6217 22.7966 26.7319 19.7445 18.4196 17.9667 33.4832 18.0085 17.3273 28.2608 25.5669 16.0039 23.2101 19.9628 16.6156 17.7273 16.5438 15.8251
threshold=0.0043478262377902874 -0.139057882130146 -0.14338825643062589 0.29478260874748236 -0.18911182880401609 0.016521738842129711 0.011304348241537811 1.0000000180025095e-35 -0.16922082006931302 -0.25020483136177057 -0.15685369819402692 -0.15098112821578977 -0.16654398292303083 -0.15144304931163785 -0.14514581114053723 1.0000000180025095e-35 0.0021299911895766859 -0.13650229573249814 -0.097299333661794649 -0.13548275828361508 -0.097227685153484331 0.19739130884408954 0.023478261195123199 0.033913042396306999 -0.15688904374837873 -0.14533261209726331 1.0000000180025095e-35 -0.12237549945712088 0.0026086957077495758 0.016521738842129711
decision_type=2 2 2 2 2 2 2 2 2 2 2 2 2 2 2 2 2 2 2 2 2 2 2 2 2 2 2 2 2 2
left_child=1 2 3 4 5 -1 -7 23 -3 -10 -11 -12 -13 14 -14 29 -16 18 -17 -19 21 22 -21 -6 -25 26 -26 28 -28 -15
right_child=-2 8 -4 -5 7 6 -8 -9 9 10 11 12 13 15 16 17 -18 19 -20 20 -22 -23 -24 24 25 -27 27 -29 -30 -31
leaf_value=-0.0064399960694415522 -0.0012290379172493549 -0.012386854764299507 0.012695470519318675 -0.062365045080461395 0.0050564870068344706 -0.10377561286033371 0.04151728935073213 0.014660739117266584 0.011809736400751572 -0.0045314322795714113 0.015814773288451819 0.011582117731937687 5.8876347003765799e-05 0.0085651588529081137 -0.0049846759465469806 0.019031550335475631 -0.077687292233592276 -0.0053567716117349758 -0.073645700598944069 0.018196700195196064 -0.0017060512503475707 -0.00095073295774238489 -0.051345489395735938 -0.049799244280007635 -0.05014791500301518 -0.078383151360762918 -0.03893871804305634 0.011437146077551724 -0.0026114152357902933 0.056754406332562325
leaf_weight=254.79351635381317 38099.972277318622 208.50742674333742 982.76262267056154 12.909792321152052 4587.6123230813537 12.888964833924549 5.878444794099777 435.08909960866913 421.0498510694888 1452.3963644186442 390.31035740605148 611.44329268208821 49.514407934912015 467.24389385391805 12.92343773844186 189.29541988886194 26.682363429688849 1506.3886958093644 9.2984396736137551 429.93944566536811 1583.2084408979281 538.36687079054536 12.691672342829404 25.249485512729734 15.281084643444045 7.3412426149006924 34.932346869260073 229.8400684739463 246.70337820495479 16.729581540916115
leaf_count=2391 1809142 2026 6703 232 41261 236 105 4373 3212 13346 2721 4248 377 3141 112 1397 493 13058 157 2499 16551 4016 267 586 159 150 444 2239 2540 43
internal_value=3.08904e-11 0.00316867 0.00528745 0.00404492 0.00420196 -0.0102093 -0.058468 0.00490992 0.00133676 0.00170909 0.00112468 0.00253091 0.00157749 0.000312061 -0.0246004 0.000784238 -0.0546713 -0.000301724 0.014345 -0.00101965 0.00152936 0.00674734 0.0160915 0.00408296 -0.00389641 -0.00163734 -0.000421267 0.00115934 -0.00723906 0.0103445
internal_weight=52877.2 14777.3 6851.28 5868.52 5855.61 273.561 18.7674 5582.05 7925.99 7717.48 7296.43 5844.04 5453.73 4842.28 89.1202 4753.16 39.6058 4269.19 198.594 4070.6 2564.21 980.998 442.631 5146.96 559.348 534.098 526.757 511.476 281.636 483.973
internal_count=1938225 129083 61419 54716 54484 2732 341 51752 67664 65638 62426 49080 46359 42111 982 41129 605 37945 1554 36391 23333 6782 2766 47379 6118 5532 5382 5223 2984 3184
is_linear=0
shrinkage=0.05


Tree=114
num_leaves=31
num_cat=0
split_feature=4 5 15 27 5 4 6 3 6 15 13 10 6 11 9 6 15 3 1 2 2 7 2 10 3 6 5 18 6 9
split_gain=84.6656 22.8325 21.5163 21.95 18.7814 17.6378 19.2762 21.3856 22.6541 17.2304 23.1206 17.0694 19.5 16.7091 19.8745 16.6657 16.6247 21.1784 18.5817 18.1727 23.9596 24.6298 18.2189 16.1092 20.7054 36.3518 24.0108 20.0506 16.1292 15.2507
threshold=0.0043478262377902874 0.21130434423685077 -0.99999967217445362 1.0000000180025095e-35 0.018260869197547439 1.0000000180025095e-35 -0.021605838090181347 -0.15404241532087323 -0.16004684567451474 -0.12309827283024787 0.01304347859695554 -0.11589632183313368 -0.1064515672624111 -0.1161333918571472 0.0078260868322104233 -0.11267162859439848 -0.20990756899118421 -0.24924100190401074 0.0060869567096233377 -0.14822503924369809 -0.15009858459234235 -0.13850124925374982 -0.14622037857770917 -0.14369682967662809 -0.16649823635816571 -0.069234460592269884 0.40260869264602667 0.0021299911895766859 -0.24878873676061627 0.0026086957077495758
decision_type=2 2 2 2 2 2 2 2 2 2 2 2 2 2 2 2 2 2 2 2 2 2 2 2 2 2 2 2 2 2
left_child=1 2 4 5 -1 6 7 8 -4 -9 13 -12 -13 14 -11 -15 -10 -18 -19 20 21 -20 -21 28 25 29 -27 -28 -3 -25
right_child=-2 23 3 -5 -6 -7 -8 9 16 10 11 12 -14 15 -16 -17 17 18 19 22 -22 -23 -24 24 -26 26 27 -29 -30 -31
leaf_value=0.0025763861323140369 -0.0012447139298144994 0.013708915969615635 0.0084163925647200676 0.012921962812242447 -0.031531722454192661 0.0024543478131192286 -0.064638972207438097 0.019917728828535722 0.011121141969350472 0.0023410554298967587 -0.0032811492123287268 0.0048688916985125466 -0.11117489312393053 0.031208952158824074 -0.058082864900841628 0.0082883467091165782 -0.027696254874814721 0.0046880923173929293 0.0012505363296545884 0.032566663837417006 -0.11747420369178894 -0.067335718344915113 -0.01025501072657172 0.01816097265539619 -0.0010212526099627444 -0.072306938832312054 -0.046552175679849636 0.016999142384467255 -0.011649004630900232 0.0035095185291192268
leaf_weight=84.173308738449123 38100.733614317898 71.782116360787768 1517.0724324467592 746.62333417374975 76.294068860937841 6373.9982615686604 8.4213435002566239 484.38835284602828 216.46291322491015 56.015199965971988 24.467297312570736 5.4885935368947676 9.1925899030175042 100.91291181102861 16.945844694040716 363.49633161915699 86.383035865845159 448.5074494365108 36.619135534740053 27.467111906269565 6.8243762339698142 19.340775273856707 194.68279446504312 396.74769992055371 2513.5877731284127 19.055802970193326 19.134850748348981 31.44832164584659 457.56349818984745 321.96143774688244
leaf_count=831 1809142 512 11715 6657 1073 58829 242 2828 1554 429 625 42 386 534 205 2739 1049 3467 326 177 145 320 1970 2222 22122 280 204 259 4402 2939
internal_value=6.29058e-11 0.00321835 0.00438494 0.00465685 -0.0137351 0.00403832 0.00682381 0.00700815 0.00452593 0.0129724 0.00711261 -0.0295187 -0.0702477 0.00983115 -0.0122885 0.0133252 -0.00117214 -0.0044276 -0.00165309 -0.0116161 -0.0351463 -0.0232201 -0.00483823 -0.000102041 0.00119681 0.00826128 -0.0259899 -0.00747778 -0.00819097 0.0116115
internal_weight=52835.8 14735.1 10903.8 10743.3 160.467 9996.69 3622.69 3614.27 2553.36 1060.91 576.519 39.1485 14.6812 537.37 72.961 464.409 1036.29 819.825 733.442 284.934 62.7843 55.9599 222.15 3831.28 3301.94 788.348 69.639 50.5832 529.346 718.709
internal_count=1938225 129083 96143 94239 1904 87582 28753 28511 20723 7788 4960 1053 428 3907 634 3273 9008 7454 6405 2938 791 646 2147 32940 28026 5904 743 463 4914 5161
is_linear=0
shrinkage=0.05


Tree=115
num_leaves=31
num_cat=0
split_feature=4 6 15 2 1 27 8 9 18 18 13 15 6 15 11 18 3 11 5 15 15 15 12 18 5 9 1 18 3 2
split_gain=76.9045 22.985 21.2321 20.857 20.3682 14.5128 14.3181 30.3288 26.9997 26.96 23.3398 33.3533 40.4724 29.3308 25.8562 23.3863 20.837 20.4787 27.0808 19.2898 18.9951 18.3394 29.751 22.0625 22.7646 21.4007 18.7491 17.8548 17.795 17.243
threshold=0.0043478262377902874 -0.139057882130146 -0.14338825643062589 -0.18911182880401609 0.29478260874748236 1.0000000180025095e-35 0.033913042396306999 0.018260869197547439 0.012742914725095035 0.04408275522291661 0.01304347859695554 -0.076978676021099077 -0.12138869240880011 -0.16039987653493878 -0.11663844436407088 0.026097823865711692 -0.18803743273019788 -0.15685369819402692 0.042608696967363364 -0.21635034680366513 -0.16039987653493878 -0.19816465675830838 0.0060869567096233377 0.0035853089066222314 0.33304348587989813 0.0043478262377902874 0.026956521905958656 0.01727679651230574 -0.23021157830953595 -0.14389697462320325
decision_type=2 2 2 2 2 2 2 2 2 2 2 2 2 2 2 2 2 2 2 2 2 2 2 2 2 2 2 2 2 2
left_child=1 2 3 -1 5 -5 7 8 17 10 11 12 13 -9 15 16 -14 21 -19 -8 -20 23 25 24 -3 29 28 -18 -27 -23
right_child=-2 6 -4 4 -6 -7 19 9 -10 -11 -12 -13 14 -15 -16 -17 27 18 20 -21 -22 22 -24 -25 -26 26 -28 -29 -30 -31
leaf_value=-0.0094299137758561795 -0.0011869634409103634 0.0026320831688248615 0.012023716945129957 0.0041212916643869491 -0.057836797176730063 0.013686824779956315 0.028317435659740431 -0.0069249582392922884 0.012206481997388108 -0.098716040882569855 0.00068128993898770721 -0.080798019138870039 -0.001634371277641052 -0.088221035915085663 0.0073945780063858664 0.018603004373139328 -0.032239311278932592 0.010192036764934699 0.021334993534127159 0.0046048517214644048 -0.000173150298266485 -0.0093809959192293641 -0.098383908233445172 0.015298202473927582 -0.022499604942984183 -0.010869315244789275 0.0040302742507741336 -0.092222107676627793 -0.045850491219131359 0.0078483873976511066
leaf_weight=272.39187174985273 38055.90208256949 326.45646021218272 975.54420939010743 5116.9337619269791 11.988411946455015 429.13184718184493 101.42126989003737 18.42948648496531 553.05367875471711 7.3656623493880025 346.36651127960067 18.884825895074755 28.170216106576845 27.589669408276677 149.93478339747526 23.785876283189282 36.570031627779827 887.13344788574614 104.72887568717124 531.20000621606596 3529.4621929878485 444.76077119930414 8.2399072302505356 209.89889097824926 123.36980934906751 63.552723598666489 50.058265026193112 19.375138422125019 86.491934746969491 214.48593355702178
leaf_count=2732 1809142 2612 6703 47379 232 4373 805 178 3664 220 6984 434 247 371 1128 137 487 5988 576 5933 27195 3584 149 1478 1064 849 487 275 1315 1504
internal_value=2.44403e-11 0.00306922 0.00519937 0.00405566 0.00471815 0.00486377 0.00123614 0.000608461 0.00164212 -0.00946657 -0.00833824 -0.0179903 -0.0138345 -0.0565038 -0.0060299 -0.0245806 -0.036867 0.000674317 0.00236522 0.00844512 0.000452363 -0.00432957 -0.00910319 0.00195239 -0.00429518 -0.00813376 -0.0224135 -0.0542675 -0.031204 -0.00377202
internal_weight=52772.7 14716.8 6805.99 5830.45 5558.05 5546.07 7910.79 7278.17 6601.69 676.472 669.107 322.74 303.855 46.0192 257.836 107.901 84.1154 6048.64 4521.32 632.621 3634.19 1527.31 867.59 659.725 449.826 859.35 200.103 55.9452 150.045 659.247
internal_count=1938225 129083 61419 54716 51984 51752 67664 60926 50465 10461 10241 3257 2823 549 2274 1146 1009 46801 33759 6738 27771 13042 7888 5154 3676 7739 2651 762 2164 5088
is_linear=0
shrinkage=0.05


Tree=116
num_leaves=31
num_cat=0
split_feature=4 6 11 7 15 4 2 23 8 10 5 2 5 6 6 12 11 15 2 10 3 16 18 17 0 6 2 10 11 11
split_gain=76.4305 21.3011 22.724 24.3003 21.7741 16.0145 18.2136 19.1142 16.0572 15.9547 25.4962 23.2661 20.164 15.8637 34.6604 21.6739 21.5951 17.2111 16.7542 17.3439 24.0731 17.1109 16.3935 19.0187 19.8269 15.9686 15.1055 14.869 17.5879 15.3618
threshold=0.0043478262377902874 -0.10601570084691046 -0.10421785712242125 -0.024865203537046906 -0.99999967217445362 1.0000000180025095e-35 -0.13910552859306333 0.35714286565780645 0.096521738916635527 -0.12456293031573294 0.81304347515106212 -0.15589711815118787 0.41304348409175878 -0.11063922569155692 -0.11909969896078108 0.0026086957077495758 -0.11342795193195342 -0.20790250599384305 -0.12828948348760602 -0.13915546983480451 -0.13440471887588498 0.0026086957077495758 0.007210054202005268 0.0023913043551146988 0.0095652174204587954 -0.19847848266363141 -0.16587232798337934 -0.12611807137727735 -0.10688642039895056 -0.11182063817977904
decision_type=2 2 2 2 2 2 2 2 2 2 2 2 2 2 2 2 2 2 2 2 2 2 2 2 2 2 2 2 2 2
left_child=1 2 3 4 26 6 7 -6 -8 11 -11 -5 -13 14 16 -15 18 -16 19 20 21 25 23 -21 -25 -14 -1 28 -7 -29
right_child=-2 -3 -4 9 5 27 8 -9 -10 10 -12 12 13 15 17 -17 -18 -19 -20 22 -22 -23 -24 24 -26 -27 -28 29 -30 -31
leaf_value=-0.027338490537852457 -0.0011827747604143879 0.00015345137253213945 0.014493672132698697 0.0010549888070500914 -0.010696559825980277 0.0056090679382466615 0.015566560091007734 0.0066233789264181194 -0.020302595676730786 0.015659885241985777 -0.060431209256110674 -0.075631555956425026 0.026142544291983261 -0.037800536737085097 -0.011304921547173705 0.052372992189947433 -0.091686526840135077 -0.10106724993091808 -0.042148750934443063 0.014709564008267976 -0.096602791521300441 -0.070116144320545748 0.028248547496998275 -0.10211270479919304 -0.013479031382401066 -0.025738203248196919 0.0045422652455784744 -0.00091271918729682723 -0.037897113627032353 0.02050636283601194
leaf_weight=89.00490418454865 38041.936625047863 4402.7386479914003 519.17711078848515 339.57912702130852 169.5375644788146 3205.6323639730981 767.75050114092301 2438.7053690577941 31.688963516033255 142.67864974879194 10.94221439026296 13.472333446843548 26.878082829993215 9.4573765068780649 8.0063465097919124 17.765530843287706 7.3939034012146285 16.886776539729908 33.569312429288402 41.23630936362315 8.7737443206133303 9.7931273907888663 51.705938565311953 7.4255958115681997 26.728869436774403 30.697259051259611 62.850331527879462 2087.0845449268236 22.414693554630503 86.206975537003018
leaf_count=1276 1809142 38947 3307 2605 1755 28335 5210 20132 213 1106 157 207 150 128 64 89 135 302 438 247 188 163 333 141 249 378 560 21488 225 555
internal_value=4.62394e-11 0.00306372 0.00430963 0.00376669 0.00451343 0.0048376 0.0075214 0.0054939 0.0141212 -0.00456178 0.00988423 -0.0079892 -0.0178746 -0.015003 -0.0186904 0.0208169 -0.0128001 -0.0737487 -0.0099618 -0.00446509 -0.0231776 -0.0123419 0.00683878 -0.00802245 -0.0351056 -0.00148572 -0.0142002 0.00314333 0.00529533 -5.40576e-05
internal_weight=52727.7 14685.8 10283 9763.87 8960.88 8809.02 3407.68 2608.24 799.439 802.99 153.621 649.37 309.791 296.318 269.095 27.2229 244.202 24.8931 236.808 203.239 76.1422 67.3685 127.097 75.3908 34.1545 57.5753 151.855 5401.34 3228.05 2173.29
internal_count=1938225 129083 90136 86829 79749 77913 27310 21887 5423 7080 1263 5817 3212 3005 2788 217 2422 366 2287 1849 879 691 970 637 390 528 1836 50603 28560 22043
is_linear=0
shrinkage=0.05


Tree=117
num_leaves=31
num_cat=0
split_feature=4 6 11 6 15 11 5 5 15 2 2 23 7 5 12 17 2 10 14 14 3 15 10 7 7 2 14 6 12 9
split_gain=69.0165 23.809 21.9553 26.1289 30.1945 23.5334 22.4801 21.843 19.2602 16.5724 13.516 14.8726 14.4193 20.448 16.5921 16.7414 16.1781 15.4544 13.2493 14.3079 12.6903 12.2945 31.5952 25.2728 25.13 20.3843 17.6813 17.342 15.9799 17.1022
threshold=0.0043478262377902874 -0.10964439064264296 -0.16025409847497937 -0.16004684567451474 -0.19816465675830838 -0.18050115555524823 0.016521738842129711 0.061739129945635803 -0.99999967217445362 -0.16922082006931302 -0.1584832891821861 0.35714286565780645 -0.1695490479469299 0.056521739810705192 0.0043478262377902874 0.0060869569424539813 -0.15111248940229413 -0.11834985390305518 -0.13377022743225095 -0.12559198588132856 -0.19576104730367658 -0.15338242799043653 -0.13199459016323087 0.0019541145302355294 0.0083375382237136381 -0.1669385880231857 -0.12628401815891263 -0.041458714753389352 0.037391304969787605 0.0060869567096233377
decision_type=2 2 2 2 2 2 2 2 2 2 2 2 2 2 2 2 2 2 2 2 2 2 2 2 2 2 2 2 2 2
left_child=1 2 3 8 -5 6 -6 -4 9 -1 11 -8 13 14 15 -12 -15 20 -7 -20 -14 22 25 27 -25 -3 -26 -24 29 -23
right_child=-2 21 7 4 5 18 10 -9 -10 -11 12 -13 17 16 -16 -17 -18 -19 19 -21 -22 28 23 24 26 -27 -28 -29 -30 -31
leaf_value=-0.027483574358146624 -0.0011250572070621654 -0.064165721619988236 0.012690075205081336 0.0044191251363446806 0.00028935832244946289 -0.028564170909063977 -0.10821830928805368 0.0046404763238687375 0.0052085595908814494 0.0047726738952087776 -0.02271895133545835 -0.035586183621513216 0.004653543181336592 -0.015750841403533399 0.017309060603439806 -0.10706587384662525 -0.10274711594107538 -0.064592502176591529 0.009235016634314034 -0.0077529403393277714 -0.059828182736094228 0.0010226331903754298 0.014443798893863128 -0.09294479135273967 0.022200448030436179 -0.0089531183928779016 -0.024160848469370499 -0.011473078581010083 0.029853795044438927 -0.0058648456667493194
leaf_weight=84.603661666857079 37990.899515845333 18.281615416985005 1257.8227260765852 792.53392044195789 116.59630975185428 42.311040056403726 7.3346699955873182 2556.3710271353048 4096.2246858760609 73.9751744728419 43.08562971628271 66.07535985809227 92.770842232101131 8.66670841840096 21.035354568390176 6.0144274663180104 14.927156705642117 9.4188823876902443 233.95097339505446 261.34536527193268 7.3062496364582321 2435.7285522930561 668.54016334131302 8.4276169561780971 31.963825958431698 129.66207684931578 53.831540833809413 70.693221604567952 40.003999648732133 1429.4967349517392
leaf_count=1181 1809142 251 9436 7301 1075 481 216 19408 39042 657 500 720 856 88 221 143 303 152 1871 2615 128 16329 4504 129 175 1031 479 628 387 18776
internal_value=4.29125e-11 0.00291165 0.00433403 0.00244228 -0.00275053 -0.00885311 -0.0181324 0.00729766 0.00454574 -0.0125008 -0.0258699 -0.0442 -0.0190646 -0.0333572 -0.0192755 -0.0349817 -0.0727307 -0.00663882 -0.00204475 0.000273684 -0.000599356 6.10232e-05 0.00506097 0.00884282 -0.0154292 -0.0161608 -0.00683176 0.0119532 -0.00119646 -0.00152546
internal_weight=52669.9 14679 9792.37 5978.18 1723.37 930.839 393.232 3814.19 4254.8 158.579 276.635 73.41 203.225 93.7293 70.1354 49.1001 23.5939 109.496 537.607 495.296 100.077 4886.63 981.4 833.456 94.223 147.944 85.7954 739.233 3905.23 3865.23
internal_count=1938225 129083 86394 57550 16670 9369 4402 28844 40880 1838 3327 936 2391 1255 864 643 391 1136 4967 4486 984 42689 7197 5915 783 1282 654 5132 35492 35105
is_linear=0
shrinkage=0.05


Tree=118
num_leaves=31
num_cat=0
split_feature=4 6 15 27 15 6 1 3 3 23 3 13 7 18 5 3 7 4 1 17 15 11 11 2 6 0 0 6 3 7
split_gain=69.6248 19.829 25.6079 15.1283 14.3213 14.0708 15.4184 12.9352 28.942 21.1851 15.868 16.7225 16.2746 18.4345 22.9495 22.1008 16.9922 24.9456 16.4523 17.4683 15.1004 14.7246 23.9549 19.6124 23.3371 14.3742 35.3042 18.0219 14.2196 20.6534
threshold=0.0043478262377902874 -0.19072602689266202 -0.22359255701303479 1.0000000180025095e-35 -0.99999967217445362 -0.24878873676061627 0.056521739810705192 -0.092070374637842164 -0.10520491376519202 0.5000000149011613 -0.10044039040803908 0.018260869197547439 -0.17431720346212384 0.0012297509820200505 0.45652173459529882 -0.099246017634868608 -0.039725607261061661 1.0000000180025095e-35 0.0078260868322104233 0.0052173917647451171 -0.069346260279417024 -0.085408926010131822 -0.088322859257459627 -0.14263420552015302 -0.078156158328056322 0.030434782616794113 0.01304347859695554 -0.10274330899119376 -0.10579141601920126 -0.057962983846664422
decision_type=2 2 2 2 2 2 2 2 2 2 2 2 2 2 2 2 2 2 2 2 2 2 2 2 2 2 2 2 2 2
left_child=1 2 4 7 -1 -6 -7 8 20 10 11 21 -12 16 18 -16 17 -14 19 -15 28 22 25 -23 -25 26 27 -10 -3 -30
right_child=-2 3 -4 -5 5 6 -8 -9 9 -11 12 -13 13 14 15 -17 -18 -19 -20 -21 -22 23 -24 24 -26 -27 -28 -29 29 -31
leaf_value=-0.012037638375311403 -0.0011292206528531114 0.0014999216277155705 0.011117383211666273 0.0093504695612898255 0.0068287235954291635 -0.00052745781559962045 -0.042003600059335483 0.0077600923960432118 -0.065316367656951341 0.022286033878059025 0.03424722572045142 -0.073110760306763986 0.024839939772329497 -0.080882114175008124 0.015047664889308535 -0.09030845017654196 0.046654101089292806 -0.066544854368016576 -0.0047608530095398288 0.014742950224918948 -0.06092113557511758 -0.071686829366201674 0.028242592753854479 0.017976705064646936 -0.079794936422603685 -0.0018139051919760165 -0.095180075057466118 0.0056783156597542753 0.044036675905068767 -0.023981820532982031
leaf_weight=153.43829373200424 37974.882904924481 8940.3588945506344 1504.2579064741585 633.9866086904367 1316.5841630444756 698.54140214204381 22.150492617161945 740.55997132184166 11.095579091692342 45.472051883349195 22.66542768292129 14.821257826872168 19.778834738652225 13.999366989824923 6.5632362188771394 16.735175216570497 24.756704470608383 10.676579661201684 181.19242498150561 6.6069456432014695 8.6505189833696914 26.147600952768698 29.982354273437522 19.737805285491053 7.6742549173068246 52.087599180755205 17.639327811775729 33.73486422887072 41.795626296137925 14.372164997272192
leaf_count=1801 1809142 75332 12481 4861 13202 7078 357 7844 136 253 128 419 74 179 53 307 101 131 2174 26 184 301 145 112 181 388 301 231 186 117
internal_value=4.93394e-11 0.00292976 0.00609623 0.00185994 0.00264494 0.00375613 -0.00185866 0.00139834 0.000905108 -0.0100996 -0.0129917 -0.0234216 -0.00560899 -0.00894199 -0.0152866 -0.0612315 0.0167363 -0.00829337 -0.00970629 -0.0509588 0.00159217 -0.0193555 -0.0109123 -0.0415232 -0.0112404 -0.0213158 -0.0372917 -0.0129347 0.00165904 0.0265171
internal_weight=52610.9 14636.1 3694.97 10941.1 2190.71 2037.28 720.692 10307.1 9566.54 561.367 515.895 212.921 302.975 280.309 225.097 23.2984 55.2121 30.4554 201.799 20.6063 9005.18 198.099 144.54 53.5597 27.4121 114.557 62.4698 44.8304 8996.53 56.1678
internal_count=1938225 129083 34919 94164 22438 20637 7435 89303 81459 5640 5387 2214 3173 3045 2739 360 306 205 2379 205 75819 1795 1201 594 293 1056 668 367 75635 303
is_linear=0
shrinkage=0.05


Tree=119
num_leaves=31
num_cat=0
split_feature=4 4 2 6 5 11 11 14 6 10 7 3 9 3 3 15 8 5 13 12 11 6 7 5 13 12 1 1 11 15
split_gain=66.962 18.7669 20.9513 25.9266 21.3796 20.2732 17.2491 15.6983 17.9112 23.4499 21.7511 17.419 20.1267 20.5787 15.8544 15.5743 14.8526 14.3877 14.292 22.7563 13.8567 13.4729 13.9734 13.5556 12.996 29.5508 12.7747 12.6748 14.9261 34.6745
threshold=0.0043478262377902874 1.0000000180025095e-35 -0.17204444110393521 -0.27167555689811701 0.4982608705759049 -0.10580001026391982 -0.11342795193195342 -0.12066245451569556 -0.07492100819945334 -0.12689478695392606 -0.06089301407337188 -0.17060533910989759 0.0043478262377902874 -0.35524453222751612 -0.1760962903499603 -0.99999967217445362 0.098260872066020979 0.1278260871767998 0.11043478548526765 0.01304347859695554 -0.31687422096729273 -0.068740606307983385 -0.095545928925275789 0.37826086580753332 0.037391304969787605 0.026956521905958656 1.0000000180025095e-35 0.0078260868322104233 -0.079756136983633028 -0.080162487924098955
decision_type=2 2 2 2 2 2 2 2 2 2 2 2 2 2 2 2 2 2 2 2 2 2 2 2 2 2 2 2 2 2
left_child=1 2 15 16 7 6 -6 8 11 10 -10 12 -5 -14 -15 -1 20 -13 27 -20 -4 22 -11 26 -9 -26 -24 28 29 -3
right_child=-2 18 3 4 5 -7 -8 24 9 21 -12 17 13 14 -16 -17 -18 -19 19 -21 -22 -23 23 -25 25 -27 -28 -29 -30 -31
leaf_value=-0.04099531515633676 -0.0011077219428562719 0.0033132893022924702 0.0079855741594770293 0.0050189572955657387 -0.01411708754685038 0.017618301194949209 -0.086878304377161431 0.018008927734977708 -0.016559728654942155 0.0057987645455840828 -0.10674551127917509 0.013841473999936458 -0.048387150107341674 -0.0019023806049358204 -0.044954420924208212 -0.0023777358709138434 -0.042531932310319043 0.0048013995778705028 0.057395082834587552 -0.097883675672857662 0.024705380102491379 0.0058585969288793178 0.0058100718121673646 0.013206432528187798 -0.10421234860345939 0.010470897029881484 -0.077236259234993887 -0.00028138112441653858 0.021633167891972088 -0.052072564230543898
leaf_weight=26.665970125293825 37936.31176477205 4602.2264604547236 210.43774272457813 1270.2251553770038 172.79691079107579 51.683285143284593 7.6102172050159416 359.55623006565293 18.594907212012917 25.300353563739918 9.8600037319120002 849.78611878868833 28.291515753837302 326.48794184083818 21.892371697467752 467.0922203821101 9.4478126101894286 915.29454692952277 2.5428156545385701 7.2495319868903607 305.14855247350351 140.88852351909736 5.7320183854608358 7.955394574062665 6.2533548322971937 24.255324728554115 20.496561907231808 4581.844308059488 108.74983408174012 27.436166142113507
leaf_count=352 1809142 35769 2032 10561 1687 433 114 2354 194 224 164 5903 353 2950 261 4227 56 6874 30 379 2294 1563 42 54 516 220 335 48202 631 309
internal_value=6.26957e-11 0.00287583 0.00525718 0.00626844 0.0049747 -0.00975311 -0.0176484 0.00582491 0.00480078 -0.00871478 -0.0503734 0.0057095 0.00200909 -0.0081273 -0.00472872 -0.00454197 0.0167434 0.00915906 0.00152733 -0.0559799 0.0179098 -0.00257808 -0.0223268 -0.0427164 0.0153473 -0.0155971 -0.0595404 0.00159375 0.00340661 0.00297389
internal_weight=52548.1 14611.8 5281.75 4787.99 4262.96 232.09 180.407 4030.87 3640.81 228.828 28.4549 3411.98 1646.9 376.672 348.38 493.758 525.034 1765.08 9330.05 9.79235 515.586 200.373 59.4843 34.184 390.065 30.5087 26.2286 9320.26 4738.41 4629.66
internal_count=1938225 129083 43763 39184 34802 2234 1801 32568 29478 2576 358 26902 14125 3564 3211 4579 4382 12777 85320 409 4326 2218 655 431 3090 736 377 84911 36709 36078
is_linear=0
shrinkage=0.05


Tree=120
num_leaves=31
num_cat=0
split_feature=4 4 25 7 26 15 12 3 3 2 11 6 12 3 9 17 17 14 6 15 14 8 9 10 3 3 17 11 18 10
split_gain=65.6651 23.767 32.0545 31.3472 33.161 23.7238 33.0882 25.0112 21.567 21.3497 19.9129 23.2723 19.1978 43.5272 31.1652 25.4506 32.0836 18.9203 17.3112 19.6896 18.335 16.5376 22.6419 20.5136 25.3374 29.3386 21.7745 20.4145 23.4408 18.9768
threshold=1.0000000180025095e-35 0.01304347859695554 1.0000000180025095e-35 -0.58703312277793873 1.0000000180025095e-35 -0.057149393483996384 0.011304348241537811 -0.06309878826141356 -0.080238055437803255 -0.18065031617879865 -0.14715309441089627 -0.081915594637393938 0.01304347859695554 -0.05495756492018699 0.06695652008056642 0.0091304355300962942 0.011956521775573494 -0.12709496170282361 -0.21088551729917523 -0.24044181406497953 -0.12066245451569556 0.01304347859695554 0.037391304969787605 -0.12217391654849051 -0.070481505244970308 -0.081137303262948976 0.016086957417428497 -0.069582056254148469 0.0095256105996668356 -0.11858408525586127
decision_type=2 2 2 2 2 2 2 2 2 2 2 2 2 2 2 2 2 2 2 2 2 2 2 2 2 2 2 2 2 2
left_child=9 2 5 -4 10 -2 7 8 -7 -1 -5 -12 13 14 17 -14 -17 -3 19 -11 -20 22 23 26 25 27 -19 28 -25 -29
right_child=1 12 3 4 -6 6 -8 -9 -10 18 11 -13 15 -15 -16 16 -18 21 20 -21 -22 -23 -24 24 -26 -27 -28 29 -30 -31
leaf_value=-0.0093211078809625723 0.0004033010950510707 -0.015706175112862389 -0.038335137404321686 -0.0018515787605586289 0.038152625957373787 0.038656991065590667 -0.081510508683429253 0.024589468572240102 -0.083410391101712111 0.0058337745494130479 0.026070939859220002 -0.021624129544399334 -0.070057346574708856 0.063040087634750774 -0.08764991365801271 0.014410358542023959 -0.0013570574491430498 0.0018852689491526409 0.0032648813027901036 0.019243810339167736 0.01467605847773263 -0.017020610894323232 0.050675401632911322 -0.0157584002206838 0.048201455663563327 -0.072354547662743893 -0.053341299293073456 0.045273989746933772 0.016419285440885695 -0.048835582690001988
leaf_weight=237.41781730865478 20952.664719683278 419.89436288084835 28.276137577486224 227.62489758094307 118.49108745338162 4.2892137244343784 20.002738114446402 26.909116795053706 12.333890898618845 654.95060008711516 181.75712629401824 28.961451874463819 12.402014752849935 21.742444613948464 10.769660071469842 326.25758913374739 22831.899422135357 1112.5195765356184 3499.0683207124166 470.90453164753853 390.56048499728422 217.60569320098148 18.838361784117296 504.13196615179186 17.071238271892071 18.470754584763199 17.13918726250995 27.095933782868087 62.921123906795401 5.7488465234637252
leaf_count=2294 287887 12512 292 1569 535 95 1429 545 482 5968 830 186 257 358 505 5519 1534502 23074 28967 3392 3142 6882 962 12063 330 590 922 272 1733 131
internal_value=5.2972e-11 -0.000589908 0.000631751 0.012165 0.0147935 0.000310091 -0.0299589 -0.0049728 -0.0515074 0.00530262 0.00840673 0.0194445 -0.00161974 -0.00582422 -0.00646548 -0.00117422 -0.00113431 -0.00606837 0.00599659 0.0114548 0.00441416 -0.00403967 -0.0024476 -0.00304293 -0.0102222 -0.0119104 0.00100094 -0.00993197 -0.0121653 0.0278457
internal_weight=52478.7 47225.8 21601.3 585.111 556.835 21016.2 63.535 43.5322 16.6231 5252.9 438.343 210.719 25624.5 2453.95 2432.21 23170.6 23158.2 2421.44 5015.48 1125.86 3889.63 2001.54 1783.94 1765.1 635.44 618.369 1129.66 599.898 567.053 32.8448
internal_count=1938225 1894462 293850 3412 3120 290438 2551 1122 577 43763 2585 1016 1600612 60334 59976 1540278 1540021 59471 41469 9360 32109 46959 40077 39115 15119 14789 23996 14199 13796 403
is_linear=0
shrinkage=0.05


Tree=121
num_leaves=31
num_cat=0
split_feature=4 6 11 5 15 9 10 13 2 18 6 10 16 15 4 12 14 2 6 7 8 9 11 6 13 16 4 18 9 14
split_gain=56.7786 21.3576 20.3471 18.2836 18.1345 16.5263 20.7734 20.2245 16.3567 22.7295 15.7478 17.4042 19.0463 14.5325 13.9753 35.7929 33.8871 24.0851 23.3937 22.3338 21.6316 32.4501 34.6055 33.7935 28.8316 24.5393 22.5789 22.5048 23.6486 21.0793
threshold=0.0043478262377902874 -0.10964439064264296 -0.13101816922426221 0.21826086938381198 -0.047250933945178979 0.049565218389034278 -0.11476793885231017 0.042608696967363364 -0.18911182880401609 0.0075180947314947852 -0.18826716393232343 -0.12257835641503333 1.0000000180025095e-35 -0.34139505028724665 0.068695649504661574 0.047826087102293975 -0.10933242738246916 -0.13182810693979261 -0.075852114707231508 -0.17107900232076642 0.091304346919059767 0.11565217375755311 -0.080396477133035646 -0.087267640978097902 0.11565217375755311 0.040869565680623061 0.059999998658895499 0.062006464228034026 0.150434784591198 -0.11525199562311171
decision_type=2 2 2 2 2 2 2 2 2 2 2 2 2 2 2 2 2 2 2 2 2 2 2 2 2 2 2 2 2 2
left_child=1 2 5 -4 -3 8 7 -7 9 -1 13 -12 -13 -10 15 16 20 -17 -16 -20 21 24 23 -23 26 27 -2 28 29 -24
right_child=14 4 3 -5 -6 6 -8 -9 10 -11 11 12 -14 -15 18 17 -18 -19 19 -21 -22 22 25 -25 -26 -27 -28 -29 -30 -31
leaf_value=-0.0059550796349532855 -0.00098901678112876335 -0.00026819601367172977 0.013393672942588168 0.0027399782613392694 0.043546599647126906 -0.077170135844829846 -0.0042112458829030022 0.023519729167319262 0.00018431834951511598 -0.089326356019931497 -2.8822842645994772e-05 0.015530820925902786 0.0012402201271304802 0.0080309939006087457 -0.0082314705835136812 0.011423263533958845 -0.017903085668070386 0.0017368741689402938 -0.032183562450075948 0.001232478376957476 0.017617146166838168 -0.016339436744478939 0.021291367438397664 -0.066998239926735301 0.051796176969775669 0.064280980208606106 -0.021355979255835825 0.035557871271052525 -0.051854037945498525 -0.027403592963766932
leaf_weight=282.64075972326827 30054.904470178124 4831.7825011617024 983.92026807460934 682.34575966451666 22.731813608896118 20.076765841920864 94.235660232254304 6.016162183484993 763.59381241200026 7.4285010744351885 3324.329086798447 422.89112515043234 518.60000621469226 2596.4323508951475 1692.7780211515928 840.01022337186441 302.16510287586789 2710.647098090998 50.644887621940143 1571.3776857288358 152.53214153012959 88.486795231234282 44.65541367046535 52.310051781591028 24.801556545076892 12.062533461488782 135.70019659775426 24.415050346637145 32.617335748625919 42.313229581341147
leaf_count=2730 927873 42255 6529 5192 434 492 1026 138 8548 177 29069 3081 5767 23645 295177 57700 23236 241238 43713 183502 7328 5215 1539 2653 1671 550 13166 766 1539 2276
internal_value=2.06387e-12 0.0026535 0.00400807 0.00903518 -5.4102e-05 0.00296474 -0.0153512 -0.0539432 0.00324506 -0.00838972 0.00368866 0.00167149 0.00766882 0.00624836 -0.00102105 -0.00072318 -0.00126841 0.00403104 -0.00412162 0.000169933 -0.00110392 -0.00119808 -0.0176208 -0.0355004 -0.00103615 -0.00136689 -0.00108127 -0.00727141 -0.0162379 -0.0024426
internal_weight=52389.4 14557 9702.51 1666.27 4854.51 8036.24 120.329 26.0929 7915.92 290.069 7625.85 4265.82 941.491 3360.03 37832.4 34517.6 30967 3550.66 3314.8 1622.02 30664.8 30512.3 296.86 140.797 30215.4 156.064 30190.6 144.001 119.586 86.9686
internal_count=1938225 129083 86394 11721 42689 74673 1656 630 73017 2907 70110 37917 8848 32193 1809142 1286750 987812 298938 522392 227215 964576 957248 14538 7868 942710 6670 941039 6120 5354 3815
is_linear=0
shrinkage=0.05


Tree=122
num_leaves=31
num_cat=0
split_feature=4 4 12 15 7 6 11 7 1 13 17 11 4 18 7 3 1 2 4 17 8 15 11 18 6 6 6 4 17 6
split_gain=52.1655 26.3818 22.4663 35.7115 38.18 22.3305 32.0022 23.7276 24.463 23.0575 23.9878 30.494 22.047 24.4875 21.0685 20.9395 20.8911 55.3416 20.8205 30.1112 25.0089 20.6399 20.0631 19.8652 19.6034 19.4424 20.8801 18.9615 29.1948 18.9407
threshold=1.0000000180025095e-35 0.032173912972211845 0.030434782616794113 -0.088320035487413392 -0.10317343845963477 -0.09997439011931418 -0.1241086535155773 -0.15948519110679624 0.072173915803432478 0.020000000484287742 0.021304347552359108 -0.12520276755094525 0.018260869197547439 0.016698145307600502 -0.043091885745525353 -0.14851007610559461 0.053043477237224586 -0.1584832891821861 0.0060869567096233377 0.025217392481863502 0.020000000484287742 -0.14948821067810056 -0.18859649449586866 0.026727640070021156 -0.10601570084691046 -0.14756249636411664 -0.14479716122150418 0.0060869567096233377 0.0091304355300962942 -0.17803087830543515
decision_type=2 2 2 2 2 2 2 2 2 2 2 2 2 2 2 2 2 2 2 2 2 2 2 2 2 2 2 2 2 2
left_child=14 5 3 -3 -5 6 9 8 27 16 12 -12 13 15 -1 -11 -2 -18 19 20 24 -13 -22 -21 -19 -8 -27 -7 -29 -17
right_child=1 2 -4 4 -6 7 25 -9 -10 10 11 21 -14 -15 -16 29 17 18 -20 23 22 -23 -24 -25 -26 26 -28 28 -30 -31
leaf_value=0.0060328105051609682 -0.00017398153919651854 -0.013251343825041652 -0.0017107334007391108 -0.038144073258344041 0.010229280204960903 0.01298451146867876 0.012326025214785414 -0.0021631695669184223 0.027440551246206688 0.02761036431726286 0.0020852513804019211 0.035636943750374163 0.0040141374814220759 -0.0843477286368573 -0.0029982560220469128 0.0553608785956076 -0.077758688923797545 -0.00084106449505336406 -0.012411917390834682 0.039232594728974585 0.003899663358008626 -0.070280796572416523 -0.086658223909977045 0.0058175684446601355 -0.077371212524276617 -0.026542496216117029 0.0038422391135177303 -0.028482904222062729 0.0036311325866994234 -0.016954832070760567
leaf_weight=4484.2767993783727 13452.253776073521 1028.6058962080278 11690.458480363317 45.273445719620213 343.90732883068449 277.54262367408955 719.78579849424568 10916.601514053706 120.78514744710992 297.54405796702486 2202.8409491453276 5.0704565354390096 446.94628323079087 4.5181045283097765 753.79441232570207 9.9642983318772149 26.422947780461982 139.6989979329519 523.41683259698766 56.041845124331303 8.9532515336759406 22.294337680679746 17.751649067504331 204.15922092238907 7.9024874395690849 56.360338785598287 4019.3997268639359 92.349727516877465 291.88107398238208 51.110990912886336
leaf_count=37154 231783 61508 1077979 2944 10672 2164 18070 210779 5984 14766 122649 160 22946 287 6609 392 720 1492 13841 287 95 1258 322 2187 149 1499 73333 1584 12832 1780
internal_value=-1.28728e-11 -0.000526663 -0.00243199 -0.00837375 0.00451866 0.000208573 0.00113764 -0.0015601 0.00684468 0.000144749 0.00410148 0.00142289 0.011465 0.0205992 0.00473285 0.0221522 -0.000688749 -0.00771633 -0.00570524 0.00238371 -0.0136521 -0.0500907 -0.0572523 0.0131371 -0.00543153 0.00475535 0.00341567 0.00304985 -0.00414136 -0.00445491
internal_weight=52317.9 47079.8 13108.2 1417.79 389.181 33971.6 22272.4 11699.2 782.559 17476.9 3040.29 2230.21 810.084 363.137 5238.07 358.619 14436.6 984.347 957.924 434.507 174.306 27.3648 26.7049 260.201 147.601 4795.55 4075.76 661.773 384.231 61.0753
internal_count=1938225 1894462 1153103 75124 13616 741359 508016 233343 22564 415114 164238 124067 40171 17225 43763 16938 250876 19093 18373 4532 2058 1418 417 2474 1641 92902 74832 16580 14416 2172
is_linear=0
shrinkage=0.05


Tree=123
num_leaves=31
num_cat=0
split_feature=4 6 4 10 12 12 16 0 1 3 24 3 17 10 9 15 7 4 6 6 14 4 6 3 1 3 6 10 13 13
split_gain=52.0496 19.7173 18.6395 31.9314 21.9258 21.6931 39.9788 23.7257 21.3276 28.7346 23.4436 20.2546 20.0283 43.3471 22.1971 19.7822 19.2052 18.9309 38.026 23.8985 25.2377 31.5344 24.0449 25.6229 30.8111 24.0421 24.6922 21.3695 18.6758 25.5709
threshold=0.0043478262377902874 -0.139057882130146 0.051304347813129432 -0.12270530685782431 0.046086955815553672 0.035652173683047302 0.028695652261376384 1.0000000180025095e-35 0.0060869567096233377 -0.0899677239358425 1.0000000180025095e-35 -0.18927826732397077 0.070434782654047026 -0.10798003152012824 0.023478261195123199 -0.10614202544093131 -0.16083601862192151 0.032173912972211845 -0.16126415878534314 -0.067763697355985628 -0.11839323863387106 0.035652173683047302 -0.064586743712425218 -0.064723320305347429 0.0060869567096233377 -0.097948703914880739 -0.060709178447723382 -0.11016186699271201 0.056521739810705192 0.0826086960732937
decision_type=2 2 2 2 2 2 2 2 2 2 2 2 2 2 2 2 2 2 2 2 2 2 2 2 2 2 2 2 2 2
left_child=1 -1 5 -4 8 12 7 -7 9 11 -10 -5 17 14 -14 -9 -12 -2 -19 27 21 25 23 24 -22 26 -21 -20 -17 -30
right_child=2 -3 3 4 -6 6 -8 15 10 -11 16 -13 13 -15 -16 28 -18 18 19 20 22 -23 -24 -25 -26 -27 -28 -29 29 -31
leaf_value=0.0045433838527659202 -0.0005228764999234939 0.0008439266269862169 -0.013423073777319697 0.0061557351927739486 -0.00098975520109377286 -0.068665640959560306 -0.00020784386514542707 0.013905503030192824 -0.018202971368524633 0.044601597327784848 -0.036325375113558198 -0.058157934584180684 0.016632041229861314 -0.0056400485329191428 -0.081916293055637218 0.0094082746567827318 0.0069673445665205712 -0.023823891147790724 0.00019375346659372182 0.031858645420317022 0.021381021687106493 -0.077710871816272134 -0.0022902660021457267 0.067638798355630109 -0.060094775714240503 -0.07469818753352192 -0.045475813732596355 -0.037503858598419815 -0.028834014959811152 0.0075035274475325348
leaf_weight=6672.5985335800397 23319.87383842998 7825.9483064234701 718.85601073350699 15.195699888980014 4581.9126768699134 8.7025799006223661 4159.8167682293788 990.10187391067302 257.36725651426241 9.365044408477841 27.475150804952136 58.370083380956203 6.5971990073740008 168.52366807218641 30.798227384802885 300.8836280151736 254.5833840703126 241.89424828759365 1901.3742640919954 27.267791501595635 14.313985896529628 30.13495694444282 350.29384467832278 4.8548725433647624 51.786936802905984 11.667325599584727 15.263910722162111 37.35101217769261 94.869173380662687 97.148201517644338
leaf_count=61419 569698 67664 93964 706 583512 129 291600 61642 19624 160 4708 1919 279 7207 1780 8972 13773 24680 97058 315 155 1221 9514 68 1740 240 372 3552 4994 5560
internal_value=-3.7785e-11 0.00254671 -0.0009772 -0.00355262 -0.00218692 -0.000498357 0.00231102 0.00933065 -0.0109849 -0.0344432 -0.00732142 -0.044969 -0.00110415 -0.0165986 -0.0645503 0.00983431 0.00263679 -0.000980828 -0.00495479 -0.00307848 -0.0127484 -0.0375559 -0.00770476 -0.0340316 -0.0423957 -0.0142261 0.00369751 -0.00055148 0.0016448 -0.010506
internal_weight=52285.2 14498.5 37786.6 5923.13 5204.27 31863.5 5651.52 1491.71 622.357 82.9308 539.426 73.5658 26212 205.919 37.3954 1483 282.059 26006.1 2686.2 2444.31 505.584 84.334 421.25 70.9558 66.1009 54.199 42.5317 1938.73 492.901 192.017
internal_count=1938225 129083 1809142 718366 624402 1090776 372897 81297 40890 2785 38105 2625 717879 9266 2059 81168 18481 708613 138915 114235 13625 2148 11477 1963 1895 927 687 100610 19526 10554
is_linear=0
shrinkage=0.05


Tree=124
num_leaves=31
num_cat=0
split_feature=4 25 27 1 2 6 3 5 11 12 15 0 11 15 13 3 10 14 3 15 15 11 15 2 2 7 1 7 2 6
split_gain=47.0223 28.5056 26.0264 23.4938 32.5021 32.898 22.2717 21.9479 26.7286 21.0802 19.5661 23.1272 26.0696 20.7921 18.1937 18.8327 31.0092 18.7372 18.9546 17.2394 26.722 19.9718 18.242 17.7117 26.2203 17.4489 17.8916 17.2201 21.0916 16.9645
threshold=0.0078260868322104233 1.0000000180025095e-35 1.0000000180025095e-35 0.021739130839705471 -0.13979638367891309 -0.17128959298133847 -0.071757622063159929 0.23565217107534411 -0.14130433648824689 1.0000000180025095e-35 -0.16858599334955213 0.028695652261376384 -0.13711694628000257 -0.13217981904745099 0.0095652174204587954 -0.12308423221111296 -0.12355039641261099 -0.12294936925172804 -0.24031477421522138 -0.12517307698726651 -0.097393002361059175 -0.12882573902606961 -0.11266898736357688 -0.14263420552015302 -0.14413913339376447 -0.080024171620607362 0.023478261195123199 -0.20073265582323072 -0.14822503924369809 -0.15505252778530118
decision_type=2 2 2 2 2 2 2 2 2 2 2 2 2 2 2 2 2 2 2 2 2 2 2 2 2 2 2 2 2 2
left_child=1 3 -3 6 5 7 14 8 -5 -2 -7 12 27 -14 -1 17 -17 -16 -19 21 22 -15 23 24 25 26 -21 28 -12 -13
right_child=9 2 -4 4 -6 10 -8 -9 -10 -11 11 29 13 19 15 16 -18 18 -20 20 -22 -23 -24 -25 -26 -27 -28 -29 -30 -31
leaf_value=0.001918722732000747 0.030957852342008485 0.0049585592692812253 0.020260240452402822 0.0032779590082156703 0.00056506313644816037 -0.029058241219606418 0.051797684252221469 -0.019000416459952141 0.043467428801977875 -0.0012752249451102417 0.0093200391215376311 0.014451633526977739 -0.050803057986086267 -0.046628606056295797 0.0090086074270265739 0.0075867838180784563 -0.06947939339920621 -0.004630599304558787 0.043729196515113422 0.026678675934119586 0.0027631810635156411 0.035726648654557235 -0.047917069502314225 -0.06511927208273087 0.051271993932626096 0.0092877302475625236 -0.071974691540251309 0.014904564657387999 -0.099574533508119872 -0.033621040959380954
leaf_weight=13149.116659659325 49.80734440323431 1646.2457259256189 333.6380211426258 234.24849636654835 4043.4096841800347 173.19110698217992 21.725033796621574 80.781364859780297 49.296481772675179 31329.011275689991 10.238212501630189 20.65377470292151 32.474290752550587 8.3005561236059275 259.00759412959451 50.927776956465095 16.477992077125236 25.751802460290492 91.037403101916425 5.4295566228101952 126.23497852310538 35.606190345482901 65.718793384730816 12.106012711767105 16.503332464257255 25.081999319139872 18.534926030319184 166.26521666464396 6.6583543743472537 134.46100406185724
leaf_count=112025 720 13232 3328 3564 55246 2612 157 1014 284 1724249 137 251 549 193 7893 961 480 870 1736 53 1822 276 1170 192 104 370 370 2059 145 2163
internal_value=4.38042e-11 0.00183987 0.00754603 0.00124109 -0.00159492 -0.00873786 0.00233795 0.00384181 0.0103934 -0.00122308 -0.0140811 -0.0102534 -0.00525309 -0.0133148 0.00225509 0.0122078 -0.0119931 0.016569 0.0331172 -0.00928257 -0.014019 0.0194658 -0.0287117 -0.0120559 -0.00142472 -0.0198265 -0.0494498 0.00996504 -0.0367577 -0.0271685
internal_weight=52237.9 20859.1 1979.88 18879.2 5265.19 1221.78 13614 364.326 283.545 31378.8 857.458 684.267 529.152 345.991 13592.3 443.203 67.4058 375.797 116.789 313.516 269.61 43.9067 143.375 77.6558 65.5498 49.0465 23.9645 183.162 16.8966 155.115
internal_count=1938225 213256 16560 196696 72574 17328 124122 4862 3848 1724969 12466 9854 7440 5099 123965 11940 1441 10499 2606 4550 4081 469 2259 1089 897 793 423 2341 282 2414
is_linear=0
shrinkage=0.05


Tree=125
num_leaves=31
num_cat=0
split_feature=4 4 6 2 6 11 4 7 12 14 4 8 6 14 15 16 9 7 1 13 1 4 15 8 10 17 4 6 2 7
split_gain=45.9298 23.0433 21.6106 18.2095 18.2485 18.1945 17.8668 17.1401 16.1408 39.8934 26.6055 21.0099 20.5253 19.736 20.9534 19.4289 19.6368 19.1818 31.3552 32.0321 30.8531 23.0424 19.6205 27.1286 23.6788 21.7049 22.224 21.6505 21.5591 20.2569
threshold=1.0000000180025095e-35 0.040869565680623061 -0.0058192913420498362 -0.18911182880401609 -0.29211205244064326 -0.40964217483997339 0.24956522136926654 -0.011137183289974926 0.033913042396306999 -0.11482764780521391 0.035652173683047302 0.025217391550540928 -0.090432573109865175 -0.11362820118665694 -0.061485454440116875 0.016521738842129711 0.032173912972211845 -0.1695490479469299 0.091304346919059767 0.080869562923908248 0.08782608807086946 0.026956521905958656 -0.11429323628544806 0.035652173683047302 -0.14165033400058744 0.032173914834856994 0.0043478262377902874 -0.091669887304306016 -0.15371932089328763 0.031462354585528381
decision_type=2 2 2 2 2 2 2 2 2 2 2 2 2 2 2 2 2 2 2 2 2 2 2 2 2 2 2 2 2 2
left_child=3 8 6 -1 5 -5 -3 -6 9 17 12 -12 -11 14 -14 -15 -17 20 19 22 -2 -21 23 25 27 -19 -27 28 -24 -26
right_child=1 2 -4 4 7 -7 -8 -9 -10 10 11 -13 13 15 -16 16 -18 18 -20 21 -22 -23 24 -25 29 26 -28 -29 -30 -31
leaf_value=-0.015138027977828004 0.0014832460777340507 -0.0028191204836355028 0.013053890789151402 -0.0036916151598291157 0.004774380504609094 0.018941592707560559 -0.022959946098221384 -0.0068281819632209882 0.0032810451286877842 -0.016728174391138356 -0.056071233538759181 -0.013152755747061358 -0.0087069502925807597 -0.0047033961339761864 -0.074250714054660147 -0.015387530084384652 0.031310076901495801 -0.0014382002640386396 -0.0065259381363137903 0.010283641888958878 0.019685737342320563 -0.075437888203843964 0.0049288020910487852 0.0087560603907095007 0.0016659319875734577 0.026371011832883325 -0.017317805965631098 -0.055012393707446962 0.041558243349040458 -0.021822315940964176
leaf_weight=114.97054209974885 8896.902780344979 9130.3296122311222 211.82541271958326 114.07116911374032 4233.5858974627263 395.15789145154486 110.47926334725344 343.31041464538794 3527.3994466509175 332.87851452376344 52.45343944686465 62.875476352957776 154.54108934785472 149.13801321451319 12.283804251812397 27.896908327908022 105.34768242825521 12268.22862993044 2127.3346067379171 11.308783204760401 238.06311999086756 23.042274785228074 76.083496983861551 638.36732147959992 8260.2601265621488 30.913521994487382 343.24907333115698 8.1411697603762132 84.829367370461114 91.828734338516369
leaf_count=1178 237159 881804 18056 1313 34818 3283 54449 3171 204899 18627 3134 4105 4729 3954 731 954 4185 213180 56408 535 8245 976 1111 17415 141999 237 14275 242 1157 1896
internal_value=4.55005e-11 -0.000493646 -0.00269988 0.00445782 0.00490367 0.0138743 -0.00306237 0.00390278 6.21908e-05 -0.000271882 -0.0106679 -0.032987 -0.00733873 -0.000359117 -0.0139468 0.00768905 0.0214914 1.03031e-05 -0.000732868 -0.000168222 0.00195972 -0.0477247 -9.11065e-05 -0.00129255 0.00178135 -0.0018006 -0.0136475 0.0202522 0.0243764 0.0014051
internal_weight=52177.1 46976 9452.63 5201.1 5086.13 509.229 9240.81 4576.9 37523.4 33996 897.415 115.329 782.086 449.207 166.825 282.383 133.245 33098.6 23963.6 21836.3 9134.97 34.3511 21801.9 13280.8 8521.14 12642.4 374.163 169.054 160.913 8352.09
internal_count=1938225 1894462 954309 43763 42585 4596 936253 37989 940153 735254 40419 7239 33180 14553 5460 9093 5139 694835 449431 393023 245404 1511 391512 245107 146405 227692 14512 2510 2268 143895
is_linear=0
shrinkage=0.05


Tree=126
num_leaves=31
num_cat=0
split_feature=4 5 7 18 10 6 2 2 3 6 15 11 6 10 6 5 15 13 15 1 5 18 7 5 6 15 11 5 7 6
split_gain=44.3409 30.0549 29.8745 23.7102 22.8708 29.586 22.2283 22.2073 22.1685 45.6299 21.0054 19.8639 19.8591 20.5356 19.5683 27.7134 23.7964 19.3561 36.7569 30.0858 27.1831 24.2138 21.0721 25.5688 24.9293 21.4982 24.505 29.6481 20.6807 18.409
threshold=0.0060869567096233377 0.075652174651622786 -0.16216852515935895 0.002572208759374917 -0.14369682967662809 -0.11792312189936636 -0.16587232798337934 -0.16238766908645627 -0.15732559561729428 -0.09880723804235457 -0.12787204980850217 -0.10092097520828246 -0.056983605027198785 -0.090217400342226015 -0.139057882130146 0.016521738842129711 -0.21872443705797193 0.0026086957077495758 -0.16751962155103681 1.0000000180025095e-35 0.026956521905958656 0.0061487548518925914 -0.069636333733797059 0.24608696252107623 -0.15747509896755216 -0.085198901593685136 -0.087180726230144487 0.14347826689481738 -0.075368437916040407 -0.39957846701145167
decision_type=2 2 2 2 2 2 2 2 2 2 2 2 2 2 2 2 2 2 2 2 2 2 2 2 2 2 2 2 2 2
left_child=1 8 3 -3 7 -6 11 10 14 -10 29 -7 -11 -14 -1 -16 -17 18 19 20 -2 -22 23 25 -24 28 -27 -28 -20 -4
right_child=17 2 4 -5 5 6 -8 -9 9 12 -12 -13 13 -15 15 16 -18 -19 22 -21 21 -23 24 -25 -26 26 27 -29 -30 -31
leaf_value=0.0044696998422506795 0.014576655632723062 -0.022495273417749574 0.059800175983237447 -0.0017042735206345729 0.005516692261616365 -0.013610110179793659 -0.00020046450952513687 -0.015811252025196783 0.01405269025399057 0.0010150309981500395 0.02757287897925367 -0.073083497330053648 -0.043997677345310154 0.032286890160570993 0.0061724046283668866 0.009467811080291974 -0.0095020203535348124 -0.00078304660994447527 -0.0055756728688909005 -0.024362705173847699 -0.029961057296248941 0.039397799112731891 0.041217250062424687 -0.075929761327867162 0.0037716086181360034 0.050126600582203168 0.014945691000936887 -0.091909214238516987 -0.063861388757473686 -0.0051442920690376766
leaf_weight=4560.3071421434415 121.32030167558696 251.84369480195164 10.177105548093094 300.01726575696375 3027.1143460025651 117.93945100644487 4803.5161097906948 386.26823790252092 1360.9575869575201 694.0285746549489 59.858792705927044 15.075799352765896 45.471980197122321 10.118510118221819 715.77053274078207 198.09411429305328 977.37913664845109 32364.269020878164 688.49701447910047 391.13830110404524 88.114666071836837 13.767569662246386 51.642812226666138 11.614480173448099 287.22561694215983 36.198271617293358 31.459298975300044 7.1201274376362553 14.576800154114606 463.82451748795575
leaf_count=49215 704 2653 50 3273 25593 990 44814 4145 11267 5707 351 214 911 68 6479 1737 9792 1752314 5138 4260 549 61 196 106 2611 339 342 159 164 4023
internal_value=1.49234e-11 0.00200785 6.14242e-05 -0.0112158 0.000763153 0.00162573 -0.000760864 -0.00669607 0.0041526 0.00859972 -8.36631e-05 -0.0208458 -0.00130586 -0.0297873 0.00269665 -0.00157876 -0.00629984 -0.00105954 -0.00619116 -0.0160215 -0.001361 -0.0202966 -0.000829408 -0.00530516 0.00958273 -0.00415449 0.0211597 -0.00659908 -0.00687309 -0.00362694
internal_weight=52104.7 17997.8 9435.64 551.861 8883.77 7963.65 4936.53 920.129 8562.13 2110.58 533.86 133.015 749.619 55.5905 6451.55 1891.24 1175.47 34106.9 1742.68 614.341 223.203 101.882 1128.33 789.466 338.868 777.852 74.7777 38.5794 703.074 474.002
internal_count=1938225 171282 86106 5926 80180 71611 46018 8569 85176 17953 4424 1204 6686 979 67223 18008 11529 1766943 14629 5574 1314 610 9055 6248 2807 6142 840 501 5302 4073
is_linear=0
shrinkage=0.05


Tree=127
num_leaves=31
num_cat=0
split_feature=4 25 27 12 4 15 5 0 5 13 6 4 3 14 11 7 6 10 7 12 15 15 1 5 0 8 1 11 6 2
split_gain=42.7753 28.9208 25.3292 22.5959 23.4253 24.3987 20.2703 19.9932 19.7162 19.105 28.3486 27.786 30.2431 24.4739 23.1882 22.7638 32.5666 22.5936 21.7043 22.4456 21.5892 24.0384 23.6053 21.0459 30.8406 20.1339 20.4615 19.4485 18.4918 18.6227
threshold=0.014782608952373268 1.0000000180025095e-35 1.0000000180025095e-35 0.020000000484287742 0.028695652261376384 -0.070105083286762224 0.016521738842129711 1.0000000180025095e-35 0.0043478262377902874 0.0095652174204587954 -0.083014540374279008 0.0026086957077495758 -0.071757622063159929 -0.11328955367207526 -0.066905505955219255 -0.033809371292591088 -0.088425092399120317 -0.12823950499296186 -0.1214521788060665 1.0000000180025095e-35 -0.087723866105079637 -0.089545093476772294 0.0026086957077495758 0.049565218389034278 0.016521738842129711 0.0095652174204587954 0.023478261195123199 -0.089520078152418123 -0.076316237449645982 -0.15498252213001248
decision_type=2 2 2 2 2 2 2 2 2 2 2 2 2 2 2 2 2 2 2 2 2 2 2 2 2 2 2 2 2 2
left_child=1 6 -3 -2 5 -5 7 -1 -6 11 20 25 13 14 -13 -14 -17 -12 27 -20 21 -11 -22 -16 -25 26 -8 -19 29 -27
right_child=3 2 -4 4 8 -7 9 -9 -10 10 17 12 15 -15 23 16 -18 18 19 -21 22 -23 -24 24 -26 28 -28 -29 -30 -31
leaf_value=0.010651442314195377 -0.0044736255960887063 0.0045087598805948299 0.019279008384478248 0.0034216145298856097 -0.017217456373784537 -0.012919409982010686 0.001777830329568705 0.0022703632391480851 -0.0014944880925064357 0.0038352136853825138 0.020920445385860773 -0.002371148395878651 0.045130861974999076 -0.076259567202898892 0.053158165356023961 0.031593079809221804 -0.074637063743944451 0.024561291755471046 0.035991170045368941 -0.0081334117875707986 -0.07270448659906209 -0.036480308802929982 0.019116919931702891 -0.076517984489412119 0.017414395609638447 -0.020715295100462848 -0.0099557320885121526 -0.035083239142546595 -0.01473527219799408 0.013325414821929692
leaf_weight=879.44490287781809 5204.3638985979196 1755.298160571394 347.04521547722106 4039.5285314842076 201.25216450571315 241.14128020586213 4455.663351548661 3714.8389870826504 14128.856855292961 4470.1456309452769 87.146602533292025 9504.3150442846527 56.85302619508002 10.274236156838013 4.8438767287880173 17.994143474381421 10.651933776214717 94.006994189694524 28.549064292805269 1212.9972306557465 6.1985279479995361 36.290412130765617 306.49355364276562 28.999387013260275 11.876066848635672 41.650666819652542 404.34896752983332 15.062189219519494 72.998141833813861 727.23053096327931
leaf_count=6602 157884 14135 3441 175369 69680 8473 33335 67492 1147968 107985 1278 95713 398 235 36 90 246 1955 597 26910 105 987 6291 477 180 393 4294 510 540 4626
internal_value=2.32333e-12 0.001314 0.00695497 -0.00156151 -0.000746966 0.00249828 0.000861093 0.00387665 -0.00171649 0.000219675 0.00254814 -0.000729691 -0.00236529 -0.00263132 -0.00254414 0.0270682 -0.00909337 -0.00361171 -0.00520892 -0.00709063 0.00438627 0.00350253 0.0170708 -0.0376849 -0.0494625 0.00203716 0.00079976 0.0160806 0.00917103 0.0114569
internal_weight=52116.4 28301.2 2102.34 23815.1 18610.8 4280.67 26198.9 4594.28 14330.1 21604.6 6256.89 15347.7 9645.81 9560.31 9550.03 85.4991 28.6461 1437.76 1350.62 1241.55 4819.13 4506.44 312.692 45.7193 40.8755 5701.89 4860.01 109.069 841.879 768.881
internal_count=1938225 378851 17576 1559374 1401490 183842 361275 74094 1217648 287181 146618 140563 97375 96641 96406 734 336 31250 29972 27507 115368 108972 6396 693 657 43188 37629 2465 5559 5019
is_linear=0
shrinkage=0.05


Tree=128
num_leaves=31
num_cat=0
split_feature=4 4 12 6 14 3 4 5 0 8 9 17 3 2 6 7 4 4 8 11 6 13 12 7 18 16 1 12 15 7
split_gain=48.5911 22.1554 19.552 21.2101 35.5643 25.0277 19.8895 26.0837 19.5795 28.1637 20.9704 21.5041 19.6975 18.2447 25.8865 17.6718 16.6477 16.5899 22.048 21.1263 25.9728 25.4481 20.9457 20.8326 20.002 26.6922 26.6133 26.3378 21.569 19.62
threshold=0.021739130839705471 1.0000000180025095e-35 0.023478261195123199 -0.044165000319480889 -0.11911867931485175 -0.11631052568554877 0.033913042396306999 0.16434781998395923 0.18347825855016711 0.096521738916635527 0.19391304999589923 0.26239129900932318 -0.017781962640583512 -0.17204444110393521 -0.29211205244064326 -1.0000000180025095e-35 0.046086955815553672 0.063478261232376113 0.091304346919059767 -0.16205259412527082 -0.14858305454254148 0.042608696967363364 0.059999998658895499 -0.3746917843818664 0.013527261558920147 0.037391304969787605 0.079130433499813094 0.079130433499813094 -0.044981628656387322 -0.03011380415409803
decision_type=2 2 2 2 2 2 2 2 2 2 2 2 2 2 2 2 2 2 2 2 2 2 2 2 2 2 2 2 2 2
left_child=1 13 3 4 -2 -6 -7 -8 17 12 -11 -12 -10 -1 -15 -16 -9 18 19 20 21 -4 29 -22 -24 26 28 -27 -26 -19
right_child=2 -3 8 -5 5 6 7 16 9 10 11 -13 -14 14 15 -17 -18 22 -20 -21 23 -23 24 -25 25 27 -28 -29 -30 -31
leaf_value=-0.0050403634168869772 -0.0032958146566074266 0.00058928773452653137 -0.0095122744079376292 0.0096084388863157972 -0.010133297643295673 -0.037429852411405916 -0.070196665027920019 0.026592552441782519 -0.0428298170146649 -0.011691696298070712 0.015836484577022806 -0.026659818523972856 0.026974015021391323 0.017124460931163207 0.0047299109449891819 -0.0093859500245712102 -0.069581699902139554 -0.01569141005590843 0.016963177272603051 -0.0013271624252744604 -0.038965947670562849 0.0079075381505141901 0.0076359298051779838 0.010516546890966601 0.0038073922972397516 -0.026566174331838041 -0.027603932378137699 -0.0059359267487600863 -0.02088933577700687 0.00074968777420769304
leaf_weight=488.41175922619732 1717.8302057244146 28300.157266646136 492.24578880647459 200.35412917693975 517.72787032929773 184.42602176399669 10.188469267013714 37.37724332488142 83.962057206568716 432.55094747171097 159.90142446599202 35.579651282569102 10.786560485605149 408.09062494448153 4041.6042363415545 233.67409379217861 4.1303309821523717 601.47046329388104 185.97184398662648 9410.3754659174665 20.742716290216777 363.69803915906232 464.65282728263264 1064.0810150321668 1289.099438932295 196.3873259163156 78.659556196915219 719.93079720245441 93.920607495849254 259.54194150088006
leaf_count=4579 66246 498995 56743 5241 25756 7022 817 1145 10177 88400 36009 31806 459 3577 33357 2250 359 57178 16528 425595 6511 35785 65822 92327 127719 30701 17869 164475 7986 16791
internal_value=6.57187e-12 0.00113927 -0.00204623 -0.00600402 -0.00727294 -0.0163194 -0.0297834 -0.00231178 -0.00138342 -0.00941863 -0.00555781 0.00800538 -0.0346843 0.00414809 0.00510719 0.00395637 0.0156107 -0.00100177 -6.70009e-05 -0.000347485 0.004401 -0.00210985 -0.00391281 0.00953539 -0.00184177 -0.00369612 0.0004992 -0.0103816 0.00211636 -0.0107403
internal_weight=52107.5 33471.9 18635.6 2672.03 2471.68 753.85 236.122 51.696 15963.6 722.781 628.032 195.481 94.7486 5171.78 4683.37 4275.28 41.5076 15240.8 11537.1 11351.1 1940.77 855.944 3703.66 1084.82 2842.65 2378 1461.68 916.318 1383.02 861.012
internal_count=1938225 542758 1395467 106586 101345 35099 9343 2321 1288881 166851 156215 67815 10636 43763 39184 35607 1504 1122030 633489 616961 191366 92528 488541 98838 414572 348750 153574 195176 135705 73969
is_linear=0
shrinkage=0.05


Tree=129
num_leaves=31
num_cat=0
split_feature=4 5 7 17 10 6 15 1 18 1 0 2 9 8 11 15 5 11 16 8 18 3 3 6 5 15 8 14 6 11
split_gain=40.1602 30.4258 20.9436 24.8429 17.3022 22.3022 18.9205 18.2658 29.6707 25.3136 24.0696 20.8514 17.4039 29.0186 29.1169 25.2314 18.3698 18.9709 19.8568 18.0864 17.0938 28.6735 16.9296 35.2952 17.8865 17.4584 16.9289 17.9474 16.6453 15.9209
threshold=0.0060869567096233377 0.075652174651622786 -0.16216852515935895 0.0023913043551146988 -0.13915546983480451 -0.11792312189936636 -0.14091034233570096 0.044347826391458518 0.0061487548518925914 0.054782608523964889 0.0026086957077495758 -0.14678823947906491 0.021739130839705471 0.033913042396306999 -0.11073369160294531 -0.1226036101579666 0.1086956523358822 -0.23179712891578672 0.0026086957077495758 0.020000000484287742 0.0017391302390024068 -0.15883795917034146 -0.15883795917034146 -0.09880723804235457 0.073913045227527632 -0.1299498304724693 0.073913045227527632 -0.11621789634227751 -0.12800671905279157 -0.11560035869479178
decision_type=2 2 2 2 2 2 2 2 2 2 2 2 2 2 2 2 2 2 2 2 2 2 2 2 2 2 2 2 2 2
left_child=1 22 3 -3 6 7 -4 8 10 11 20 -9 -11 14 15 16 -14 -18 -19 -20 -6 -22 -1 26 25 -25 -24 -28 -10 -8
right_child=-2 2 4 -5 5 -7 29 9 28 12 -12 -13 13 -15 -16 -17 17 18 19 -21 21 -23 23 24 -26 -27 27 -29 -30 -31
leaf_value=0.0027666316257896162 -0.0010068364222713792 -0.025990015073741046 -0.0085779693931987595 -0.0026106527722817643 0.012844703829351121 -0.00062434472772348345 0.012848366308834062 -0.10321945594365245 0.011556781212817118 0.015267596593814237 -0.0018424353949407898 -0.019755589431938343 0.031786522771365205 0.0051044541190361122 -0.089379261700156504 0.034616802616311358 0.026644018697653506 -0.086501476063664595 0.011819731887242451 -0.061613999516621498 0.011806901188459838 -0.048778017730089718 0.01385718853736303 0.013266548254660435 0.039825117744760739 -0.0061823187481095838 -0.045012433535334156 0.0048396223365161769 0.030741761461344698 -0.010151821589389999
leaf_weight=6325.4923244355541 34113.875165922364 160.78995148802642 924.19822749809828 382.57793274341384 674.7647562624752 4806.0729783318111 226.07517903472763 7.4371958384290329 409.26933186035603 152.8413212178275 905.1445837081119 75.333705396507867 9.9437853414565307 224.45365411631064 14.764993300428612 18.946741287130862 8.7982361532049236 21.353108539013192 16.762795641436242 15.25764330732636 50.480077723041177 30.556883557932451 1349.6728317623492 142.66244309907779 25.024958862864878 585.63532773776205 23.47593875718303 68.207833548483904 156.55041679996066 111.63799691299209
leaf_count=66548 1766943 1672 8857 4254 4429 45173 1630 166 3460 1024 7907 890 83 2411 235 152 94 454 232 311 326 235 10494 1060 163 5604 380 927 973 1138
internal_value=-2.62245e-11 0.00191619 -4.46898e-05 -0.00956396 0.000540081 0.00144061 -0.00487941 0.00499328 0.00703117 -0.00302396 0.00365777 -0.0283977 0.00137288 -0.00508374 -0.0265378 -0.0154884 -0.0289459 -0.0390089 -0.0501222 -0.0239775 0.0102385 -0.0113542 0.00408024 0.00786332 -0.000907324 -0.00235961 0.0124447 -0.0082731 0.0169097 0.00523766
internal_weight=52038.1 17924.2 9404.01 543.368 8860.64 7598.73 1261.91 2792.66 2226.77 565.893 1660.95 82.7709 483.122 330.281 105.827 91.0623 72.1156 62.1718 53.3735 32.0204 755.802 81.037 8520.17 2194.68 753.323 728.298 1441.36 91.6838 565.82 337.713
internal_count=1938225 171282 86106 5926 80180 68555 11625 23382 17330 6052 12897 1056 4996 3972 1561 1326 1174 1091 997 543 4990 561 85176 18628 6827 6664 11801 1307 4433 2768
is_linear=0
shrinkage=0.05


Tree=130
num_leaves=31
num_cat=0
split_feature=4 1 8 1 3 16 9 13 10 2 2 14 3 2 15 15 7 23 5 5 4 12 10 7 13 2 9 6 2 18
split_gain=42.7946 23.5606 19.8151 24.0916 21.2174 18.0215 27.7951 17.8245 22.5344 20.3141 17.3353 18.924 16.1822 17.6031 15.7947 22.4717 15.9026 19.7983 20.4348 14.3256 14.3109 32.1319 25.1899 16.3693 16.1176 18.3755 25.342 23.2936 20.1202 18.8789
threshold=0.0078260868322104233 0.0060869567096233377 0.0043478262377902874 0.035652173683047302 -0.05495756492018699 1.0000000180025095e-35 0.011304348241537811 0.0043478262377902874 -0.12041883543133734 -0.13424483686685559 -0.13796354085206983 -0.12214998155832289 -0.13220642507076261 -0.14190246164798734 -0.099814962595701204 -0.059418443590402596 -0.059954445809125893 0.21428572386503222 0.36086957156658178 0.38173912465572363 0.091304346919059767 0.068695649504661574 -0.11309523507952689 -0.21857540309429166 0.0078260868322104233 -0.11176117137074469 0.011304348241537811 -0.062395198270678513 -0.14853510260581967 0.028449203819036487
decision_type=2 2 2 2 2 2 2 2 2 2 2 2 2 2 2 2 2 2 2 2 2 2 2 2 2 2 2 2 2 2
left_child=1 -1 3 -3 7 6 -4 8 9 -5 11 12 -8 -14 -12 16 -16 18 -18 -20 24 -22 -23 -24 25 26 27 29 -29 -2
right_child=20 2 5 4 -6 -7 10 -9 -10 -11 14 -13 13 -15 15 -17 17 -19 19 -21 21 22 23 -25 -26 -27 -28 28 -30 -31
leaf_value=0.0036180910910185225 -0.0053160618440035619 -0.0022041024953096092 0.013674760759982647 -0.010757313668261007 0.067514050227212213 0.00041186769434060238 -0.025680703075868283 -0.052735278960289039 0.037388557697187803 -0.079258093883288458 0.006669033525940087 -0.097158349317705506 0.030477210977520344 -0.049630089706663945 -0.0073137699247491188 0.030103593830843007 -0.081391726038348822 -0.096274270395600339 0.067369651018592033 -0.021678118874207498 -0.035146960832790522 -0.017121513904677636 -0.025403472514711662 -0.00025126118062068699 -0.00040875294636777383 -0.019641880497065212 0.012107217890987676 -0.037134552382559242 0.016160875032994577 0.039384489063533763
leaf_weight=9360.1956945396596 3617.9782261433429 3114.658089000266 709.71794645060436 44.335257230792195 5.0663108222652218 6626.0540399443125 75.264209037617547 46.63828758103773 16.167104282416403 13.498181439237667 585.57181260734797 6.0060040713287881 31.189763374626637 7.7603096240200093 65.426463957410306 24.05959646566771 8.3109821295365709 12.761297869961707 5.8917261161841479 12.193388535641132 85.372695575468242 301.9981838588792 66.6501079333284 1477.4893730217664 25020.190094404792 173.00005906510341 257.49329695651249 18.437978171161376 204.21415116387652 22.788600695406785
leaf_count=76703 52641 32491 4535 485 23 88719 1107 1542 134 275 4523 139 255 122 1065 359 244 327 23 185 11105 57354 56527 256908 1279156 4496 3759 303 2434 286
internal_value=1.529e-11 0.00175894 0.000233678 -0.00307427 -0.0244472 0.00154585 0.00640841 -0.0288325 -0.0132656 -0.0278206 0.000219145 -0.0172655 -0.0122575 0.013674 0.00318228 -0.0126181 -0.0226383 -0.0474237 -0.0211545 0.00934159 -0.00116929 -0.00533687 -0.00394005 -0.00135265 -0.000894513 -0.00372423 -0.00305139 -0.00406457 0.0116011 -0.00502553
internal_weight=52016.4 20770.8 11410.6 3240.36 125.705 8170.21 1544.15 120.639 74.0005 57.8334 834.436 120.22 114.214 38.9501 714.215 128.643 104.584 39.1574 26.3961 18.0851 31245.6 1931.51 1846.14 1544.14 29314.1 4293.91 4120.91 3863.42 222.652 3640.77
internal_count=1938225 213256 136553 34950 2459 101603 12884 2436 894 760 8349 1623 1484 377 6726 2203 1844 779 452 208 1724969 381894 370789 313435 1343075 63919 59423 55664 2737 52927
is_linear=0
shrinkage=0.05


Tree=131
num_leaves=31
num_cat=0
split_feature=16 5 8 3 13 6 2 15 1 2 6 6 13 7 6 11 11 6 5 11 6 3 11 18 15 11 8 10 2 5
split_gain=42.2344 24.6066 19.3171 19.8591 20.8066 24.4148 32.0664 18.89 15.8383 14.9601 18.2731 14.6915 14.3528 15.9062 15.4586 25.8408 24.8885 47.2354 19.2588 17.317 16.3913 15.5969 18.7252 15.2832 21.649 21.2635 14.9695 20.4768 27.0998 19.6037
threshold=0.0043478262377902874 0.047826087102293975 0.075652174651622786 -0.21537865698337552 0.0060869567096233377 -0.15280990302562711 -0.1311761140823364 -0.17342935502529142 0.056521739810705192 -0.1388808339834213 -0.13256382942199704 -0.10076437518000601 0.11391304433345796 -0.089115578681230531 -0.10561111569404601 -0.094774596393108354 -0.098148148506879793 -0.10916003212332724 0.049565218389034278 -0.12304335460066794 -0.07492100819945334 -0.097948703914880739 -0.084781900048255907 0.0037653272738680248 -0.091331284493207918 -0.088909257203340517 1.0000000180025095e-35 -0.11737804487347601 -0.13752657920122144 0.13130434602499011
decision_type=2 2 2 2 2 2 2 2 2 2 2 2 2 2 2 2 2 2 2 2 2 2 2 2 2 2 2 2 2 2
left_child=1 2 3 4 5 -1 7 -7 -4 10 -9 -8 14 -14 15 16 19 -18 20 -3 -16 22 23 -17 -25 -26 27 28 -20 -30
right_child=-2 12 8 -5 -6 6 11 9 -10 -11 -12 -13 13 -15 18 21 17 -19 26 -21 -22 -23 -24 24 25 -27 -28 -29 29 -31
leaf_value=0.0024754315565490722 -0.0011699169406730555 0.00036985509204760672 -0.057672156660195498 0.0068552994574746411 0.010816393267379666 -0.0068911464359969477 -0.0017492689762385377 -0.010162888957022916 -0.0078124578501104665 0.0047533628894584901 -0.047505389860274125 0.036965419040840559 -0.072905697481529558 0.03265659882767992 -0.068720083384393366 0.022392813537056969 -0.060338691185941533 0.032633241774825739 -0.0049534959978540126 0.0068436184311715794 0.011998161335280162 0.027245514726096449 -0.030881556094636137 -0.058715632678791652 0.037926805401859491 -0.060729222731967125 -0.00010347849591774026 0.03248857444239029 -0.0023754051890725204 -0.045475646992207686
leaf_weight=2314.7162085151667 31044.905342385362 6028.4546975881367 18.723689241101965 3805.5420073788537 524.78179950668709 409.39571560692275 47.466420468641445 53.159459742688341 85.068576855235733 30.841280167340301 87.242052305722609 49.467698545893654 2.8959558699280015 51.614157157833688 18.322976977564398 108.87826646080066 41.128360929404153 19.450059995986521 1018.7696195143653 1245.6412950143567 8.9332779557462327 151.32542766584083 28.713144316105172 15.135073193465358 21.091986420564353 6.2894041244871941 4567.8056123816932 31.85159016243415 40.672896525124088 74.699096513912082
leaf_count=24047 1707306 65051 310 38848 12193 3871 442 437 956 235 927 259 243 2170 306 665 598 142 8209 11414 104 1024 387 287 196 147 55376 301 488 1286
internal_value=1.32025e-11 0.0017371 0.00404801 0.00435251 0.00164326 3.14177e-05 -0.00830914 -0.0127556 -0.0172715 -0.0266544 -0.0335385 0.0181834 0.000463925 0.025836 0.000359006 0.00182961 0.00121147 -0.0304428 -0.00159788 0.00147923 -0.0427762 0.0154644 0.00547029 0.0125221 -0.012689 0.0139246 -0.0013947 -0.00644869 -0.00756988 -0.0304322
internal_weight=51953 20908.1 7426.4 7322.61 3517.07 2992.29 677.573 580.639 103.792 171.243 140.402 96.9341 13481.7 54.5101 13427.2 7666.11 7334.67 60.5784 5761.06 7274.1 27.2563 331.433 180.108 151.395 42.5165 27.3814 5733.8 1165.99 1134.14 115.372
internal_count=1938225 230919 82525 81259 42411 30218 6171 5470 1266 1599 1364 701 148394 2413 145981 79911 77205 740 66070 76465 410 2706 1682 1295 630 343 65660 10284 9983 1774
is_linear=0
shrinkage=0.05


Tree=132
num_leaves=31
num_cat=0
split_feature=16 5 4 15 7 16 18 8 14 5 2 6 2 2 10 6 15 14 2 1 15 5 13 10 13 1 18 3 1 16
split_gain=41.4819 31.5338 21.7554 21.512 21.3146 19.2415 20.0494 38.8218 22.9231 21.5418 19.0053 18.1106 18.0931 20.2264 17.6982 19.5941 25.1051 22.2748 18.5201 16.687 16.3969 18.541 29.7286 25.8187 20.4975 22.6888 22.3398 17.078 18.8989 16.1062
threshold=1.0000000180025095e-35 0.0043478262377902874 0.10695651918649675 -0.99999967217445362 -0.1540454104542732 0.021739130839705471 0.0091200773604214209 0.035652173683047302 -0.11026333644986151 0.0078260868322104233 -0.16316831856966016 -0.29211205244064326 -0.13773972541093824 -0.11655683442950247 -0.12257835641503333 -0.056983605027198785 -0.12627758830785749 -0.12237549945712088 -0.1669385880231857 0.058260869234800346 -0.067795306444168077 0.072173915803432478 0.098260872066020979 -0.10875052958726882 0.058260869234800346 0.044347826391458518 0.0055679345969110736 -0.081137303262948976 0.037391304969787605 0.028695652261376384
decision_type=2 2 2 2 2 2 2 2 2 2 2 2 2 2 2 2 2 2 2 2 2 2 2 2 2 2 2 2 2 2
left_child=1 4 3 10 -1 -2 20 8 12 -9 -3 -5 19 -14 15 -13 -17 -18 -16 -8 27 22 24 -23 26 -26 -22 -7 -29 -11
right_child=5 2 -4 11 -6 6 7 9 -10 29 -12 14 13 -15 18 16 17 -19 -20 -21 21 23 -24 -25 25 -27 -28 28 -30 -31
leaf_value=0.01215133259960163 1.2636861695906292e-05 -0.036078584530324476 -0.066047697093039509 0.011927180664776171 -0.04825423872240172 -6.1380251847413121e-05 -0.019587612750908891 -0.019563164253139486 -0.039699229846881803 0.0022077030657185184 0.01204719341602218 0.00083885170844417783 -0.0013709359020185876 -0.024719972862687296 -0.033201761403339858 0.00064311977226115622 -0.087652291610572697 0.0033136319434587886 0.0068210729536628467 -0.066538616634659445 -0.080492137221836887 0.018805870337367137 0.021824881063601233 -0.033791730141430269 0.039006664645690373 -0.093526968533230892 0.037927780687777357 -0.084431211201102127 -0.011928236917944493 -0.0036540081905167329
leaf_weight=999.86167975987337 29670.454078545536 66.189815768098924 10.741988333058542 463.25588056980087 13.855797200978484 4291.4315509131629 94.608311008705641 185.71582029257479 83.626805948752008 1507.9423095316524 28.940529169864021 6331.7302016935791 354.30452248196525 124.7053692756308 28.410988616757095 40.008398132398725 20.443861037958417 9.7043663151562196 1762.2176201420662 23.199102304526605 4.8407007507048574 305.47456945152953 32.174162680887093 24.346954137436114 3.2835251002106842 18.727391301625175 11.519084158353506 8.5475473990663868 167.60040514171124 5248.514964530088
leaf_count=9429 741109 858 648 3782 136 257302 8852 84943 9111 102323 208 54159 22969 8548 428 337 586 176 16749 2718 390 7722 9085 2179 101 1046 352 349 8817 582813
internal_value=3.42488e-11 0.00293445 0.00196782 0.00205885 0.011279 -0.000680429 -0.00232663 -0.00392731 -0.0153161 -0.00280898 -0.0214648 0.00231983 -0.0118388 -0.00748846 0.00177518 0.000545763 -0.0255459 -0.0592051 0.00616787 -0.0293156 0.000180136 0.00986071 -0.0132678 0.0148328 -0.0425003 -0.07292 0.000270199 -0.000689411 -0.0159032 -0.00234563
internal_weight=51936.4 9775.36 8761.64 8750.9 1013.72 42161 12490.6 7622.62 680.444 6942.17 95.1303 8655.77 596.817 479.01 8192.52 6401.89 70.1566 30.1482 1790.63 117.807 4867.95 400.366 70.5449 329.822 38.3707 22.0109 16.3598 4467.58 176.148 6756.46
internal_count=1938225 87496 77931 77283 9565 1850729 1109620 822277 52198 770079 1066 76217 43087 31517 72435 55258 1099 762 17177 11570 287343 20875 10974 9901 1889 1147 742 266468 9166 685136
is_linear=0
shrinkage=0.05


Tree=133
num_leaves=31
num_cat=0
split_feature=4 5 3 6 18 1 15 6 18 6 15 2 5 6 1 27 3 15 11 14 10 6 15 24 6 23 18 18 13 25
split_gain=38.6019 21.6291 20.4185 27.7642 23.572 20.8555 34.1643 29.0556 20.4427 29.9466 19.4747 35.1566 28.4051 18.9282 21.4023 17.9548 18.1686 22.293 20.1668 17.7318 17.6585 20.3985 17.2065 17.0009 18.0508 19.6237 16.8972 23.5221 16.8793 22.1357
threshold=0.0060869567096233377 0.21826086938381198 -0.14491486549377439 -0.11267162859439848 0.060663470998406417 0.0060869567096233377 -0.13108588010072705 -0.12080102413892745 0.0047628052998334178 -0.081915594637393938 -0.99999967217445362 -0.16587232798337934 0.030434782616794113 -0.10689946264028548 0.0095652174204587954 1.0000000180025095e-35 -0.15883795917034146 -0.19994973391294477 -0.21287415921688077 -0.12367209419608115 -0.14369682967662809 -0.21088551729917523 -0.13910689949989316 1.0000000180025095e-35 -0.18602380901575086 0.35714286565780645 0.0075180947314947852 0.010956177953630688 0.0078260868322104233 1.0000000180025095e-35
decision_type=2 2 2 2 2 2 2 2 2 2 2 2 2 2 2 2 2 2 2 2 2 2 2 2 2 2 2 2 2 2
left_child=1 2 5 4 19 10 8 23 9 28 11 12 -1 14 -9 16 17 -10 -19 -4 -3 22 -22 -8 -25 26 -26 -28 -7 -30
right_child=-2 20 3 -5 -6 6 7 13 15 -11 -12 -13 -14 -15 -16 -17 -18 18 -20 -21 21 -23 -24 24 25 -27 27 -29 29 -31
leaf_value=-0.016380958223199189 -0.0009873641475243299 -0.0088116075048209948 0.0098045239048585135 0.002889087455276545 -0.0078359212462816418 -0.0045116304588291058 0.024453049239542377 -0.096099058251862879 0.0058600989550612907 -0.059918322077481205 0.0041698888961405446 0.018732704130412007 -0.085239586026502653 -0.013695297733387478 -0.028341709734411042 0.020458323191876654 0.014344870361629564 -0.034566026991956857 -0.0032780908610244575 0.0229886702002568 0.0092097443277022375 -0.00056888895321859946 0.049674102642166144 0.050717079320649054 -0.093956687389530669 0.0040363706904735629 0.041783533625652312 -0.066503884625449802 0.019199516883201182 -0.10055006438827903
leaf_weight=47.109494900330901 34041.876871627872 633.24681467542541 714.39038932058611 2275.8982339361064 130.9800702870707 1286.4393860959681 69.528918685740791 13.449343844666144 960.43205935816513 22.380961816757917 5415.5974076896637 42.148233349376824 21.413494682696182 335.56221234431723 69.918644162476994 151.33386088343104 284.86868298746413 54.417824479518458 734.04838082561037 398.2489007623517 130.31788937636884 3820.3695148093248 32.132154684746638 10.064148611389099 11.281000308459626 42.397054799657781 8.4306508891750145 9.8162514045834524 113.59554657229455 3.010871226899325
leaf_count=492 1766943 6370 5284 20665 1810 12955 510 221 11922 306 47644 306 308 4164 765 1208 2583 978 8866 2959 1194 35235 127 35 207 347 56 185 3542 38
internal_value=5.53797e-11 0.00188372 0.00291207 0.00617416 0.0121789 0.00172883 -0.000935529 -0.0122952 0.000862153 -0.00379446 0.0037444 -0.0169275 -0.0388159 -0.0190695 -0.0402822 0.00390019 0.00265864 0.000748019 -0.00547855 0.01454 -0.00106289 0.000171012 0.0174684 0.00643725 -0.00895119 -0.0178813 -0.0484527 -0.0169002 -0.00285715 0.0152788
internal_weight=51884.7 17842.8 13226.8 3519.52 1243.62 9707.24 4180.98 570.448 3610.53 1425.43 5526.27 110.671 68.523 418.93 83.368 2185.1 2033.77 1748.9 788.466 1112.64 4616.07 3982.82 162.45 151.518 81.9891 71.925 29.5279 18.2469 1403.05 116.606
internal_count=1938225 171282 128356 30718 10053 97638 48888 6490 42398 16841 48750 1106 800 5150 986 25557 24349 21766 9844 8243 42926 36556 1321 1340 830 795 448 241 16535 3580
is_linear=0
shrinkage=0.05


Tree=134
num_leaves=31
num_cat=0
split_feature=4 6 11 3 15 6 15 4 1 5 12 16 12 6 12 7 15 3 4 1 9 8 15 1 1 11 4 10 5 12
split_gain=37.5901 16.4733 17.8266 20.2534 14.3167 14.9177 18.211 14.2972 24.2197 23.2467 17.5626 17.9812 17.4667 22.589 50.7477 31.5523 26.582 24.7458 18.5209 19.8741 17.4743 16.961 17.464 17.3795 25.1541 16.4394 16.2788 25.5155 17.6746 17.4171
threshold=0.0043478262377902874 -0.10601570084691046 -0.10421785712242125 -0.046223629266023629 -0.99999967217445362 -0.20731053501367566 -0.13910689949989316 0.068695649504661574 0.0095652174204587954 0.10347826033830644 0.058260869234800346 0.018260869197547439 0.053043477237224586 -0.045705808326601975 0.073913045227527632 -0.011137183289974926 -0.044981628656387322 -0.039326088503003113 0.039130434393882758 0.25478260219097143 0.19739130884408954 0.15739130228757861 -0.15177883952856061 0.068695649504661574 0.051304347813129432 -0.048653595149517052 0.08782608807086946 -0.11296791210770606 0.23565217107534411 0.079130433499813094
decision_type=2 2 2 2 2 2 2 2 2 2 2 2 2 2 2 2 2 2 2 2 2 2 2 2 2 2 2 2 2 2
left_child=1 2 3 4 -1 6 -6 12 9 -9 11 -10 18 -14 15 16 17 21 20 -20 -2 22 -15 24 -24 -25 -12 28 -28 -29
right_child=7 -3 -4 -5 5 -7 -8 8 10 -11 26 -13 13 14 -16 -17 -18 -19 19 -21 -22 -23 23 25 -26 -27 27 29 -30 -31
leaf_value=-0.011611989743724004 -0.00026019103624128569 -0.00039266616084387854 0.012543060615648419 -0.067097506900885423 0.0055228553622538278 0.0018411730645504266 0.029830837970492449 -0.013156943128900212 -0.0028303776651075387 0.01475876838651333 0.0016857210589409232 -0.028159992179487919 0.0053252340656111587 0.030650233618810654 0.045911995972933467 0.015959809283729833 0.011167854425187813 -0.09889182721809836 -0.0034091023129812245 -0.048115074430322403 -0.031089874579867352 0.05179213698521206 -0.084311051570621465 -0.066851162320544902 0.033797513231978916 0.0084150384118956961 -0.034606683981340931 -0.01846974903500849 -0.010523686363623009 -0.0020346435429670876
leaf_weight=165.99695159241674 27064.99645799791 4308.5414861701702 495.67935183762165 9.3472055727033858 2711.3242167483859 6460.32273605706 78.372560088406317 99.144524412029568 122.84205006282718 292.26225364658603 795.26390026921217 162.8426355105039 2050.1407273894292 7.6763386916718437 31.410201733771828 41.403144165175036 26.602094299625605 16.654503463534638 4937.670743799772 23.992238485021517 45.040636102086864 4.6766527323052278 5.534532023593786 56.028295377036557 13.542462591081856 8.0726612629368883 121.04746449680533 183.26615366186888 206.43570851992263 1290.8384440445079
leaf_count=1896 766219 38947 3307 190 26886 57411 446 8141 9672 11349 87401 22339 194496 514 2878 1232 798 811 311557 2213 3049 228 283 2151 177 144 30244 21980 35612 295654
internal_value=3.42336e-11 0.00218882 0.00330984 0.00282299 0.00289951 0.00316116 0.0062162 -0.000828224 -0.00398477 0.00767213 -0.00556971 -0.0173163 -0.000527117 0.00371867 -0.0117987 -0.0220565 -0.0334306 -0.0440113 -0.000826643 -0.00363493 -0.000312556 -0.0335183 -0.0384257 -0.0450889 -0.00296031 -0.0573887 -0.00427128 -0.00690032 -0.0195037 -0.00408905
internal_weight=51837 14229.6 9921.04 9425.36 9416.02 9250.02 2789.7 37607.4 3273.94 391.407 2882.54 285.685 34333.4 2261.74 211.601 180.191 138.788 112.185 32071.7 4961.66 27110 95.5309 90.8543 83.178 19.077 64.101 2596.85 1801.59 327.483 1474.1
internal_count=1938225 129083 90136 86829 86639 84743 27332 1809142 522392 19490 502902 32011 1286750 203712 9216 6338 5106 4308 1083038 313770 769268 3497 3269 2755 460 2295 470891 383490 65856 317634
is_linear=0
shrinkage=0.05


Tree=135
num_leaves=31
num_cat=0
split_feature=4 4 12 8 9 16 1 6 17 5 15 2 6 14 5 1 4 9 8 11 18 10 3 6 5 5 18 8 4 17
split_gain=33.1446 16.9846 17.4415 25.0818 17.9606 17.7963 21.0546 19.5926 17.07 15.6824 16.1093 15.6179 15.4648 15.4178 15.0805 31.5381 20.3544 23.2858 14.5248 21.7834 17.0821 14.3571 16.3676 20.4657 14.437 15.9144 14.2755 23.5577 19.7294 16.2162
threshold=0.0043478262377902874 0.065217390656471266 0.047826087102293975 0.021739130839705471 0.0043478262377902874 0.037391304969787605 0.070434782654047026 -0.041458714753389352 0.066521737724542632 0.21478260308504107 -0.99999967217445362 -0.16167665272951123 -0.24878873676061627 -0.10248120874166487 0.030434782616794113 0.0026086957077495758 0.0026086957077495758 0.0060869567096233377 0.046086955815553672 -0.056561080738902085 0.013323091436177494 -0.14369682967662809 -0.16649823635816571 -0.068246882408857332 0.40260869264602667 0.45999999344348913 0.050739338621497161 0.080869562923908248 0.12608695775270465 0.10086956992745401
decision_type=2 2 2 2 2 2 2 2 2 2 2 2 2 2 2 2 2 2 2 2 2 2 2 2 2 2 2 2 2 2
left_child=9 -2 3 -3 -4 6 18 26 -9 10 11 14 -11 -10 -1 -16 17 -17 -6 20 -20 -14 23 -23 -25 -26 27 28 -7 -29
right_child=1 2 4 -5 5 7 -8 8 13 12 -12 -13 21 -15 15 16 -18 -19 19 -21 -22 22 -24 24 25 -27 -28 29 -30 -31
leaf_value=-0.009384762515699174 -0.00043253795247029928 0.0016038746534360387 -0.06741268369426999 -0.041770304510397704 -0.0032439000263244097 -0.0098046427343823715 -0.018106950681838058 0.038646906151976614 -0.056682571936788065 0.015632312697777189 0.0032763607391588182 0.0073105277617095694 -0.0098801042316857234 0.0043926437803845633 -0.13437072258705424 -0.012610405788974502 0.062108648619685104 -0.11899657890176146 0.046316026021376487 -0.020060606192796052 0.0068280741080717286 0.0091107823179731717 -0.0021961870239874805 -0.062142453888036769 0.028159037757590683 -0.029918452213366739 -0.026780396709230658 0.020021904729756481 -0.038789045662959626 -0.0040562079988139274
leaf_weight=63.255469867261127 33957.647325177822 61.797820469248109 9.9123701128482917 71.172170305933832 813.68690213830268 868.75676004618435 145.39696077213739 34.479938473203219 10.005941666458964 137.32359715818893 10403.084412991571 61.076793129526777 437.16528238664614 168.06763508069707 7.5378084906260474 19.051423753611751 4.7607799905817947 6.1959290606901041 27.366174257535022 73.460210102246492 830.09225080776378 644.89501258407836 2373.5751987097465 14.808504457818342 18.723591195885092 28.426697395858355 107.00712788388773 104.8140603934371 62.151801068001078 205.43431311570384
leaf_count=706 1259815 3600 368 9216 60145 119785 29565 1008 681 1004 94750 506 4374 40899 149 153 192 198 1256 5468 93529 4782 21557 262 125 325 49066 23184 16422 95135
internal_value=2.45589e-11 -0.000778519 -0.00404683 -0.0217506 -0.0033605 -0.00315703 0.000106444 -0.00710658 0.00697717 0.00205579 0.00303235 -0.0125725 -0.000767136 0.000663464 -0.0245734 -0.0492551 -0.0242308 -0.0422575 0.00163387 0.00589628 0.00814083 -0.00141162 -0.000206977 0.00646634 -0.0207657 -0.00674978 -0.00933057 -0.00780577 -0.0117793 0.00411651
internal_weight=51771.1 37551.2 3593.6 132.97 3460.63 3450.72 1890 1560.72 212.554 14219.9 10565 161.878 3654.92 178.074 100.801 37.5459 30.0081 25.2474 1744.61 930.919 857.458 3517.59 3080.43 706.854 61.9588 47.1503 1348.16 1241.16 930.909 310.248
internal_count=1938225 1809142 549327 12816 536511 536143 189963 346180 42588 129083 96654 1904 32429 41580 1398 692 543 351 160398 100253 94785 31425 27051 5494 712 450 303592 254526 136207 118319
is_linear=0
shrinkage=0.05


Tree=136
num_leaves=31
num_cat=0
split_feature=16 5 7 13 17 23 2 18 3 3 5 5 6 2 15 2 6 15 11 1 1 10 14 2 6 2 18 4 5 3
split_gain=31.5544 27.7797 18.6641 17.3457 32.5919 23.2872 24.005 15.7643 24.7662 25.3816 19.8562 17.0773 16.9223 15.5169 20.309 15.4716 25.7511 24.5192 19.4517 22.7755 17.7017 16.8362 15.9639 17.2838 15.4004 14.9969 14.6625 14.2274 18.3705 15.7818
threshold=1.0000000180025095e-35 0.0043478262377902874 -0.1540454104542732 0.0095652174204587954 0.0084782610647380369 0.5000000149011613 -0.14595621079206464 0.0012297509820200505 -0.102803748100996 -0.10457632690668105 0.0026086957077495758 0.564347803592682 -0.082635201513767229 -0.15256759524345395 -0.10041185840964316 -0.1669385880231857 -0.13256382942199704 -0.14209674298763272 -0.15768645703792569 0.014782608952373268 0.030434782616794113 -0.17618786543607709 -0.12150349467992781 -0.15454705059528348 -0.081100232899188981 -0.18065031617879865 0.0096341394819319266 0.0060869567096233377 0.5973913073539735 -0.13385056704282758
decision_type=2 2 2 2 2 2 2 2 2 2 2 2 2 2 2 2 2 2 2 2 2 2 2 2 2 2 2 2 2 2
left_child=1 2 -1 4 15 25 -7 8 9 11 13 -2 -13 -9 -15 18 17 20 19 -3 -17 -18 26 -24 -8 -5 -23 28 -20 -29
right_child=7 3 -4 5 -6 6 24 10 -10 -11 -12 12 -14 14 -16 16 21 -19 27 -21 -22 22 23 -25 -26 -27 -28 29 -30 -31
leaf_value=0.011250409584767048 0.0012394902231062206 -0.006350524275389572 -0.045552255958692348 0.03079151141619297 0.011715690507007999 -0.063419691376705598 0.023894411771452892 0.0028224692697495597 0.02076641304531273 -0.067577803960483837 -0.0007096389743565198 0.025620074320761417 -0.051012632511325831 -0.016054987704105649 0.0096576737008316621 0.0047712288153573075 0.050574313148589546 0.017678078653937463 -0.0027043192013252301 -0.050596929642709121 -0.036076036137354793 -0.0012042046953019163 -0.025569457645402301 0.015439520021475167 -0.056654274863145664 -0.0037356550350852013 -0.051985135108493855 0.037167549941419763 0.037122909586583944 -0.028095109526785858
leaf_weight=991.35224246456346 3045.8931823082457 828.88165218492213 13.709941538943893 31.549287733156234 847.24506081888103 31.848911856417544 19.326916215126406 226.24480369442608 178.42314427752717 12.178061632410389 37769.348563919368 108.96704817085993 6.7920694353524587 541.9413636094614 88.763614154602692 1694.705938747853 15.248235627077518 414.04845189955086 293.09124320223054 29.17448618914932 25.955429315450601 3185.4043727309836 27.795113720232621 244.05281723989174 7.3807828393764785 935.08373400376877 13.279535828158258 55.184579869033769 31.116332897276152 10.327830051537601
leaf_count=9429 43960 7287 136 707 5786 631 180 7505 2144 241 1734677 1103 122 39557 21420 14095 49 2667 2330 415 347 25049 249 1708 87 15532 221 323 148 120
internal_value=-5.64294e-11 0.00256291 0.0104311 0.00165708 0.00246909 -0.00445046 -0.0347967 -0.000595052 0.00269347 0.00167125 -0.000880515 0.00195926 0.0207253 -0.00840214 -0.0124267 0.00132692 0.00244508 0.00676844 -0.00370763 -0.00791208 0.00413447 -0.000203753 -0.000441357 0.0111682 0.000393123 -0.00257809 -0.00143121 0.00554597 0.00122056 0.0266114
internal_weight=51724.3 9745.76 1005.06 8740.7 7715.51 1025.19 58.5566 41978.6 3352.25 3173.83 38626.3 3161.65 115.759 856.95 630.705 6868.27 5620.49 2134.71 1247.78 858.056 1720.66 3485.78 3470.53 271.848 26.7077 966.633 3198.68 389.72 324.208 65.5124
internal_count=1938225 87496 9565 77931 60794 17137 898 1850729 47570 45426 1803159 45185 1225 68482 60977 55008 44385 17109 10623 7702 14442 27276 27227 1957 267 16239 25270 2921 2478 443
is_linear=0
shrinkage=0.05


Tree=137
num_leaves=31
num_cat=0
split_feature=16 5 2 15 5 3 2 12 2 13 4 7 12 16 5 3 5 10 3 1 5 12 18 12 4 3 1 3 11 3
split_gain=28.66 26.9571 17.5431 21.4865 16.956 16.3154 22.7434 16.247 23.3866 15.9917 14.9076 18.3137 21.1802 16.5746 22.9418 17.285 30.023 21.8238 22.4777 21.1194 20.18 17.4031 16.5506 15.5192 17.4829 15.2832 15.0366 14.8337 29.3669 36.9083
threshold=1.0000000180025095e-35 0.023478261195123199 -0.13665628433227536 -0.1027691289782524 0.45652173459529882 -0.13497269898653028 -0.12372173368930815 1.0000000180025095e-35 -0.13072665035724637 0.037391304969787605 0.068695649504661574 -0.11216609179973601 0.051304347813129432 0.018260869197547439 0.14347826689481738 -0.10698243603110312 0.24608696252107623 -0.099549543112516389 -0.102803748100996 0.028695652261376384 0.10695651918649675 0.047826087102293975 0.030731472186744217 0.079130433499813094 0.10000000149011613 -0.12088279053568839 0.0078260868322104233 -0.098634898662567125 -0.077791716903448091 -0.10340909287333487
decision_type=2 2 2 2 2 2 2 2 2 2 2 2 2 2 2 2 2 2 2 2 2 2 2 2 2 2 2 2 2 2
left_child=1 -1 27 4 9 6 -5 8 -6 -4 -2 12 -12 15 26 21 19 18 -18 -17 -21 -13 23 25 -25 -14 -15 28 -3 -30
right_child=10 2 3 5 7 -7 -8 -9 -10 -11 11 13 22 14 -16 16 17 -19 -20 20 -22 -23 -24 24 -26 -27 -28 -29 29 -31
leaf_value=0.0069124383761162856 -0.0002967727401071959 -0.00042133180618630613 0.013297092116955723 -0.083534812541621303 0.0031119951160917536 -0.0019213604994089688 0.011982332322009862 0.0016665936181211379 -0.091953209849515494 -0.035321251289745052 -0.058259765564685234 -0.025417645593912526 -0.0059603372605421924 0.055499867711762588 -0.0071033864147902644 -0.045399056033518806 -0.043146036949408578 -0.045049075555899737 0.020727149873646114 0.053592910461528635 -0.037855147336755185 0.013873454775606881 -0.022995961250917664 0.02320139314149729 -0.0053283823234520954 -0.030836009333701227 0.0048914368741930572 0.011962790301090867 -0.0019311319308418914 -0.086534679009693138
leaf_weight=2505.1974502750236 38734.854335646858 5643.4602986484533 839.72792858438333 13.877018597675489 13.392307425849141 284.49778348172549 10.340729176998137 108.31226988020353 11.401853320421649 16.327658107271418 21.663686064537615 29.444437327678315 261.95584645256895 14.355359550572755 1414.7726744932952 59.576884518843144 14.536653100803958 16.798758666496724 124.07328677503392 11.876910602208229 10.400327939307315 393.21848000373575 166.02123950117311 82.506069657560147 149.65998045337983 80.080594231549185 341.67339708154032 237.35529882501578 30.428431450971402 21.426608765497804
leaf_count=22443 1329728 49566 6041 305 132 4543 189 927 269 333 4673 2208 46809 404 206767 2529 834 1269 4711 313 1031 25443 81441 18544 76079 13407 34539 2048 383 317
internal_value=-7.71091e-11 0.00244375 0.000894719 0.00615791 0.0097497 -0.00534492 -0.0438921 -0.00681117 -0.0424748 0.0123297 -0.000567494 -0.00385093 -0.0106097 -0.00172897 -0.00424901 0.00502933 -0.00575555 0.00716233 0.0137674 -0.0300719 0.0111074 0.0110827 -0.00913845 -0.00509877 0.00486642 -0.0118574 0.00708174 -0.000257542 -0.000768841 -0.0378653
internal_weight=51663.2 9735.75 7230.55 1297.88 989.162 308.716 24.2177 133.106 24.7942 856.056 41927.5 3192.61 761.887 2430.73 1770.8 659.926 237.263 155.409 138.61 81.8541 22.2772 422.663 740.224 574.202 232.166 342.036 356.029 5932.67 5695.32 51.855
internal_count=1938225 87496 65053 12739 7702 5037 494 1328 401 6374 1850729 521001 240953 280048 241710 38338 10687 6814 5545 3873 1344 27651 236280 154839 94623 60216 34943 52314 50266 700
is_linear=0
shrinkage=0.05


Tree=138
num_leaves=31
num_cat=0
split_feature=16 5 4 10 2 15 7 16 11 17 10 18 14 15 11 6 2 23 6 10 3 9 11 3 7 15 6 7 3 14
split_gain=28.7582 22.0876 18.2234 18.5425 16.8585 19.74 16.1552 15.7224 16.0627 15.6006 14.0891 14.0056 13.2081 12.5701 12.4831 19.4973 20.4685 17.2639 15.9265 18.2079 15.7653 26.0271 14.5464 21.2275 14.245 13.6398 13.5497 30.3609 27.9677 20.1996
threshold=1.0000000180025095e-35 0.021739130839705471 0.068695649504661574 -0.11489408835768698 -0.13534811884164807 -0.1027691289782524 -0.30712656676769251 0.01304347859695554 -0.064971752464771257 0.034347826614975936 -0.090217400342226015 0.011954546440392734 -0.10024280846118926 -0.28927439451217646 -0.12830870598554608 -0.13670665770769116 -0.16587232798337934 0.35714286565780645 -0.083412561565637575 -0.1180952377617359 -0.16187310218811032 0.0095652174204587954 -0.47946132719516749 -0.48704461753368372 -0.20935857295989987 -0.13972459733486173 -0.079881642013788209 -0.11429970711469649 -0.13876952975988385 -0.12709496170282361
decision_type=2 2 2 2 2 2 2 2 2 2 2 2 2 2 2 2 2 2 2 2 2 2 2 2 2 2 2 2 2 2
left_child=1 -1 -2 7 14 10 -5 8 -4 -8 -6 -9 13 -12 15 16 22 -18 19 24 21 -20 23 -3 -16 -19 27 -22 -29 -28
right_child=2 4 3 6 5 -7 9 11 -10 -11 12 -13 -14 -15 18 -17 17 25 20 -21 26 -23 -24 -25 -26 -27 29 28 -30 -31
leaf_value=0.0066310104625398594 -0.00026879938688192739 -0.0073683191049998403 0.0045458801480522549 -0.033648923112872084 0.01088515599879749 -0.0053946103603739245 -0.08024726386351394 0.003870388166322724 -0.08036881299061932 -0.0013740030551402129 0.0016765773771918139 -0.01843475145629575 0.023170237700002472 -0.095210010642619095 -0.054709846030579268 -0.0058902251250300547 -0.010731065378844402 0.005395185211363532 -0.084867883084727536 0.042390489219159631 -0.10132994401755527 0.03335341280026434 -0.0028326515646823875 -0.066594775510119372 0.0050026117218473741 0.022927555304019218 -0.027616160744674961 0.04235224292608309 -0.021732911091685791 0.0044433295347867064
leaf_weight=2382.4076556229411 38699.069615187822 46.64311304729199 173.14326172298752 38.922794426816836 910.28954262245679 269.3218121600803 5.2860668858047566 82.003096747914242 4.7536975934635839 2414.1125408972148 5.347250825841912 482.4331228009687 6.9410466302651903 7.8027311719488361 9.0531386849470419 1624.6192710849718 149.57960877142614 1047.2132766692375 13.172299029887656 31.595830068807118 8.9220034214667958 6.2721536762546739 736.82295111336862 21.604746994969901 1696.6530756705906 123.27925454668002 53.845871726749465 19.955660733685363 90.432154905312927 470.77191484662762
leaf_count=21487 1329728 557 11894 28758 6966 4672 264 11642 298 383077 41 85068 44 112 119 15098 1798 8699 178 297 178 85 6701 295 13209 748 558 130 959 4565
internal_value=-1.90455e-11 0.00244826 -0.000568731 -0.00419398 0.00109178 0.006511 -0.00210065 -0.0111141 0.00184026 -0.00157941 0.00995947 -0.0151931 -0.0305092 -0.0584783 3.38205e-05 -0.00176839 0.00138393 0.00521459 0.00284837 0.00536411 -0.00373824 -0.0469674 -0.00489585 -0.0268082 0.00465381 0.00725973 -0.00236206 -0.0174962 -0.00987153 0.00110652
internal_weight=51632.3 9732.55 41899.7 3200.65 7350.14 1199.7 2458.32 742.333 177.897 2419.4 930.381 564.436 20.091 13.15 6150.44 3749.76 2125.14 1320.07 2400.67 1737.3 663.372 19.4445 805.071 68.2479 1705.71 1170.49 643.928 119.31 110.388 524.618
internal_count=1938225 87496 1850729 521001 66009 11835 412099 108902 12192 383341 7163 96710 197 153 54174 33896 18798 11245 20278 13625 6653 263 7553 852 13328 9447 6390 1267 1089 5123
is_linear=0
shrinkage=0.05


Tree=139
num_leaves=31
num_cat=0
split_feature=4 0 17 1 6 15 1 4 12 11 5 0 0 5 8 4 11 17 10 11 6 15 13 8 17 2 9 24 5 3
split_gain=28.0567 15.7611 16.8312 20.2549 14.8405 18.9152 15.8005 13.8251 21.6127 17.2381 15.8456 18.6633 15.4771 15.5582 25.6633 23.9212 19.3478 15.833 15.3978 16.3912 14.9924 14.9485 14.6068 14.2214 23.7837 18.9868 18.6579 17.5052 16.4788 18.7419
threshold=0.0043478262377902874 0.43565216660499578 0.15652174502611163 0.41478261351585394 -0.19072602689266202 -0.22359255701303479 0.33130434155464178 0.10173913091421129 0.084347829222679152 -0.19615004956722257 0.38173912465572363 1.0000000180025095e-35 0.035652173683047302 0.20434782654047015 0.063478261232376113 0.11565217375755311 -0.074210062623023973 0.061304351314902313 -0.10930441692471503 -0.039328033104538911 -0.057993775233626359 -0.063397563993930803 0.080869562923908248 0.056521739810705192 0.049565220251679427 -0.11040015518665312 0.096521738916635527 1.0000000180025095e-35 0.016521738842129711 -0.03491998836398124
decision_type=2 2 2 2 2 2 2 2 2 2 2 2 2 2 2 2 2 2 2 2 2 2 2 2 2 2 2 2 2 2
left_child=1 2 3 4 5 -1 -6 23 10 -10 11 -9 13 14 16 17 -11 -15 -17 -20 -12 -22 -16 24 26 -25 -2 -27 -29 -30
right_child=7 -3 -4 -5 6 -7 -8 8 9 12 20 -13 -14 15 22 18 -18 -19 19 -21 21 -23 -24 25 -26 27 -28 28 29 -31
leaf_value=0.0017410811489869964 -0.00057463405914577473 -0.040314313578018339 0.041422845184715236 -0.066232541794332453 0.00088264196334838965 0.0092077393496309574 0.032373634395637368 0.041604708191539864 -0.028987043232316302 -0.014426665944256964 -0.020153464961628897 -0.039388245592825367 -0.0071309214047772206 -0.070527112938233522 0.031443891152952985 -0.017792359104814224 -0.069875820804016039 0.042968142365907916 0.01104815209893412 -0.07307919370241002 0.043302843251037552 -0.049361239164301102 -0.0047242503413259364 0.0075488881188558333 -0.0054486034970400148 -0.0036302490074625079 0.01550254788908853 -0.013883087842172069 0.0071061744689414411 -0.012069811237157158
leaf_weight=2107.7021870217013 28769.796560377566 21.082454858871643 25.973145095806103 9.9050654666498286 10531.229105098819 1419.0857759717474 38.984779453603551 6.8546372338278152 60.799806022572739 63.166262344951974 48.286843131907517 99.560238528152695 683.31959785987783 2.3554898166330522 40.267345569372992 63.46072983618069 20.305227177101187 60.275709643086884 274.84502739405434 4.9268322696443638 21.658977111743301 4.5048606391064814 85.63524429127574 1188.2038003582238 2618.9875963104787 1559.3828188408188 180.60056692082435 120.52176520078501 1332.7037027146725 139.97239538942813
leaf_count=22350 902049 403 183 210 93266 12359 312 92 19747 7363 6530 15229 218456 101 3532 11497 1946 3452 28970 1176 829 261 13451 104379 197674 134553 9376 27191 90014 11274
internal_value=-2.77034e-11 0.00189634 0.00196216 0.00188657 0.00193913 0.00474722 0.00100184 -0.000716733 -0.00535385 -0.00318559 -0.021543 -0.0338324 -0.00195616 0.00379348 -0.00725425 0.00949652 -0.0285827 0.0376584 0.00426323 0.00931165 -0.00376179 0.0261182 0.00700001 -0.000517699 -0.000886675 0.00216536 -0.000473808 0.00013456 0.00381943 0.00527661
internal_weight=51604.4 14154 14132.9 14106.9 14097 3526.79 10570.2 37450.4 1540.22 1359.36 180.866 106.415 1298.56 615.238 209.374 405.864 83.4715 62.6312 343.233 279.772 74.4507 26.1638 125.903 35910.2 31569.4 4340.78 28950.4 3152.58 1593.2 1472.68
internal_count=1938225 129083 128680 128497 128287 34709 93578 1809142 332632 309691 22941 15321 289944 71488 26292 45196 9309 3553 41643 30146 7620 1090 16983 1476510 1109099 367411 911425 263032 128479 101288
is_linear=0
shrinkage=0.05


Tree=140
num_leaves=31
num_cat=0
split_feature=16 6 11 3 5 16 13 25 26 3 18 15 0 8 23 4 5 17 2 2 7 16 2 15 3 17 6 18 14 2
split_gain=25.7424 20.9672 30.2299 17.3683 15.8953 14.1954 18.9723 18.3079 21.6651 17.9553 24.4401 16.8604 24.6272 26.6694 28.797 26.5588 21.2373 26.1671 25.5681 29.4028 28.847 33.3804 21.4986 21.2926 21.0346 20.9549 23.3763 31.0856 20.1266 28.3633
threshold=1.0000000180025095e-35 -0.29211205244064326 -0.47946132719516749 -0.45467089116573328 0.011304348241537811 0.021739130839705471 0.016521738842129711 1.0000000180025095e-35 1.0000000180025095e-35 -0.066303446888923631 0.075671538710594191 -0.12053441628813742 0.016521738842129711 0.030434782616794113 0.21428572386503222 0.0095652174204587954 0.035652173683047302 0.012173913884907963 -0.11855260282754897 -0.11980484053492545 -0.034974340349435799 0.0095652174204587954 -0.14946108311414716 -0.11105226352810858 -0.087744899094104753 0.018260871060192588 -0.070761896669864641 0.0028510604752227668 -0.12367209419608115 -0.11757913604378699
decision_type=2 2 2 2 2 2 2 2 2 2 2 2 2 2 2 2 2 2 2 2 2 2 2 2 2 2 2 2 2 2
left_child=1 2 3 -1 -5 6 7 9 -9 -2 -11 12 -8 14 -14 -16 17 -13 19 20 22 23 -18 -22 -25 26 -24 -28 -20 -30
right_child=5 -3 -4 4 -6 -7 11 8 -10 10 -12 16 13 -15 15 -17 18 -19 28 -21 21 -23 25 24 -26 -27 27 -29 29 -31
leaf_value=0.00049852431533410537 -0.0012627853702865406 0.0016250322419717655 0.015224729849396691 -0.0006076507585889776 -0.063177716818913654 -0.0019565401252074695 0.0090399016498080298 0.0033301782802671251 0.029897809647857002 0.020643335685479349 -0.061859771682148616 -0.06718568093793835 -0.019703448339756902 0.0062557228798387687 0.01610736694810341 -0.0026135082168277611 -0.0037977565583323467 -0.0085341297399677985 0.016696855142800903 0.031564468639530462 -0.055301265913034109 0.0012138301158390451 0.021478858550204469 -0.0081981450828568052 -0.045796447665475207 0.0039954490654663067 -0.07685625015207867 0.0050763016956489118 -0.055898674083164894 -0.0065521925670825711
leaf_weight=129.89101312961429 18447.694971391014 8938.3717148322321 621.1208855382356 17.660918148583733 22.92999112047255 12414.830853678322 1566.3372845605918 360.37081476202002 96.606859900814015 147.23920041834936 8.5959120218467415 19.144753533648327 213.47645172123157 1622.5221374385656 215.38305564329494 1521.1390172079991 612.00548151199473 351.81388256390346 88.722127569373697 84.822829850774724 35.036893875221722 579.40460194711341 398.14205836434849 231.28326321736677 43.497286698548123 1628.5699926851375 11.788382737897335 121.30964872660115 29.03187557135243 986.97499360173242
leaf_count=1412 289011 79884 5669 202 329 1109620 89270 2447 517 1562 229 1138 10827 69171 7052 73538 19980 21721 2006 2114 1717 24280 11291 7796 1636 65183 391 3149 1387 33696
internal_value=3.80677e-11 0.00231636 0.0101106 -0.00850194 -0.0366229 -0.000538772 5.95343e-05 -0.000876559 0.0089997 -0.00111963 0.015727 0.00178163 0.00381454 0.00152164 -0.0024186 -0.0002836 -0.000219442 -0.0117336 0.00066336 0.00263485 0.00195614 -0.00587548 0.00446981 -0.0190948 -0.0142944 0.00681318 0.0154275 -0.00269942 -0.00601781 -0.00801582
internal_weight=51565.7 9729.97 791.603 170.482 40.5909 41835.7 29420.9 19060.5 456.978 18603.5 155.835 10360.4 5138.86 3572.52 1950 1736.52 5221.55 370.959 4850.59 3745.86 3661.04 889.222 2771.82 309.817 274.781 2159.81 531.24 133.098 1104.73 1016.01
internal_count=1938225 87496 7612 1943 531 1850729 741109 293766 2964 290802 1791 447343 249858 160588 91417 80590 197485 22859 174626 137537 135423 35429 99994 11149 9432 80014 14831 3540 37089 35083
is_linear=0
shrinkage=0.05


Tree=141
num_leaves=31
num_cat=0
split_feature=4 5 7 17 9 5 11 11 6 18 2 26 7 14 17 3 24 10 3 12 1 10 3 24 17 11 9 18 10 10
split_gain=32.7133 21.148 21.9633 22.4272 15.5519 20.2383 44.8444 50.6283 48.1919 27.5654 26.5481 23.8149 21.1977 25.3904 24.9702 22.5854 19.4413 18.9793 20.1044 26.872 18.6409 34.2111 16.723 18.802 16.2877 34.1888 16.7652 16.9856 16.21 22.6424
threshold=0.0060869567096233377 0.075652174651622786 -0.16216852515935895 0.0023913043551146988 1.0000000180025095e-35 0.047826087102293975 -0.14069939404726026 -0.15602773427963254 -0.07232769206166266 0.0014420108054764571 -0.13380394876003263 1.0000000180025095e-35 -0.12786391377449033 -0.12379850074648856 0.0052173917647451171 -0.13164716213941571 1.0000000180025095e-35 -0.12611807137727735 -0.1281955614686012 0.0060869567096233377 1.0000000180025095e-35 -0.16490256786346433 -0.1093865968286991 1.0000000180025095e-35 0.0045652175322175035 -0.077112670987844453 0.0026086957077495758 0.0021299909567460422 -0.12577227503061292 -0.12381669506430625
decision_type=2 2 2 2 2 2 2 2 2 2 2 2 2 2 2 2 2 2 2 2 2 2 2 2 2 2 2 2 2 2
left_child=1 -1 3 -3 5 9 7 10 12 -2 11 20 -8 17 16 -16 -15 18 -14 -20 -7 -22 -10 -24 25 26 27 -6 -11 -30
right_child=4 2 -4 -5 24 6 8 -9 22 28 -12 -13 13 14 15 -17 -18 -19 19 -21 21 -23 23 -25 -26 -27 -28 -29 29 -31
leaf_value=0.0035645990087233822 -0.044599228384443031 -0.025340996027464542 0.00070465168948224597 -0.0030437101447895066 -0.034940650014922629 -0.018860130172169181 -0.038392813658596953 -0.082521675443249121 -0.09990675402034993 0.016690242771071624 0.022556492701421807 0.031662975382576584 0.025235549356106571 -0.012790775153854288 -0.031303529942474241 0.026579757562209295 -0.096885746322951175 0.043293326048563917 -0.071435774214573505 0.016068993618386592 0.025076578459017108 -0.074700235029216702 0.018715243422994094 -0.087458414711894403 -0.0009057934951793126 -0.067594010393340592 0.013405738359882319 0.002697705153398088 -0.042106738972735459 0.0052366370554045869
leaf_weight=8385.7598373461224 27.879018438863568 159.71836539325886 8737.506300217894 379.16823856713017 33.663798561843578 80.562565843691118 24.351479170378298 38.129102834034711 13.605464519932868 170.61514942307258 30.30198112798098 14.260053471662102 58.545188766904175 16.240903342142701 25.481534361373633 45.417209550272673 11.390032310038807 62.149686101358384 14.620737228542565 19.354824753943831 10.006741909543051 45.71527116955258 9.9111295198090357 5.8723610546439877 32318.256019086315 14.267521133646367 490.13846747973002 220.82117455324624 32.535418654209934 101.58450972905848
leaf_count=85176 242 1672 80180 4254 365 511 198 449 346 1039 221 53 307 117 303 305 116 261 172 109 47 569 177 209 1751525 308 5980 1818 357 839
internal_value=3.1219e-11 0.00174505 9.99977e-05 -0.00968701 -0.000908255 -0.00754818 -0.0136442 -0.0308746 -0.00129139 0.00210257 -0.0195916 -0.0281682 0.00523549 0.00956596 -0.0102095 0.00563004 -0.0496296 0.0221482 0.00763315 -0.0225528 -0.0346136 -0.0566558 -0.0610757 -0.0236447 -0.00073569 0.00650003 0.00800847 -0.00239845 0.00650704 -0.00647476
internal_weight=51597.8 17662.2 9276.39 538.887 33935.7 858.53 525.916 218.976 306.941 332.614 180.847 150.545 277.552 253.2 98.5297 70.8987 27.6309 154.67 92.5208 33.9756 136.285 55.722 29.389 15.7835 33077.1 758.891 744.623 254.485 304.735 134.12
internal_count=1938225 171282 86106 5926 1766943 6947 4470 1850 2620 2477 1401 1180 1888 1690 841 608 233 849 588 281 1127 616 732 386 1759996 8471 8163 2183 2235 1196
is_linear=0
shrinkage=0.05


Tree=142
num_leaves=31
num_cat=0
split_feature=4 12 9 9 17 0 5 1 14 15 16 6 10 5 1 15 5 9 18 6 15 18 6 10 11 5 5 7 7 4
split_gain=31.126 21.6609 19.6636 21.5581 16.138 15.4662 19.4577 22.1659 15.8978 29.619 34.8879 28.8994 30.6914 25.3453 23.705 23.0823 20.0285 27.3633 25.7081 17.6125 24.4131 23.3214 18.7857 23.1553 17.5341 17.4913 38.8784 17.4724 24.217 22.8112
threshold=0.011304348241537811 0.0095652174204587954 0.032173912972211845 0.025217391550540928 0.0045652175322175035 1.0000000180025095e-35 0.023478261195123199 0.0078260868322104233 -0.12160915136337279 -0.0643317475914955 0.0060869567096233377 -0.087637323886156068 -0.12325783446431159 0.77826088666915905 0.40434782207012182 -0.10448774695396422 0.07739130407571794 0.0043478262377902874 0.011429077479988338 -0.17128959298133847 -0.1800178065896034 0.00075306560029275726 -0.13822317868471143 -0.14877545833587644 -0.17548622936010358 0.33304348587989813 0.26000000536441809 -0.018983340822160241 -0.031387122347950928 0.0095652174204587954
decision_type=2 2 2 2 2 2 2 2 2 2 2 2 2 2 2 2 2 2 2 2 2 2 2 2 2 2 2 2 2 2
left_child=5 2 3 4 -2 6 7 -1 9 19 -11 13 -13 -10 16 24 17 -14 -19 20 -7 22 -21 -24 -15 26 -25 28 -18 -30
right_child=1 -3 -4 -5 -6 8 -8 -9 11 10 -12 12 14 15 -16 -17 27 18 -20 21 -22 -23 23 25 -26 -27 -28 -29 29 -31
leaf_value=0.010037451322348324 0.020005721123559403 -0.00085421231991786003 0.026917478470465911 -0.056837087114420454 -0.00879372575342483 0.00025408253488814163 0.0018038514572148859 -0.066221846174401591 0.0066841914476683615 0.038971870587214269 -0.084551432707558855 0.028086020359151462 0.034342739284325269 -0.0061022046982252415 0.037599806573521327 0.022109694234057925 -0.0114007242338383 -0.04126974185270909 0.0037733744018434707 0.01909961259085316 0.0083401566559623483 -0.0017308517541813303 -0.067895951993213979 0.003095992569830802 -0.098364484524707696 0.021086350954191174 -0.05571636446837204 0.0027183713550816427 -0.061084138316469062 0.017098128554995737
leaf_weight=1199.992929173859 49.766426877235062 25598.754513648266 39.439693546039052 21.696429800533224 1203.4732866862614 3333.4648710917663 2691.9564021462284 8.6206074946094287 2901.9848628951731 75.70756721321959 5.2448609350249162 73.449870019801892 60.489509733131854 8.1601382381049898 30.672882093582302 10.569127201102672 542.00246333912946 36.159419223084114 213.92305404582294 227.81075383926509 1295.5256168728829 11058.176280421321 10.516388711053876 472.02481321140658 13.635864269337619 115.81545179197565 28.875109870452434 189.09182800375856 45.362285962328315 11.208357305265961
leaf_count=11081 448 1608999 1973 1334 29118 49173 19621 122 44798 969 173 651 321 130 554 86 9824 843 3531 1993 14371 127946 168 3716 348 719 351 3137 1433 294
internal_value=6.33721e-11 -0.00117579 -0.00743335 -0.00851625 -0.00763505 0.00128319 0.00417153 0.00943922 0.000740324 5.00192e-05 0.0300348 0.0035136 -0.00301332 0.00618814 -0.00505979 -0.0371572 -0.00628436 0.0044585 -0.00287784 -9.85237e-05 0.00251846 -0.0011155 0.00683546 0.0023578 -0.0656056 0.00366376 -0.000398588 -0.0105205 -0.0147003 -0.0455659
internal_weight=51573.6 26913.1 1314.38 1274.94 1253.24 24660.4 3900.57 1208.61 20759.9 16623.2 80.9524 4136.71 1202.36 2934.35 1128.91 32.3651 1098.24 310.572 250.082 16542.2 4628.99 11913.2 855.043 627.232 21.796 616.715 500.9 787.665 598.573 56.5706
internal_count=1938225 1641872 32873 30900 29566 296353 30824 11203 265529 199579 1142 65950 20588 45362 19937 564 19383 4695 4374 198437 63544 134893 6947 4954 478 4786 4067 14688 11551 1727
is_linear=0
shrinkage=0.05


Tree=143
num_leaves=31
num_cat=0
split_feature=4 1 9 13 25 27 24 6 7 15 14 3 0 5 18 11 11 15 23 7 11 13 15 2 1 11 7 7 15 24
split_gain=36.5377 14.8872 24.6984 21.8981 16.0561 24.7579 16.0852 20.038 32.5297 15.7565 25.2961 21.1529 14.6803 14.0741 20.3552 15.6271 13.6592 13.7545 13.7497 20.6519 13.7466 12.8809 20.9341 12.7368 18.6061 12.9462 14.413 17.3734 16.4438 17.4749
threshold=0.016521738842129711 0.22521739453077319 0.10000000149011613 0.037391304969787605 1.0000000180025095e-35 1.0000000180025095e-35 1.0000000180025095e-35 -0.083796910941600786 -0.034974340349435799 -0.13385323435068128 -0.12647732347249982 -0.085423748940229402 0.20782608538866046 0.0095652174204587954 0.0022591965971514587 -0.10474111884832381 -0.16887727379798886 -0.10891228169202803 0.5000000149011613 -0.087302397936582551 -0.10853226482868193 0.0095652174204587954 -0.13730604946613309 -0.10841723531484602 0.1765217408537865 -0.20121402293443677 -0.10022847354412077 -0.081892184913158403 -0.073706299066543565 1.0000000180025095e-35
decision_type=2 2 2 2 2 2 2 2 2 2 2 2 2 2 2 2 2 2 2 2 2 2 2 2 2 2 2 2 2 2
left_child=1 2 4 12 -1 6 -6 16 9 -9 -11 -12 -4 14 15 -2 -8 20 19 -19 21 -18 -23 24 -5 -25 -27 -28 -29 -30
right_child=13 -3 3 23 5 -7 7 8 -10 10 11 -13 -14 -15 -16 -17 17 18 -20 -21 -22 22 -24 25 -26 26 27 28 29 -31
leaf_value=0.00078771562754522762 0.0036888207750446229 0.010087300812568881 -0.10184124618030795 0.034548343625624076 0.0076676280805396116 0.017881715329153211 -0.0066363361086421756 0.020933916099220296 -0.11600836858149365 0.021832115585269204 -0.080237625697531095 0.011987466663580299 -0.019299146376147137 -0.0012940078973062194 -0.010732377474670481 0.058368198832464663 0.011388007478935985 -0.00086795740069195828 0.0038873627745635375 -0.089380225313622358 0.045155627232451957 0.0035093552463336939 -0.088915421521495841 0.041699937997518241 -0.077218911949325175 -0.066786291916659135 0.028599356916360431 -0.05860745249943982 -0.057398089126068599 0.035003830842245377
leaf_weight=26754.767060009599 50.758585576080804 458.32107876887312 11.464796024840327 23.672814496094365 878.25578603046597 331.14308834926851 358.6683440192428 20.922179433109704 7.9876278236042699 14.895906378456855 22.42406551016029 8.142120143631475 10.494820356252601 21404.915173279296 697.54600289507653 16.668524465148948 270.67829884066305 14.335282561834903 43.702963024748897 11.228691929485647 26.258917356404709 20.845326921436939 7.6351607507094732 6.6982112674158989 3.4210152556188396 16.488179743522778 16.001244736369699 23.389509295055177 6.9482636968605229 13.367292535491288
leaf_count=385829 6133 11169 223 604 6940 3453 3580 124 137 100 332 70 237 1337848 172887 1350 1922 101 364 119 92 149 119 194 156 894 514 1361 749 475
internal_value=7.43069e-11 0.00115625 0.00101439 -0.0204872 0.00111363 0.00539159 0.00295811 -0.00204213 -0.0266224 -0.0143052 -0.0306241 -0.0560695 -0.0649519 -0.00153238 -0.008192 0.0178615 0.000416536 0.00682638 -0.0132713 -0.0416471 0.0111318 0.00800489 -0.0234438 -0.0111043 0.0181897 -0.0207818 -0.0267436 -0.0147676 -0.0309296 0.00219066
internal_weight=51552 29382.2 28923.8 131.946 28791.9 2037.12 1705.98 827.725 74.3719 66.3843 45.4621 30.5662 21.9596 22169.9 764.973 67.4271 753.353 394.685 69.2669 25.564 325.418 299.159 28.4805 109.987 27.0938 82.8927 76.1945 59.7063 43.7051 20.3156
internal_count=1938225 420007 408838 5407 403431 17602 14149 7209 763 626 502 402 460 1518218 180370 7483 6446 2866 584 220 2282 2190 268 4947 760 4187 3993 3099 2585 1224
is_linear=0
shrinkage=0.05


Tree=144
num_leaves=31
num_cat=0
split_feature=4 6 6 17 1 14 9 12 7 10 14 10 15 15 2 8 1 3 13 2 10 14 5 9 3 10 10 18 15 14
split_gain=26.9127 13.6862 20.0517 17.9615 25.9923 17.369 24.6236 17.3609 29.1791 28.0822 18.1241 24.1073 21.4808 40.1638 17.9609 17.1213 22.86 20.2719 22.0122 20.1632 18.4394 19.0118 27.8139 22.4743 17.8806 17.5619 26.3662 23.0621 27.4017 16.6212
threshold=0.0078260868322104233 -0.073889546096324907 -0.07232769206166266 0.01304347859695554 0.0043478262377902874 -0.1208781637251377 0.035652173683047302 0.014782608952373268 -0.1214521788060665 -0.11882453784346579 -0.12249141559004782 -0.13054066151380536 -0.10891228169202803 -0.10784805938601492 -0.12318268045783042 0.023478261195123199 0.042608696967363364 -0.12536231428384778 0.0060869567096233377 -0.13957030326128003 -0.11701169237494467 -0.12367209419608115 0.11565217375755311 0.025217391550540928 -0.12026971951127051 -0.12689478695392606 -0.12823950499296186 0.016507427208125595 -0.098606351763010011 -0.13538061827421186
decision_type=2 2 2 2 2 2 2 2 2 2 2 2 2 2 2 2 2 2 2 2 2 2 2 2 2 2 2 2 2 2
left_child=1 5 3 4 -3 6 15 8 -8 10 11 -10 -13 -14 -12 16 -1 18 25 29 21 -21 23 -23 -17 26 -18 28 -27 -20
right_child=-2 2 -4 -5 -6 -7 7 -9 9 -11 14 12 13 -15 -16 24 17 -19 19 20 -22 22 -24 -25 -26 27 -28 -29 -30 -31
leaf_value=0.001686899750876507 -0.00092887414708811968 -0.0079020129224554748 -0.0016583164607264448 0.0033603457628913168 -0.074151963535202398 0.0062073779294697521 0.00011007096078798321 0.00081452541690744766 0.0031324867630650073 -0.076576517330349009 0.043192524302829577 -0.084800579302326623 0.074026483642891258 -0.054093260081897444 -0.071684873386532733 0.0040139221544610998 -0.027223183911246368 0.0017913934206324211 -0.035627060463527177 -0.0088298850664134659 0.033836711957600143 -0.056577292319770801 -0.085015566058365355 0.020421831186302714 0.021181193438235511 -0.071217324391808473 0.039268427515321017 0.0011524321919997077 0.027457887903347852 0.019354140367216562
leaf_weight=14887.198703627626 31016.526198550066 29.137963737710379 1467.5145096849446 34.126293283421546 29.669137241784483 1980.1931847366177 108.56030654010829 191.9308863490005 31.501074646599591 30.026414875872433 15.974899346241729 25.070033861789852 7.2723145931959179 22.898318911436945 3.3051179689355186 520.25679620170558 60.663735604612157 398.86583865631837 15.111440251697784 139.30578672955744 17.071473840391263 16.355463642859831 22.543032482499257 20.049558731261641 213.47577736183302 55.212826561415568 18.712690225336701 21.047518194536678 7.5079108881764105 94.683876173687167
leaf_count=141887 1724969 192 18772 407 509 24603 1957 2668 623 1001 219 784 13 724 163 6237 649 4144 391 2034 144 340 557 288 1552 681 96 151 60 1410
internal_value=-1.86877e-11 0.00140638 -0.003093 -0.0254892 -0.0420072 0.00177752 0.0012595 -0.010448 -0.0192525 -0.034591 -0.0220958 -0.03179 -0.0514062 -0.0218272 0.0209357 0.0015697 0.00122211 -0.00657076 -0.0133915 -0.00583559 -0.0147046 -0.0190333 -0.0425965 -0.0147588 0.00903068 -0.028322 -0.0112545 -0.0441711 -0.05916 0.0115337
internal_weight=51501.8 20485.2 1560.45 92.9334 58.8071 18924.8 16944.6 436.539 244.608 136.048 106.022 86.7417 55.2407 30.1706 19.28 16508.1 15774.3 887.131 488.265 325.121 215.325 198.254 58.9481 36.405 733.733 163.145 79.3764 83.7683 62.7207 109.795
internal_count=1938225 213256 19880 1108 701 193376 168773 8152 5484 3527 2526 2144 1521 737 382 160621 152832 10945 6801 5164 3363 3219 1185 628 7789 1637 745 892 741 1801
is_linear=0
shrinkage=0.05


Tree=145
num_leaves=31
num_cat=0
split_feature=16 5 7 5 14 15 6 25 4 6 15 15 18 11 6 15 15 11 4 9 13 11 6 6 13 18 4 13 18 3
split_gain=28.3091 16.7586 13.7156 20.3577 21.6033 18.9401 16.6821 14.7485 20.9149 25.9009 16.0397 21.7997 42.0232 39.9397 17.4544 22.5396 24.0695 16.8086 24.0551 13.3434 12.9968 13.0899 13.0289 12.7597 12.8425 13.0448 16.1901 32.9026 16.2007 15.2952
threshold=0.0060869567096233377 0.0043478262377902874 -0.22364205867052075 0.11739130318164827 -0.12379850074648856 -0.18411773443222043 -0.1292556896805763 1.0000000180025095e-35 1.0000000180025095e-35 -0.072835747152566896 -0.0643317475914955 -0.066083818674087511 0.0051260108593851337 -0.054907195270061486 -0.023132245987653729 -0.047250933945178979 -0.039348522201180451 -0.066905505955219255 1.0000000180025095e-35 0.0026086957077495758 0.0043478262377902874 -0.13210649043321607 -0.087637323886156068 -0.10394633933901785 0.023478261195123199 0.0018951737438328566 0.0026086957077495758 0.0043478262377902874 0.00414756196551025 -0.20800987631082532
decision_type=2 2 2 2 2 2 2 2 2 2 2 2 2 2 2 2 2 2 2 2 2 2 2 2 2 2 2 2 2 2
left_child=2 -2 3 5 -5 -1 -7 10 -9 20 11 -4 -13 19 -12 17 -17 -16 -19 -14 -10 -22 -23 24 25 -8 29 28 -28 -27
right_child=1 -3 7 4 -6 6 23 8 9 -11 14 12 13 -15 15 16 -18 18 -20 -21 21 22 -24 -25 -26 26 27 -29 -30 -31
leaf_value=0.0016025092548387597 -0.0096268841384361363 -0.0009259050560681836 9.2219954820354231e-05 -0.090808083202402703 0.0065820237662944708 0.010328152466724524 0.0032037549799383844 0.0019718928633567115 0.029952440071095744 -0.036402487274321153 0.016447885483351261 0.016247269775610692 0.0058872442958037667 0.056736579029769765 0.020980134762934123 0.029171873557674307 -0.081046015670748622 0.013602371791778973 -0.096056457088957589 -0.099458313367759191 -0.0063738583723127133 0.034555952652742854 -0.015739926102251899 0.014840906932395646 0.039757151430370549 -0.050946396960638934 -0.1016100623243501 -0.0090791021737836233 -0.030791591967636124 0.013497681023358014
leaf_weight=3896.9500180100495 564.14805131958201 26661.505941049963 16856.663050037838 10.791312174871566 10.768273897236211 1414.9063206136343 130.52691929283901 926.14201474368019 163.3000847279327 20.612688301596791 276.2468673272524 27.532657596748322 3.2628105687908855 4.9622533638030282 7.1700831880443756 33.484880880103447 4.8046011993792481 6.7888125691097256 15.862922134809194 25.865672296611592 69.069183490471914 58.11798698984785 15.822032717987893 92.914100680007323 13.484549868269822 10.188737767050041 17.73778177856002 64.090889933868311 16.360701798344962 51.02426738711074
leaf_count=54645 94863 1546744 202407 290 137 16227 1121 7500 760 154 4808 298 24 24 238 752 418 116 980 805 510 277 99 1185 497 142 237 1414 179 374
internal_value=-2.43528e-11 -0.00110655 0.00124256 0.00338012 -0.0440295 0.00356687 0.00779006 0.000580931 0.00581641 0.0166684 0.000200583 -1.71668e-05 -0.0294628 -0.0657906 0.0108677 -0.0116752 0.0136308 -0.0435548 -0.0640057 -0.0878543 0.0203465 0.00924587 0.023727 -0.00127422 -0.00624167 -0.00851037 -0.0180627 -0.0305424 -0.0694762 0.00212465
internal_weight=51471.1 27225.7 24245.5 5729.74 21.5596 5708.18 1811.23 18515.7 1253.06 326.922 17262.6 16918.3 61.6234 34.0907 344.358 68.1113 38.2895 29.8218 22.6517 29.1285 306.309 143.009 73.94 396.328 303.414 289.929 159.402 98.1894 34.0985 61.213
internal_count=1938225 1641607 296618 76448 427 76021 21376 220170 9300 1800 210870 203558 1151 853 7312 2504 1170 1334 1096 829 1646 886 376 5149 3964 3467 2346 1830 416 516
is_linear=0
shrinkage=0.05


Tree=146
num_leaves=31
num_cat=0
split_feature=4 7 10 18 12 2 23 3 5 6 18 1 14 13 23 5 6 18 11 7 12 9 1 14 5 7 3 18 6 15
split_gain=26.3821 22.8748 56.8725 29.3724 27.9714 27.0044 23.2853 23.1266 23.0472 20.6327 20.163 22.2741 18.4765 23.86 18.3485 17.6922 17.1663 24.8649 35.6893 22.6656 17.4078 17.1567 16.9903 18.4247 16.8645 16.8474 16.1242 22.0006 16.0286 15.7254
threshold=0.025217391550540928 -0.064756099134683595 -0.1242857128381729 0.030731472186744217 0.018260869197547439 -0.14595621079206464 0.35714286565780645 -0.12196508795022963 0.20086956769227984 -0.039977511391043656 0.00086956526502035569 0.10695651918649675 -0.12260370329022406 0.028695652261376384 0.78571429848670971 0.31217391788959509 -0.30536057054996485 0.0058169944677501926 -0.099228926002979265 -0.089115578681230531 0.021739130839705471 0.0043478262377902874 1.0000000180025095e-35 -0.12318436428904532 0.24956522136926654 0.006179577438160778 -0.085423748940229402 0.036732053384184844 -0.18826716393232343 -0.12002192065119742
decision_type=2 2 2 2 2 2 2 2 2 2 2 2 2 2 2 2 2 2 2 2 2 2 2 2 2 2 2 2 2 2
left_child=14 2 16 4 7 6 15 21 9 -6 11 -7 -12 -14 -1 -3 20 18 19 -18 -2 -4 -19 24 -24 -8 28 -28 -17 -10
right_child=1 5 3 -5 8 10 25 -9 29 -11 12 -13 13 -15 -16 26 17 22 -20 -21 -22 -23 23 -25 -26 -27 27 -29 -30 -31
leaf_value=0.00067302988597819956 -0.076100132287784936 0.01563729873992355 -0.080054640296305962 -0.0090302587326075347 0.0013027842157009454 -0.074563691915130736 0.02392841071229633 -0.059899926528549322 -0.018549626847492975 -0.02655131102274489 0.0080239780878795276 0.056860684663381747 -0.0094277809840872893 -9.8677665531661673e-05 0.014187535168292104 -0.044088508310873575 -0.018138332833725374 0.015044414584607755 0.031919932416933826 0.01538810467713035 0.00033079047174757999 -0.0037251631352405059 -0.016511178723403377 -0.029516670843517886 0.026949138965604521 -0.0066456408238141536 -0.067351478060454301 0.034535227521852001 0.0020449481990722092 -0.0031955728642664161
leaf_weight=34902.805702006764 6.6492515361751421 210.88621275396144 7.1112296569190212 1150.5761125292647 6133.2562011358332 15.92797197086111 270.18787165908725 32.099511231552242 247.52524614993308 66.21393138856547 545.00690305470198 3.2021664040221358 823.67786917639387 4057.6677681997062 251.97757471318619 18.441938686388312 241.71774474885751 31.769668338820338 55.955163090799033 62.803996763395844 285.41986395130516 81.03319908514095 326.40111987242562 382.45929976791376 23.066922931437148 53.581949406128842 18.113199953455482 6.6147285111946976 595.34748582591419 508.54265844465408
leaf_count=620737 455 10043 241 225987 486489 572 5706 1842 17648 10113 28658 54 24374 294014 3401 2017 25598 841 2102 2971 12821 4450 38291 45789 1121 2033 1272 617 39953 28015
internal_value=-1.47217e-11 -0.00166523 -0.00321878 -0.00162482 -0.00041953 0.000598247 0.00747564 -0.0242287 -4.5047e-06 0.00100105 -0.000884517 -0.0508329 -0.000699095 -0.00167448 0.000770298 0.00311774 -0.0124698 -0.0152735 -0.00443367 -0.0111962 -0.00166297 -0.0107122 -0.0203775 -0.0219335 -0.0135738 0.0188637 -0.00103514 -0.0398138 0.000589362 -0.00824012
internal_weight=51416 16261.3 9642.6 8226.36 7075.78 6618.66 1173.17 120.244 6955.54 6199.47 5445.48 19.1301 5426.35 4881.35 35154.8 849.404 1416.24 1124.17 360.477 304.522 292.069 88.1444 763.697 731.927 349.468 323.77 638.517 24.7279 613.789 756.068
internal_count=1938225 1314087 904774 774785 548798 409313 61641 6533 542265 496602 347672 626 347046 318388 624138 53902 129989 116713 30671 28569 13276 4691 86042 85201 39412 7739 43859 1889 41970 45663
is_linear=0
shrinkage=0.05


Tree=147
num_leaves=31
num_cat=0
split_feature=4 23 12 6 16 23 10 12 18 6 13 16 12 12 18 3 5 13 3 18 6 9 1 6 10 3 5 2 2 18
split_gain=24.0104 17.9046 17.7481 25.4226 21.4656 19.3805 25.1731 16.6 17.3998 16.4362 17.3572 16.2804 15.4698 15.2898 15.7835 14.8798 18.7535 16.1041 16.2615 14.6285 18.6304 13.7474 31.6426 14.2074 13.5913 13.2792 13.264 13.1876 13.1329 16.1822
threshold=0.047826087102293975 0.78571429848670971 0.040869565680623061 -0.044165000319480889 0.028695652261376384 0.21428572386503222 -0.12753656506538388 0.044347826391458518 0.050739338621497161 -0.038050999864935868 0.054782608523964889 0.0026086957077495758 0.12260869517922403 0.037391304969787605 0.0089843389578163641 -0.13765330612659452 0.17130435258150103 0.032173912972211845 -0.11801463738083838 0.048108849674463279 -0.023132245987653729 0.080869562923908248 0.065217390656471266 -0.099588759243488298 -0.1140121854841709 -0.1310785040259361 0.0095652174204587954 -0.13226696848869321 -0.14002431929111478 0.015579541679471733
decision_type=2 2 2 2 2 2 2 2 2 2 2 2 2 2 2 2 2 2 2 2 2 2 2 2 2 2 2 2 2 2
left_child=1 -1 3 4 13 6 -4 -8 28 -10 -11 -5 19 14 -2 -16 25 -18 27 21 -21 -7 -23 24 -24 -17 -3 -19 29 -9
right_child=2 26 5 11 -6 12 7 8 9 10 -12 -13 -14 -15 15 16 17 18 -20 20 -22 22 23 -25 -26 -27 -28 -29 -30 -31
leaf_value=0.00034981643322456112 0.035444438443763104 0.0061338078492824003 -0.017327803443460934 -0.06221018796157906 -0.036644863579806099 0.0036717838543932051 -0.022701728172090999 0.014060755118510107 -0.017936532634723147 -0.077262303576993402 0.0041112218930932677 0.021285739372486907 0.023920657586430871 0.00051645779342107017 -0.035641631428261558 0.017492481554923233 -0.039149816974927781 0.046171057847603579 -0.0091619670764352557 -0.0076500785230648616 -0.092453868706995082 -0.072953252864809248 -0.065288930629679831 0.018133718411941963 0.012976543590088006 -0.056701722690059013 0.031089024236714131 -0.054907183021917487 -0.0023805674964430326 -0.0011590538362847346
leaf_weight=44199.450531637187 11.996131579362553 177.97987272578757 308.31619820716151 5.3590182247589828 92.863616343391186 1344.8991463983057 99.155985549936304 295.65567343738803 309.97020791737668 5.808959926114766 173.58858015656369 75.371375881339191 81.982650651541917 187.66790921823122 101.65494813161786 7.170979183894814 18.370070959208533 31.647508188616484 41.533254912181292 23.581409253776659 8.0398312048055214 18.557125029205054 11.828111472772436 38.807281231813249 9.2760113703552616 27.082032781792805 75.401714905630797 2.7402537745656437 3141.9988560863349 424.30060999120178
leaf_count=1138234 586 2707 49859 208 10211 83507 9648 21224 98137 419 27256 2661 7862 11843 10214 518 779 1049 3014 3544 268 4675 2119 4385 2105 2972 733 361 390010 47117
internal_value=-1.43172e-11 0.00042595 -0.00274413 -0.0109283 -0.0149615 -0.00195806 -0.00353448 -0.00257524 -0.00211149 -0.0109837 0.00106263 0.0150498 0.00292199 -0.010203 -0.0184771 -0.0214282 -0.0099996 0.00161589 0.0118604 0.00172319 -0.031385 0.00248023 -0.0177314 0.000290052 -0.0318577 -0.0411133 0.013653 0.0367925 -0.000984703 0.00510191
internal_weight=51352.1 44452.8 6899.22 603.457 522.727 6295.77 4758.8 4450.48 4351.32 489.368 179.398 80.7304 1536.97 429.863 242.195 230.199 128.544 94.2911 75.921 1454.99 31.6212 1423.37 78.4685 59.9114 21.1041 34.253 253.382 34.3878 3861.96 719.956
internal_count=1938225 1141674 796551 44416 41547 752135 643670 593811 584163 125812 27675 2869 108465 31336 19493 18907 8693 5203 4424 100603 3812 96791 13284 8609 4224 3490 3440 1410 458351 68341
is_linear=0
shrinkage=0.05


Tree=148
num_leaves=31
num_cat=0
split_feature=4 12 15 2 3 7 13 13 9 14 5 23 0 8 14 6 4 6 12 10 5 5 6 7 7 6 7 6 16 10
split_gain=21.3778 20.7555 22.6339 20.8249 23.0243 17.6282 18.668 19.8156 17.7134 17.0435 14.7048 14.2386 14.064 16.1304 13.4289 23.2902 13.2557 22.5878 19.7027 14.8553 24.4386 22.0199 18.1964 22.9677 16.7939 16.2667 15.9962 15.1552 18.2453 15.9279
threshold=0.026956521905958656 0.025217391550540928 -0.11850413680076598 -0.15906116366386411 -0.16971769928932187 -0.11016918346285819 0.032173912972211845 0.023478261195123199 0.021739130839705471 -0.12271906808018683 0.13999999314546588 0.78571429848670971 0.22173913568258288 0.12086956202983858 -0.11041008308529852 -0.023132245987653729 0.056521739810705192 -0.068740606307983385 0.046086955815553672 -0.11689715459942816 0.23565217107534411 0.13826086372137072 -0.34010666608810419 -0.45807968080043787 -0.097460899502038942 -0.07677548378705977 -0.26861578226089472 -0.096052035689353929 0.046086955815553672 -0.11108696088194846
decision_type=2 2 2 2 2 2 2 2 2 2 2 2 2 2 2 2 2 2 2 2 2 2 2 2 2 2 2 2 2 2
left_child=11 2 -2 9 -5 8 7 -7 -6 -4 -11 -1 16 -14 15 -8 -3 18 -18 20 22 24 23 -20 27 -26 -25 28 -21 -30
right_child=1 12 3 4 5 6 14 -9 -10 10 -12 -13 13 -15 -16 -17 17 -19 19 21 -22 -23 -24 26 25 -27 -28 -29 29 -31
leaf_value=0.00058054952031228173 -0.014046297828753976 0.00038123785940416717 -0.023103125156567386 0.034519456996794692 -0.0084669514154823832 -0.0014856393834654013 0.0091576264457982302 -0.029635406397719166 -0.054573609825329772 -0.035204008129574089 0.057049249143986937 0.012570264559376047 -0.03134102936988397 -0.0054749862958385648 0.040657444988068413 -0.061842283844495416 -0.020007090117901739 0.0020582591912062303 -0.029945328592020367 0.015729396360778993 -0.0015191921918577909 -0.0069178711336168172 -0.022480944459490344 0.051936914551978075 0.030124810843755213 -0.01268985037149202 -0.053491323838015796 -0.006530638594765545 -0.029242571345941507 0.0046842900316455159
leaf_weight=35826.240075268186 665.38327528940863 9030.0265474938133 10.953040894586591 36.411350810551085 53.956120453076437 198.60762402578257 160.1330530133564 90.312290672911331 33.403686214354821 4.2607808283064506 33.304790195077658 248.3478160069717 72.45587024372071 339.62609369896381 28.473138764034957 11.446120393928139 215.08946312054468 1499.681069551345 20.302672379883006 256.92016734230128 427.8368629841425 1025.1683097522764 360.31706342665348 25.222555139494947 98.318668196938233 27.94807915670026 3.3416507100628214 357.16290301446861 48.759684179287433 112.81313241088355
leaf_count=661064 40850 526125 546 869 2679 4670 7342 3385 3699 308 451 3406 9904 108576 683 798 23996 150300 1017 35768 46446 117678 57912 1464 5214 2054 450 73705 9467 37399
internal_value=1.68293e-11 -0.00156957 -0.00754294 -0.000987728 -0.00350284 -0.00596063 -0.0022418 -0.0103567 -0.0265148 0.030205 0.0459441 0.000663436 -0.000999821 -0.0100878 0.00947118 0.0040903 -0.00072187 -0.00294547 -0.00546411 -0.00432562 -0.00988337 -0.00190777 -0.0186038 0.0098615 0.0037883 0.0206229 0.038211 0.00102482 0.00747321 -0.0056711
internal_weight=51322.2 15247.6 1326.65 661.262 612.743 576.332 488.972 288.92 87.3598 48.5186 37.5656 36074.6 13921 412.082 200.052 171.579 13508.9 4478.88 2979.2 2764.11 837.021 1927.09 409.184 48.8669 901.923 126.267 28.5642 775.656 418.493 161.573
internal_count=1938225 1273755 66280 25430 24125 23256 16878 8055 6378 1305 759 664470 1207475 118480 8823 8140 1088995 562870 412570 388574 107289 281285 60843 2931 163607 7268 1914 156339 82634 46866
is_linear=0
shrinkage=0.05


Tree=149
num_leaves=31
num_cat=0
split_feature=0 5 1 4 6 5 2 3 3 10 1 7 3 3 6 15 15 10 3 2 15 11 6 6 12 4 4 12 0 4
split_gain=21.4927 23.595 21.2537 16.7109 16.0816 24.3648 14.0602 30.729 25.3811 23.7081 22.3957 20.3599 18.6147 21.5493 23.3418 16.2116 16.3873 19.1832 15.3961 15.118 13.5871 21.1142 16.4603 15.9531 13.5474 19.7894 16.7944 16.8013 25.0486 21.5173
threshold=1.0000000180025095e-35 0.023478261195123199 0.0078260868322104233 0.068695649504661574 -0.0058192913420498362 0.47913043200969702 -0.14622037857770917 -0.093424089252948747 -0.090679984539747224 -0.12988825887441632 0.018260869197547439 0.006179577438160778 -0.098634898662567125 -0.10457632690668105 -0.10825446993112563 -0.078903805464506135 -0.072996288537979112 -0.11882453784346579 -0.2279027923941612 -0.14190246164798734 -0.10999115929007529 -0.10634495690464972 -0.062395198270678513 -0.14146252721548078 0.065217390656471266 0.084347829222679152 0.11565217375755311 0.08782608807086946 0.0043478262377902874 0.094782605767250075
decision_type=2 2 2 2 2 2 2 2 2 2 2 2 2 2 2 2 2 2 2 2 2 2 2 2 2 2 2 2 2 2
left_child=1 2 -1 -2 24 -6 8 10 12 -10 11 15 13 20 -15 19 -17 -18 -13 -8 21 -3 -22 -23 25 -5 27 28 -26 -30
right_child=3 6 -4 4 5 -7 7 -9 9 -11 -12 18 -14 14 -16 16 17 -19 -20 -21 22 23 -24 -25 26 -27 -28 -29 29 -31
leaf_value=0.009606969363789181 -6.6124789495242205e-05 0.0014336846816743866 -0.063204598638125845 -0.0070999905818597518 0.018724863664248696 -0.038990136917847112 -0.016380910758955043 0.0286166089942642 0.014141916091585674 -0.099278721061544617 0.05375347111303927 0.013567813722523074 0.03145547609957982 0.028989868223172024 -0.05978900586938949 -0.078479998231315545 0.0060918300185383552 -0.08759021148353574 -0.088955108529700053 0.0023337870618458556 0.010789502229237266 0.02227145698607701 -0.044987684793710882 -0.075152676269754387 0.037273076135600401 -0.030199255489561774 -0.00752745842794792 0.012161445949483285 0.0015478208873667475 -0.014456094693804159
leaf_weight=1265.8733455104593 43498.423031811668 2069.255435062063 9.1180314815137518 600.34678519996669 142.84721455532053 20.000700087930454 207.92568717221729 56.140386037179269 7.2331195101141956 10.6988370756153 12.413640555285381 4.6200715037994113 54.906801075616386 9.5078788360115123 25.981555140722776 15.252261442597954 23.587009970098734 6.0688463146798339 13.117914743255822 222.74188083733316 576.44384633883601 5.2474691199604448 12.567664748727109 14.426821293309329 38.219678329973249 108.92217080971022 1032.4525578417743 267.50074261680857 667.73217102698618 305.29279317195687
leaf_count=12106 1375327 18137 242 58957 9548 6109 2176 471 39 182 215 48 333 62 390 232 272 193 277 1894 4193 28 200 200 918 14557 263335 48912 76532 42140
internal_value=-1.81492e-11 0.00325156 0.00903714 -0.000322081 -0.00381847 0.0114417 0.00104633 -0.0061622 0.00250166 -0.0551984 -0.0100718 -0.0117834 0.00289521 0.00230591 -0.0358618 -0.0097468 -0.0380076 -0.0153113 -0.0629528 -0.00671866 0.00282493 0.000932025 0.00952516 -0.0493476 -0.00464474 -0.0106849 -0.0027873 0.00104277 -0.00190752 -0.0034832
internal_weight=51304.9 4623.13 1274.99 46681.7 3183.31 162.848 3348.14 561.868 2786.27 17.932 505.727 493.314 2768.34 2713.43 35.4894 475.576 44.9081 29.6559 17.738 430.668 2677.94 2088.93 589.012 19.6743 3020.47 709.269 2311.2 1278.75 1011.24 973.025
internal_count=1938225 41890 12348 1896335 521008 15657 29542 5778 23764 221 5307 5092 23543 23210 452 4767 697 465 325 4070 22758 18365 4393 228 505351 73514 431837 168502 119590 118672
is_linear=0
shrinkage=0.05


Tree=150
num_leaves=31
num_cat=0
split_feature=0 5 4 16 12 7 10 12 3 17 10 14 4 8 8 13 6 8 16 4 7 2 12 5 1 13 11 2 9 9
split_gain=19.9286 20.5257 15.4466 16.4068 31.9712 20.6707 16.1376 17.564 15.9459 15.5893 13.7393 16.106 16.0914 21.0738 14.4659 22.1094 14.0181 21.6783 16.858 14.3998 13.7387 13.4363 13.1921 15.3061 13.9959 18.2237 12.9404 12.2481 14.0327 12.1885
threshold=1.0000000180025095e-35 0.023478261195123199 0.068695649504661574 0.018260869197547439 0.056521739810705192 -0.066721715033054338 -0.11283185705542563 0.11043478548526765 -0.17423328757286069 0.050000002607703216 -0.11388107389211653 -0.097567427903413759 0.072173915803432478 0.053043477237224586 0.070434782654047026 0.18521738797426227 -0.038050999864935868 0.075652174651622786 0.025217391550540928 0.19043477624654773 -0.038576727733016007 -0.12345080077648161 0.32086956501007086 0.19739130884408954 0.0078260868322104233 0.13826086372137072 -0.1235562041401863 -0.08878027647733687 0.13304347544908526 0.16086956113576892
decision_type=2 2 2 2 2 2 2 2 2 2 2 2 2 2 2 2 2 2 2 2 2 2 2 2 2 2 2 2 2 2
left_child=1 -1 29 5 8 6 -4 21 -5 -6 12 14 13 -11 15 -12 17 -13 20 -19 -18 26 23 24 -20 -26 -8 28 -16 -2
right_child=2 -3 3 4 9 -7 7 -9 -10 10 11 16 -14 -15 27 -17 18 19 22 -21 -22 -23 -24 -25 25 -27 -28 -29 -30 -31
leaf_value=0.0085162797454387054 -0.00015629452913816562 0.0010722531419637526 0.00054268193355444722 0.0040963437841569092 0.024112811923118777 0.0086511405153411863 -0.0058417699326276011 0.015043965369124689 -0.041563905496141626 -0.021360447067239136 -0.0015408523216313493 -0.03636133807861211 -0.016144945897797948 0.040012824595174697 0.0085601418224988523 -0.078026644752215643 0.0023437849508012054 -0.0017281678384120779 0.060627622453358267 -0.022125049096455962 -0.066555165901664701 0.035906885338900657 -0.022556252382691554 0.023114105659755857 -0.048586304534137925 0.0090379995718456677 -0.056035714625641324 -0.035524015685365638 0.04205273930732225 0.0076265592166508403
leaf_weight=1278.1537705357769 42967.083523071662 3355.697305876718 168.00387858878821 24.18142291737604 45.9001201998326 500.53686614519211 17.633208343759179 20.316549106813909 87.416920549774659 24.536424958583666 825.92886115145666 86.48250798769368 405.6467558953882 30.128289328924438 206.2399120623304 8.5585747111763322 13.446107071693406 252.28983091373084 5.6215493349009185 130.85322150657339 14.500073079398133 5.1187064590922082 32.127089393034112 108.19937746788491 23.470154543872923 30.646560242537817 48.858285695663653 12.388266862155431 36.063524646946462 508.00986391427432
leaf_count=12348 1335594 29542 13396 4209 3598 27592 2488 2810 13569 3380 91340 19238 80353 2540 34112 2098 658 87658 63 71520 1609 323 21684 9537 1728 6704 4237 4970 9594 39733
internal_value=-8.90899e-12 0.00312693 -0.000310731 -0.00368251 -0.0057064 0.00271617 -0.0087019 -0.0254212 -0.0317216 -0.004427 -0.00502042 -0.00303237 -0.0127142 0.0125764 0.000767784 -0.00241775 -0.00895793 -0.0138878 0.00121229 -0.00873369 -0.0344692 -0.0369506 0.00634313 0.0119725 -0.00825582 -0.0163815 -0.0430083 0.0111737 0.0136974 -6.51779e-05
internal_weight=51274 4633.85 46640.2 3165.09 2404.63 760.467 259.931 91.9267 111.598 2293.03 2247.13 1786.82 460.311 54.6647 1089.18 834.487 697.636 469.626 228.011 383.143 27.9462 71.6102 200.065 167.938 59.7383 54.1167 66.4915 254.692 242.303 43475.1
internal_count=1938225 41890 1896335 521008 470162 50846 23254 9858 17778 452384 448786 362513 86273 5920 142114 93438 220399 178416 41983 159178 2267 7048 39716 18032 8495 8432 6725 48676 43706 1375327
is_linear=0
shrinkage=0.05


Tree=151
num_leaves=31
num_cat=0
split_feature=25 27 4 12 11 1 6 4 10 6 1 13 1 2 12 11 0 13 18 1 4 2 24 2 3 7 17 0 1 4
split_gain=18.8303 25.2242 15.6497 23.8212 19.5228 20.4346 18.5333 15.4153 15.4268 14.2945 13.868 12.9033 12.3357 12.1427 14.9589 18.4906 21.8583 11.9627 11.8814 18.4422 11.7742 14.6228 12.4853 11.8481 10.8036 19.5408 18.9631 10.7084 12.9125 10.6561
threshold=1.0000000180025095e-35 1.0000000180025095e-35 0.07739130407571794 0.068695649504661574 -0.19615004956722257 0.0095652174204587954 -0.038050999864935868 0.10521738976240159 -0.1116928420960903 -0.0058192913420498362 1.0000000180025095e-35 0.1278260871767998 0.039130434393882758 -0.090936325490474687 0.086086958646774306 -0.075680486857891069 0.028695652261376384 0.0095652174204587954 0.027398205362260345 0.08782608807086946 0.086086958646774306 -0.12472876533865927 1.0000000180025095e-35 -0.1062326170504093 -0.63845762610435475 -0.26495708525180811 0.0015217391774058344 0.0060869567096233377 0.021739130839705471 0.0043478262377902874
decision_type=2 2 2 2 2 2 2 2 2 2 2 2 2 2 2 2 2 2 2 2 2 2 2 2 2 2 2 2 2 2
left_child=2 9 29 6 -5 17 10 13 -9 24 -4 -12 -10 14 27 -16 -17 -6 19 -18 21 -8 -22 -23 25 26 -2 28 -7 -1
right_child=1 -3 3 4 5 7 20 8 12 -11 11 -13 -14 -15 15 16 18 -19 -20 -21 22 23 -24 -25 -26 -27 -28 -29 -30 -31
leaf_value=0.0012684759922844445 -0.0070966081993424765 0.01685251565908959 0.027396875900306979 -0.023248975398294052 -0.075948519335606715 -0.026325802504290875 -0.051114209530091395 -0.020841541430775351 0.0032471574157018819 -0.061418226200494898 -0.018937541224511502 -0.072666427005147083 -0.0082062470182922287 -0.042641628506942163 0.033378131243782021 -0.087443702637909626 -0.044566435378805419 0.014471751182046924 0.065029394559290715 0.027422251123432818 -0.067637537784069696 0.048067842278234199 0.011965893572167539 -0.03253948884235159 0.0029771811225473644 0.027163108573802938 -0.10260298670605397 -0.00070901292670503342 0.064057503188123463 -0.00045094936327656635
leaf_weight=12242.425160553394 10.719290800654568 345.56321739321356 14.780264038738094 100.38995592859465 2.7379915519413762 4.9554086080170263 4.497329886769875 152.51058142560214 381.40417693890413 7.7874629666293904 349.40426938474411 10.700966010917908 609.99961399531094 12.982678187348936 84.137182991391455 5.9841948840767136 14.846637967100831 231.42342617152462 6.5304320530267423 19.302728136186488 7.289711138466374 31.187263194937259 11.537683551665395 4.5931017026287 1916.8090187848502 10.48390961284167 9.3910402362525911 504.33258299600857 12.377927444409577 34129.102636177864
leaf_count=113215 145 3801 213 30931 60 272 195 37656 43635 4714 40938 3600 192745 7025 13207 199 939 9250 123 1517 536 456 615 238 30031 87 199 61175 153 1340355
internal_value=-1.03865e-11 0.00441969 -0.000207823 -0.00399882 -0.00183334 -0.000770422 -0.0146675 -0.00257121 -0.00608926 0.0022148 -0.0187656 -0.020731 -0.00380116 0.00347642 0.00445792 0.0195083 -0.00567527 0.013096 0.00816265 -0.00425276 0.0112056 0.0262656 -0.0207123 0.037117 0.00250066 -0.0265042 -0.0544434 0.000654124 0.0381914 3.00917e-06
internal_weight=51250.2 2300.75 48949.4 2577.91 2143.92 2043.53 433.991 1809.36 1143.91 1955.19 374.885 360.105 991.404 665.45 652.467 130.801 46.664 234.161 40.6798 34.1494 59.1051 40.2777 18.8274 35.7804 1947.4 30.5942 20.1103 521.666 17.3333 46371.5
internal_count=1938225 38977 1899248 445678 398887 367956 46791 358646 274036 35176 44751 44538 236380 84610 77585 15985 2778 9310 2579 2456 2040 889 1151 694 30462 431 344 61600 425 1453570
is_linear=0
shrinkage=0.05


Tree=152
num_leaves=31
num_cat=0
split_feature=4 6 11 15 2 7 8 1 14 10 15 10 14 9 15 0 3 4 18 16 2 14 5 9 8 15 5 5 23 13
split_gain=15.8997 17.5075 32.7573 22.0785 29.7709 21.5871 21.4066 24.9106 20.9762 27.3593 20.7979 19.1075 18.7207 18.5149 18.216 32.9457 17.3072 16.7664 21.6929 16.4968 16.4935 15.8917 15.798 24.8978 24.023 20.3759 15.6066 14.7858 13.4862 19.5963
threshold=0.018260869197547439 -0.10689946264028548 -0.12991308420896527 -0.15861509740352628 -0.16587232798337934 -0.054854411631822579 0.018260869197547439 0.035652173683047302 -0.1208781637251377 -0.12799907475709912 -0.091964699327945695 -0.11664992198348044 -0.12758651375770566 0.044347826391458518 -0.10946084558963774 0.016521738842129711 -0.1580834090709686 0.0026086957077495758 0.003558847820386291 0.01304347859695554 -0.16097335517406461 -0.13451492041349408 0.32260869443416601 0.058260869234800346 0.032173912972211845 -0.091331284493207918 0.016521738842129711 0.0043478262377902874 0.21428572386503222 0.028695652261376384
decision_type=2 2 2 2 2 2 2 2 2 2 2 2 2 2 2 2 2 2 2 2 2 2 2 2 2 2 2 2 2 2
left_child=1 2 28 4 12 -6 7 8 9 -4 -11 19 21 26 15 16 -10 -14 -19 -9 -7 -3 -15 24 -24 -25 -8 -2 -1 -30
right_child=27 3 6 -5 5 20 13 11 14 10 -12 -13 17 22 -16 -17 -18 18 -20 -21 -22 -23 23 25 -26 -27 -28 -29 29 -31
leaf_value=-0.0042580677492068102 -0.011978473535815342 -0.01985876856484748 0.0010609234633782662 -0.0017892720342803055 0.010419677272748638 0.02671225793259005 -0.010150673402679534 -0.0039467470884852205 0.027024142177661126 0.0097679197799890871 0.033915236939847673 -0.087038864163363733 0.036659470751466264 0.010548180238650486 0.0093963710038519697 0.0092881641090393208 -0.072162536086001192 -0.069065281883674556 0.034015788149772193 -0.046752016565450381 -0.0029341915109493757 -0.077481576986638545 0.00045195058685241259 0.0087888956987712975 -0.085255109119815514 -0.073475512470397283 0.019341409182546964 -0.00090692150940245629 0.00083696900869465504 0.017070248024770064
leaf_weight=1304.5038170207481 305.0985629761235 30.417586476774886 1205.3000217553927 9558.2257645571553 1002.6145171859243 49.394370489462744 47.913434036017861 359.97275742469355 4.4832989817950866 1087.0504880051594 96.412129272488528 6.545014241943135 17.912987573770806 243.58405826246599 43.630828755209222 28.442440938204527 35.200898160925135 11.779195394832643 7.7037593158893278 23.032586592249572 678.58708968351129 19.838660703448113 14.35652198223397 88.298140972736292 17.958811316289939 7.2206750657642251 593.41980776391574 20360.31510644282 13755.644491458213 187.46079125496908
leaf_count=35048 81844 425 12490 136006 14865 345 1120 5236 64 10804 761 177 90 6153 588 474 779 236 86 681 8506 353 360 1923 451 315 7838 1395185 206009 9013
internal_value=1.28662e-11 0.000724999 0.00164787 -0.000828508 0.00422028 0.00566498 0.00573464 0.0035403 0.00537281 0.00636529 0.0117621 -0.00820624 -0.0240459 0.0119869 -0.0157092 -0.0316911 -0.0605682 0.00278172 -0.0286352 -0.00663595 -0.000888762 -0.0436732 0.00309151 -0.0110885 -0.0483079 0.00187335 0.0171257 -0.00107095 0.0006015 0.00105643
internal_weight=51192.3 30526.9 19150.4 11376.5 1818.25 1730.6 3902.82 2890.07 2500.52 2388.76 1183.46 389.55 87.6522 1012.75 111.757 68.1266 39.6842 37.3959 19.483 383.005 727.981 50.2562 371.418 127.834 32.3153 95.5188 641.333 20665.4 15247.6 13943.1
internal_count=1938225 461196 300284 160912 24906 23716 50214 32054 25960 24055 11565 6094 1190 18160 1905 1317 843 412 322 5917 8851 778 9202 3049 811 2238 8958 1477029 250070 215022
is_linear=0
shrinkage=0.05


Tree=153
num_leaves=31
num_cat=0
split_feature=0 5 4 12 16 12 13 18 13 3 1 1 5 9 2 24 14 15 2 6 2 7 14 2 7 5 8 14 17 12
split_gain=16.7924 17.5807 13.6031 21.121 20.4147 24.4234 17.5687 18.3844 15.204 14.324 13.9938 12.1299 22.9578 19.9143 14.7766 16.1588 18.7632 16.5091 16.2803 15.7769 19.2306 18.9653 21.0508 18.4639 13.6963 12.4887 12.4577 17.2136 14.6363 15.8501
threshold=1.0000000180025095e-35 0.0043478262377902874 0.089565217494964613 0.068695649504661574 0.037391304969787605 0.080869562923908248 0.16434781998395923 0.075671538710594191 0.14869565516710284 -0.10878559574484824 0.079130433499813094 1.0000000180025095e-35 0.65130436420440685 0.028695652261376384 -0.14097330719232556 1.0000000180025095e-35 -0.13193888217210767 -0.26107987761497492 -0.17576096951961515 -0.062395198270678513 -0.12422431632876395 -0.088189326226711259 -0.12591844052076337 -0.13910552859306333 0.024488996714353565 0.040869565680623061 0.023478261195123199 -0.1157894767820835 0.015652175061404709 0.018260869197547439
decision_type=2 2 2 2 2 2 2 2 2 2 2 2 2 2 2 2 2 2 2 2 2 2 2 2 2 2 2 2 2 2
left_child=1 -1 11 -4 6 -6 8 -8 10 -10 -5 12 13 14 15 16 17 -2 25 21 23 22 -16 -21 26 -18 27 28 29 -17
right_child=2 -3 3 4 5 -7 7 -9 9 -11 -12 -13 -14 -15 19 24 18 -19 -20 20 -22 -23 -24 -25 -26 -27 -28 -29 -30 -31
leaf_value=0.01137778772355643 -0.010415108628746644 0.0017554804087690778 -0.028332077895610142 0.0036439854643325639 -0.036107361067469694 -0.0062201704312316707 -0.026849551755753195 0.0070953785767624445 -0.0047251573246431741 0.040328781477326152 -0.036943197497142734 7.5428823065875177e-05 -0.06351767568933385 0.053372107143145109 -0.03503663003316345 -0.011316914458966645 -0.0095369248341646423 0.023332487423344192 -0.0028640986055233943 0.014613636361924573 0.023015176313537337 0.032178345263425744 0.0093153707027741079 -0.087712219583225573 0.05107783538903387 -0.071538933699980919 -0.063554896105594352 0.046904377888693338 -0.052997112068376012 0.041479281569783019
leaf_weight=536.15686129673122 50.165157442097552 4088.0487299798115 86.79552752483869 725.35716394615883 73.741566345641331 810.96365239519218 97.900827846548054 66.27079348317784 26.070863167456992 52.341116447409149 20.880680305010173 42526.844330406973 14.999177713820243 14.345159503864123 30.806252143200254 762.97191400972588 17.831592362723313 125.16326963269967 698.77331213869911 6.0233907327055958 11.468879775613457 71.523226903402247 167.51524210312346 13.199986351741247 7.9264656559098503 14.489365306973921 10.287087230186442 11.867302194586953 19.72400906169787 13.525021930690853
leaf_count=5822 501 36068 13177 67559 14767 248068 20818 12773 5259 2986 4475 1486778 219 266 335 7212 182 877 6346 47 100 453 1616 261 42 197 209 126 580 106
internal_value=5.26298e-11 0.00287336 -0.000285493 -0.00436087 -0.00323583 -0.00874927 0.00170094 -0.0131871 0.00467724 0.0254781 0.00246038 -0.00010623 -0.00384989 -0.00338202 -0.00380847 -0.0055837 -0.000970987 0.0136723 -0.00449656 0.00641107 -0.0270066 0.0102977 0.00228474 -0.0565126 -0.0106364 -0.038645 -0.0112957 -0.0105527 -0.0114669 -0.0103451
internal_weight=51174 4624.21 46549.8 1960.32 1873.53 884.705 988.821 164.172 824.65 78.412 746.238 44589.5 2062.61 2047.61 2033.26 1732.72 906.423 175.328 731.094 300.537 30.6923 269.845 198.321 19.2234 826.302 32.321 818.375 808.088 796.221 776.497
internal_count=1938225 41890 1896335 389882 376705 262835 113870 33591 80279 8245 72034 1506453 19675 19456 19190 16378 8103 1378 6725 2812 408 2404 1951 308 8275 379 8233 8024 7898 7318
is_linear=0
shrinkage=0.05


Tree=154
num_leaves=31
num_cat=0
split_feature=1 24 4 10 16 2 14 14 5 18 3 6 6 6 15 0 2 18 10 3 14 4 4 11 15 2 10 0 4 4
split_gain=17.6044 15.9262 15.91 20.1433 14.5544 20.8519 28.6943 23.9984 25.7418 15.0636 18.5428 15.9781 25.7837 14.1989 16.1854 14.3458 13.943 18.8507 16.6526 19.1654 31.7572 24.3765 22.861 23.5455 18.5153 17.8979 17.285 17.2342 20.3072 24.1169
threshold=0.0060869567096233377 1.0000000180025095e-35 0.10173913091421129 -0.11183637753129004 0.0060869567096233377 -0.13314093649387357 -0.1135151945054531 -0.12160915136337279 0.25304347276687628 0.00075306577491574 -0.28965371847152704 -0.10116057842969893 -0.15061935782432553 -0.021605838090181347 -0.062448807060718529 0.0043478262377902874 -0.12783780694007871 0.013323091436177494 -0.12217391654849051 -0.10457632690668105 -0.10867312178015708 0.0060869567096233377 0.075652174651622786 -0.079107902944087968 -0.17342935502529142 -0.1602734103798866 -0.12355039641261099 0.0043478262377902874 0.033913042396306999 0.01304347859695554
decision_type=2 2 2 2 2 2 2 2 2 2 2 2 2 2 2 2 2 2 2 2 2 2 2 2 2 2 2 2 2 2
left_child=1 4 -2 -4 13 6 9 -7 -9 11 -11 12 -6 14 -1 -15 18 -18 26 20 22 -21 23 24 -20 -23 -3 -28 29 -29
right_child=2 16 3 -5 5 7 -8 8 -10 10 -12 -13 -14 15 -16 -17 17 -19 19 21 -22 25 -24 -25 -26 -27 27 28 -30 -31
leaf_value=0.0039788806554497532 -0.00034883583585201242 -0.00045287749433700316 -0.020023412483391734 -0.0032567958003398133 -0.018513383794325221 -0.030758439015280133 -0.05154682569311636 0.033900457851606926 -0.031309703429973489 0.012705415179108691 -0.012182023956311591 -0.052984983775770871 0.055229733976027977 -0.012978050187019566 0.033977809572037332 -0.10010870325167916 0.027809549424971897 -0.0047777242423563465 0.0046996228298031885 0.014573240835289564 0.028797203142342593 0.049083715447296825 -0.085431429275178494 0.042905040991968624 -0.012054861873775581 -0.047071157879203109 0.01513837212657582 0.00061911349235022767 0.046142360078505792 -0.046342065140883217
leaf_weight=6075.5228102736146 36393.266671450117 4755.0900457664811 209.42415675590746 1209.0333823956898 17.866049350253888 23.683644692238886 33.92857595589885 95.034079624645528 17.150347068032715 90.996832706863643 403.08420909878623 5.8071451485157004 32.008415217045695 27.851919620758053 44.317607805831358 4.7970345858484498 100.04675689637224 78.67801675289229 228.70796710228024 25.936309556942433 66.732505172702076 4.3895376236177972 8.1462718090915569 23.006891028024256 585.84243111725664 71.959182059392333 366.7736008764914 130.63556762528606 17.427532564412104 33.566159464826342
leaf_count=59271 1448394 53795 50784 277183 407 673 2373 2720 529 2919 10547 79 171 448 560 115 1559 1939 4328 132 1929 38 389 228 9225 1419 3289 1317 388 1077
internal_value=-3.35312e-11 0.00155945 -0.000551398 -0.00574462 0.00323725 -0.00348754 -0.00759558 0.0140872 0.0237428 -0.00479446 -0.007582 0.0196377 0.0289688 0.00402418 0.00420164 -0.0283746 -0.000215442 0.0135173 -0.00060598 -0.00647107 -0.00415532 -0.0268886 -0.00678647 -0.00592058 -0.00735057 -0.0409798 0.000517201 0.00891407 -0.00366907 -0.00920311
internal_weight=51180.7 13369 37811.7 1418.46 6872.05 719.559 583.691 135.868 112.184 549.763 494.081 55.6816 49.8745 6152.49 6119.84 32.649 6496.94 178.725 6318.21 1014.72 912.436 102.285 845.704 837.557 814.55 76.3487 5303.49 548.403 181.629 164.202
internal_count=1938225 161864 1776361 327967 80812 20418 16496 3922 3249 14123 13466 657 578 60394 59831 563 81052 3498 77554 17688 16099 1589 14170 13781 13553 1457 59866 6071 2782 2394
is_linear=0
shrinkage=0.05


Tree=155
num_leaves=31
num_cat=0
split_feature=16 5 12 18 7 14 0 15 11 15 23 13 11 14 15 10 2 7 18 4 1 6 6 6 10 3 10 9 5 6
split_gain=20.1929 12.7508 11.8798 13.9981 12.7171 15.1513 17.7595 14.9589 22.4258 14.6132 13.2769 12.5168 12.474 12.8995 22.8417 16.7871 14.0488 14.3985 13.1207 12.1126 21.6565 14.5774 12.0581 17.2384 12.6968 15.0896 12.0717 26.1535 11.6742 11.5541
threshold=0.014782608952373268 0.0043478262377902874 0.037391304969787605 0.013659372460097076 -0.22364205867052075 -0.10796460136771201 0.2930434793233872 -0.061485454440116875 -0.17427738755941388 -0.18132622539997098 0.78571429848670971 0.0043478262377902874 -0.11770477145910262 -0.11736530065536498 -0.087723866105079637 -0.11919831112027167 -0.15182284265756604 -0.08641647174954413 0.015211179386824371 0.0026086957077495758 0.23391304165124896 -0.15873813629150388 -0.07677548378705977 -0.081508401781320558 -0.12179486826062201 -0.10105902329087256 -0.11979627236723898 0.016521738842129711 0.051304347813129432 -0.17128959298133847
decision_type=2 2 2 2 2 2 2 2 2 2 2 2 2 2 2 2 2 2 2 2 2 2 2 2 2 2 2 2 2 2
left_child=2 -2 4 -4 9 6 10 8 -7 -1 -6 -5 19 14 16 18 -14 -18 -15 -13 21 -21 23 24 -20 -26 27 -24 -22 -11
right_child=1 -3 3 11 5 7 -8 -9 -10 29 -12 12 13 15 -16 -17 17 -19 22 20 28 -23 26 -25 25 -27 -28 -29 -30 -31
leaf_value=0.00086181140685491074 -0.012493066668317274 -0.0012411346317173218 0.035357869561640061 -0.062951491936019163 7.1179239586984294e-06 0.013886675996524761 -0.079918032901580519 0.013942774920556089 -0.081967533251559477 0.010357569637500988 0.024616637676933784 -0.011156450330660799 -0.060353574983864879 -0.071614478658216657 -0.081905260619094866 -0.00093750791971949476 -0.055119382835081922 0.027424312157052429 -0.016644844046568415 -0.012627074910705123 0.0036620889749226838 0.011518244592337565 -0.08413341532738064 -0.076065987518249931 0.043719890810597906 -0.067077668402188928 0.068850231047385219 0.036641613919099876 0.047029328113829726 0.0028329807049649425
leaf_weight=4703.0803759608862 254.65001635241788 16702.05281508615 36.068460939626675 5.9030575990327625 25756.060752144665 8.6342443079338391 5.9430559635220552 12.331042672474721 17.881053223507482 852.77396021672757 53.923020055248344 62.031125265057199 7.795794210163872 2.8707460523582986 11.715754832956007 673.39919093891513 5.6454984258161849 25.18960543721915 19.338998233492021 72.032952644251054 21.10870072763646 438.3388094305119 4.2418155148625365 4.7695788093842557 30.351038878317922 2.5164362760260692 20.268698240164667 31.304283490520902 59.528483474306995 1270.3788565413852
leaf_count=98166 77765 1258913 1057 125 395736 233 187 452 891 14423 551 592 693 158 702 24562 332 634 1715 5185 954 25362 99 410 1002 184 203 971 977 24991
internal_value=2.11333e-11 -0.00141084 0.000699214 0.00499749 0.000497257 -9.57204e-06 3.79782e-05 -0.0308177 -0.051384 0.00241662 5.94846e-05 0.00424356 0.0045513 0.00051706 -0.023768 0.00209471 -0.0045147 0.011055 0.0196055 0.00972814 0.0119353 0.00809239 0.0225361 0.00616429 0.0149653 0.0335068 0.0388459 0.0203214 0.0358608 0.00585872
internal_weight=51172.1 16956.7 34215.4 1534.42 32681 25854.8 25815.9 38.8463 26.5153 6826.23 25810 1498.35 1492.45 839.407 50.3467 789.061 38.6309 30.8351 115.662 653.04 591.009 510.372 112.791 56.9761 52.2065 32.8675 55.8148 35.5461 80.6372 2123.15
internal_count=1938225 1336678 601547 65917 535630 398050 396474 1576 1124 137580 396287 64860 64735 31665 2361 29304 1659 966 4742 33070 32478 30547 4584 3311 2901 1186 1273 1070 1931 39414
is_linear=0
shrinkage=0.05


Tree=156
num_leaves=31
num_cat=0
split_feature=4 7 6 12 18 10 6 8 0 4 11 6 0 3 3 16 1 17 13 12 2 17 6 14 5 18 17 3 12 15
split_gain=16.9813 15.2474 42.254 31.2622 26.5078 22.1083 44.3489 17.4679 16.8871 26.6654 17.4443 17.1422 15.6963 15.6615 14.5227 14.1773 13.2313 24.5763 17.0839 17.7091 16.6598 14.0314 16.6534 17.4622 13.9077 26.5887 18.8745 13.1244 16.2804 14.3456
threshold=0.039130434393882758 -0.11429970711469649 -0.16677784919738767 0.028695652261376384 0.02394069638103247 -0.12591574341058728 -0.30536057054996485 0.063478261232376113 0.0078260868322104233 0.042608696967363364 -0.091329302638769136 -0.10689946264028548 0.0060869567096233377 -0.35524453222751612 -0.13497269898653028 0.047826087102293975 0.0078260868322104233 0.022173914127051834 0.0095652174204587954 0.018260869197547439 -0.14514581114053723 0.036956524476408965 -0.067298743873834596 -0.11041008308529852 0.049565218389034278 0.0028510604752227668 0.032173914834856994 -0.089283488690853105 0.049565218389034278 -0.080162487924098955
decision_type=2 2 2 2 2 2 2 2 2 2 2 2 2 2 2 2 2 2 2 2 2 2 2 2 2 2 2 2 2 2
left_child=-1 3 -3 -2 5 6 -5 14 9 11 12 -7 -11 -8 -6 -9 -4 -18 20 -20 -19 -22 -23 -24 25 -21 -27 29 -29 -10
right_child=1 2 16 4 7 8 13 15 27 10 -12 -13 -14 -15 -16 -17 17 18 19 24 21 22 23 -25 -26 26 -28 28 -30 -31
leaf_value=0.00044731562814777023 -0.043900709371685574 -0.0283858469864606 0.0067761463533263086 0.0077720242187312065 -0.017548274225873427 0.01160465341490537 0.0064126833959882376 0.00064168493957968533 -0.0015504895539309328 0.018263513244146892 -0.070919428475123461 -0.082880405344572833 0.062202936103012731 -0.036829877197615019 -0.051862148169313296 -0.019391283260767271 -0.04671010454065852 0.034530338930424689 0.039493396450837423 -0.067390177735429199 -0.084066298072344919 -0.060358510289669633 0.043243752476070541 -0.058181017719164008 -0.00099348115779853666 -0.054170378105129292 0.017289813387107038 -0.05748424051566875 -0.0081770646551544961 0.014545947312471408
leaf_weight=41204.494857638769 49.713843474921305 133.58515338461984 634.77908638430927 128.2325330049207 87.61006456859468 9.1965569955064002 23.988907795173873 185.23114212372275 1574.5441175918004 59.755083150812425 3.2469895645044735 8.5752035315381345 30.879662424442358 150.24248169998464 48.10127587315219 167.69170152266452 28.001995588419959 7.9538828101940444 26.778911907807924 9.3720794276450743 12.392135715752373 14.085147450023213 12.112598184030503 5.2983720044576375 6030.7710055681237 8.6719045495847222 228.69407468491409 20.350530705007259 79.688225072939531 150.75232258220058
leaf_count=944286 7080 17879 15546 6202 17232 280 4855 49585 198908 1762 263 208 979 31152 9714 90893 1718 74 547 481 297 270 90 200 471878 550 17122 2479 31195 14500
internal_value=-4.31531e-11 -0.00185594 -0.000634703 -0.00499911 -0.00427438 -0.00196927 -0.0145177 -0.0148133 -3.32753e-06 0.0187846 0.0294199 -0.0359726 0.0337493 -0.0308734 -0.0300008 -0.0089049 -0.00010257 -0.00078748 -0.000577852 -0.000340493 -0.0288893 -0.040896 -0.0218464 0.0108953 -0.000516682 0.0110942 0.0144628 -0.00116222 -0.0186771 -0.00013641
internal_weight=51134.8 9930.3 7152.5 2777.8 2728.09 2239.45 302.464 488.634 1936.99 111.653 93.8817 17.7718 90.6347 174.231 135.711 352.923 7018.91 6384.13 6356.13 6304.29 51.8421 43.8883 31.4961 17.411 6277.51 246.738 237.366 1825.34 100.039 1725.3
internal_count=1938225 993939 526652 467287 460207 292783 42209 167424 250574 3492 3004 488 2741 36007 26946 140478 508773 493227 491509 490578 931 857 560 290 490031 18153 17672 247082 33674 213408
is_linear=0
shrinkage=0.05


Tree=157
num_leaves=31
num_cat=0
split_feature=4 1 6 8 12 9 15 13 11 4 17 14 8 17 7 9 17 15 7 6 4 9 2 11 3 11 18 6 9 5
split_gain=16.2164 15.0866 16.1132 16.4314 15.89 20.4346 33.9142 20.2316 16.3036 16.0547 15.6125 18.0831 14.6003 24.7426 19.6987 14.1508 17.0175 13.6722 16.4574 18.4808 18.1353 14.1571 13.5135 23.1583 14.1472 14.5138 13.4668 13.088 21.5118 15.2825
threshold=0.040869565680623061 0.38695652782917028 -0.0058192913420498362 0.01304347859695554 0.039130434393882758 0.026956521905958656 -0.096218381077051149 0.061739129945635803 -0.1112830489873886 0.1086956523358822 0.027826086618006233 -0.11068702116608618 0.023478261195123199 0.030434784479439262 -0.070591736584901796 0.025217391550540928 0.03086956683546305 -0.072251070290803895 -0.033809371292591088 -0.066328339278697954 0.046086955815553672 0.028695652261376384 -0.11176117137074469 -0.10145044699311255 -0.12536231428384778 -0.048653595149517052 0.0058332204353064307 -0.076316237449645982 0.14173913002014163 0.9817391335964204
decision_type=2 2 2 2 2 2 2 2 2 2 2 2 2 2 2 2 2 2 2 2 2 2 2 2 2 2 2 2 2 2
left_child=27 2 4 -4 5 6 8 17 -2 -6 -5 -12 15 -14 -15 16 -8 18 19 26 -20 -19 23 -13 -24 -26 -7 28 29 -1
right_child=1 -3 3 10 9 7 12 -9 -10 -11 11 22 13 14 -16 -17 -18 21 20 -21 -22 -23 24 -25 25 -27 -28 -29 -30 -31
leaf_value=0.00068250745180993869 -0.0050907585184973769 -0.025002325554385404 -0.056938192534037736 0.076125313027084446 -0.00017710545156469749 0.0020248774137467712 0.020571493861760343 0.00096230384858856332 -0.0364214318943804 -0.0065357079073601835 -0.079637260772819032 0.0084897292424901388 -0.084250011238499872 -0.034523893135815539 0.031765708890991902 0.058309120155839056 -0.070157658915160181 0.019403532219733573 -0.019805974892655936 -0.073189575643796023 0.015450072762028883 -0.050897773681517801 0.043550898500101201 -0.079579860052902948 0.0029807456344232456 0.049599376676292557 -0.023357104306548717 -0.0018697214365239951 0.016073609058138909 -0.058360746060450636
leaf_weight=36167.510318586232 371.68909744220582 69.081375347814173 7.4910147171449344 8.7153877494856697 6450.955023340548 65.2940239966847 127.10684164869599 199.48544125526678 45.824205214506947 1172.2577208674084 4.3685819841921321 30.755973222097964 7.5987609294243148 16.585126852616668 30.005447158939205 24.057960995123722 4.4234047629870465 7.8404647079296401 66.565597696753684 15.216667437780414 78.270246322179446 48.193810684373602 44.381478541057731 8.7920628654537705 101.76375798760637 19.008260951406555 257.73682933514647 5431.9049426455604 226.93031364900526 9.963045724318361
leaf_count=845402 21931 36291 326 47 551927 4564 2724 16883 2068 268889 272 1381 341 760 608 389 340 169 3853 1169 4363 2312 2236 2093 3892 1754 22727 122137 16053 324
internal_value=6.81237e-12 -0.00189037 -0.00171441 0.0114641 -0.00204591 -0.00701021 -0.000371411 -0.0126404 -0.00860827 -0.00115563 0.0140663 0.0111293 0.0159852 -0.00628097 0.00793861 0.0237308 0.0170139 -0.0176661 -0.014893 -0.0209169 -0.000778077 -0.0408933 0.0134441 -0.0125691 0.0197114 0.0106651 -0.0182362 0.000419509 0.000761127 0.000664635
internal_weight=51119.8 9283.46 9214.38 225.277 8989.11 1365.89 627.291 738.603 417.513 7623.21 217.786 209.07 209.778 54.1893 46.5906 155.588 131.53 539.118 483.083 338.248 144.836 56.0343 204.702 39.548 165.153 120.772 323.031 41836.3 36404.4 36177.5
internal_count=1938225 954309 918018 12001 906017 85201 29161 56040 23999 820816 11675 11628 5162 1709 1368 3453 3064 39157 36676 28460 8216 2481 11356 3474 7882 5646 27291 983916 861779 845726
is_linear=0
shrinkage=0.05


Tree=158
num_leaves=31
num_cat=0
split_feature=4 12 0 10 7 8 5 11 17 18 16 12 3 9 5 4 18 0 2 7 8 5 6 6 0 6 23 2 2 7
split_gain=16.4057 19.2443 27.5397 27.1306 22.3452 25.3967 18.0235 25.8455 15.9693 20.8209 17.6198 15.5226 16.0948 15.9903 24.4924 15.3448 15.1873 22.9487 16.4526 14.9351 15.6241 14.8566 14.6646 14.259 13.9902 14.8478 13.1674 13.1383 12.9587 12.9278
threshold=0.051304347813129432 0.049565218389034278 0.049565218389034278 -0.11979627236723898 -0.01434145402163267 0.021739130839705471 0.12086956202983858 -0.050966411828994744 0.030434784479439262 0.0083745052106678503 0.030434782616794113 0.046086955815553672 -0.095386300235986696 0.035652173683047302 0.31565217673778539 0.061739129945635803 0.015579541679471733 0.030434782616794113 -0.101896233856678 -0.26495708525180811 0.054782608523964889 0.3191304355859757 -0.060709178447723382 -0.061558451503515237 0.026956521905958656 -0.36655505001544947 0.78571429848670971 -0.14214367419481275 -0.13866367191076276 -0.037431374192237847
decision_type=2 2 2 2 2 2 2 2 2 2 2 2 2 2 2 2 2 2 2 2 2 2 2 2 2 2 2 2 2 2
left_child=26 2 3 22 6 -6 15 8 -8 -10 11 12 -11 21 -15 -5 24 18 -18 -19 -21 -14 -2 -16 -3 -26 -1 -13 -29 -27
right_child=1 16 -4 4 5 -7 7 -9 9 10 -12 27 13 14 23 -17 17 19 -20 20 -22 -23 -24 -25 25 29 -28 28 -30 -31
leaf_value=0.00025774145348105015 -0.02065148521308164 0.024464401130150349 -0.032248775670026132 -0.0025056611756646306 0.0046755808741626341 -0.051365701434454097 0.034683642951323514 -0.084692427322696329 0.029379730896581732 -0.017144700332062023 -0.040506474562043503 0.040081254417924685 0.055567365482459254 -0.079018274055292631 0.058270795899988251 -0.035195414678445336 0.0014633487710769026 -0.03374465770005982 -0.078427795812996415 -0.019855102547610613 -0.0045631525257474551 -0.039435254317076895 0.028412061699796418 -0.066373908582946575 0.024199210358549651 -0.0014899323134537205 0.011886085766180984 -0.058494747743715693 0.012519341435551938 0.010270085736224541
leaf_weight=45076.352326389417 295.83586866776022 70.311619330750545 107.33936623674163 223.08145642361342 37.393456299148966 42.618790529842954 57.884295510564698 6.2505441736429921 75.968748788756784 102.54336868936662 23.559143467617105 42.271053857781226 24.389874994289134 7.9809283099602935 8.7734001092612726 41.826917642640183 1515.6481064936161 51.873529346601572 5.4720321808126746 192.70196392228536 1222.3843385679902 4.1678853109478942 15.205302522925193 2.0945327663794151 69.788259512948571 1216.9975854796212 243.76969838226796 6.4701516504574093 44.944293360866141 288.1849347906973
leaf_count=1216417 31768 3700 12446 15454 1534 3489 1396 294 3297 6507 2337 1158 406 826 293 5683 127008 41094 440 28914 255897 177 566 117 2703 148256 3442 379 2016 20211
internal_value=6.37333e-12 -0.00250263 -0.00822775 -0.00577473 -0.000632142 -0.0254406 0.00235419 0.00894846 0.0106149 0.00646607 -0.000133995 0.00391958 -0.00605312 0.0177972 -0.0174091 -0.00778006 -0.00105474 -0.00317852 0.00112461 -0.00763826 -0.00665811 0.040837 -0.0181696 0.0306799 0.00280197 0.00181998 0.000320549 0.0197769 0.00263721 0.000766985
internal_weight=51124.1 5803.96 1170.6 1063.26 752.219 80.0122 672.207 407.298 401.048 343.163 267.195 243.635 149.95 47.4066 18.8489 264.908 4633.36 2988.08 1521.12 1466.96 1415.09 28.5578 311.041 10.8679 1645.28 1574.97 45320.1 93.6855 51.4144 1505.18
internal_count=1938225 718366 90143 77697 45363 5023 40340 19203 18909 17513 14216 11879 8326 1819 1236 21137 628223 453353 127448 325905 284811 583 32334 410 174870 171170 1219859 3553 2395 168467
is_linear=0
shrinkage=0.05


Tree=159
num_leaves=31
num_cat=0
split_feature=4 10 5 6 17 1 5 13 8 10 5 7 18 0 11 23 5 13 6 5 3 7 5 14 6 7 15 12 5 17
split_gain=17.003 16.1083 15.8556 26.4671 19.4544 16.7573 15.7592 15.1872 15.1675 21.0522 13.883 26.1681 12.347 18.3294 20.423 12.0306 13.0331 12.2658 19.4262 27.767 18.5853 18.4251 20.1324 16.4487 22.7238 26.4687 18.8008 18.2398 29.8292 15.8108
threshold=0.051304347813129432 -0.12041883543133734 0.19391304999589923 -0.34010666608810419 0.052173914387822158 1.0000000180025095e-35 0.01304347859695554 0.047826087102293975 0.037391304969787605 -0.12166896462440489 0.051304347813129432 -0.44510266184806818 0.037791090086102493 0.021739130839705471 -0.07195607945322989 0.78571429848670971 0.028695652261376384 0.047826087102293975 -0.011345328297466038 0.17826087027788165 -0.21926072239875791 -0.046329576522111886 0.035652173683047302 -0.11373526602983473 -0.051656000316143029 0.031462354585528381 -0.059418443590402596 0.028695652261376384 0.49478261172771459 0.036956524476408965
decision_type=2 2 2 2 2 2 2 2 2 2 2 2 2 2 2 2 2 2 2 2 2 2 2 2 2 2 2 2 2 2
left_child=15 2 3 4 6 -4 -2 -8 9 -7 -6 -12 13 -10 -15 17 -17 18 23 21 -21 22 -20 -1 27 26 -26 28 -25 -28
right_child=1 -3 5 -5 10 8 7 -9 12 -11 11 -13 -14 14 -16 16 -18 -19 19 20 -22 -23 -24 24 25 -27 29 -29 -30 -31
leaf_value=0.00024283287315795453 0.042473246251332704 -0.001429963847961205 0.052966787909949888 -0.025206915435871037 0.047070681415453369 -0.0097522511657895487 0.013575856528684675 -0.068015961387150561 0.032329276815149251 -0.059790218761010372 -0.084190716563173285 0.029789243189792598 -0.027473642737530796 0.0024353421802091996 -0.060648935005777942 0.0062941913076967242 0.037758813862157549 0.0026078360854050551 0.02147925495493206 0.026192919126688446 -0.046183751993551028 0.032308694294180443 -0.048338267804415913 -0.030707520291934368 0.02011068576608508 -0.076804117733235894 -0.085852418047365958 -0.0050667731880814915 0.019798718006755631 -0.0007362902542348476
leaf_weight=38456.524168608805 6.2292623979155932 4945.2584985736357 11.849614539707543 254.99902449058209 30.213215239709825 164.39299238446984 8.0400835351320001 16.451481571421027 48.687117919893353 23.21819569307263 6.1972004061099168 15.784328786336117 32.488473330646229 252.20791038358584 12.514658488798885 203.61971543165419 38.405766012845561 4977.9367488852513 17.712641096673906 9.4445961974561197 71.915338351856917 32.429495758828125 22.351417357102036 160.98173240915639 169.0151608446904 7.3754175477079107 6.6426732773106805 1061.5547084701539 34.944727802940179 19.130075077526271
leaf_count=805715 169 602700 211 52253 1369 15873 350 771 3308 1839 216 785 8377 28937 1208 3146 296 312442 337 131 2926 524 621 8910 3896 301 273 79054 795 492
internal_value=1.03581e-11 -0.0025417 -0.00875739 -0.0172517 0.0072225 -0.0034722 -0.0238708 -0.0417492 -0.0048225 -0.016229 0.0256281 -0.00461001 0.00139319 0.00446343 -0.000763961 0.000327149 0.011422 0.000267289 -2.35377e-05 -0.0176987 -0.037566 0.00480627 -0.0177 4.50313e-05 -0.00516295 0.0103606 0.0140364 -0.00766489 -0.0216446 -0.0250614
internal_weight=51118.5 5828.53 883.274 337.915 82.9156 545.359 30.7208 24.4916 533.509 187.611 52.1947 21.9815 345.898 313.41 264.723 45290 242.025 45048 40070 153.853 81.3599 72.4936 40.0641 39916.2 1459.64 202.163 194.788 1257.48 195.926 25.7727
internal_count=1938225 718366 115666 55913 3660 59753 1290 1121 59542 17712 2370 1001 41830 33453 30145 1219859 3442 1216417 903975 4539 3057 1482 958 899436 93721 4962 4661 88759 9705 765
is_linear=0
shrinkage=0.05


Tree=160
num_leaves=31
num_cat=0
split_feature=4 12 27 25 17 11 3 7 15 13 9 9 1 6 4 5 5 2 15 15 9 15 15 12 14 7 7 6 2 11
split_gain=14.7651 19.4869 13.8301 20.1466 20.1337 22.9423 20.5531 20.4143 23.6461 30.0758 16.3715 18.3735 24.0534 17.4123 19.0156 14.5746 13.8575 16.7827 12.9086 26.7832 26.6103 15.361 12.7296 12.2945 13.7176 12.0951 12.9484 12.0907 11.9876 11.8461
threshold=0.13826086372137072 0.11391304433345796 1.0000000180025095e-35 1.0000000180025095e-35 0.0084782610647380369 -0.099807046353816972 -0.12651639431715009 -0.12457512319087981 -0.076978676021099077 0.042608696967363364 0.0060869567096233377 0.0095652174204587954 0.028695652261376384 -0.067763697355985628 0.021739130839705471 0.16434781998395923 0.035652173683047302 -0.1259815841913223 -0.13616649806499478 -0.12414186820387839 0.0043478262377902874 -0.094962112605571733 -0.1072900928556919 0.1086956523358822 -0.087676681578159318 -0.026273510418832299 -0.30233889818191523 -0.071287341415882097 -0.15906116366386411 -0.064971752464771257
decision_type=2 2 2 2 2 2 2 2 2 2 2 2 2 2 2 2 2 2 2 2 2 2 2 2 2 2 2 2 2 2
left_child=2 23 -1 4 16 10 -7 -8 15 27 13 12 -12 14 25 -9 -4 18 -18 28 -21 22 -22 24 -2 26 -6 -10 -20 -29
right_child=1 -3 3 -5 5 6 7 8 9 -11 11 -13 -14 -15 -16 -17 17 -19 19 20 21 -23 -24 -25 -26 -27 -28 29 -30 -31
leaf_value=-6.2931723040066809e-05 -0.026381847458114518 -0.004095120883313391 0.0050770153186326713 0.015317083864605839 -0.039846362516961123 0.042295174035537397 0.033707647379532184 -0.092088353554763358 0.050913638902431259 -0.050613466749319394 0.036430466915252611 0.0095675233372483782 -0.054459768048054441 0.049424173730709099 -0.069253145378677827 -0.03139668545506747 -0.0036890902225529343 0.042672649942124018 -0.022889926589990839 -0.00040311978113660799 -0.057340040427350483 -0.097176674247283976 0.0087975280336900948 -0.059836087591944358 0.041969749979189494 -0.068933737769844003 0.008381786540373309 0.017207268335767609 -0.083047617852235509 -0.076837639315610509
leaf_weight=48403.519797031149 52.026287181710359 669.42012230429464 257.84236693970342 337.40493773169692 15.865823613596147 15.658921251306309 16.913406944891904 11.617099279304965 20.794512072578073 17.905426681856625 118.10164923574484 486.82523614928505 6.8843359927413976 11.814672580920158 11.898602654793647 57.578116291202605 262.31761802933761 14.079744598129762 14.988086003111674 123.75938512408175 14.50695337448269 10.352713064290581 13.268674324732276 23.247057630702329 7.6030249095310856 5.8336269885767242 78.609559979347978 13.012501984136181 20.794229185266886 3.4056368866004041
leaf_count=1690745 8904 197545 2663 3747 311 230 559 499 238 1026 1467 16539 133 68 348 1673 2342 86 124 860 265 267 119 5640 380 75 700 231 313 128
internal_value=-2.75082e-11 -0.00694835 0.000103921 0.00421814 0.00190509 0.00694156 -0.01037 -0.0164657 -0.0235065 0.000986614 0.0106416 0.0139959 0.0310316 -0.00588498 -0.0120938 -0.0427529 -0.00423905 -0.00930602 -0.0109861 -0.0206024 -0.0117698 -0.0477112 -0.0265377 -0.0296712 -0.0171182 -0.00469691 -4.9975e-05 0.0264896 -0.0591568 -0.00559198
internal_weight=51117.9 752.296 50365.6 1962.03 1624.63 892.719 156.886 141.227 124.313 55.1181 735.834 611.811 124.986 124.022 112.208 69.1952 731.91 474.067 459.988 197.67 161.888 38.1283 27.7756 82.8764 59.6293 100.309 94.4754 37.2127 35.7823 16.4181
internal_count=1938225 212469 1725756 35011 31264 24225 4584 4354 3795 1623 19641 18139 1600 1502 1434 2172 7039 4376 4290 1948 1511 651 384 14924 9284 1086 1011 597 437 359
is_linear=0
shrinkage=0.05


Tree=161
num_leaves=31
num_cat=0
split_feature=4 5 18 7 3 0 6 15 18 15 7 16 18 11 10 6 13 18 11 15 5 15 1 5 2 6 11 15 18 7
split_gain=16.0101 12.3196 16.6194 15.3343 15.9664 15.2608 15.3025 12.0335 11.9065 16.0025 11.7516 11.1833 11.8782 10.8002 10.7452 20.5958 21.2233 20.168 19.95 17.5379 22.3703 13.9656 13.5449 12.4426 12.2976 12.2564 29.613 23.6316 30.2819 30.0155
threshold=0.011304348241537811 0.0095652174204587954 0.01727679651230574 -0.18424488604068753 -0.33563031256198878 0.014782608952373268 -0.023132245987653729 -0.18132622539997098 0.013659372460097076 -0.09679375588893889 -0.41088935732841486 0.0078260868322104233 0.0039610576350241908 -0.13371911644935605 -0.12312112376093863 -0.16389735788106916 0.021739130839705471 0.0014420108054764571 -0.10199004784226416 -0.18994198739528653 0.079130433499813094 -0.1427420377731323 0.11565217375755311 0.93130433559417736 -0.17782085388898847 -0.097227685153484331 -0.10853226482868193 -0.13108588010072705 0.025123515166342262 0.018525722436606887
decision_type=2 2 2 2 2 2 2 2 2 2 2 2 2 2 2 2 2 2 2 2 2 2 2 2 2 2 2 2 2 2
left_child=14 2 3 4 7 6 8 11 9 13 -6 -2 -13 -5 15 19 -17 18 -16 22 -21 -22 24 25 -1 26 -19 29 -29 -27
right_child=1 -3 -4 5 10 -7 -8 -9 -10 -11 -12 12 -14 -15 17 16 -18 23 -20 20 21 -23 -24 -25 -26 27 -28 28 -30 -31
leaf_value=-0.005695610654912333 -0.028702748559510483 -0.0006333694028797794 -0.018075557803914937 -0.044822236818483983 -0.026490512522482447 0.01537356602941529 0.069875012745023488 0.057545944663993633 0.042940274246041438 -0.075824124458802933 -0.006989047576169265 0.027762330016608147 -0.013277054916014178 0.015951586297076371 0.0057337226815128211 -0.0014271793690010413 0.015509175803896736 0.0017035143719675086 0.024130851843814097 0.011072621201397086 -0.0039000670622161625 0.008812645096135361 -0.05438016384496696 -0.049389538068735611 0.0019669357391758862 0.0091142607277418398 0.014408774341226083 -0.00027353433334361717 -0.01449156873506024 -0.029613159534731304
leaf_weight=622.85129813619278 19.392033374053426 25712.478517306896 229.1009077308554 11.871579045196993 98.556187957445218 171.91656587987381 3.8032626658678046 10.947866652713854 5.0040428269421673 13.432209432590755 350.59722901494388 47.828613099183713 26.840548830266926 16.075958972447552 772.16992169449804 10377.860147136991 187.3364535853616 3696.052276613249 181.44672587561217 1115.4814052323327 608.13169597100932 333.76447424245998 10.179159096791407 10.989290614612399 3258.3724317164688 714.25342067098245 522.65800559027412 1453.8240049197339 503.45014449156588 52.826603072579019
leaf_count=8271 1044 1447152 87404 764 15978 20860 23 678 228 655 59115 3347 4042 582 7813 103600 5599 56327 966 12227 6596 3104 251 214 45137 8050 5663 20505 11341 689
internal_value=-2.98554e-11 -0.000845801 -0.00627275 -0.0027706 -0.00721667 0.00830526 -0.0157347 0.0102652 -0.0240808 -0.0330076 -0.0113175 0.00421463 0.0130298 -0.0105206 0.000925322 0.000199526 -0.00112543 0.00244082 0.0092558 0.00255248 0.00628499 0.000609299 0.000578007 0.00150508 0.000736115 0.00159274 0.00328062 -0.00102122 -0.00393623 0.00641213
internal_weight=51139.5 26717.8 1005.37 776.266 554.162 222.104 50.1871 105.009 46.3838 41.3797 449.153 94.0612 74.6692 27.9475 24421.6 16514 10565.2 7907.67 953.617 5948.78 2057.38 941.896 3891.4 6954.05 3881.22 6943.06 4218.71 2724.35 1957.27 767.08
internal_count=1938225 1641872 194720 107316 84204 23112 2252 9111 2229 2001 75093 8433 7389 1346 296353 184785 109199 111568 8779 75586 21927 9700 53659 102789 53408 102575 61990 40585 31846 8739
is_linear=0
shrinkage=0.05


Tree=162
num_leaves=31
num_cat=0
split_feature=4 0 3 5 6 6 23 18 14 17 14 18 12 9 6 5 9 10 1 13 2 3 11 16 13 1 14 14 13 12
split_gain=17.3172 16.1727 36.4434 20.2414 23.3551 29.0669 26.6622 20.322 20.4166 20.8618 20.8346 27.2289 32.5894 30.7448 22.1671 50.6389 37.3166 27.2921 22.1118 30.0686 24.908 21.656 20.0963 18.5676 18.1407 20.3674 29.657 37.2636 22.8379 23.954
threshold=0.0060869567096233377 0.01304347859695554 -0.070481505244970308 0.10521738976240159 -0.034744709730148308 -0.047762239351868623 0.35714286565780645 0.0032536153448745613 -0.12458115816116332 0.0032608695328235631 -0.1208781637251377 0.010720720980316402 0.033913042396306999 0.0043478262377902874 -0.069234460592269884 0.13652173429727557 0.020000000484287742 -0.11882453784346579 0.0026086957077495758 0.065217390656471266 -0.1311761140823364 -0.087744899094104753 -0.074210062623023973 0.0078260868322104233 0.0078260868322104233 0.032173912972211845 -0.12260370329022406 -0.12182185426354407 0.0060869567096233377 1.0000000180025095e-35
decision_type=2 2 2 2 2 2 2 2 2 2 2 2 2 2 2 2 2 2 2 2 2 2 2 2 2 2 2 2 2 2
left_child=-1 2 3 4 5 -2 -6 -5 -9 -10 11 13 -13 -11 -15 -16 17 -17 -12 20 -20 23 -21 -22 25 -3 28 -28 29 -27
right_child=1 24 -4 7 6 -7 -8 8 9 10 18 12 -14 14 15 16 -18 -19 19 22 21 -23 -24 -25 -26 26 27 -29 -30 -31
leaf_value=0.0012815555356900155 -0.0015796751973474272 -0.0027383897674306975 -0.06086948135612387 0.0072351919215676566 -0.017586946774427452 -0.046407968584346836 0.052048548318795101 -0.0060933348166784937 -0.071400213955557651 -0.0047378879160309036 0.010486035822695037 -0.046483962050909051 0.019426673088587958 0.020131770831872398 0.05306427151814698 -0.078872185904643399 0.03697835004558811 0.037733218069358601 -0.0045924537426270734 0.017522604459426119 -0.046058452147084532 -0.092794952431462893 -0.010537450692842039 0.00039839784977153785 -0.0008959959609222926 0.046529527704611794 0.029269997732131705 -0.011810263921622977 -0.0098099731219956285 -0.045722679049897338
leaf_weight=17392.791644363693 3783.7049042300496 1731.0995419840519 22.668810195056722 1989.6632335965405 19.972953951641102 35.511398014612496 40.372516572126187 801.54007237878977 8.3985182199394313 215.35635969700525 392.95581406261772 44.478610999474768 31.16524411572027 593.26248065120308 21.523210260085762 31.817847837228324 12.063969304785131 5.3072690009139505 961.63153721694835 244.07590452296427 40.151065305515658 11.512331983074544 85.512469100998715 45.021682080754545 21957.597925796661 6.6664328202605239 66.221817016892601 308.10863265294302 108.66093606624054 126.18924474406231
leaf_count=171282 104069 29054 881 26536 558 1199 456 19965 167 2325 5142 2148 1345 10907 152 808 192 65 29301 14822 1423 455 3949 1299 1501021 29 588 4749 1422 1916
internal_value=-2.87765e-11 -0.00066061 0.00109596 0.00125161 -0.00151743 -0.00200853 0.0290898 0.00319224 0.00092219 0.00297277 0.00322709 0.00918137 -0.0194296 0.0116619 0.0169802 -0.00937301 -0.0372061 -0.0616502 3.07771e-05 -0.00293483 -0.00704128 -0.031101 0.0102325 -0.0217821 -0.00134272 -0.00552003 -0.0133219 -0.00448424 -0.0269445 -0.0407806
internal_weight=51135 33742.2 9437.67 9415 3879.56 3819.22 60.3455 5535.44 3545.77 2744.23 2735.84 954.975 75.6439 879.331 663.975 70.7123 49.1891 37.1251 1780.86 1387.9 1058.32 96.6851 329.588 85.1727 24304.5 2346.95 615.847 374.33 241.517 132.856
internal_count=1938225 1766943 228164 227283 106282 105268 1014 121001 94465 74500 74333 17942 3493 14449 12124 1217 1065 873 56391 51249 32478 3177 18771 2722 1538779 37758 8704 5337 3367 1945
is_linear=0
shrinkage=0.05


Tree=163
num_leaves=31
num_cat=0
split_feature=4 10 2 2 11 10 10 7 1 0 27 26 6 10 4 2 2 7 2 18 13 18 14 1 1 10 6 7 5 1
split_gain=18.3507 13.5758 13.7227 16.0675 18.4436 13.5674 13.4194 12.0862 11.3476 11.4663 11.1972 24.3548 18.7026 27.5897 16.8826 16.1323 14.769 12.3259 16.7403 24.5119 24.2894 14.9215 14.6457 14.0143 13.9252 16.6231 12.2448 23.2342 22.0183 11.9421
threshold=0.070434782654047026 -0.11451048776507376 -0.14792633056640622 -0.14853510260581967 -0.11019563674926756 -0.11528383567929266 -0.11553110927343367 -0.30712656676769251 1.0000000180025095e-35 1.0000000180025095e-35 1.0000000180025095e-35 1.0000000180025095e-35 -0.079881642013788209 -0.12029745802283286 0.014782608952373268 -0.17204444110393521 -0.14025669544935224 -0.0094561944715678675 -0.12472876533865927 0.0033396285725757484 0.023478261195123199 0.010817265603691341 -0.12758651375770566 0.023478261195123199 0.13130434602499011 -0.099549543112516389 -0.139057882130146 -0.058942524716258042 0.068695649504661574 1.0000000180025095e-35
decision_type=2 2 2 2 2 2 2 2 2 2 2 2 2 2 2 2 2 2 2 2 2 2 2 2 2 2 2 2 2 2
left_child=10 2 3 5 -5 6 -2 -3 -4 -10 -1 15 16 -14 -15 26 -13 24 19 23 -20 -21 -23 -19 29 -26 27 28 -12 -17
right_child=1 7 8 4 -6 -7 -8 -9 9 -11 11 12 13 14 -16 17 -18 18 20 21 -22 22 -24 -25 25 -27 -28 -29 -30 -31
leaf_value=8.4194066760681456e-05 -0.0044908964606349107 -0.031983935221915241 -0.083324517613562993 -0.050946527052512861 0.061745567952354974 -0.058429451967448788 0.050217535472473221 -0.001513189194603559 0.042022885521534104 -0.015120045852720391 -0.0074327644941905198 0.0098489402110908605 -0.096943600857257881 -0.048624492470921099 0.047812850473889466 -0.0086134793052232792 0.030915674408099933 -0.018724362361533721 0.037489874499413593 -0.080341848239647323 -0.064623682781137504 0.025703719719842019 -0.07813098449191741 0.042631388279232525 -0.071312378853714248 0.033656654897508083 -0.063376574070828834 0.038180253492941935 -0.067887043940846423 0.0062196159071019694
leaf_weight=46033.803637907738 204.99849808077124 32.001814272034608 5.0312441476853555 3.7206735011714072 17.328521827643272 10.011004326792316 10.854773400293196 2363.7814549096092 8.0182359988684748 443.35485648589383 59.60392662306549 204.40049933983755 7.9127563489601043 6.4372143493965295 10.723670356499495 152.44310770422453 141.02114727730805 29.649732252117246 26.394344672215084 22.160055158659816 6.4350487616320597 8.5689212721772474 4.2947253366000941 12.36511335428804 11.525738394353541 4.693033853392989 11.758177861920556 18.402384454500861 19.293929528968874 1178.9746767756296
leaf_count=1398593 29676 27917 158 1008 453 1235 427 373847 155 74525 961 2709 148 74 129 1731 1542 294 207 656 405 105 206 122 611 228 221 125 377 19380
internal_value=2.8403e-12 -0.0037283 -0.00983109 -0.000330617 0.0404188 -0.00428965 -0.00152085 -0.00193338 -0.0149589 -0.0140143 0.000240935 0.00396389 0.015474 -0.0255094 0.0109527 0.00123358 0.018514 0.00262573 -0.0134037 -0.0260457 0.0161555 -0.0563087 -0.0120982 -9.58589e-05 0.00394152 -0.0407481 -0.0172266 -0.0110616 -0.0228811 0.00451608
internal_weight=51070 3099.1 703.318 246.913 21.0492 225.864 215.853 2395.78 456.404 451.373 47970.9 1937.06 370.495 25.0736 17.1609 1566.56 345.422 1457.5 109.868 77.0385 32.8294 35.0237 12.8636 42.0148 1347.64 16.2188 109.058 97.3002 78.8979 1331.42
internal_count=1938225 509401 107637 32799 1461 31338 30103 401764 74838 74680 1428824 30231 4602 351 203 25629 4251 23945 1995 1383 612 967 311 416 21950 839 1684 1463 1338 21111
is_linear=0
shrinkage=0.05


Tree=164
num_leaves=31
num_cat=0
split_feature=16 18 12 2 16 14 9 9 6 10 4 10 12 5 9 6 2 6 2 3 5 9 7 1 4 8 18 10 5 7
split_gain=18.2217 21.5408 24.5138 25.0938 17.978 21.8139 17.2978 24.4155 14.1412 14.0896 13.4497 16.444 16.02 17.9323 17.6419 16.2847 15.7763 23.1276 18.5555 17.5185 15.8541 15.7647 15.3794 12.6589 22.7467 14.8094 16.6235 18.6101 14.0794 12.7447
threshold=0.030434782616794113 0.040756085887551315 0.056521739810705192 -0.11980484053492545 0.042608696967363364 -0.11026333644986151 0.13999999314546588 0.11913043260574342 -0.11680519580841063 -0.10720485821366309 0.033913042396306999 -0.13530287891626355 0.033913042396306999 0.35739129781723028 0.032173912972211845 -0.1077665016055107 -0.11429854482412337 -0.10479201748967169 -0.098102200776338563 -0.077179394662380205 0.28782609105110174 0.0095652174204587954 -0.065747588872909532 0.047826087102293975 0.039130434393882758 0.039130434393882758 0.004433930618688465 -0.11822320893406867 0.026956521905958656 -0.13249269127845761
decision_type=2 2 2 2 2 2 2 2 2 2 2 2 2 2 2 2 2 2 2 2 2 2 2 2 2 2 2 2 2 2
left_child=-1 10 6 -4 -5 -6 7 -3 -7 -9 11 -2 13 21 -15 -16 17 -13 -18 20 22 -12 -19 24 25 -14 -27 -28 -26 -29
right_child=1 2 3 4 5 8 -8 9 -10 -11 12 16 23 14 15 -17 18 19 -20 -21 -22 -23 -24 -25 28 26 27 29 -30 -31
leaf_value=0.00039973137518847053 0.032489888368531075 -0.024116053010235963 -0.023234424309017752 0.0093115145514144106 -0.037717998791677032 -0.026524161961269267 -0.044944413029971 -0.055065267847658188 0.00094704848735779456 0.034120094398738733 0.040690560335289616 0.0096074741018854493 -0.0048404075827623936 -0.059435411783906135 -0.042515526276447481 0.041717941945294192 0.020919790597998578 -0.013691373703806173 -0.021275294928188804 -0.073626635987217359 -0.047190707638926049 -0.033094309757239947 0.033481895281823326 -6.5653753261227105e-05 -0.020401495375027889 0.055890300288516132 -0.033449378296107737 -0.0092440910603882025 -0.0054880420044847366 0.042532846947621356
leaf_weight=43300.329107181213 53.315607403463218 136.0024270112699 150.63274585251929 269.43199055008154 50.360737235463603 53.680276890805544 64.324974350660341 4.2234332084772168 326.53284713608446 30.904614410159411 6.9418009135406455 150.7332010709506 76.087406179896789 6.4926618629251598 6.3184025356604243 27.547495066188276 166.13479657875723 80.639700634128531 30.029247964032038 12.140160020906476 25.532841584528796 104.04379033362784 20.926000120583922 4429.32076764669 181.80564764492374 28.556602327851579 16.897295116534224 17.285729673691094 1191.6722236965506 34.980027224199148
leaf_count=1100554 2530 16403 52844 35569 8689 19850 5134 565 74940 1867 220 8713 3971 393 653 935 8132 3453 2073 476 1211 9205 444 427628 38293 659 2030 2651 107101 1039
internal_value=-3.54091e-12 -0.00223211 -0.00875853 -0.00479353 -0.000797785 -0.00713061 -0.0230022 -0.0145413 -0.00299087 0.02217 -0.00116783 0.00639381 -0.00183443 -0.017846 0.0105049 0.0252337 0.00347097 -0.00393657 0.0143853 -0.0185627 -0.0127694 -0.0281572 -0.00374039 -0.00142605 -0.00531782 0.0116782 0.0244589 0.0108696 -0.00747553 0.0255567
internal_weight=51053.8 7753.5 1086.09 850.639 700.006 430.574 235.455 171.13 380.213 35.128 6667.4 539.452 6127.95 151.344 40.3586 33.8659 486.136 289.972 196.164 139.239 127.099 110.986 101.566 5976.61 1547.28 173.807 97.7197 69.1631 1373.48 52.2658
internal_count=1938225 837671 215861 191892 139048 103479 23969 18835 94790 2432 621810 27032 594778 11406 1981 1588 24502 14297 10205 5584 5108 9425 3897 583372 155744 10350 6379 5720 145394 3690
is_linear=0
shrinkage=0.05


Tree=165
num_leaves=31
num_cat=0
split_feature=16 4 13 17 6 10 14 5 15 9 1 9 7 5 13 9 1 6 10 18 10 7 6 14 2 24 2 6 5 8
split_gain=15.7302 17.5777 19.745 22.663 18.0368 17.738 16.4402 20.1372 20.3119 14.6293 14.3065 16.4164 12.9714 18.5176 15.8811 35.0714 21.8161 20.3025 26.2454 19.2498 14.8829 13.9217 21.2673 18.8102 13.5945 17.828 15.2314 14.8161 14.046 13.2724
threshold=0.030434782616794113 0.10695651918649675 0.086086958646774306 0.092391304671764388 -0.18602380901575086 -0.10875052958726882 -0.1127086393535137 0.31565217673778539 -0.059418443590402596 0.0026086957077495758 0.047826087102293975 0.053043477237224586 -0.018983340822160241 0.39913043379783636 0.028695652261376384 0.040869565680623061 0.10347826033830644 -0.1243375428020954 -0.12543781846761701 0.016698145307600502 -0.10698496922850607 -0.015888905152678486 -0.057993775233626359 -0.12271906808018683 -0.11824899911880492 1.0000000180025095e-35 -0.11509349942207335 -0.060709178447723382 0.073913045227527632 0.039130434393882758
decision_type=2 2 2 2 2 2 2 2 2 2 2 2 2 2 2 2 2 2 2 2 2 2 2 2 2 2 2 2 2 2
left_child=-1 2 3 9 -4 -3 7 8 -6 -2 11 -8 13 14 15 16 17 -11 -19 -17 -21 22 23 -14 27 -26 28 -20 -27 -28
right_child=1 5 4 -5 6 -7 10 -9 -10 12 -12 -13 21 -15 -16 19 -18 18 24 20 -22 -23 -24 -25 25 26 29 -29 -30 -31
leaf_value=0.00037176395488366628 0.04461068452200595 -0.026584940061931125 0.037335434155555632 -0.015930849659603986 -0.011021633972544688 -0.005910164143057132 0.048534617212885815 0.0095269432454981109 -0.07326612587841036 -0.020301735012998354 0.0074221900715255203 -0.026687803852424693 -0.055850995764253779 -0.026164505149877129 -0.0013982200113121363 -0.090815231312508432 -0.055112089849936902 0.042905793194002798 -0.0073481336565874474 0.0072659183907632418 -0.069857072568346071 0.0017405825193154243 -0.073457649049796458 0.039409694275321427 -0.011764668650192468 -0.033799787954323916 -0.066620008056692201 -0.062264286456999274 0.065514671258639759 0.01552856037757677
leaf_weight=43279.613896637835 15.858123252213771 122.78655599389094 38.044648870854871 303.46222480771758 230.63689780415734 647.42470550095641 7.4046297031454733 132.63674626441207 12.954346271464599 152.07426904049862 1027.2257739909182 54.774017635383643 4.7752960010402594 84.408409877301892 3673.3678164566081 18.222129756992217 21.42098814342171 33.324929961519956 210.43587255586317 15.672691849671539 9.2313369271869288 719.44886874094664 4.2140031591989091 62.338640990317799 61.156664364440076 3.4942989393457564 4.4014455920114406 12.081343835277947 24.97402366620372 55.131404005740478
leaf_count=1100554 199 38615 7147 61390 23733 211168 307 9613 955 22077 114834 8289 404 5026 267936 712 1447 1501 9426 818 670 40410 253 2071 4033 397 344 470 313 3113
internal_value=-4.17096e-11 -0.00207231 -0.00128207 -0.00267255 0.00379259 -0.00923632 0.00289702 -0.00610307 -0.0146178 -0.00189382 0.00600797 -0.0171034 -0.00204506 -0.00310929 -0.00265021 -0.0100345 -0.00674457 -0.00478929 0.00107117 -0.0530128 -0.0229149 0.00384527 0.0247566 0.0319112 -0.00278485 0.00885945 0.0231634 -0.010595 0.0525912 0.00845484
internal_weight=51043 7763.38 6993.17 5489.49 1503.68 770.211 1465.63 376.228 243.591 5186.03 1089.4 62.1786 5170.17 4379.4 4294.99 621.621 578.495 557.074 405 43.1262 24.904 790.777 71.3279 67.1139 371.675 149.158 88.0012 222.517 28.4683 59.5328
internal_count=1938225 837671 587888 423010 164878 249783 157731 34301 24688 361620 123430 8596 361421 318283 313257 45321 43121 41674 19597 2200 1488 43138 2728 2475 18096 8200 4167 9896 710 3457
is_linear=0
shrinkage=0.05


Tree=166
num_leaves=31
num_cat=0
split_feature=14 5 24 18 8 12 18 2 6 12 4 0 3 2 6 13 13 5 10 0 7 2 0 3 7 12 15 6 15 12
split_gain=16.833 18.2748 17.3882 17.4569 18.6472 16.1136 22.548 14.9605 13.904 13.7005 13.2472 18.006 13.496 17.5914 12.5539 12.5535 20.2575 12.5354 12.064 18.782 11.8856 11.7967 15.9011 11.6905 12.9757 11.6562 11.231 11.0584 16.8646 12.1005
threshold=-0.10965536162257193 0.020000000484287742 1.0000000180025095e-35 0.020318820141255859 0.042608696967363364 0.06695652008056642 0.091023895889520659 -0.15963806211948392 -0.0058192913420498362 0.016521738842129711 0.086086958646774306 0.0026086957077495758 -0.059415539726614945 -0.091932874172925935 -0.24254214018583295 0.14347826689481738 0.13652173429727557 0.51217389106750499 -0.1143919564783573 0.0043478262377902874 -0.099306128919124589 -0.086435396224260316 0.15217391401529315 -0.059415539726614945 -0.1695490479469299 0.080869562923908248 -0.082683648914098726 -0.09328752756118773 -0.095570385456085191 0.058260869234800346
decision_type=2 2 2 2 2 2 2 2 2 2 2 2 2 2 2 2 2 2 2 2 2 2 2 2 2 2 2 2 2 2
left_child=-1 5 3 4 7 6 -2 -3 -7 -4 11 -11 18 17 -5 16 23 20 19 -13 -14 -15 -23 24 -6 -18 -21 28 29 -16
right_child=1 2 9 14 15 8 -8 -9 -10 10 -12 12 13 21 27 -17 25 -19 -20 26 -22 22 -24 -25 -26 -27 -28 -29 -30 -31
leaf_value=0.00027088933320841422 -0.044908869009313894 0.064973449671941658 -0.078994478759137801 0.039615443238672492 0.019642028483169108 -0.0093941430892963331 0.0029473172578873023 -0.042413614257784477 0.041928300613647426 -0.068076257796458373 -0.0028848946847319489 0.063591187795494983 0.035156640288044681 0.039126959031375474 -0.024382440196904245 -0.053379949563630659 -0.027695966713950006 0.033963996276405763 0.010918934633918133 -0.011097973316447303 -0.078344619639561908 -0.080575942812698476 -0.00087634917009321372 0.032198628427175066 -0.015919343012154485 0.081696682669571835 -0.069304894805712988 -0.0010111405502718866 -0.037146628246738651 -0.00053160892683145331
leaf_weight=46873.960592397605 74.69426536145329 2.5352334183407939 4.2970329572563051 16.131889916126966 27.740025835024426 265.02645724238391 36.299328772634908 68.987301217741333 12.905322708531456 7.2808858138450878 906.20918597882337 5.9990448753233059 2.0966905904933855 16.756831923266873 69.87817857797927 14.596223364322212 2.6998472064733496 3.3465238949283949 724.71784042027866 38.197537353527878 15.363074935157783 5.4536477574147275 207.57946245932544 14.653419101887264 248.42840392065409 8.6346017141840985 9.7815214679576439 1095.6304725462978 52.450877433278947 213.14245632878738
leaf_count=1344903 18975 93 213 1275 5546 141234 2404 7289 3067 255 132463 71 110 499 8121 4501 432 95 56429 4413 813 379 14685 397 23129 297 917 116424 8352 40444
internal_value=2.64245e-12 -0.00304323 -0.00198025 -0.00547044 -0.0148707 -0.0133499 -0.0293714 -0.0377637 -0.00686929 0.00131106 0.00152923 0.00538728 0.00597251 -0.00410774 -0.00293993 -0.00959894 -0.00731491 -0.0470261 0.00921759 -0.013408 -0.0635485 -3.47778e-05 -0.00328359 -0.00994513 -0.0122894 0.0555067 -0.0241374 -0.00344695 -0.0113755 -0.00648553
internal_weight=51045.5 4171.51 3782.59 1835.51 388.275 388.925 110.994 71.5225 277.932 1947.08 1942.78 1036.57 1029.29 250.596 1447.23 316.753 302.156 20.8063 778.696 53.9781 17.4598 229.79 213.033 290.822 276.168 11.3344 47.9791 1431.1 335.472 283.021
internal_count=1938225 593322 427642 216300 41684 165680 21379 7382 144301 211342 211129 78666 78411 16581 174616 34302 29801 1018 61830 5401 923 15563 15064 29072 28675 729 5330 173341 56917 48565
is_linear=0
shrinkage=0.05


Tree=167
num_leaves=31
num_cat=0
split_feature=4 27 17 6 14 13 11 7 1 0 2 13 11 5 11 2 10 6 9 2 23 3 7 9 5 15 9 6 15 17
split_gain=13.641 12.1556 12.2271 11.3719 11.1379 15.8972 15.7366 23.4576 29.5464 15.1805 22.3826 20.4708 19.4211 16.6625 19.7914 17.2582 26.494 21.124 16.6918 16.3001 15.1635 21.724 22.1477 28.8554 19.2104 16.9872 16.3435 15.5641 19.3283 15.7318
threshold=0.0078260868322104233 1.0000000180025095e-35 0.010000001173466446 -0.067763697355985628 -0.10717992857098578 0.026956521905958656 -0.1354134529829025 -0.19866365194320676 0.093043476343154921 0.0060869567096233377 -0.13204705715179441 0.030434782616794113 -0.13210649043321607 0.021739130839705471 -0.12569953501224515 -0.13910552859306333 -0.11601596698164938 -0.11470986902713774 0.042608696967363364 -0.14651127904653546 0.21428572386503222 -0.13823528587818143 -0.13604869693517682 0.032173912972211845 0.037391304969787605 -0.052805162966251366 0.094782605767250075 -0.042769813910126679 -0.058315722271800034 0.035869564861059196
decision_type=2 2 2 2 2 2 2 2 2 2 2 2 2 2 2 2 2 2 2 2 2 2 2 2 2 2 2 2 2 2
left_child=1 -1 -3 -4 5 20 -7 8 -8 10 11 12 -9 19 -15 16 -16 -18 -17 -13 21 -2 23 24 -23 -22 27 28 -24 -29
right_child=4 2 3 -5 -6 6 7 9 -10 -11 -12 13 -14 14 15 18 17 -19 -20 -21 25 22 26 -25 -26 -27 -28 29 -30 -31
leaf_value=0.00071109254221956349 -0.012779415243837817 0.0030405215895336853 0.017033208460883853 -0.03418254193198255 -0.0036530046252784584 0.0035057228471589577 -0.033280549551360367 0.0463954037469331 0.011566710840680458 0.00055919013104362624 -0.085383898827334576 0.072683399562588943 -0.046646654454514262 -0.045096460680589256 -0.0020063127359129071 0.031682334486063099 0.05782769779230984 -0.074815605307667607 -0.073061258235539092 -0.049332098723515724 -0.00098879719884332313 -0.032761967233320526 -0.0030872589540267125 0.034162504940710214 0.013600973892683811 0.034744849612634576 -0.06875882962343767 0.0051929749077053375 0.056826534280092079 -0.047216969610025
leaf_weight=19050.891038276503 686.43257595179603 852.00214815379877 271.94404285593191 10.379783764947204 2824.575492310898 4032.9161589576488 112.43148427778033 5.5385208162479094 53.693016774152056 8569.5312816727383 8.420522718683058 11.659862246830015 47.175255297101103 27.721202433458529 243.69201431632973 49.49551784968935 2.7422898053191629 20.160153947537765 3.1743580868933341 2.7305483866948626 13072.638009933053 37.002939481277281 796.07772299149656 91.221646672827774 53.302621082410042 32.344368832185864 8.8352401626179908 22.251661248039454 12.693536394275723 38.256638201302849
leaf_count=202139 41160 8791 2178 148 485752 354387 22241 91 11395 418904 726 223 1474 1376 6601 972 35 843 263 245 348545 2507 19704 2852 1997 567 309 513 141 1146
internal_value=7.04211e-12 0.00101066 0.00603676 0.0150362 -0.000660928 -0.000359429 0.000903708 -0.00024238 -0.018803 0.000102573 -0.00913819 -0.00738576 -0.0361892 -0.00309595 -0.00533937 -0.00175729 -0.00694196 -0.0571783 0.0241259 0.0478302 -0.00148136 -0.00585703 -0.00136491 0.0144857 -0.00554712 -0.000897959 -0.00465437 -0.00392456 -0.00207791 -0.0281724
internal_weight=51051.9 20185.2 1134.33 282.324 30866.7 28042.1 13191.1 9158.17 166.125 8992.04 422.51 414.09 52.7138 361.376 346.986 319.264 266.594 22.9024 52.6699 14.3904 14851.1 1746.07 1059.64 181.527 90.3056 13105 878.115 869.28 808.771 60.5083
internal_count=1938225 213256 11117 2326 1724969 1239217 819776 465389 33636 431753 12849 12123 1565 10558 10090 8714 7479 878 1235 468 419441 70329 29169 7356 4504 349112 21813 21504 19845 1659
is_linear=0
shrinkage=0.05


Tree=168
num_leaves=31
num_cat=0
split_feature=4 18 5 12 9 17 6 17 13 7 5 5 17 10 11 4 3 3 17 15 8 7 10 18 10 7 3 0 1 2
split_gain=15.1464 13.7078 16.9415 14.0237 21.8621 24.5403 17.6419 24.791 19.3138 17.6142 23.3461 27.9741 35.3664 27.3145 24.5406 22.5637 20.7278 18.7223 19.31 18.7154 28.1555 18.2228 17.7362 17.5003 24.0964 17.2931 18.7842 17.2562 17.0981 16.4263
threshold=0.016521738842129711 0.039531758055090911 0.1278260871767998 0.016521738842129711 0.10000000149011613 0.015217392239719631 -0.10437570512294768 0.01434782659634948 0.0026086957077495758 -0.11120150983333586 0.28782609105110174 0.24260868877172473 0.0084782610647380369 -0.11577027663588522 -0.074210062623023973 0.020000000484287742 -0.19050861150026319 -0.12597066164016721 0.0084782610647380369 -0.11053023487329482 0.0026086957077495758 -0.11324517056345938 -0.11760869994759558 0.011429077479988338 -0.12799907475709912 -0.10317343845963477 -0.082044374197721467 0.011304348241537811 0.0060869567096233377 -0.12960100919008252
decision_type=2 2 2 2 2 2 2 2 2 2 2 2 2 2 2 2 2 2 2 2 2 2 2 2 2 2 2 2 2 2
left_child=-1 3 -3 4 5 6 -2 8 -8 16 11 12 -11 14 15 -12 21 27 -19 -13 -21 -10 23 24 -17 -14 29 -18 -20 -27
right_child=1 2 -4 -5 -6 -7 7 -9 9 10 13 19 25 -15 -16 22 17 18 28 20 -22 -23 -24 -25 -26 26 -28 -29 -30 -31
leaf_value=0.00075017496795268647 -0.0067089543934531967 -0.012127098581354486 -0.00214332724652364 -9.3526557641197391e-05 0.058902662711281153 -0.012513164495840069 0.030130553957412022 0.025472620127314001 -0.052959040233401804 -0.083666785113623743 0.017283781296188978 -0.00063120705385583348 -0.046440170586411367 -0.085323241808617625 0.051508925625694126 0.0078915331573998476 0.033186925667213207 0.06331909496014744 -0.090412599903834726 0.040186809115693431 -0.092254537910975293 0.056819810353922397 0.044656760288235453 0.046358981668856984 -0.065689138420826382 -0.0026803659453304134 -0.084408841699236736 -0.050681168033818294 -0.0041662507868054539 0.03934313408797388
leaf_weight=29018.752805232863 744.90099607929005 570.931271068348 1655.3986855395306 17531.647573565184 12.610710719600318 688.73484790725342 49.562036578136031 113.8741783669102 18.089294379868083 13.973577900906092 97.358425658196211 12.303748011705464 20.93571665068157 6.8042285660048938 29.167449462227523 16.459475226001814 105.96911200659815 5.2978298722300705 7.9351414372213211 4.1258465712890056 26.125507479067892 3.8416448957286766 8.0170599054545146 5.627069739624857 32.1187235256657 171.60625063581392 5.3432440911419681 5.6356311684940001 16.393050566315651 25.881243490730412
leaf_count=420007 23547 141867 179012 1129012 161 28862 452 2370 672 379 1544 260 555 255 345 459 1884 56 215 63 598 14 95 109 996 2983 212 272 585 384
internal_value=-3.32271e-11 -0.000989196 -0.00470791 -0.000570428 -0.00428683 -0.00466937 -0.00117222 0.00396943 0.000381503 -0.00196933 -0.00682959 -0.0160573 -0.00926519 0.00641129 0.0101505 0.00231749 0.0121605 0.0192092 -0.0157232 -0.0529182 -0.0734835 -0.0320898 -0.021003 -0.0313473 -0.0411019 -0.00426745 0.000292 0.0285394 -0.0347563 0.00299739
internal_weight=51025.4 22006.7 2226.33 19780.3 2248.69 2236.08 1547.35 802.445 688.571 639.009 475.848 280.295 237.74 195.552 188.748 159.581 163.162 141.231 29.626 42.5551 30.2514 21.9309 62.2223 54.2053 48.5782 223.766 202.831 111.605 24.3282 197.487
internal_count=1938225 1518218 320879 1197339 68327 68166 39304 15757 13387 12935 9237 5434 4513 3803 3548 3203 3698 3012 856 921 661 686 1659 1564 1455 4134 3579 2156 800 3367
is_linear=0
shrinkage=0.05


Tree=169
num_leaves=31
num_cat=0
split_feature=1 13 4 17 1 4 0 6 3 13 14 15 18 6 11 10 7 5 1 6 7 2 7 1 6 3 11 4 10 10
split_gain=15.683 15.5993 21.4388 21.8448 23.107 19.8503 21.575 16.5048 23.4776 15.9329 25.0081 27.8945 16.1769 15.5669 14.8312 15.3894 14.5137 14.3066 15.0094 19.9429 28.6814 14.6872 24.8938 19.3137 21.1749 20.705 23.1821 18.4778 17.1271 28.0185
threshold=0.0060869567096233377 0.0026086957077495758 1.0000000180025095e-35 0.010434783529490234 0.032173912972211845 0.026956521905958656 1.0000000180025095e-35 -0.096052035689353929 -0.097299333661794649 0.0095652174204587954 -0.11504028365015982 -0.065232951194047914 0.017879030667245392 -0.10116057842969893 -0.18714385479688642 -0.11871571093797682 -0.020509812049567696 0.8547826111316682 0.07739130407571794 -0.021605838090181347 -0.12901140004396436 -0.14678823947906491 -0.53169113397598255 0.023478261195123199 -0.17992829531431195 -0.13983344286680219 -0.16583687067031858 0.0026086957077495758 -0.12648401409387586 -0.12230834737420081
decision_type=2 2 2 2 2 2 2 2 2 2 2 2 2 2 2 2 2 2 2 2 2 2 2 2 2 2 2 2 2 2
left_child=-1 2 3 4 16 -3 7 -7 -9 10 11 14 -12 -14 -8 -16 -2 18 21 20 -20 23 -23 24 -4 26 27 -25 -24 -30
right_child=1 5 17 -5 -6 6 9 8 -10 -11 12 -13 13 -15 15 -17 -18 -19 19 -21 -22 22 28 25 -26 -27 -28 -29 29 -31
leaf_value=0.0014763696477535469 0.0034345975803923181 0.00079214860835484849 0.0028655735979600814 0.020209116098171158 -0.034743177361202353 0.052401731173288835 -0.007054371626080063 -0.04115603661656117 0.051200104626128895 -0.0015722464084838034 0.019050115129229484 0.045640563931664331 0.01559796611491255 -0.064766171938627895 -0.033774380931283293 -0.082991593928864058 -0.01804579865761775 0.027466312357384528 0.022079537388771737 0.036885688456453555 -0.082294183895874146 -0.063061112473084643 0.0060341632577793469 -0.010932030009254103 -0.014643917831421655 -0.08528570275612514 0.0074250730278300359 -0.089044418533158476 -0.016392638576021974 0.0018466477048786495
leaf_weight=13297.534180768278 738.47193987717037 20326.828279244437 251.84663133084541 143.23391807865119 46.407650162116624 31.510268366953824 27.9728638805027 14.814594809984557 11.181929236510767 13890.211655128247 58.851559647446265 10.014289288781582 10.228804028538436 12.629190308014584 53.013123465934768 23.582301221438684 86.999538793283136 29.474186743143946 8.5775191577122332 6.6437295745126894 22.963594992732396 16.067494507529773 416.25729850252173 14.635522713186221 546.23315336962696 15.39946019137278 32.940765451872721 15.424283135682343 380.71398811551626 469.18212874759047
leaf_count=161864 5230 512002 1776 757 459 836 1618 760 139 1231660 1172 63 613 555 1412 809 757 159 65 57 348 262 2743 114 4151 249 225 212 3286 3872
internal_value=1.83843e-11 -0.0005206 -0.00383621 0.00218432 -0.000796589 -0.000208714 -0.00164704 0.0286538 -0.00100568 -0.00177277 -0.0158823 -0.030853 0.00523053 -0.0296573 -0.0385416 -0.0498017 0.0011516 -0.00658102 -0.0070501 -0.0377353 -0.0541038 -0.0064901 -0.00307627 -0.0114751 -0.00912185 -0.0350132 -0.0215843 -0.0525895 -0.0022659 -0.00633337
internal_weight=51009.8 37712.3 3241.47 1015.11 871.879 34470.8 14144 57.5068 25.9965 14086.5 196.292 114.583 81.7096 22.858 104.568 76.5954 825.471 2226.36 2196.89 38.1848 31.5411 2158.7 1282.22 876.48 798.08 78.4 63.0006 30.0598 1266.15 849.896
internal_count=1938225 1776361 24722 7203 6446 1751639 1239637 1735 899 1237902 6242 3902 2340 1168 3839 2221 5987 17519 17360 470 413 16890 10163 6727 5927 800 551 326 9901 7158
is_linear=0
shrinkage=0.05


Tree=170
num_leaves=31
num_cat=0
split_feature=4 1 13 6 9 8 17 10 5 8 1 9 13 7 10 10 10 9 18 6 11 10 0 5 10 5 14 10 18 2
split_gain=14.4304 13.9379 12.6767 21.5549 25.5971 27.996 28.9358 38.0711 23.3498 23.1871 16.3331 24.6695 18.2498 15.3482 19.7137 17.1362 18.2474 16.8255 15.9251 15.2849 12.9602 12.7927 12.7734 15.386 15.0347 24.6042 14.8471 27.8208 30.9445 28.6372
threshold=0.10521738976240159 0.039130434393882758 0.11217391490936281 -0.042769813910126679 0.25130434334278112 0.020000000484287742 0.062173916026949889 -0.099999997764825807 0.56956523656845104 0.13826086372137072 0.20086956769227984 0.14695652574300769 0.15565217286348346 -0.099306128919124589 -0.10629401728510855 -0.10999999567866324 -0.11213070526719092 0.13130434602499011 0.00414756196551025 -0.071792043745517717 -0.056561080738902085 -0.12381669506430625 1.0000000180025095e-35 0.0043478262377902874 -0.11737804487347601 0.07739130407571794 -0.12066245451569556 -0.1215405873954296 0.0089843389578163641 -0.13979638367891309
decision_type=2 2 2 2 2 2 2 2 2 2 2 2 2 2 2 2 2 2 2 2 2 2 2 2 2 2 2 2 2 2
left_child=2 -2 22 13 5 -5 -7 10 9 -9 11 12 -8 14 15 16 21 -18 -15 -16 -11 -4 23 -1 26 -26 -25 28 -28 -29
right_child=1 -3 3 4 -6 6 7 8 -10 20 -12 -13 -14 18 19 -17 17 -19 -20 -21 -22 -23 -24 24 25 -27 27 29 -30 -31
leaf_value=0.010546440075555242 0.00026022268304288978 -0.0097486387072147386 0.037070146907692551 0.041563286413630683 0.020717975636654114 -0.059926066221990162 -0.0091377086270315391 -0.060072144471224415 0.05511687611129016 0.044919442798020924 0.062740509581502055 -0.084563156699091785 0.068976057262984974 -0.06149341549357086 0.034480934042360988 -0.043826744937127821 0.038812689380788828 -0.068469687738981808 0.017696589748278823 -0.023752776624875203 -0.037250894049100224 -0.028246932517408604 -0.00022534102562462031 0.0018820142102390332 -0.049994646956850103 0.03047182240967429 -0.0083627915984862237 0.011481751927940565 -0.060594093858457682 -0.050614929583879364
leaf_weight=530.31806743676134 659.90365166055926 734.4016261427787 7.9358869192947159 18.030554962344468 63.436784383957274 38.4745242013596 18.682343414984647 48.424597455421463 5.8706291275448157 9.2682624569861236 15.7440303042531 5.6640775641426435 11.250095264986156 5.4918961250223211 49.606574214856664 31.173613418883178 30.931224272993859 3.206214027828536 414.57445617945632 13.722691416667656 8.0318492176011187 48.794816176698077 44186.559735341041 3687.5459775510317 9.8196105350798444 81.854783332149964 75.71497140172869 142.92957398243016 44.712253131321631 20.320563816116191
leaf_count=5820 75823 242308 2255 394 3540 2553 623 3023 113 518 308 397 233 419 14443 6684 3303 689 37907 2693 321 8823 1489728 30393 195 769 762 1546 1275 367
internal_value=-1.38149e-11 -0.0050148 0.00014099 0.00619705 -0.00636806 -0.0160054 -0.0226525 -0.0105978 -0.033963 -0.0426265 0.0220117 0.00277557 0.0215021 0.0112399 -0.000744564 -0.0124675 -0.0013493 0.0270748 0.0165177 0.0216893 0.00681964 -0.0186261 3.55455e-05 0.00254477 0.00149799 0.0214063 0.00103314 -0.00996925 -0.0280946 0.00349117
internal_weight=51022.4 1394.31 49628.1 848.315 242.878 179.441 161.41 122.936 71.5953 65.7247 51.3405 35.5965 29.9324 605.437 185.371 122.042 90.8681 34.1374 420.066 63.3293 17.3001 56.7307 48779.8 4593.22 4062.9 91.6744 3971.22 283.677 120.427 163.25
internal_count=1938225 318131 1620094 89239 12023 8483 8089 5536 3975 3862 1561 1253 856 77216 38890 21754 15070 3992 38326 17136 839 11078 1530855 41127 35307 964 34343 3950 2037 1913
is_linear=0
shrinkage=0.05


Tree=171
num_leaves=31
num_cat=0
split_feature=4 16 12 5 23 18 10 2 0 3 17 10 7 10 7 5 10 17 3 5 5 11 11 17 3 9 9 0 12 3
split_gain=15.4955 15.3007 24.1688 29.0097 16.353 15.7266 16.358 13.3271 23.6245 24.3803 17.2672 18.1734 14.9399 13.3921 26.0632 13.2113 13.1558 12.9792 11.981 11.5862 20.9525 10.8568 10.7887 12.8535 10.6381 15.3175 14.2189 11.1002 10.4969 10.0225
threshold=0.047826087102293975 0.016521738842129711 0.040869565680623061 0.33652174472808843 0.5000000149011613 0.015579541679471733 -0.11553110927343367 -0.12209220230579375 0.0078260868322104233 -0.11970474570989607 0.025652174837887291 -0.11514614149928092 0.0039953212253749379 -0.095916647464036928 -0.034974340349435799 0.028695652261376384 -0.090217400342226015 0.018695653416216377 -0.064723320305347429 0.29826086759567266 0.22521739453077319 -0.10145044699311255 -0.068678244948387132 0.033913044258952148 -0.076189018785953508 0.063478261232376113 0.0060869567096233377 0.020000000484287742 0.32086956501007086 -0.081137303262948976
decision_type=2 2 2 2 2 2 2 2 2 2 2 2 2 2 2 2 2 2 2 2 2 2 2 2 2 2 2 2 2 2
left_child=-1 4 3 18 7 29 -7 10 9 13 11 17 16 14 -9 -8 19 -2 -3 20 -10 -5 23 -23 27 26 -26 -12 -17 -4
right_child=1 2 5 21 -6 6 15 8 12 -11 24 -13 -14 -15 -16 28 -18 -19 -20 -21 -22 22 -24 -25 25 -27 -28 -29 -30 -31
leaf_value=0.00034482362151604524 0.045794939189534735 -0.032984099338389576 0.0011097850968993285 -0.011622471682220949 -0.059041692657001599 -0.01473051953853673 -0.015710451614807979 0.021184960719068405 0.030168470290342086 -0.087123775906842282 0.0031838445200539733 0.03016455219569239 -0.033188528634493855 0.03617105115597434 -0.093118891532408377 -0.0020156332572169168 -0.046088941599259345 -0.057253378578253127 0.024556464583122158 0.049532387622391677 -0.060526116930025887 -0.061835460516227771 -0.032597263453414703 0.038586646639943281 0.039758558131828547 0.018328731430702617 -0.076027358906926315 -0.065816515213363597 -0.036062322483076059 -0.0088463059263818138
leaf_weight=44135.582602198774 2.6534922705031923 167.41429564399004 2371.402379714862 54.793928409490036 9.7660428045928693 399.66492297752484 206.25734419882792 12.062773826415649 39.380030645173974 8.3239618560728541 1204.6440961463813 8.9501429864030779 8.6532311939808988 16.09427404974122 7.1767917357501565 1902.5187216987888 4.3132271490758276 29.538110679844976 8.8618474840186519 63.021395389427198 6.6041946410550727 2.5819981158711007 7.1646123933605841 37.662247738218866 2.5628581875935259 10.36520918831229 14.026700201327911 4.8586762917984734 21.916416142661546 281.92320533520251
leaf_count=1141674 58 19587 214152 4474 717 75219 108201 136 1014 500 66558 266 601 138 272 252416 226 1817 354 793 288 234 485 1349 28 612 778 604 12218 32456
internal_value=-5.86264e-13 -0.00220055 -0.00341348 -0.0177369 0.00235835 -0.00264072 -0.00546004 0.00281443 0.0161143 -0.0151978 0.00107896 -0.0303964 0.0273544 0.00367807 -0.0239471 -0.00371504 0.0322274 -0.0476355 -0.0299692 0.0357171 0.016132 0.00344704 0.0207443 0.0308007 0.00214998 -0.0283485 -0.0568966 0.00285252 -0.0024219 4.89886e-05
internal_weight=51050.7 6915.16 5462.16 278.479 1453 5183.68 2530.36 1443.23 165.63 43.6578 1277.6 41.1417 121.972 35.3338 19.2396 2130.69 113.319 32.1916 176.276 109.006 45.9842 102.203 47.4089 40.2442 1236.46 26.9548 16.5896 1209.5 1924.44 2653.33
internal_count=1938225 796551 721145 26483 75406 694662 448054 74689 3968 1046 70721 2141 2922 546 408 372835 2321 1875 19941 2095 1302 6542 2068 1583 68580 1418 806 67162 264634 246608
is_linear=0
shrinkage=0.05


Tree=172
num_leaves=31
num_cat=0
split_feature=4 0 3 2 7 16 12 17 1 10 7 18 8 13 7 0 5 17 5 3 9 4 2 10 9 10 11 6 13 1
split_gain=14.2 13.6923 16.3203 13.9787 17.3543 11.6451 11.341 22.35 17.623 17.1679 15.5284 14.2794 12.4096 12.0744 12.1749 10.4646 13.64 10.6947 17.3614 22.2991 15.742 35.6223 13.3222 21.5344 13.1579 17.2112 14.8969 15.2114 10.9178 22.2124
threshold=0.065217390656471266 0.037391304969787605 -0.06309878826141356 -0.12291421368718146 -0.26861578226089472 0.065217390656471266 0.056521739810705192 0.041739134117960937 0.070434782654047026 -0.11701169237494467 0.021417107433080677 0.022575226612389091 0.039130434393882758 0.13652173429727557 -0.0039680623449385157 1.0000000180025095e-35 0.0043478262377902874 0.0095652178861200827 0.16956522315740588 -0.14206510037183759 0.0060869567096233377 0.021739130839705471 -0.16316831856966016 -0.13474025577306745 0.0095652174204587954 -0.12340272590517996 -0.13155415654182431 -0.13822317868471143 0.018260869197547439 0.0026086957077495758
decision_type=2 2 2 2 2 2 2 2 2 2 2 2 2 2 2 2 2 2 2 2 2 2 2 2 2 2 2 2 2 2
left_child=15 2 6 5 -5 -3 7 9 11 10 12 -8 -2 14 -9 16 -1 -18 19 20 21 -19 23 -22 -24 -26 27 -27 -20 -30
right_child=1 3 -4 4 -6 -7 8 13 -10 -11 -12 -13 -14 -15 -16 -17 17 18 28 -21 22 -23 24 -25 25 26 -28 -29 29 -31
leaf_value=0.010045567242089652 -0.035278699766738503 -0.01279176015072166 -0.040022229719423028 -0.035758567388173505 -0.00029067305925019538 0.017777226409763851 0.012416099101294079 -0.030297148629048188 -0.017305817705282483 0.015479985639983302 0.024782304498863338 0.00075518641191720665 0.066005007913193289 0.049168570291616143 0.0028637119750376727 -1.3381078205403536e-05 0.00076219221144526123 0.024409184389639231 0.032139860857802134 -0.043690263996267395 0.042734310831883435 -0.077112287375218524 0.05435458157855802 -0.084537967656298785 -0.061932995541362161 0.061901725513322715 0.055973615856693332 -0.054269032379174444 -0.026106007325368469 0.026012791300137929
leaf_weight=529.49538483186916 48.643552762536274 719.15565623260045 24.580731398919852 35.158682739898723 747.14531817776788 31.717076993420051 336.29317439272927 130.58488715952262 109.90901750572084 118.79248326618108 16.805831358971773 1185.1458320192578 2.3149707317352286 5.0360050767194471 34.846095697721466 42946.369513464801 3697.6506033352634 18.644450680352747 93.782036869321018 26.343995208851993 5.2927884416712914 14.559410706773631 27.520464842498768 6.2390787551994418 6.127691170899193 3.1961308154277477 15.235040250699972 7.7904724505497152 30.804271655331831 56.389075847400818
leaf_count=5816 5110 133534 1953 37586 170481 8948 28142 17208 25502 5058 1067 111174 2 467 3095 1348512 29783 87 708 705 173 291 212 228 278 56 131 231 580 1107
internal_value=3.66121e-11 -0.00305163 -0.000339459 -0.00660999 -0.0019283 -0.0114786 0.00017098 -0.00788806 0.00193847 0.00406863 -0.0158699 0.00333913 -0.0294957 -0.0209207 -0.023337 0.00022795 0.0025108 0.00151352 0.0103891 -0.00346975 0.00697723 -0.0210595 0.0201259 -0.0273749 0.0295748 0.00749616 0.0254001 -0.0181288 0.020381 0.00751267
internal_weight=51031.6 3546.13 2012.95 1533.18 782.304 750.873 1988.37 357.024 1631.35 186.557 67.7644 1521.44 50.9585 170.467 165.431 47485.4 4539.07 4009.58 311.925 130.95 104.606 33.2039 71.4017 11.5319 59.8698 32.3493 26.2216 10.9866 180.975 87.1933
internal_count=1938225 549327 198778 350549 208067 142482 196825 32007 164818 11237 6179 139316 5112 20770 20303 1388898 40386 34570 4787 2392 1687 378 1309 401 908 696 418 287 2395 1687
is_linear=0
shrinkage=0.05


Tree=173
num_leaves=31
num_cat=0
split_feature=16 14 0 6 12 12 6 8 4 9 12 1 2 1 15 11 10 11 7 10 18 6 11 6 15 18 2 11 2 12
split_gain=13.5619 22.6763 17.535 15.6798 17.5067 24.0967 28.4414 17.6529 20.5811 17.1237 16.4459 15.3419 24.8727 20.8151 20.3569 30.219 15.4279 15.2371 17.1185 30.6418 19.7446 26.0694 26.1755 26.3161 18.8517 18.2925 17.2502 15.0665 15.01 15.7158
threshold=0.0026086957077495758 -0.12160915136337279 0.43565216660499578 -0.16389735788106916 0.032173912972211845 0.020000000484287742 -0.14566414803266522 0.0095652174204587954 0.0043478262377902874 0.030434782616794113 0.018260869197547439 0.079130433499813094 -0.12372173368930815 0.10347826033830644 -0.076978676021099077 -0.13770192116498944 -0.12270530685782431 -0.29532688856124872 -0.026273510418832299 -0.14165033400058744 0.0012297509820200505 -0.17292123287916181 -0.14782524108886716 -0.26313580572605128 -0.25020483136177057 1.0000000180025095e-35 -0.16922082006931302 -0.10421785712242125 -0.17204444110393521 0.018260869197547439
decision_type=2 2 2 2 2 2 2 2 2 2 2 2 2 2 2 2 2 2 2 2 2 2 2 2 2 2 2 2 2 2
left_child=1 3 -3 17 5 7 -7 9 11 10 -5 -9 13 -13 15 -14 -17 -1 28 20 25 22 24 -24 -22 -20 -25 -10 -19 -30
right_child=-2 2 -4 4 -6 6 -8 8 27 -11 -12 12 14 -15 -16 16 -18 18 19 -21 21 -23 23 26 -26 -27 -28 -29 29 -31
leaf_value=-0.0019010713758135216 -0.0005482025732778189 0.0059802294561223483 -0.046723858947421766 -0.001291774576291437 0.043477147686426437 0.036745499289094749 -0.056391166284921634 0.0066578506494525376 0.046182596280976464 -0.069432554783026817 -0.06325901982285774 -0.096286203706577866 0.025562720363711124 -0.0067447940499927419 0.044472997671661262 0.0031316480310845003 -0.05539899592555908 -0.0012066602184761012 -0.038254389260357465 0.011360000308699703 -0.075846531689822777 -0.1185188811174237 0.026197619025741321 -0.034877441691179956 0.0017885224688601023 0.019070662188901556 -0.12265317164523218 -0.025347336477015221 0.0081727828089759504 -0.031431459742236878
leaf_weight=1210.9974239083567 35131.086422762113 2430.306144588405 14.896489573293364 8055.5574160433971 21.291383172909264 9.7286937183234823 36.601885333366226 749.67919980740407 46.448646200471558 8.2532722470350546 9.7218790224287641 13.265857154037805 32.117531358613633 12.20454476540908 19.01385892322287 16.732606384204701 32.779866659548134 591.62230589598039 19.162552565976512 131.4417099711427 8.0120426886714977 7.4805206711171186 6.0192994717508581 10.871620636200536 58.770556876494084 43.927050567697734 13.514542056014758 8.0516998097300512 2244.0519037409103 24.370730949915014
leaf_count=14192 1776618 31945 215 73655 385 168 1000 6545 475 566 189 325 266 158 221 149 561 5910 165 1131 157 195 33 137 588 281 262 147 21216 370
internal_value=2.11123e-11 0.00121221 0.00564018 0.000406353 -0.000778961 -0.00088787 -0.0364708 -0.000700743 0.00581763 -0.00145247 -0.0013743 0.0039417 -0.0121297 -0.0552567 -0.000779072 -0.0117302 -0.0359483 0.00286636 0.00469383 -0.00666932 -0.0207792 -0.0339945 -0.0263479 -0.0640149 -0.00850707 0.0013338 -0.0864371 0.0353487 0.00588449 0.00773363
internal_weight=51018 15886.9 2445.2 13441.7 9071.45 9050.16 46.3306 9003.83 930.294 8073.53 8065.28 875.793 126.114 25.4704 100.644 81.63 49.5125 4370.24 3159.24 299.2 167.758 104.669 97.1881 30.4055 66.7826 63.0896 24.3862 54.5003 2860.04 2268.42
internal_count=1938225 161607 32160 129447 84810 84425 1168 83257 8847 74410 73844 8225 1680 483 1197 976 710 44637 30445 2949 1818 1372 1177 432 745 446 399 622 27496 21586
is_linear=0
shrinkage=0.05


Tree=174
num_leaves=31
num_cat=0
split_feature=4 1 12 8 14 6 13 8 7 17 0 5 1 17 3 3 14 13 8 13 11 11 14 11 18 6 15 10 3 14
split_gain=13.6409 11.9248 13.7849 11.54 11.1666 15.156 21.2821 12.4041 19.0742 13.5292 10.6677 13.2908 14.6104 12.3959 14.4504 26.6015 26.3055 23.6295 15.7123 15.2867 21.2622 16.8951 18.2357 12.4183 12.3342 22.2617 12.7168 11.5719 10.5754 10.2327
threshold=0.073913045227527632 0.0095652174204587954 0.065217390656471266 0.021739130839705471 -0.1046086475253105 -0.060709178447723382 0.10521738976240159 0.037391304969787605 -0.03011380415409803 0.056521741673350341 1.0000000180025095e-35 0.023478261195123199 0.0078260868322104233 0.0095652178861200827 -0.17515320330858228 -0.1580834090709686 -0.1268704682588577 0.063478261232376113 0.0078260868322104233 0.014782608952373268 -0.078495651483535753 -0.089520078152418123 -0.1166316084563732 -0.1112830489873886 0.0081919324584305304 -0.083796910941600786 -0.10999115929007529 -0.11894976720213889 -0.18684686720371244 -0.12066245451569556
decision_type=2 2 2 2 2 2 2 2 2 2 2 2 2 2 2 2 2 2 2 2 2 2 2 2 2 2 2 2 2 2
left_child=10 -2 4 -4 5 -3 7 8 -7 -9 11 12 29 -13 28 23 -17 18 24 20 -20 -21 -23 -16 -18 26 -26 -27 -15 -1
right_child=1 2 3 -5 -6 6 -8 9 -10 -11 -12 13 -14 14 15 16 17 -19 19 21 -22 22 -24 -25 25 27 -28 -29 -30 -31
leaf_value=0.0082663735762365867 0.0049130443800694795 -0.015597400538877405 0.04897181895095723 -0.00336529962411931 -0.036712502895148678 -0.070008327294648814 -0.078020058714442161 0.054879774116538632 0.025430880350562297 -0.037794927114467851 -4.2050640903453137e-05 -0.00015043883389931502 -0.056063809021864745 0.014107584508400812 -0.058599333416454152 -0.08689787433749975 0.067223893155698808 -0.084741388550017172 -0.063790250697209519 0.029408197638379003 0.028327120243658889 -0.08722784205028189 0.0096052046042872513 0.015774213598778005 0.0097934559399805044 0.054434760902669216 -0.072276004918882836 -0.015698544584718799 0.049533275139765902 -0.014800428970359839
leaf_weight=1194.7872265470651 375.93580773527174 249.85453335578859 9.5890592573559825 2095.6095782299653 45.297913492307998 6.829064598685366 4.8639289611019185 26.869531491654929 14.840776688011827 3.863806612615007 43625.400914593847 2991.0274834613665 8.1638599912403134 61.476255757414037 21.850985590950589 5.7530169810634098 19.551167104393244 4.9291414548642924 15.560459838248791 54.443452192586847 9.3331026704981905 6.3038827627897289 14.039392963983117 6.9581299740821114 11.240626263665037 32.245364862959832 6.8921297246124587 6.6768345111049703 32.07689008032321 49.202851195259427
leaf_count=11382 17267 33616 246 425210 5800 534 581 722 400 342 1412840 23674 236 1209 540 174 57 263 201 729 44 189 173 38 198 299 182 93 289 697
internal_value=1.81649e-11 -0.00337081 -0.00463946 -0.00310377 -0.0137783 -0.0102875 0.0127497 0.0224779 -0.0064074 0.0424048 0.000198318 0.00250121 0.00688506 0.000836394 0.0103482 0.00319016 0.0101351 0.0136756 0.0168899 0.0037163 -0.0294934 0.0150138 -0.023082 -0.0407097 0.0337626 0.0213359 -0.0235478 0.042312 0.0266495 0.00734287
internal_weight=51011.5 2833.55 2457.62 2105.2 352.42 307.122 57.2671 52.4032 21.6698 30.7333 48177.9 4552.51 1252.15 3300.36 309.331 215.778 186.969 181.216 176.286 99.6803 24.8936 74.7867 20.3433 28.8091 76.6061 57.055 18.1328 38.9222 93.5531 1243.99
internal_count=1938225 484718 467451 425456 41995 36195 2579 1998 934 1064 1453507 40667 12315 28352 4678 3180 2602 2428 2165 1336 245 1091 362 578 829 772 380 392 1498 12079
is_linear=0
shrinkage=0.05


Tree=175
num_leaves=31
num_cat=0
split_feature=4 23 13 11 7 10 2 7 7 2 0 7 2 18 18 18 7 6 14 14 6 7 8 11 6 11 6 6 7 9
split_gain=13.4314 10.5206 11.4221 14.7059 19.1633 25.1587 28.4957 25.6608 24.3837 21.1577 18.8089 18.0891 17.2417 16.3581 16.1639 15.8278 15.4933 14.4112 19.1511 17.4721 14.3554 15.8261 14.9801 14.2879 18.7622 13.6456 16.4106 13.5626 27.2247 27.8742
threshold=0.0095652174204587954 0.6428571641445161 0.011304348241537811 -0.16294122487306592 -0.015888905152678486 -0.12689478695392606 -0.1370940878987312 -0.12457512319087981 -0.34614410996437067 -0.16587232798337934 0.026956521905958656 -0.2932967990636825 -0.18065031617879865 0.0018951737438328566 0.005144417518749834 0.0037653272738680248 0.11304009705781938 -0.30536057054996485 -0.11962750181555747 -0.11756633222103118 -0.1064515672624111 -0.41088935732841486 0.047826087102293975 -0.18175720423460004 -0.15873813629150388 -0.261059820652008 -0.047762239351868623 -0.062395198270678513 -0.076295569539070116 0.0095652174204587954
decision_type=2 2 2 2 2 2 2 2 2 2 2 2 2 2 2 2 2 2 2 2 2 2 2 2 2 2 2 2 2 2
left_child=-1 2 27 4 5 9 7 14 -8 10 17 -5 15 -11 23 -12 25 18 -4 -20 21 22 -16 24 -7 26 -6 -2 -29 -30
right_child=1 -3 3 11 16 6 8 -9 -10 13 12 -13 -14 -15 20 -17 -18 -19 19 -21 -22 -23 -24 -25 -26 -27 -28 28 29 -31
leaf_value=0.0009199849086616431 -0.0037022407467852412 0.013712636297464232 0.025179539577611421 -0.017178437311387084 -0.02112536497823098 0.01496452887759523 -0.021456132923189594 -0.0061314960993196803 0.0015184172286565505 0.012492642548980326 -0.069568535126542333 -0.00075427506964518252 0.00088079677462295214 -0.012401596717527941 -0.035646094073267437 -0.013799436162312318 -0.024608899289154419 -5.9533084322942415e-05 -0.086511394892648238 0.025793914573166529 -0.016822959748063165 0.015606904229986654 0.015677933949781613 0.0063661223311151623 0.041031106458128852 0.015321957073023463 0.03326697245737173 0.027149738669209496 0.0059490804071157047 -0.031785939163474657
leaf_weight=22314.58112865287 4633.1233904965011 124.79268609006249 154.76255269499961 168.12626604450998 55.150367847243615 143.3771505352197 126.8387889956648 186.51026049529173 1194.7378638906757 72.247173413539713 18.28199163172394 19182.4075252646 116.25829594675452 681.7766352743165 31.314165253344981 39.41092437680345 28.827827048044128 178.07814399201743 6.7550384033238515 5.6043998679378983 52.119350237830076 299.96803409663335 24.594110948812158 109.63593120564474 135.48636929769418 503.06756261538067 17.450651601466234 108.45270767846887 228.08926773522035 61.238363059572293
leaf_count=254857 92678 2227 4934 53035 5445 9605 43166 15319 148069 5270 956 1114439 6493 74650 3503 2383 3314 11366 251 177 5873 26676 1307 5453 8179 32225 842 1414 2866 1253
internal_value=7.84167e-11 -0.000715593 -0.000779107 -0.000316757 0.00237146 0.000978982 0.00409483 0.0105368 -0.000701129 -0.00465983 0.00310493 -0.000897856 -0.0102645 -0.010003 0.0144427 -0.032356 0.0105977 0.00985217 0.0203512 -0.0374676 0.00746449 0.0110586 -0.0131898 0.0217331 0.0277304 0.0124004 -0.00777706 -0.00294132 0.00590846 -0.00211979
internal_weight=51003.1 28688.5 28563.7 23532.8 4182.25 3577.76 2304.58 983.005 1321.58 1273.18 519.151 19350.5 173.951 754.024 796.495 57.6929 604.496 345.2 167.122 12.3594 407.996 355.876 55.9083 388.499 278.864 575.669 72.601 5030.9 397.78 289.328
internal_count=1938225 1683368 1681141 1582930 415456 373630 267150 75915 191235 106480 26560 1167474 9832 79920 60596 3339 41826 16728 5362 428 37359 31486 4810 23237 17784 38512 6287 98211 5533 4119
is_linear=0
shrinkage=0.05


Tree=176
num_leaves=31
num_cat=0
split_feature=4 6 12 3 9 13 8 1 18 3 18 0 8 7 14 27 12 26 6 1 4 7 13 10 17 14 2 18 10 0
split_gain=12.9843 19.6204 22.3936 15.5918 14.4022 15.2865 14.9031 26.8913 21.6171 14.4272 14.3323 22.2866 17.9478 12.4274 14.4662 12.4137 14.7123 15.7079 17.0758 12.4548 12.2409 14.5382 13.5504 15.2608 13.8629 15.8315 11.719 11.3013 11.0816 10.4862
threshold=0.12608695775270465 -0.038050999864935868 0.10347826033830644 -0.092755332589149461 0.021739130839705471 0.098260872066020979 0.12086956202983858 0.11565217375755311 0.062006464228034026 -0.05235102400183677 0.050739338621497161 0.028695652261376384 0.086086958646774306 -0.018983340822160241 -0.090378884226083742 1.0000000180025095e-35 0.075652174651622786 1.0000000180025095e-35 -0.09449394047260283 0.0043478262377902874 0.13130434602499011 -0.049537880346179002 0.23565217107534411 -0.098126675933599458 0.098695654422044768 -0.087676681578159318 -0.1470588073134422 0.0045183922629803428 -0.10359360650181769 1.0000000180025095e-35
decision_type=2 2 2 2 2 2 2 2 2 2 2 2 2 2 2 2 2 2 2 2 2 2 2 2 2 2 2 2 2 2
left_child=15 2 -2 26 -5 13 8 -8 20 -10 11 28 -13 14 -6 29 17 -17 -19 27 -7 -22 23 24 25 -23 -3 -20 -4 -1
right_child=1 3 10 4 5 6 7 -9 9 -11 -12 12 -14 -15 -16 16 -18 18 19 -21 21 22 -24 -25 -26 -27 -28 -29 -30 -31
leaf_value=0.0022937623922648261 -0.037167153980759621 -0.040708553627863804 0.036515403664526699 -0.091126582034988801 -0.076120555680021212 0.048613826630949764 0.062070819219501874 -0.021934825379982197 -0.085900572823967028 0.047094467040366988 -0.017587286817597105 -0.025445461080624239 0.0025723080687908629 0.059054478847002115 0.026235729134315391 0.0012645256166068618 0.038441910436812748 0.017234282821530396 -0.020008853071511373 -0.02646448246222613 -0.078759270705503481 -0.080565930855758666 0.042005994456116719 -0.066409380227806888 0.048643633274883628 0.058965898697178193 0.016414210501550008 0.060026693291744308 -0.031266264683617151 -0.00028459575489914917
leaf_weight=4333.2176452789354 72.396399256565928 8.5236830787980562 47.318928500004404 4.092710693832486 4.0313633899204424 6.6456727734766892 14.611152225705153 23.552083664453676 16.951819933805385 1.6639518401352678 212.39235749777072 85.405401456460822 168.40196977779487 13.776433041086419 10.031589821202944 1583.3948335538043 29.506214084954991 315.13532058975761 7.3980453764088479 41.63563050533412 7.5263847350142887 5.4471428245306024 9.690666319569571 11.163501981180163 8.4981219810433668 2.1218206062912959 174.9485397019489 8.680525833857244 6.1146091237606006 43732.676725294332
leaf_count=38239 15339 2209 5162 109 177 136 1800 19579 1456 102 71963 24755 81058 105 337 26881 2912 3927 98 592 608 240 362 402 99 3 17790 37 1288 1620460
internal_value=5.69491e-11 -0.0058982 -0.0113011 0.0040006 -0.00854418 -0.00540537 -0.0139432 0.0109912 -0.0275562 -0.0722181 -0.00763287 -0.000716755 -0.00691845 0.0270133 -0.00621182 0.000107978 0.00398103 0.00344188 0.0126604 -0.0121823 -0.0102098 -0.019881 -0.00611832 -0.0241258 0.00742271 -0.0391342 0.0135541 0.0241856 0.028327 -5.21097e-05
internal_weight=50967 915.306 592.03 323.277 139.804 135.712 107.872 38.1632 69.7091 18.6158 519.633 307.241 253.807 27.8394 14.063 50051.6 1985.75 1956.24 372.85 57.7142 51.0933 44.4476 36.9213 27.2306 16.0671 7.56896 183.472 16.0786 53.4335 48065.9
internal_count=1938225 245079 199565 45514 25515 25406 24787 21379 3408 1558 184226 112263 105813 619 514 1693146 34447 31535 4654 727 1850 1714 1106 744 342 243 19999 135 6450 1658699
is_linear=0
shrinkage=0.05


Tree=177
num_leaves=31
num_cat=0
split_feature=25 27 6 4 12 17 11 11 7 17 16 12 11 15 6 11 1 3 1 2 7 10 5 14 12 1 1 13 13 6
split_gain=10.7447 15.129 11.3209 13.1337 25.0247 17.1266 12.2241 17.2182 14.6963 11.9733 14.3274 11.8745 13.7114 11.7976 13.5916 15.1978 17.9633 11.9708 13.5808 13.401 12.4049 11.7455 16.3152 15.9498 17.7752 12.0892 11.8137 11.6247 12.0047 11.4158
threshold=1.0000000180025095e-35 1.0000000180025095e-35 -0.0041932547464966765 0.084347829222679152 0.070434782654047026 0.050434784963727004 -0.048653595149517052 -0.063934285193681703 -0.01747358217835426 0.053478261455893523 0.037391304969787605 0.072173915803432478 -0.065926585346460329 -0.044981628656387322 -0.021605838090181347 -0.043046468868851655 0.039130434393882758 -0.089283488690853105 0.061739129945635803 -0.15371932089328763 -0.099306128919124589 -0.11296791210770606 0.48956522345542913 -0.10213111340999602 0.091304346919059767 0.047826087102293975 0.065217390656471266 0.035652173683047302 0.16956522315740588 -0.067298743873834596
decision_type=2 2 2 2 2 2 2 2 2 2 2 2 2 2 2 2 2 2 2 2 2 2 2 2 2 2 2 2 2 2
left_child=2 -2 3 -1 -5 -6 7 -4 -9 11 13 12 -7 17 -15 -16 -17 18 19 29 -19 22 -12 -23 -25 -24 -27 -22 -29 -11
right_child=1 -3 6 4 5 9 -8 8 -10 10 21 -13 -14 14 15 16 -18 20 -20 -21 27 23 25 24 -26 26 -28 28 -30 -31
leaf_value=-3.1657225918163949e-05 0.0016868339223574263 0.013328508277746846 0.011889552471272664 -0.020508291876964832 0.044418335114814828 -0.066651150044163054 0.042763562636446456 -0.082721035260216125 0.010803176422715895 -0.0093153917555818654 -0.034892272889409666 -0.075701553285392673 0.060207091184265017 -0.033248478010803044 -0.043241897455662065 0.049452526927488694 -0.065574988516710384 -0.051358281567234189 -0.020319750617140406 0.0051714523898105554 -0.072194983283548203 0.0070697594954256971 -0.047814538946676595 -0.034550129032203961 -0.0060487693632444821 0.068221946056601437 -0.0021386685033083375 0.026416470169745895 -0.026321520665442785 -0.068109205073009799
leaf_weight=46447.930598321043 1914.9763613949453 325.76830926325965 154.33039981842012 208.22789098728572 18.448844744532835 2.6904512315522879 26.468762326701835 8.4489901677225117 7.1911610757233566 42.080226718375343 75.646091913811688 9.9974669680232164 4.0550398211926248 47.23932532465551 8.9096675771143072 19.000067879038401 3.187990894628455 5.4716270159115075 67.191449731151806 614.34124052486732 2.4064173892256795 203.72747428774528 6.5678185793585753 60.877972932779812 478.93373154321489 8.5362779400602466 15.778070565662345 123.82057330885436 11.017907801258842 9.4088095180923101
leaf_count=1492849 35176 3801 5914 28126 156 183 3911 755 455 7101 25063 401 20 7917 933 346 427 1187 19423 66560 76 28524 1763 11112 181054 1292 4467 5196 2293 1744
internal_value=3.40989e-11 0.00338454 -0.000155819 -0.00020446 -0.00412248 -0.00225733 0.0117926 0.00674777 -0.0416547 -0.00275436 -0.00235105 -0.0436313 0.00753683 0.00185436 -0.0166123 0.0089076 0.0308101 0.00352331 0.000935026 0.00310718 0.0167183 -0.00706763 -0.0225197 -0.00482651 -0.00932099 0.00793073 0.0242827 0.0197842 0.0219451 -0.0211519
internal_weight=50932.7 2240.74 48691.9 48495.5 2047.56 1839.33 196.439 169.971 15.6402 1820.89 1804.14 16.743 6.74549 954.075 78.3371 31.0977 22.1881 875.738 733.022 665.83 142.717 850.067 106.528 743.539 539.812 30.8822 24.3143 137.245 134.838 51.489
internal_count=1938225 38977 1899248 1888213 395364 367238 11035 7124 1210 367082 366478 604 203 113203 9623 1706 773 103580 94828 75405 8752 253275 32585 220690 192166 7522 5759 7565 7489 8845
is_linear=0
shrinkage=0.05


Tree=178
num_leaves=31
num_cat=0
split_feature=16 5 18 18 6 6 13 4 18 17 15 1 16 8 15 17 8 6 5 12 13 5 18 9 9 1 12 15 8 15
split_gain=9.44674 14.1008 22.9353 12.261 15.8479 22.0087 16.7448 48.8643 13.8221 13.7711 21.3935 16.8103 16.7822 23.2735 16.2622 15.53 19.4127 15.4949 19.1026 15.2818 14.9564 20.8605 19.7908 16.6742 15.5684 30.959 20.7482 23.0688 18.8394 27.0302
threshold=0.0026086957077495758 0.0026086957077495758 0.00075306560029275726 0.011698804330080749 -0.078604284673929201 -0.072835747152566896 0.042608696967363364 0.025217391550540928 1.0000000180025095e-35 0.021304347552359108 -0.059418443590402596 0.098260872066020979 0.021739130839705471 0.035652173683047302 -0.14595818519592282 0.048260869458317764 0.051304347813129432 -0.12617116421461103 0.030434782616794113 0.032173912972211845 0.016521738842129711 0.063478261232376113 0.011954546440392734 0.054782608523964889 0.032173912972211845 0.11739130318164827 0.016521738842129711 -0.11053023487329482 0.056521739810705192 -0.14338825643062589
decision_type=2 2 2 2 2 2 2 2 2 2 2 2 2 2 2 2 2 2 2 2 2 2 2 2 2 2 2 2 2 2
left_child=-1 2 -2 4 6 -6 -3 -8 -7 10 11 -5 20 -14 -13 -15 17 -17 -19 -18 21 23 -23 -11 -24 -26 -27 28 -28 -30
right_child=1 3 -4 9 5 8 7 -9 -10 12 -12 14 13 15 -16 16 19 18 -20 -21 -22 22 24 -25 25 26 27 -29 29 -31
leaf_value=0.0010119385702396881 0.019324535707933171 0.00039354082080725035 -0.010557100245511175 -0.0086288202022912729 -0.0099960583331627877 -0.067441887530653249 0.031427792913852684 0.0029957246475740282 -0.00023806010722683191 0.0023038710531698317 -0.086971336093374568 -0.061257018109615272 -0.01574486360950746 0.0044005324690722042 0.030334713723009006 -0.025674072029497258 -0.028235920707364318 -0.042399998048739063 -0.0051036676757899614 -0.0015563482108383237 0.0020754446655362447 -0.083433364391072032 -0.0038413111230891938 0.044367387351880616 -0.039326115039759198 0.025256054391184203 -0.039613362903909662 -0.058767153077670886 -0.032319162820206374 0.053095720134602425
leaf_weight=15873.409159255985 70.631441462108342 14184.35372229675 625.12326881550689 786.07909778528847 783.92548605451157 6.6739206806778375 159.34954688174184 2631.7683933912049 2580.6106353395407 669.31360986440359 7.4217110825702539 4.4770668209530404 334.47332264032593 772.4645449154923 45.338354799430817 136.42096170948207 53.355913740684628 35.38618575475266 618.96308328495797 4304.8635229866477 5008.5000444554244 7.4359597925504195 983.59242137502588 23.426938868928119 97.948665270654601 44.381701993523166 18.561766481492668 22.441361038945615 14.168036525996284 23.170272754505277
leaf_count=161607 1377 405476 67056 15525 26538 122 7609 194407 76152 18590 410 142 31498 39067 713 20491 3712 6989 52442 558948 229386 325 16437 217 1667 407 206 384 202 123
internal_value=4.1275e-11 -0.000458241 -0.0075002 -0.00031543 0.000468393 -0.00266243 0.00109027 0.00462963 -0.000437403 -0.00145355 -0.00764389 -0.00683648 -0.00105658 -0.00293268 0.0210596 -0.00220645 -0.0031983 -0.0104008 -0.00718222 -0.00188938 0.000641396 -0.00312913 -0.00708373 0.00378827 -0.00654346 -0.018516 -0.00172326 -0.0171332 0.000320078 0.0206874
internal_weight=50928 35054.6 695.755 34358.9 20346.7 3371.21 16975.5 2791.12 2587.28 14012.2 843.316 835.895 13168.9 6255.93 49.8154 5921.45 5148.99 790.77 654.349 4358.22 6912.94 1904.44 1211.7 692.741 1204.26 220.672 122.723 78.3414 55.9001 37.3383
internal_count=1938225 1776618 68433 1708185 710304 102812 607492 202016 76274 997881 16790 16380 981091 713147 855 681649 642582 79922 59431 562660 267944 38558 19751 18807 19426 2989 1322 915 531 325
is_linear=0
shrinkage=0.05


Tree=179
num_leaves=31
num_cat=0
split_feature=4 12 13 16 7 7 13 13 3 0 7 1 17 17 10 14 15 10 9 14 2 5 13 2 13 2 18 3 14 14
split_gain=13.1941 15.4505 23.4582 18.7862 16.8699 19.3955 16.8355 16.7218 18.4248 15.6408 15.9449 14.9702 14.8801 15.2903 19.3848 18.554 14.7271 14.2498 13.9372 12.0208 16.3328 12.1453 11.8049 18.1828 30.9187 20.8734 24.588 20.6445 17.7976 16.8638
threshold=0.018260869197547439 0.018260869197547439 0.035652173683047302 0.0060869567096233377 -0.13370802998542783 -0.12040654197335242 0.0043478262377902874 0.016521738842129711 -0.15279496461153028 1.0000000180025095e-35 0.013200407382100822 0.020000000484287742 0.0084782610647380369 0.0095652178861200827 -0.12731380015611646 -0.1208781637251377 -0.044981628656387322 -0.12078395858407019 0.016521738842129711 -0.11011525243520735 -0.14413913339376447 0.31217391788959509 0.096521738916635527 -0.14514581114053723 0.061739129945635803 -0.14190246164798734 0.011698804330080749 -0.095386300235986696 -0.11921565234661101 -0.1098143272101879
decision_type=2 2 2 2 2 2 2 2 2 2 2 2 2 2 2 2 2 2 2 2 2 2 2 2 2 2 2 2 2 2
left_child=-1 2 9 4 6 17 -3 8 11 10 -2 19 -11 14 -14 -16 22 -6 -4 20 21 -7 23 27 25 26 -25 29 -27 -9
right_child=1 3 18 -5 5 7 -8 16 -10 12 -12 -13 13 -15 15 -17 -18 -19 -20 -21 -22 -23 -24 24 -26 28 -28 -29 -30 -31
leaf_value=0.00066774446218381212 0.0095553648089442139 -0.085766458205517135 -0.075520848524351925 -0.00090832725234752775 -0.0048062350641572193 0.0078560472374692211 0.019591181012523051 0.0033031827198312042 0.02934540555298859 -0.059312033473580245 -0.048553838240639573 0.071846104773431771 -0.040123183006673557 -0.008551466219940183 0.047945408162408741 -0.016401009117501624 -0.07116892739289038 -0.068049104646058858 0.013864489961800945 0.037517384362886097 -0.088854334263936741 -0.062030673417734251 0.017922904704069997 0.028012829960076827 -0.060437854888697677 -0.04850071285650278 -0.058102080234589626 -0.054359488948044536 0.0096665670074503104 0.033900147107050194
leaf_weight=30152.039049859399 202.65057680063182 2.8863124803610836 3.4833944803103796 17416.158715320926 20.152244099677773 23.85093945421977 224.1763695692789 331.57508932810742 115.45265007694252 13.074382221209815 11.544452303351134 4.4788539719302198 11.538217403460292 1710.512505798215 36.979057568707503 15.298655628343111 6.0389274678891516 15.199606148031306 185.98533799785946 7.9074995910050339 7.4276046428713043 7.3259299044148056 93.86168274708325 10.523799561546182 28.358518134977203 13.618101704283616 30.822904559638118 13.000225857365875 130.43024626802071 51.166616341448389
leaf_count=461196 2473 80 284 1372021 868 406 8230 9056 1121 540 290 24 485 58430 394 385 689 737 9271 37 178 223 3318 291 1563 528 1045 480 2428 1154
internal_value=8.67279e-11 -0.000970503 -0.00494029 -0.000501475 0.00571901 0.00267186 0.0178817 0.00415273 0.0183651 -0.00653317 0.00621238 -0.00658273 -0.00806317 -0.00765233 0.016208 0.0291605 0.000796983 -0.0331216 0.0118333 -0.0154882 -0.0270187 -0.00998335 0.00151504 -0.00103698 -0.0127543 -0.00517542 -0.0360397 0.00530815 0.00387106 0.0074712
internal_weight=50897.5 20745.5 2191.07 18554.4 1138.25 911.191 227.063 875.84 166.443 2001.6 214.195 50.9908 1787.4 1774.33 63.8159 52.2777 709.396 35.3519 189.469 46.512 38.6045 31.1769 703.357 609.496 213.754 185.395 41.3467 395.742 144.048 382.742
internal_count=1938225 1477029 72552 1404477 32456 24146 8310 22541 1989 62997 2763 868 60234 59694 1264 779 20552 1605 9555 844 807 629 19863 16545 5855 4292 1336 10690 2956 10210
is_linear=0
shrinkage=0.05


Tree=180
num_leaves=31
num_cat=0
split_feature=4 12 5 2 3 11 2 11 1 10 9 14 8 11 18 10 0 11 3 18 7 5 25 11 9 10 14 24 15 15
split_gain=11.5228 17.5689 17.7576 13.4581 18.3832 17.2966 27.4464 19.6081 18.2711 17.1799 19.4526 17.0274 15.749 14.6653 15.9443 14.198 13.0248 12.2809 14.5842 12.0621 11.78 20.8936 26.0401 19.8766 30.4049 19.7893 19.7573 18.7335 18.813 16.9385
threshold=0.023478261195123199 0.016521738842129711 0.0043478262377902874 -0.099707573652267442 -0.05235102400183677 -0.10741873085498808 -0.1154748387634754 -0.1208791173994541 0.021739130839705471 -0.13160763680934903 0.016521738842129711 -0.12379850074648856 0.0078260868322104233 -0.18175720423460004 0.0093957311473786848 -0.12522851675748822 0.021739130839705471 -0.09244747087359427 -0.10579141601920126 0.016098705120384697 -0.044179329648613923 0.32608695328235632 1.0000000180025095e-35 -0.064971752464771257 0.25130434334278112 -0.13988239318132398 -0.13093928247690198 1.0000000180025095e-35 -0.10784805938601492 -0.138471744954586
decision_type=2 2 2 2 2 2 2 2 2 2 2 2 2 2 2 2 2 2 2 2 2 2 2 2 2 2 2 2 2 2
left_child=20 3 -3 4 5 6 7 13 -9 -7 11 -11 -5 15 -15 -2 -13 -12 -19 -10 27 22 23 25 -25 -22 -27 -1 -29 -23
right_child=1 2 -4 12 -6 9 -8 8 19 10 17 16 -14 14 -16 -17 -18 18 -20 -21 21 29 -24 24 -26 26 -28 28 -30 -31
leaf_value=0.0022931669561953843 -0.020883522906795911 -0.014928017739309582 -0.00061955768290698592 0.024480220177039762 0.051170003582084872 0.0358038261388458 0.040449603955645647 0.031697340538095857 -0.073662160606867824 0.028289195646080918 -0.054989485644400496 -0.070184295346594136 -0.088723970195356258 -0.045419533627207326 -0.0063235223499929953 0.026786745495360722 0.0025283523011283195 0.047036846093448777 -0.0163040330144931 0.046798839656087179 -0.044304268923741924 -0.003474401815660077 -0.089504778989649064 -0.051790110681536244 0.036335006797570749 0.051633929642695212 -0.0049315188377869242 0.00062352600308441945 -0.0039910172235459685 0.0019177666546204492
leaf_weight=13730.41392631577 32.535651482146932 218.69882513033008 16675.655228825228 3.7506503793374568 11.066071869805453 9.1863194038160128 29.493700396764325 40.248233621474355 6.8831717601278779 5.385846775956451 10.865960522438398 46.076029390678741 10.038382348808225 62.616069194016745 44.819954285601852 28.240241038176464 7.0073420580010852 11.951898164581502 29.479416699614379 2.0511824630666524 29.793108439829666 2681.3547591999813 9.3810251405229774 51.282602644987492 11.285921670030801 15.064816544763742 395.57271070737625 10661.303483154286 2784.810797012753 3185.7339555242215
leaf_count=238715 2442 75035 1262331 59 79 290 721 975 570 121 865 1736 497 3548 2006 1443 213 360 1341 48 581 42068 159 2164 360 123 6910 194786 46895 50784
internal_value=2.26391e-11 -0.00104872 -0.000805654 -0.0115038 -0.00964465 -0.0116133 -0.00400676 -0.0101957 0.0173279 -0.0271066 -0.0325977 -0.05218 -0.0583589 -0.018298 -0.0293183 0.00134208 -0.0607165 -0.0101361 0.00264614 -0.0440793 0.000540254 -0.00139318 -0.0110658 -0.00942818 -0.0355728 -0.00564184 -0.00273594 0.000994146 -0.000332413 -0.000546714
internal_weight=50842 17286.1 16894.4 391.696 377.907 366.841 246.888 217.395 49.1826 119.953 110.766 58.4692 13.789 168.212 107.436 60.7759 53.0834 52.2973 41.4313 8.93435 33556 6379.47 512.38 502.999 62.5685 440.431 410.638 27176.5 13446.1 5867.09
internal_count=1938225 1354680 1337366 17314 16758 16679 11753 11032 1593 4926 4636 2070 556 9439 5554 3885 1949 2566 1701 618 583545 103149 10297 10138 2524 7614 7033 480396 241681 92852
is_linear=0
shrinkage=0.05


Tree=181
num_leaves=31
num_cat=0
split_feature=16 18 5 12 7 10 3 2 17 13 15 2 3 15 8 17 11 23 2 1 15 12 9 2 2 5 3 3 9 14
split_gain=11.8412 13.2063 21.243 19.2271 22.8077 19.1353 19.4913 19.0272 19.0374 16.1927 15.347 13.6043 13.3543 13.0525 11.8434 19.9257 20.2634 19.0591 18.5552 12.1539 11.6819 11.3546 11.2978 16.8629 13.4521 18.8414 17.7542 21.2538 29.7345 24.6963
threshold=0.014782608952373268 0.015579541679471733 0.014782608952373268 0.021739130839705471 0.01072854269295931 -0.11198600009083746 -0.072944190353155122 -0.13335343450307843 0.037391306832432754 0.0095652174204587954 -0.083310585469007478 -0.087594196200370775 -0.061280880123376839 -0.054430656135082238 0.061739129945635803 0.044782610610127456 -0.054907195270061486 0.21428572386503222 -0.14882723242044446 0.18173912912607196 -0.051146805286407464 0.32086956501007086 0.058260869234800346 -0.18411412835121152 -0.11388808488845824 0.1278260871767998 -0.11057153716683386 -0.0913853384554386 0.047826087102293975 -0.12647732347249982
decision_type=2 2 2 2 2 2 2 2 2 2 2 2 2 2 2 2 2 2 2 2 2 2 2 2 2 2 2 2 2 2
left_child=-1 22 -3 4 5 7 -7 -4 9 -9 -8 -6 -10 -12 15 16 18 21 -5 -20 -15 -16 24 -24 26 -26 -2 29 -29 -28
right_child=1 2 3 14 11 6 10 8 12 -11 13 -13 -14 20 17 -17 -18 -19 19 -21 -22 -23 23 -25 25 -27 27 28 -30 -31
leaf_value=0.00053672293466279475 -0.0019255547767286275 -0.015622178131000459 -0.072981307216738331 -0.033435714704084088 0.030377220207072689 -0.074665448688806646 0.038170986210010457 -0.055797234389823681 -0.048803746116408191 0.0070332397582130619 -0.086082876965662247 -0.066596160970999158 0.045670434670353671 0.055607355932578206 -8.2379908358101456e-05 -0.006373664104003144 -0.078982440212374841 0.019306034676387075 0.006570820983767045 -0.045872934640864976 -0.064374849402061618 -0.036272976417285094 -0.045043458951021804 0.0032364604205264488 0.0025338631854629427 -0.020126875428707135 0.029628367928761331 0.0022443798128406159 -0.022413120874929211 0.0055570715038378666
leaf_weight=34015.203684748965 5287.528279512906 307.47725067812462 11.439746733987702 30.633783420853433 33.396713419875596 28.837343391300237 8.4587254035286623 10.306962796690639 34.017074933391996 109.21873775415588 7.1017668284475803 3.0965939221205181 3.3999666086747302 4.0339656407013535 3106.5566252278732 2156.30903166188 6.4292807108722618 127.59255077354828 681.54824550011108 10.241715910728088 2.4095236938446742 20.825284725184247 17.21722460584715 2578.3476112486824 163.0306951215789 208.14636784444156 118.51661751780193 611.27565777651034 151.79035716009093 991.3251135720202
leaf_count=601547 306649 131228 625 3279 919 2019 145 310 1962 4242 307 170 39 73 354483 178182 504 10483 30292 582 211 12225 1273 210738 13560 9753 2893 17416 6846 35270
internal_value=-2.90528e-12 -0.00108471 -0.00280605 -0.00218757 -0.0155941 -0.021684 -0.0482965 -0.013411 -0.00863426 0.00119723 -0.0119952 0.0205919 -0.0392538 -0.0437933 -0.00162678 -0.00395862 0.0031852 0.000440711 0.00402463 0.00572931 0.00811957 -0.000334891 5.48353e-05 0.00289898 -0.000925576 -0.0101936 -0.00044379 0.00373827 -0.00268345 0.00815193
internal_weight=50845.7 16830.5 6703.33 6395.85 255.717 219.224 50.8413 168.382 156.943 119.526 22.004 36.4933 37.417 13.5453 6140.14 2885.16 728.853 3254.97 722.424 691.79 6.44349 3127.38 10127.2 2595.56 7531.61 371.177 7160.44 1872.91 763.066 1109.84
internal_count=1938225 1336678 732280 601052 11022 9933 2755 7178 6553 4552 736 1089 2001 591 590030 212839 34657 377191 34153 30874 284 366708 604398 212011 392387 23313 369074 62425 24262 38163
is_linear=0
shrinkage=0.05


Tree=182
num_leaves=31
num_cat=0
split_feature=4 0 12 13 9 17 9 5 6 12 6 1 15 14 15 7 18 15 8 9 15 6 13 9 3 13 2 7 3 10
split_gain=14.1358 12.1594 21.5864 20.905 19.6198 29.3307 16.1124 20.9298 15.4767 14.5953 22.1925 14.5632 12.9326 16.2524 15.5213 13.0383 12.8527 27.65 14.3074 14.0492 13.8182 19.1585 13.0032 21.0558 19.0923 13.4727 12.5395 12.5292 15.0674 29.7689
threshold=0.042608696967363364 0.035652173683047302 0.044347826391458518 0.0043478262377902874 0.061739129945635803 0.047826087102293975 0.054782608523964889 0.065217390656471266 -0.13458215445280072 0.033913042396306999 -0.044165000319480889 0.12956521660089496 -0.15020958334207532 -0.11471519619226454 -0.077623613178729997 -0.13370802998542783 0.007210054202005268 -0.065232951194047914 0.023478261195123199 0.0078260868322104233 -0.049300521612167351 -0.070229932665824876 0.056521739810705192 0.056521739810705192 -0.10698243603110312 0.06695652008056642 -0.10788939520716666 0.01072854269295931 -0.10579141601920126 -0.11375432088971137
decision_type=2 2 2 2 2 2 2 2 2 2 2 2 2 2 2 2 2 2 2 2 2 2 2 2 2 2 2 2 2 2
left_child=-1 3 4 -2 6 11 7 -3 -9 10 12 -6 -5 14 15 -14 17 -11 19 -18 21 22 -21 24 -24 -26 -23 28 -12 -30
right_child=1 2 -4 9 5 -7 -8 8 -10 16 27 -13 13 -15 -16 -17 18 -19 -20 20 -22 26 23 -25 25 -27 -28 -29 29 -31
leaf_value=0.00037925475430183463 -0.073970915960335129 -0.040266158309008447 -0.0022553813318719855 -0.038960480338001577 0.01834270704865126 -0.026549849920409964 -0.045420856054074948 -0.039487452315678045 -0.0043758634150643681 0.017954458739514907 0.042994773926005057 -0.033667581222688196 -0.031010306959128417 -0.030082282005292157 -0.041613515527720475 0.010476591578151553 -0.020923027493504016 -0.069499706001839134 -0.00072498063846349384 0.009542723111390046 -0.060826456440301636 0.026455172786383475 -0.053673417320529798 0.02475452415990417 0.0482447050252909 -0.061655829819263652 -0.048861721636308662 -0.060026650316037683 -0.086867116281490034 0.024709327260613423
leaf_weight=42114.632041687546 8.4773463268193137 65.414390754038322 4122.4874235999723 47.752810375321133 127.40145089174621 69.088070492391125 49.503175721489242 35.129292253150197 241.79363373570959 186.08480382354173 35.679117410152685 14.112152481451629 21.402953241253272 72.673361401393777 20.306540203513578 121.86092487868154 36.867492242075969 8.5241221841424686 2930.2405132208878 208.16774896990682 5.6676751142367712 179.19813935933053 33.378537258511642 21.098554366617464 8.9703836978878808 2.9226534802000961 4.8108224727329789 4.085553203476592 7.1614588103257146 21.375620319042355
leaf_count=1023392 249 11053 568007 7180 7825 7287 4570 4664 12971 10772 591 1237 2511 5281 1074 5457 493 304 244456 8044 406 3207 3346 2011 326 389 187 174 353 408
internal_value=-4.75138e-12 -0.00183326 -0.00354886 0.000200392 -0.0123817 -6.79918e-05 -0.0189829 -0.0150387 -0.00895603 0.000376996 -0.00932421 0.0129562 -0.0154735 -0.0105818 -0.00178768 0.00410665 0.00132188 0.0137881 0.000611044 0.00840977 0.0107793 0.0117948 0.00340069 -0.0157193 -0.0347092 0.0185498 0.0242326 0.0160987 0.0217881 -0.00528407
internal_weight=50826.3 8711.64 4724.93 3986.71 602.442 210.602 391.84 342.337 276.923 3978.23 352.298 141.514 283.997 236.244 163.57 143.264 3625.93 194.609 3431.32 501.082 464.215 458.547 274.538 66.3701 45.2716 11.893 184.009 68.3017 64.2162 28.5371
internal_count=1938225 914833 617614 297219 49607 16349 33258 28688 17635 296970 23029 9062 21503 14323 9042 7968 273941 11076 262865 18409 17916 17510 14116 6072 4061 715 3394 1526 1352 761
is_linear=0
shrinkage=0.05


Tree=183
num_leaves=31
num_cat=0
split_feature=4 12 0 15 15 10 6 9 8 1 2 2 11 3 8 0 9 10 15 0 2 13 0 2 15 13 7 15 15 14
split_gain=12.4114 11.6449 18.9883 16.8507 10.7776 25.5273 20.771 31.3761 17.6632 13.4641 16.9978 15.97 12.8615 12.3262 21.1849 12.1641 17.1163 15.4251 11.3354 10.6354 20.4326 17.809 10.4317 19.2967 17.0651 19.3304 19.4807 20.6417 22.4684 18.7332
threshold=0.042608696967363364 0.035652173683047302 0.27913042902946478 -0.32351070642471308 -0.061485454440116875 -0.079973708838224397 -0.023132245987653729 0.13652173429727557 0.13478260487318042 0.20086956769227984 -0.074804447591304765 -0.051656620576977723 -0.056561080738902085 -0.090679984539747224 0.049565218389034278 0.084347829222679152 0.10173913091421129 -0.10739270597696303 -0.057149393483996384 0.16086956113576892 -0.076551847159862504 0.086086958646774306 0.12260869517922403 -0.098102200776338563 -0.14795023947954175 0.011304348241537811 -0.078201748430728898 -0.072996288537979112 -0.062448807060718529 -0.11247343942523001
decision_type=2 2 2 2 2 2 2 2 2 2 2 2 2 2 2 2 2 2 2 2 2 2 2 2 2 2 2 2 2 2
left_child=1 2 -1 -4 22 6 7 13 9 12 -11 18 -8 -6 -15 -16 -17 -18 -12 20 -2 -21 23 24 -3 29 27 -27 -29 -26
right_child=19 4 3 -5 5 -7 8 -9 -10 10 11 -13 -14 14 15 16 17 -19 -20 21 -22 -23 -24 -25 25 26 -28 28 -30 -31
leaf_value=0.0001357522835843586 -0.0014380274794442468 0.014745105488859959 0.026735315788523058 -0.069244467972027823 0.042452908711720021 0.033916984260222008 0.043612467638861882 -0.06957746163255589 -0.07995901009349525 0.067465029896476333 0.031346047332571167 0.039301684699812531 -0.076818234758638596 -0.065580577114624714 0.045118198614389413 -0.065618060687825025 -0.05462192178941519 0.03608410188790321 -0.080999901834842569 -0.021754461891120201 0.054846353155464267 -0.00069461742691962196 0.0006690539750590337 0.028074342006168443 -0.088150626150961253 -0.00015114338429844567 0.0094123569304988674 -0.044146921508729911 0.045672950020597305 0.036867515288009606
leaf_weight=38674.316177218418 8282.5589060359198 361.01007474683865 5.5633590734796625 16.65457470160618 8.6560699408873898 28.195891500392463 2.6194182457402349 32.703872089623474 3.9939318508841088 16.773093543946739 2.6369780767708999 10.658744345419114 5.3096663979813448 16.029735392890871 10.34982305113226 10.038931453600528 5.563635386992245 15.560342350974681 6.1151498011313379 172.3865325914212 15.156580177172144 238.58777580483911 1453.2835848921386 95.960934794929926 9.8745124412525893 619.76657322520623 633.42786066216649 48.124647577060387 7.2794148856773964 3.4916547159082247
leaf_count=815187 778011 32380 111 853 127 1556 56 2176 173 195 90 124 364 715 214 501 275 436 508 42957 574 93291 107196 4774 297 31508 21417 2023 80 56
internal_value=-3.78435e-11 0.000355402 0.000108618 -0.0450948 0.00315716 -0.00888801 -0.0172715 -0.030281 0.00954637 0.0192428 0.0321361 -0.000201523 -0.0366046 -0.010121 -0.0186197 0.000629858 -0.015089 0.0108049 -0.0474072 -0.00171811 -0.00132862 -0.0095597 0.00381263 0.00637892 0.00512594 0.00248992 0.00312086 -0.00278684 -0.0317452 -0.0551991
internal_weight=50812.6 42104 38696.5 22.2179 3407.42 175.205 147.009 98.9024 48.107 44.1131 36.184 19.4109 7.92908 66.1985 57.5425 41.5127 31.1629 21.124 8.75213 8708.69 8297.72 410.974 3232.22 1778.94 1682.97 1321.96 1308.6 675.171 55.4041 13.3662
internal_count=1938225 1023392 816151 964 207241 7510 5954 4444 1510 1337 917 722 420 2268 2141 1426 1212 711 598 914833 778585 136248 199731 92535 87761 55381 55028 33611 2103 353
is_linear=0
shrinkage=0.05


Tree=184
num_leaves=31
num_cat=0
split_feature=4 13 6 7 12 12 7 16 12 3 5 3 5 4 14 0 10 0 16 5 5 10 8 2 5 7 7 5 4 3
split_gain=12.5183 14.7166 14.5129 11.4661 22.0251 20.4161 15.3422 10.9664 15.5129 14.9607 14.8615 13.5349 19.203 13.0515 12.9456 11.7952 11.6369 12.0923 13.0631 10.8673 10.7358 13.0452 12.203 12.2512 11.3043 17.0561 19.3274 13.9043 12.8176 10.7164
threshold=0.10521738976240159 0.11217391490936281 -0.038050999864935868 -0.018983340822160241 0.1539130434393883 0.18347825855016711 -0.096533268690109239 0.014782608952373268 0.070434782654047026 -0.03491998836398124 0.11913043260574342 -0.083765894174575792 0.040869565680623061 0.033913042396306999 -0.10676800832152365 0.43913044035434728 -0.076591495424509035 0.3417391330003739 0.0095652174204587954 0.32608695328235632 0.28086955845355993 -0.10418501868844031 0.06695652008056642 -0.1407392621040344 0.22521739453077319 -0.032617099583148949 -0.043091885745525353 0.20782608538866046 0.13130434602499011 -0.11351246014237402
decision_type=2 2 2 2 2 2 2 2 2 2 2 2 2 2 2 2 2 2 2 2 2 2 2 2 2 2 2 2 2 2
left_child=1 7 -2 5 -5 19 -7 8 15 -9 11 12 14 -11 -10 16 17 -1 -19 20 21 -4 -22 -24 25 26 27 28 -23 -6
right_child=2 -3 3 4 29 6 -8 9 10 13 -12 -13 -14 -15 -16 -17 -18 18 -20 -21 22 24 23 -25 -26 -27 -28 -29 -30 -31
leaf_value=0.00046066075014880472 -0.0078701952717352107 0.0065293045079778443 -0.059418752643149719 0.028370089560400137 0.0071867673731427564 -0.031447345078686052 0.027333784442330512 -0.00094764769335355624 0.046442218719427414 -0.0022177184170298508 0.027391517649269104 0.017615851707331338 -0.079884345572477922 -0.03107118392361239 -0.050193789651667445 -0.052009446104383975 0.027759805779710801 -0.04274657382866362 0.028920161516639571 -0.055484863375909438 0.039026064101868339 0.025177097202306705 0.057345417312034179 -0.074316203810240872 -0.049497350006454222 0.05134444862605099 -0.067077738870871734 0.062657491789118863 -0.024520503095499736 -0.034934930153402814
leaf_weight=33371.67169477314 999.25737975607717 881.81687485749717 14.216846413466554 97.971699760209049 37.290616354097438 12.522961570144615 63.769940226069593 14808.723854008076 7.804420926477178 79.656485897587118 101.22519181721145 27.875280594307696 10.50476259755669 76.471000680729048 4.7370424726250366 9.7142396420531423 37.992099176350166 29.103404776309617 7.3012658800289492 13.399981241178464 18.918847792316232 18.236835026364133 1.6984366951510335 4.7307467653299646 14.156975772581061 11.570268877781926 11.993454688461496 6.7653328105807296 39.127430435197311 24.072598779726832
leaf_count=572346 270435 89239 829 2481 7469 12866 10049 935451 259 5877 2462 875 781 10266 464 365 635 674 400 808 305 692 13 333 667 143 541 59 2323 8118
internal_value=-3.44253e-11 0.000131559 -0.00467847 0.00348933 0.0137656 -0.00362435 0.0174032 1.52792e-05 0.000516605 -0.00111055 0.0163937 -0.00557485 -0.033191 -0.0164579 0.00893057 0.000443913 0.000460703 0.000428828 -0.0279843 -0.0140319 -0.00974198 -0.0161755 0.0192124 -0.0364972 -0.00962028 -0.00269715 -0.0114704 -0.000200536 -0.00856033 -0.00963266
internal_weight=50844.3 49454.6 1389.7 390.443 159.335 231.108 76.2929 48572.8 33607.9 14964.9 152.147 50.9215 23.0462 156.127 12.5415 33455.8 33446.1 33408.1 36.4047 154.815 141.415 116.067 25.348 6.42918 101.85 87.6933 76.1231 64.1296 57.3643 61.3632
internal_count=1938225 1620094 318131 47696 18068 29628 22915 1530855 579261 951594 4841 2379 1504 16143 723 574420 574055 573420 1074 6713 5905 5254 651 346 4425 3758 3615 3074 3015 15587
is_linear=0
shrinkage=0.05


Tree=185
num_leaves=31
num_cat=0
split_feature=1 9 9 8 7 13 13 4 12 0 4 6 3 10 8 14 13 13 12 8 5 18 18 11 16 11 9 10 17 8
split_gain=10.4523 10.8542 13.3475 15.7703 13.3032 10.3478 9.81342 9.52755 17.5302 20.3425 16.9781 16.5236 12.4147 16.9647 16.6396 13.0522 12.1243 24.0712 21.4052 12.3605 14.5396 11.801 18.2361 13.9589 11.8726 10.8406 10.8128 10.7999 12.1777 19.7266
threshold=0.42173913121223455 0.14869565516710284 0.18173912912607196 0.13130434602499011 -0.2429656237363815 0.068695649504661574 0.042608696967363364 0.091304346919059767 0.084347829222679152 0.0095652174204587954 0.11043478548526765 -0.038050999864935868 -0.11686465144157408 -0.11138392612338065 0.032173912972211845 -0.10696757212281226 0.13652173429727557 0.13130434602499011 0.0826086960732937 0.011304348241537811 0.0078260868322104233 0.0082494211383163946 0.016833445988595489 -0.072699978947639451 0.065217390656471266 -0.070406436920166002 0.11913043260574342 -0.10674872621893881 0.069347824901342406 0.047826087102293975
decision_type=2 2 2 2 2 2 2 2 2 2 2 2 2 2 2 2 2 2 2 2 2 2 2 2 2 2 2 2 2 2
left_child=7 4 6 -4 -2 -5 -3 16 9 12 -10 -12 -9 15 -15 25 17 -1 21 -19 -21 24 23 26 -18 -14 -23 -13 -29 -30
right_child=1 2 3 5 -6 -7 -8 8 10 -11 11 27 13 14 -16 -17 18 19 -20 20 -22 22 -24 -25 -26 -27 -28 28 29 -31
leaf_value=0.0001447012445552146 0.024683407562632459 0.062788968963805619 -0.060516930361263516 -0.049534345338644883 -0.050933363739957063 0.0014904435645523456 0.0021277021741611035 0.022193568916312519 0.010417180020137933 -0.018323787617184655 -0.0074347990135438802 -0.039324109904318671 -0.064599282459030669 -0.068783671258280304 0.034196622530224194 -0.089565579205711621 0.053789941270464464 0.04939901607213374 0.055809711637002136 0.053275089070874949 -0.060943302346820154 -0.067834187749416255 0.0076468014838224109 -0.083800880787541832 -0.059558540789375086 0.050694417408766984 0.023516072064976065 0.043782836300660793 -0.049654696872264835 0.0074654928525101083
leaf_weight=48479.559868007105 6.5705712628805477 9.5166063535943994 14.6094245587592 10.533515434097351 29.009460410277825 71.37561611354613 18.415352249438001 57.937812739255605 270.82500509762758 327.06703480528449 804.8809344771862 11.99982314090448 2.5380786684108898 3.9620531015070837 18.108769752434455 8.8159103877842409 18.790636942489076 2.6110727544873944 22.98468333089113 2.315752339258327 28.302820886368863 3.689161283720753 206.37561126571381 8.9701368353562412 1.7823049530852575 3.8130607407074413 9.506410201545803 20.277076198719442 14.891768746543674 311.18422921434831
leaf_count=1512518 1374 148 1290 1333 2764 27975 1804 2958 37093 52137 230968 1879 237 332 285 432 898 17 4313 565 4800 916 14387 1230 366 72 1702 162 617 32653
internal_value=2.35911e-11 -0.0127184 -0.00563115 -0.014439 -0.0366762 -0.00558965 0.0242513 4.04415e-05 -0.0034744 -0.012416 -0.000834837 -0.00346124 0.00786538 -0.014425 0.01353 -0.0534253 0.000174252 0.00011511 0.0106798 -0.0417994 -0.050893 0.00630938 0.00295911 -0.0391321 0.0416646 0.00210008 -0.00500268 0.00545946 0.00711978 0.004713
internal_weight=50801.2 160.031 124.451 96.5186 35.58 81.9091 27.932 50641.2 1856.3 422.243 1434.06 1163.23 95.1757 37.2379 22.0708 15.167 48784.9 48512.8 272.099 33.2296 30.6186 249.114 228.541 22.1657 20.5729 6.35114 13.1956 358.353 346.353 326.076
internal_count=1938225 36688 32550 30598 4138 29308 1952 1901537 359825 56453 303372 266279 4316 1358 617 741 1541712 1517900 23812 5382 5365 19499 18235 3848 1264 309 2618 35311 33432 33270
is_linear=0
shrinkage=0.05


Tree=186
num_leaves=31
num_cat=0
split_feature=4 0 8 17 12 10 6 15 14 2 23 9 9 13 8 10 11 10 6 7 2 13 17 6 2 14 15 14 1 9
split_gain=10.1439 13.5546 27.5498 15.9798 22.7034 17.0146 15.7626 14.881 14.8795 17.2941 14.8625 14.6848 14.1184 15.9924 12.9055 14.8954 12.796 15.8795 12.6167 17.6958 11.8593 17.8598 18.0032 16.6005 16.3997 12.2403 17.6189 12.369 11.6305 15.7264
threshold=0.049565218389034278 0.021739130839705471 0.035652173683047302 0.042608698830008514 0.049565218389034278 -0.11476793885231017 -0.085686352103948579 -0.060435073450207703 -0.1098143272101879 -0.090936325490474687 0.21428572386503222 0.11391304433345796 0.018260869197547439 0.049565218389034278 0.014782608952373268 -0.1116928420960903 -0.066905505955219255 -0.11664992198348044 -0.042769813910126679 -0.10022847354412077 -0.14239558577537534 0.01304347859695554 0.030000002123415474 -0.078604284673929201 -0.12894833832979199 -0.11536421254277228 -0.15499737113714215 -0.12575381249189374 0.1086956523358822 0.07739130407571794
decision_type=2 2 2 2 2 2 2 2 2 2 2 2 2 2 2 2 2 2 2 2 2 2 2 2 2 2 2 2 2 2
left_child=-1 12 11 5 8 6 -4 -7 28 -10 -6 16 13 14 -2 20 17 -3 19 -17 25 -22 -23 -24 -25 26 -16 -28 29 -5
right_child=1 2 3 4 10 7 -8 -9 9 -11 -12 -13 -14 -15 15 18 -18 -19 -20 -21 21 22 23 24 -26 -27 27 -29 -30 -31
leaf_value=0.00026566399509536236 -0.046012444229017443 -0.028071624647731594 0.0077287628474346816 -0.011771872525869146 -0.0025641691946607439 -0.04862757039341907 0.050434634722841334 0.052447801452999224 -0.058260540379383989 0.018406810775175277 0.0082069971320893487 0.050149355202563362 0.0037263283848847917 -0.089001038770092536 0.015605397598671503 0.023488957601107949 -0.049848776048045433 -0.0056945422075773619 0.031163366437073344 -0.077024398216661849 0.01640831426337306 0.016484769204371873 -0.018121052014482188 -0.09624846341604934 -0.018632963601453244 0.010108606419572647 0.022149450591147063 -0.075167179137958798 -0.03799260142940869 0.024254788909294448
leaf_weight=44512.975103107834 18.266743093616242 136.80583738298446 51.395903992117383 253.0592790965602 3287.159853881556 14.581494705911611 36.838121502107242 3.8587547941133371 33.435122174400021 8.8371783895854588 353.84582669573138 7.1277080171275875 1517.9667965646877 4.9888356188894241 14.62228350551595 9.6491046702576586 28.284566803486086 188.24015015666373 45.469578758391435 6.5371805067697997 21.786934827017831 13.675066349474944 29.55305369043344 20.444411301432414 10.804257027106361 89.854878460559121 3.6158267173450467 14.973258945916312 34.237738008741871 33.447676173120271
leaf_count=1180721 769 17903 4096 23024 524559 1184 831 52 5205 704 43451 584 102295 257 1102 359 2315 15850 401 266 345 290 1282 520 212 1976 80 553 4152 2887
internal_value=-3.40887e-11 -0.00187879 -0.00335993 -0.00219566 -0.00270618 0.0168141 0.0259241 -0.0258669 -0.0146123 -0.042178 -0.00151542 -0.0165946 0.00175536 -0.00805849 -0.00641718 -0.00368906 -0.0180788 -0.0151699 0.0178393 -0.0192252 -0.00979441 -0.0228429 -0.0343904 -0.0459145 -0.0708228 0.000514091 -0.024981 -0.0560734 -0.0108596 -0.00749628
internal_weight=50806.3 6293.36 4471.16 4110.7 4004.02 106.674 88.234 18.4402 363.017 42.2723 3641.01 360.458 1822.21 304.241 299.253 280.986 353.331 325.046 61.6559 16.1863 219.33 96.2637 74.4768 60.8017 31.2487 123.066 33.2114 18.5891 320.745 286.507
internal_count=1938225 757504 646797 610145 603982 6163 4927 1236 35972 5909 568010 36652 110707 8412 8155 7386 36068 33753 1026 625 6360 2649 2304 2014 732 3711 1735 633 30063 25911
is_linear=0
shrinkage=0.05


Tree=187
num_leaves=31
num_cat=0
split_feature=4 12 5 6 1 6 3 1 11 15 14 27 26 13 12 15 18 1 11 2 1 15 14 5 16 5 10 14 18 2
split_gain=9.72474 11.7077 14.0562 13.1582 12.3381 20.1461 10.6393 11.6886 9.85747 9.64545 9.16632 8.90218 16.426 11.096 10.3804 9.6704 16.1285 18.2916 15.6227 15.9132 27.4774 27.3614 21.5437 21.7874 20.8473 17.1085 17.6616 23.4619 15.7514 15.2427
threshold=0.10173913091421129 0.084347829222679152 0.38173912465572363 -0.057993775233626359 0.0078260868322104233 -0.068740606307983385 -0.20637570321559903 0.072173915803432478 -0.054907195270061486 -0.0643317475914955 -0.10486360639333724 1.0000000180025095e-35 1.0000000180025095e-35 0.047826087102293975 0.075652174651622786 -0.13385323435068128 0.0045183922629803428 0.051304347813129432 -0.11450320482254027 -0.10735873505473136 0.016521738842129711 -0.075658291578292833 -0.12900730967521665 0.33652174472808843 0.040869565680623061 0.31565217673778539 -0.12312112376093863 -0.11962750181555747 0.02451418433338404 -0.12496441975235938
decision_type=2 2 2 2 2 2 2 2 2 2 2 2 2 2 2 2 2 2 2 2 2 2 2 2 2 2 2 2 2 2
left_child=11 2 4 8 5 -2 -3 -8 10 -5 -4 -1 14 -14 15 16 17 -13 28 20 29 22 -22 25 -23 26 -24 -28 -17 -20
right_child=1 6 3 9 -6 -7 7 -9 -10 -11 -12 12 13 -15 -16 18 -18 -19 19 -21 21 24 23 -25 -26 -27 27 -29 -30 -31
leaf_value=-1.607866479737885e-05 0.039555366280056459 -0.020212017696479252 -0.00010580505104414265 0.03797921028270683 -0.03846898747056831 -0.063215494838530673 0.0016653945600180289 -0.0090665594457139797 0.053577955068402287 -0.042966184061625001 -0.048232507867016432 -0.00059172813467001214 0.011263672803367191 0.059232501528004744 0.03686844380562522 -0.011922936938090762 0.011536958705649079 -0.08311494696674547 0.0067574384985762377 0.036830896793577754 0.042251755498948752 -0.085351798985368876 -0.052707444289969298 -0.058302125877093193 0.019151712926169847 0.055921953243323358 0.024957134995667086 -0.043037009927129971 -0.088005155720626241 0.056362608538081838
leaf_weight=47326.621804268565 13.441242195876841 78.047496003677225 19.385023957671365 24.16686876403401 73.51838471715746 6.1264761974443891 916.63548978596646 349.69767098637567 3.5367430355399838 3.4556135872844598 19.216614476579707 549.16405836332706 356.30866894443352 11.554123034307848 19.166548598790541 227.95759529128554 402.05856347723602 5.7982580612297161 195.60160015328438 29.346793100003197 17.833504643349443 20.443543125642467 18.726869924517814 22.499716282531153 5.7237343494780353 9.5490126139484328 37.139685340807773 18.013667397317477 6.0483344927197313 15.865305871237068
leaf_count=1572519 634 24647 3306 823 14451 236 122442 162602 131 267 3093 7133 4521 239 1502 3784 8940 268 1952 635 167 634 505 727 159 94 446 1046 239 83
internal_value=-2.91333e-11 -0.00395486 -0.0165748 0.000426672 -0.0291852 0.00586963 -0.00241501 -0.00130305 -0.0170193 0.0267055 -0.0246771 0.000120999 0.00341446 0.0129268 0.00122201 0.000767054 0.00392422 -0.00160188 -0.00406779 0.0020542 -0.000863635 -0.017174 -0.00713837 -0.0157707 -0.0626295 -0.00374593 -0.0121018 0.00237859 -0.0142555 0.0107268
internal_weight=50802.6 1507.23 162.847 69.7609 93.0861 19.5677 1344.38 1266.33 42.1384 27.6225 38.6016 49295.4 1968.8 367.863 1600.94 1581.77 957.021 554.962 624.749 390.743 361.397 149.93 123.762 105.929 26.1673 83.4292 73.8802 55.1534 234.006 211.467
internal_count=1938225 332632 22941 7620 15321 870 309691 285044 6530 1090 6399 1605593 33074 4760 28314 26812 16341 7401 10471 6448 5813 3778 2985 2818 793 2091 1997 1492 4023 2035
is_linear=0
shrinkage=0.05


Tree=188
num_leaves=31
num_cat=0
split_feature=27 15 15 15 5 11 18 18 3 17 17 15 16 13 10 11 11 12 2 10 3 5 6 10 3 5 11 15 1 10
split_gain=13.7679 17.5455 15.4316 13.454 29.9206 19.381 14.6264 19.9438 14.6085 12.8515 26.2507 14.9882 16.4195 13.4453 14.0991 12.6483 20.6295 12.5844 18.401 15.1464 13.8886 12.6321 11.8167 15.9403 11.8044 13.3463 11.0084 10.3467 10.0717 9.85207
threshold=1.0000000180025095e-35 -0.060435073450207703 -0.068565946072339998 -0.074999999254941926 0.34695652127265936 -0.064971752464771257 0.010542918462306263 0.0096341394819319266 -0.16034405678510663 0.022608696483075622 0.016521739773452285 -0.078903805464506135 0.011304348241537811 0.0078260868322104233 -0.11713129654526709 -0.084781900048255907 -0.074210062623023973 0.018260869197547439 -0.13072665035724637 -0.12004310265183447 -0.15534745901823041 0.16434781998395923 -0.096833329647779451 -0.11564918234944342 -0.19576104730367658 0.016521738842129711 -0.13155415654182431 -0.08208476752042769 0.0078260868322104233 -0.13588483631610868
decision_type=2 2 2 2 2 2 2 2 2 2 2 2 2 2 2 2 2 2 2 2 2 2 2 2 2 2 2 2 2 2
left_child=-1 2 3 6 5 -5 7 9 -9 10 11 12 27 -11 26 -8 -17 18 -12 20 29 -22 23 -16 25 -14 -15 -2 -4 -19
right_child=1 -3 28 4 -6 -7 15 8 -10 13 17 -13 24 14 22 16 -18 19 -20 -21 21 -23 -24 -25 -26 -27 -28 -29 -30 -31
leaf_value=-0.00016617869487405275 0.0012140652665959676 -0.054911395336430302 -0.017563562743818293 -0.089107114913427793 0.038190476374009283 0.052711458121453163 0.013665941052021105 -0.0081023334685760701 -0.083035387110232062 -0.074683311168124655 -0.079610298707837396 0.040364796554380217 0.037987811181897604 0.011052164573853909 -0.068327836979763787 -0.081980907298154659 0.026450138827377751 -0.040855164893515955 0.0034184450199969347 -0.082199419053635134 0.012657896422865567 -0.085167880916992025 -0.037936801459520303 0.04048433372102142 0.043376914575235896 -0.080248987103044664 0.044855734756440849 -0.054169874479545556 0.046414331571005163 0.043615542461936142
leaf_weight=48812.854088684224 1147.6986742958488 11.532159940312338 6.9731612543109796 14.829666740988616 9.3571172660449502 2.1601837703638038 443.06308711200472 15.295656789741772 10.639980076870414 2.9095361058425615 19.773371414281431 24.962632805341855 3.9219189354917026 45.41265558367013 3.273351408308371 8.10580637372186 7.7475754391780347 3.4264536700211456 9.713568994542582 5.0320912221213794 6.0879823837894929 5.6694689278956503 15.91494518604304 15.514100432999841 36.231764174066484 3.7568429175880738 52.420319422904868 7.4954040637239805 32.579733008853509 17.169021291832909
leaf_count=1899372 13163 1571 81 577 175 48 12751 440 493 102 720 153 73 1932 234 481 188 151 206 207 127 168 1096 997 293 131 1016 136 808 335
internal_value=-5.7666e-11 0.00407697 0.00444862 0.00380764 -0.0310241 -0.0691478 0.00430378 0.0018416 -0.0407847 0.0026447 0.00110139 0.00277749 0.00196203 0.0172382 0.0198003 0.0120748 -0.0305652 -0.0291679 -0.053044 -0.00944462 0.00399673 -0.0374923 -0.00742598 0.0190309 0.0316238 -0.0224409 0.0294352 0.000808169 0.0349801 0.0283211
internal_weight=50801.5 1988.67 1977.14 1937.58 26.347 16.9899 1911.24 1452.32 25.9356 1426.38 1290.94 1224.07 1199.1 135.445 132.535 458.916 15.8534 66.872 29.4869 37.385 32.3529 11.7575 34.7024 18.7875 43.9105 7.67876 97.833 1155.19 39.5529 20.5955
internal_count=1938225 38853 37282 36393 800 625 35593 22173 933 21240 15863 13949 13796 5377 5275 13420 669 1914 926 988 781 295 2327 1231 497 204 2948 13299 889 486
is_linear=0
shrinkage=0.05


Tree=189
num_leaves=31
num_cat=0
split_feature=27 25 18 5 2 2 2 3 7 7 5 5 17 26 15 1 10 2 4 10 7 0 8 15 15 3 15 18 17 12
split_gain=14.7539 10.6753 11.2552 13.1188 11.0862 12.6605 20.7246 14.6321 17.5547 25.317 19.7658 19.4617 16.2761 18.9723 18.936 16.6728 15.9434 15.4777 17.9759 15.2034 13.5892 15.7387 13.4154 13.1018 12.818 13.0256 35.0284 16.1621 13.9204 12.7836
threshold=1.0000000180025095e-35 1.0000000180025095e-35 0.0037653300678357486 0.032173912972211845 -0.16802551597356793 -0.13730709999799726 -0.13534811884164807 -0.098634898662567125 -0.15268627554178235 -0.090956237167119966 0.14869565516710284 0.084347829222679152 0.01304347859695554 1.0000000180025095e-35 -0.12002192065119742 0.056521739810705192 -0.12065972760319708 -0.15411922335624692 0.021739130839705471 -0.11614349856972693 -0.057962983846664422 0.021739130839705471 0.0078260868322104233 -0.14795023947954175 -0.065232951194047914 -0.1641399264335632 -0.14870624989271161 0.014884558971971275 0.020869565196335319 0.0095652174204587954
decision_type=2 2 2 2 2 2 2 2 2 2 2 2 2 2 2 2 2 2 2 2 2 2 2 2 2 2 2 2 2 2
left_child=-1 2 -2 -4 -5 7 22 8 -6 10 11 19 13 14 23 17 29 18 -14 -10 21 -9 -7 -11 25 26 -8 -28 -29 -13
right_child=1 -3 3 4 5 6 24 20 9 12 -12 16 15 -15 -16 -17 -18 -19 -20 -21 -22 -23 -24 -25 -26 -27 27 28 -30 -31
leaf_value=-0.00017344019832755451 -0.0017328831412716439 0.012543643800074304 0.018399641924557546 -0.031346188092743997 0.029728267731463316 0.011433418148715367 0.0045522089958239999 -0.07960286652816724 -0.076528829796313966 -0.058602850732775824 -0.077362582274604921 -0.022189509533765736 0.042997539846520889 0.040300710244556469 -0.095766229887139925 -0.054050432696749029 -0.072766080574831971 0.040355695676746184 -0.073044354300125167 0.039137245572433504 0.056372528602216435 0.046746433134221645 -0.070878943897614122 0.018992919069946379 -0.041762645611523583 0.0094335390188739366 -0.099724609267096975 0.053546394778012034 -0.055283201799345573 0.03632886405766126
leaf_weight=48812.227749592676 796.13310497890234 320.29364887495285 181.38952429155324 21.280631744361017 68.024858478922397 6.6636600292986286 78.89369272330805 3.7682948363944879 13.56635281495983 7.2876563405152437 12.529556350229539 13.083870021626351 5.2905336553230864 11.590606292011215 7.5840023963246521 5.193427102174609 4.5730266371974713 70.750613315307419 6.2429619826725684 2.8686430480738627 29.283181673614308 4.1600416242145002 15.801459491834974 14.916353159118442 15.431749254144959 255.32002340545296 12.801341681537453 3.7174687399528903 6.9317947337258374 27.433234851108864
leaf_count=1899372 9812 3801 4812 616 1168 70 2699 93 395 166 396 138 36 56 217 269 231 1236 309 66 234 73 602 151 1689 8436 382 12 368 320
internal_value=-5.38154e-11 0.00418329 0.00260402 0.00641113 0.00339043 0.00448388 -0.00143738 0.0120649 0.00794693 0.000534868 -0.022585 -0.0103707 0.0138937 -0.0117519 -0.0326569 0.0260203 0.00683239 0.0316623 -0.0206311 -0.0552531 0.0410552 -0.0154963 -0.0470165 -0.00790304 0.00142541 0.00340004 -0.0115975 -0.0638931 -0.0159574 0.0173527
internal_weight=50835 2022.81 1702.51 906.379 724.989 703.708 395.561 308.147 270.936 202.911 74.0547 61.5251 128.856 41.3786 29.788 87.4775 45.0901 82.2841 11.5335 16.435 37.2115 7.92834 22.4651 22.204 373.096 357.664 102.344 23.4506 10.6493 40.5171
internal_count=1938225 38853 35052 25240 20428 19812 14258 5554 5154 3986 1546 1150 2440 590 534 1850 689 1581 345 461 400 166 672 317 13586 11897 3461 762 380 458
is_linear=0
shrinkage=0.05


Tree=190
num_leaves=31
num_cat=0
split_feature=27 18 13 17 1 2 6 7 15 2 1 7 17 7 2 14 16 15 2 11 3 4 17 5 3 9 17 18 0 15
split_gain=23.1156 15.5241 14.3945 22.0801 25.9341 18.0376 13.1222 16.0951 16.0605 28.1604 27.2578 18.2144 31.694 22.6495 17.9364 12.7203 14.0668 11.75 11.2079 14.1458 17.0173 20.2891 11.9789 13.9371 23.5 11.2955 12.2449 11.113 13.9784 18.6738
threshold=1.0000000180025095e-35 0.0037653300678357486 0.01304347859695554 0.013478261884301903 0.040869565680623061 -0.16802551597356793 -0.15747509896755216 -0.067706227302551256 -0.11950959637761115 -0.1433770880103111 0.086086958646774306 -0.076295569539070116 0.036304347217082984 -0.095545928925275789 -0.10680963471531867 -0.11525199562311171 0.039130434393882758 -0.063397563993930803 -0.14389697462320325 -0.11450320482254027 -0.15094482153654096 1.0000000180025095e-35 0.029782608151435856 0.14869565516710284 -0.099838092923164354 0.01304347859695554 0.0073913049418479213 0.0014420105726458134 0.0095652174204587954 -0.12517307698726651
decision_type=2 2 2 2 2 2 2 2 2 2 2 2 2 2 2 2 2 2 2 2 2 2 2 2 2 2 2 2 2 2
left_child=-1 27 5 4 -4 -3 7 -5 -8 17 11 12 -11 -14 -13 -12 -17 -10 19 20 25 -22 23 -20 -25 26 -7 28 -2 -30
right_child=1 2 3 6 -6 18 8 -9 9 10 15 14 13 -15 -16 16 -18 -19 22 -21 21 -23 -24 24 -26 -27 -28 -29 29 -31
leaf_value=-0.00021620954383226086 0.0035402026628862434 -0.027810503337655619 -0.067403368770141761 -0.0061866275016844354 0.043074687375493623 0.0049575368483924971 0.017617355169491183 -0.085688307229660532 -0.063657756868743059 -0.059219498811982345 -0.074492543539471198 0.039094575800153415 0.045371847339914798 -0.071005872041999762 -0.066857117125144375 0.041568633319603948 -0.035746413176337331 0.039159775326692292 0.01403609753230145 0.048861573219037203 0.027277237385604693 -0.081139722634507569 0.028040132673227865 -0.0010707599553442596 -0.084976809748990884 -0.028184666819289963 0.039703023075773267 -0.0042009192464335402 0.048796704302344035 -0.030810862099706921
leaf_weight=48837.908229134009 390.8954230209838 23.12046543249744 20.268968680116817 36.843906907131895 6.3132984396070233 38.08647431054851 215.04280434909742 6.7446124573762054 21.555515608459249 17.049266023677774 10.960806216346098 66.341976974188583 22.963438215767386 4.1337369830580419 3.3553992123197522 7.7138151160907027 17.303777087679919 2.4914189682458519 197.67182553687599 50.375024466309696 7.5564490433316669 8.0054902895353717 82.790053304066532 84.859582602104638 8.2583045097999257 8.7851171587826666 76.799413992985137 527.670938196723 35.363175009842962 8.5042450150358473
leaf_count=1899372 4527 336 756 2125 97 363 8742 405 861 605 485 1510 956 353 251 263 3029 44 2025 293 32 187 911 813 224 120 729 7260 401 150
internal_value=-5.81656e-11 0.00525652 0.00947197 0.00283207 -0.0405544 0.0146574 0.00558608 -0.0201341 0.00851299 -0.00278372 0.00538597 0.0173748 -0.00766679 0.0257229 0.0331203 -0.0319934 -0.011226 -0.051867 0.016447 0.0263358 0.0178956 -0.0300271 0.0113711 0.00654547 -0.00933591 0.0241183 0.0283265 0.000672651 0.00658376 0.033021
internal_weight=50845.7 2007.82 1045.39 459.083 26.5823 586.308 432.5 43.5885 388.912 173.869 149.822 113.844 44.1464 27.0972 69.6974 35.9784 25.0176 24.0469 563.188 189.608 139.233 15.5619 373.58 290.79 93.1179 123.671 114.886 962.434 434.763 43.8674
internal_count=1938225 38853 26515 20482 853 6033 19629 2530 17099 8357 7452 3675 1914 1309 1761 3777 3292 905 5697 1724 1431 219 3973 3062 1037 1212 1092 12338 5078 551
is_linear=0
shrinkage=0.05


Tree=191
num_leaves=31
num_cat=0
split_feature=27 18 1 10 15 15 11 3 14 2 18 14 15 1 13 13 18 2 14 14 17 15 2 4 12 6 18 3 10 13
split_gain=24.0762 15.7948 11.7502 13.9669 10.5451 18.0503 15.9026 15.295 14.8059 13.6093 13.2748 12.6978 12.0147 15.8778 10.5959 15.3429 10.7257 12.8867 14.1154 15.759 11.4182 9.92322 9.74963 9.57889 17.6404 31.812 16.4104 21.0532 19.5851 18.7644
threshold=1.0000000180025095e-35 0.0037653300678357486 0.16956522315740588 -0.096463736146688447 -0.099206868559122072 -0.089545093476772294 -0.091329302638769136 -0.10698243603110312 -0.12732591480016706 -0.14735821634531018 0.0026086958823725586 -0.12647732347249982 -0.10672127828001975 0.0043478262377902874 0.035652173683047302 0.026956521905958656 0.0014420105726458134 -0.12960100919008252 -0.12066245451569556 -0.12171292677521704 0.0084782610647380369 -0.12206387892365454 -0.14263420552015302 0.032173912972211845 0.026956521905958656 -0.087637323886156068 0.010316357482224705 -0.16187310218811032 -0.12355039641261099 0.014782608952373268
decision_type=2 2 2 2 2 2 2 2 2 2 2 2 2 2 2 2 2 2 2 2 2 2 2 2 2 2 2 2 2 2
left_child=23 4 -3 -4 12 9 8 -8 -7 11 -9 -6 14 -14 15 16 20 18 19 -18 -2 -21 -22 -1 25 -25 29 -28 -29 -27
right_child=1 2 3 -5 5 6 7 10 -10 -11 -12 -13 13 -15 -16 -17 17 -19 -20 21 22 -23 -24 24 -26 26 27 28 -30 -31
leaf_value=0.00019332894619499414 0.0025645796168115701 0.010381101650126458 -0.068089252010222936 0.010792974804042855 0.031344515772849559 0.026751745332374045 0.037486613911883127 0.0011019328242899129 -0.089824510423163237 0.050727437082855542 -0.084900255573106306 -0.049388099723442429 0.0031206558127660688 -0.072999003811279384 -0.046376178750930475 0.049287973854634091 -0.0054101457203549431 -0.060098102195079044 0.024282455487116827 -0.077148578680944449 0.042906701398569475 0.018226079744659337 -0.014464266647956459 -0.019608633300817867 -0.00094657145414833938 0.020039775523179339 -0.037230493581611165 -0.049843106770676028 0.017409691078649658 -0.024117673865014524
leaf_weight=36206.038814673317 342.85637180243793 1025.3639168054506 9.5761387663660589 11.458286768509423 11.072761314921083 3.3769268677569926 22.138077555922788 19.158913750812651 7.8981989308958855 39.145164028508589 4.8491604735609135 7.1646921451465451 13.977063412021382 12.290263381320981 11.198990805802167 14.846104461154026 344.55321547808126 9.748103488920604 37.332148755085655 11.394193754356818 31.89517791592516 3.0688482892001039 9.0129828118369897 355.77605064232193 11921.80053273623 31.287658407705749 21.224062019420671 10.474854025291277 204.52864701004 94.749236478091916
leaf_count=762345 4156 24199 690 1626 61 20 187 267 185 274 181 126 108 262 587 333 4130 207 556 262 286 41 109 27530 1097376 489 1101 669 5317 4545
internal_value=-4.39148e-11 0.00537084 0.00961347 -0.0265793 0.000726583 0.0148738 -0.00495024 0.0083355 -0.0555747 0.0344561 -0.0189691 -0.00129039 -0.00121729 -0.0338661 -0.000126025 0.000574392 -0.000402385 -0.00605918 -0.0045822 -0.00764279 0.00558378 -0.0570415 0.0302231 -0.000220386 -0.00140537 -0.00901099 0.00142217 0.00918458 0.0139176 -0.0130845
internal_weight=50849.3 2003.38 1046.4 21.0344 956.977 114.804 57.4213 46.1462 11.2751 57.3826 24.0081 18.2375 842.173 26.2673 815.906 804.707 789.861 406.097 396.348 359.016 383.765 14.463 40.9082 48845.9 12639.8 718.041 362.264 236.228 215.004 126.037
internal_count=1938225 38853 26515 2316 12338 1301 840 635 205 461 448 187 11037 370 10667 10080 9747 5196 4989 4433 4551 303 395 1899372 1137027 39651 12121 7087 5986 5034
is_linear=0
shrinkage=0.05


Tree=192
num_leaves=31
num_cat=0
split_feature=27 9 6 3 10 2 7 11 15 13 7 6 9 0 1 16 2 7 1 6 14 5 18 18 11 10 0 2 15 9
split_gain=21.4902 10.2138 17.1101 18.6456 13.9092 14.0919 13.6142 12.6262 11.3005 14.3461 12.1286 10.2469 19.1644 12.5304 16.7036 14.211 22.4295 12.7786 14.8605 22.2656 11.3509 13.8223 11.0734 16.6971 15.3795 11.1734 10.8332 10.4137 10.0873 12.2777
threshold=1.0000000180025095e-35 0.0060869567096233377 -0.061558451503515237 -0.11970474570989607 -0.11724889650940894 -0.13314093649387357 -0.12564145028591153 -0.27914364635944361 -0.068565946072339998 0.033913042396306999 -0.098340418189764009 -0.067763697355985628 0.0095652174204587954 0.0095652174204587954 0.016521738842129711 0.0060869567096233377 -0.15009858459234235 -0.021971077658236023 0.023478261195123199 -0.085686352103948579 -0.11942818760871886 0.33652174472808843 0.0031352621736004953 0.00086956526502035569 -0.26521319150924677 -0.12244349345564841 0.11043478548526765 -0.16167665272951123 -0.16328494250774381 0.011304348241537811
decision_type=2 2 2 2 2 2 2 2 2 2 2 2 2 2 2 2 2 2 2 2 2 2 2 2 2 2 2 2 2 2
left_child=-1 -2 8 4 7 -6 -5 -4 11 -10 -11 13 -13 15 22 17 27 18 19 20 21 28 23 -15 -25 -26 -14 -17 -3 -30
right_child=1 2 3 6 5 -7 -8 -9 9 10 -12 12 26 14 -16 16 -18 -19 -20 -21 -22 -23 -24 24 25 -27 -28 -29 29 -31
leaf_value=-0.00020914109320026354 0.0012548723956142453 0.013488356568308544 0.035684159520797717 0.042321909609122882 0.070711409456131774 -0.0025786635053770463 -0.061496422952202728 -0.085782982902225635 0.062248035807608661 0.050551593997152582 -0.052952335571021504 0.036059151026177565 -0.077637392581438536 0.045298790485072953 0.0080747071172244649 -0.055200181861463138 -0.079776975216282756 -0.063893463362676262 0.05979651376158656 -0.087821507159953044 0.047224382610413312 0.060156447278540505 0.030859402994532832 0.033841297584807709 -0.073546623591933188 0.00071624667134403638 0.022056548295465443 0.020014371534362026 -0.050812054268037678 0.013839465846149894
leaf_weight=48798.983968455286 943.05459617757879 26.634182288020376 2.5146012437180616 2.9227254607758395 9.159199159563288 18.317729747330304 22.864532459621842 5.4843676805321584 20.607838297262791 3.9107012907479675 5.7302282107993925 7.8594765862944795 11.40458804436639 13.764456526201682 626.35271281895257 5.2060494670586221 13.314816833648363 5.2766891858773297 11.87135582603514 5.380695288302376 14.786235653271431 7.3275795968947923 155.633739269535 8.4923259150527866 11.408218680880966 8.5263582690968196 3.0080069151372291 16.805339306039969 19.539727474795665 10.876131918746976
leaf_count=1899372 9907 566 35 159 81 866 1990 168 98 238 706 55 594 100 17035 205 474 249 107 221 235 57 2840 173 360 192 264 262 392 224
internal_value=7.96269e-12 0.00505493 0.00838437 -0.0170862 0.00651731 0.0234772 -0.048589 -0.0478758 0.00993898 0.0395826 -0.0101624 0.00898794 -0.0238566 0.00977299 0.0120987 -0.00420275 -0.0310576 0.00533774 0.00974365 0.0020986 0.00922967 -8.57957e-05 0.0247348 0.00195144 -0.0198637 -0.0432662 -0.0567495 0.000599165 -0.00872638 -0.0279893
internal_weight=50817 2018.04 1074.98 61.2632 35.4759 27.4769 25.7873 7.99897 1013.72 30.2488 9.64093 983.469 22.2721 961.197 824.178 137.019 35.3262 101.693 96.4159 84.5446 79.1639 64.3776 197.825 42.1914 28.4269 19.9346 14.4126 22.0114 57.05 30.4159
internal_count=1938225 38853 28946 3299 1150 947 2149 203 25647 1042 944 24605 913 23692 20700 2992 941 2051 1802 1695 1474 1239 3665 825 725 552 858 467 1182 616
is_linear=0
shrinkage=0.05


Tree=193
num_leaves=31
num_cat=0
split_feature=27 9 1 14 8 14 13 15 10 3 18 8 0 23 11 11 15 3 15 7 4 1 6 3 4 6 0 12 7 12
split_gain=21.9007 11.5339 11.6614 13.8455 12.6529 31.7292 21.5768 19.3723 24.2013 11.484 10.974 27.285 17.141 18.3879 15.2698 12.4601 11.3352 13.0539 10.4148 29.085 10.2085 9.82238 9.79759 14.1467 12.5331 12.1249 16.4366 11.8499 11.1102 22.9589
threshold=1.0000000180025095e-35 0.0060869567096233377 0.032173912972211845 -0.11259265989065169 0.025217391550540928 -0.12055926397442816 0.044347826391458518 -0.095570385456085191 -0.11894976720213889 -0.26646237075328821 0.0078140008263289946 0.021739130839705471 0.033913042396306999 0.5000000149011613 -0.17201221734285352 -0.14380683004856107 -0.13329889625310895 -0.15470150113105771 -0.13443846255540845 -0.080024171620607362 0.056521739810705192 0.037391304969787605 -0.07947357743978499 -0.11686465144157408 0.016521738842129711 -0.086075685918331132 0.0060869567096233377 1.0000000180025095e-35 -0.10505975410342215 0.0026086957077495758
decision_type=2 2 2 2 2 2 2 2 2 2 2 2 2 2 2 2 2 2 2 2 2 2 2 2 2 2 2 2 2 2
left_child=-1 22 3 20 5 7 21 9 -9 -4 14 12 13 -12 -11 -16 17 -14 -17 -20 -3 -7 25 24 28 -2 27 -27 -24 -30
right_child=1 2 4 -5 -6 6 -8 8 -10 10 11 -13 16 -15 15 18 -18 -19 19 -21 -22 -23 23 -25 -26 26 -28 -29 29 -31
leaf_value=-0.00021159279838756448 0.00038078264204098014 0.013549014758404438 -0.050978343339755816 -0.022005092716866778 0.0091339222392842184 -0.018108712324468472 0.029114802353787536 -0.094555840994765605 0.041462366022594066 0.062383464840135495 -0.095002512606623873 -0.094183918381700635 0.019285729709082045 0.017220037529017795 -0.048710263559695641 0.050016135383172712 0.043031870185463568 -0.058554814605608199 0.041061671414983493 -0.086752443220008968 0.052523521093061881 -0.091247342373984797 0.018140354901351081 0.034746048538620143 0.033229594037239706 -0.0082872626654789654 0.012055309479657973 -0.093350450877414823 -0.0038223709811646602 -0.10163294821805996
leaf_weight=48795.556948043457 806.8277878297431 571.37696741742548 6.8806077245390034 25.961400212640001 289.41866796189788 6.8006671448820333 5.9079745443304992 9.3497951233293843 4.0923412870615712 19.210362334735692 6.4536126448074338 6.2392954420938613 17.346726593095806 6.6452852806542069 6.7624982141423962 15.530241145752369 26.863624076358981 6.6287006925558662 11.37615025648847 5.9544866848737028 16.460669323001639 18.167942831118125 14.464289464638567 48.908244618562094 17.218729001644533 6.7316330331086709 12.225375587935558 10.357682776171712 19.007993615596209 7.8229777347296467
leaf_count=1899372 8734 9947 186 2023 13328 167 254 298 50 173 170 150 151 41 147 81 145 110 127 152 585 661 112 341 110 57 118 145 155 135
internal_value=2.79952e-12 0.00509124 0.00860861 0.0131408 0.00266976 -0.00770484 -0.0529906 0.00194875 -0.0531426 0.00774668 0.0112467 -0.00213732 0.00815697 -0.0408869 0.0269802 0.00870268 0.0213383 -0.00371834 0.0216074 -0.00518985 0.0147277 -0.0727911 0.00104766 0.0151893 -0.00146612 -0.000785142 -0.0318289 -0.0621538 -0.0163767 -0.0349676
internal_weight=50822.5 2026.99 1083.43 613.799 469.629 180.21 30.8766 149.334 13.4421 135.892 129.011 70.1772 63.9379 13.0989 58.8337 39.6234 50.8391 23.9754 32.8609 17.3306 587.838 24.9686 943.565 107.422 58.514 836.142 29.3147 17.0893 41.2953 26.831
internal_count=1938225 38853 28946 12555 16391 3063 1082 1981 348 1633 1447 767 617 211 680 507 406 261 360 279 10532 828 9907 853 512 9054 320 202 402 290
is_linear=0
shrinkage=0.05


Tree=194
num_leaves=31
num_cat=0
split_feature=27 4 6 12 17 8 13 16 8 11 7 3 12 14 10 2 0 3 7 6 1 8 13 5 2 11 10 13 1 15
split_gain=19.9888 9.85563 13.8858 15.7674 15.0721 17.5455 13.3756 12.5421 11.9675 19.7241 11.9102 9.95817 9.18303 15.8443 17.6705 16.4114 22.3133 16.4221 21.3744 16.0707 15.9115 15.7108 15.7104 15.369 14.9181 14.6435 13.6581 15.0571 14.351 17.2374
threshold=1.0000000180025095e-35 0.065217390656471266 -0.072835747152566896 0.056521739810705192 0.054782612249255187 0.049565218389034278 0.1278260871767998 0.018260869197547439 0.046086955815553672 -0.054907195270061486 -0.19132827222347257 -0.082044374197721467 0.053043477237224586 -0.10933242738246916 -0.08742263168096541 -0.11089882627129553 0.0060869567096233377 -0.07406680658459662 -0.038576727733016007 -0.080296076834201799 0.26521739363670355 0.16782609373331073 0.063478261232376113 0.34347826242446905 -0.11470082029700278 -0.039328033104538911 -0.10653471574187277 0.084347829222679152 0.11043478548526765 -0.066951856017112718
decision_type=2 2 2 2 2 2 2 2 2 2 2 2 2 2 2 2 2 2 2 2 2 2 2 2 2 2 2 2 2 2
left_child=1 12 3 7 5 6 11 -3 9 -6 -4 -5 13 14 -1 16 -15 22 19 20 -19 -21 -17 25 26 -20 28 -28 -14 -30
right_child=-2 2 10 4 8 -7 -8 -9 -10 -11 -12 -13 24 15 -16 17 -18 18 23 21 -22 -23 -24 -25 -26 -27 27 -29 29 -31
leaf_value=-4.8789076065534829e-05 0.0048522440053176338 -0.0056915841866181172 -0.034799077348254596 0.0043690498611148754 -0.03042230492857172 0.037681982702466255 -0.063273232812202637 -0.027928669537195656 -0.0050653786841698611 0.058112715501625146 0.0012177078751791151 -0.05530685296512821 0.010867382135855443 0.04386635785662138 -0.078189977046061232 -0.0055454717067713001 -0.039791476687919075 -0.060868799193567663 0.029201616560647972 -0.073811380115809067 0.029720343250597549 0.046846308727872661 0.022305409948963479 -0.017204580975345687 0.00036443740754361865 -0.070235666182571196 -0.0091575272469814461 0.073583801003536259 -0.0041550056123652512 -0.083161034985305568
leaf_weight=42751.000912805852 2036.401363773628 123.08337324602326 22.297900793753797 307.73726741874998 83.140786635842232 36.265024184875074 6.795983297051861 131.20487448296626 1180.8782841440207 5.8840543327387413 1553.7798621256425 6.1553562732879064 557.59933306640596 8.179692684352629 6.2360487321493556 149.92299770236423 67.902205715945456 6.9245444020707536 37.019271234516054 30.173696910685976 11.507596719951833 2.2858593077398828 75.242353296329384 86.020836755429627 1442.2570521073503 3.1498702066164688 7.9622067653181174 15.420028519874903 74.36223809060175 6.6256847884505978
leaf_count=1138719 38853 11211 30709 25770 14468 1662 1218 22186 255976 169 176072 608 31744 147 307 12296 7980 821 962 2261 700 27 5184 4219 146447 300 935 631 5198 445
internal_value=1.76786e-11 -0.00020259 -0.0027755 -0.00567481 -0.00385923 0.00520763 0.00142955 -0.0172297 -0.0064099 -0.0239901 0.00068641 0.0030269 -6.34478e-06 -0.000163358 -6.20142e-05 -0.00920336 -0.0303449 -0.00513927 -0.0164872 -0.0435074 -0.00569301 -0.0641683 0.00381879 -0.00533377 0.00321836 0.0198876 0.00942637 0.0461884 0.0080102 -0.011554
internal_weight=50833.4 48797 3457.22 1881.15 1626.86 356.954 320.689 254.288 1269.9 89.0248 1576.08 313.893 45339.8 43235.6 42757.2 478.329 76.0819 402.247 177.082 50.8917 18.4321 32.4596 225.165 126.19 2104.23 40.1691 661.969 23.3822 638.587 80.9879
internal_count=1938225 1899372 540049 333268 299871 29258 27596 33397 270613 14637 206781 26378 1359323 1173923 1139026 34897 8127 26770 9290 3809 1521 2288 17480 5481 185400 1262 38953 1566 37387 5643
is_linear=0
shrinkage=0.05


Tree=195
num_leaves=31
num_cat=0
split_feature=27 25 4 4 16 12 7 7 6 14 10 9 3 25 9 17 10 17 15 8 9 7 7 6 6 4 18 18 0 9
split_gain=11.8996 10.6141 11.4264 10.3651 17.8314 34.0783 18.7388 18.0409 17.8955 12.616 13.8886 17.2667 14.0088 12.2624 13.3883 12.1185 11.1967 11.0426 10.791 12.5295 10.1561 10.1106 9.852 9.83986 14.7754 14.0713 14.9645 20.0624 10.7985 21.4955
threshold=1.0000000180025095e-35 1.0000000180025095e-35 0.0026086957077495758 0.059999998658895499 0.018260869197547439 0.053043477237224586 -0.089115578681230531 -0.091816574335098253 -0.045705808326601975 -0.10738425329327582 -0.12078395858407019 0.018260869197547439 -0.10639503970742224 1.0000000180025095e-35 0.059999998658895499 0.049565220251679427 -0.15611231327056882 0.05956521816551686 -0.08081426844000815 0.046086955815553672 0.0060869567096233377 -0.026273510418832299 -0.015888905152678486 -0.071792043745517717 -0.072835747152566896 0.12608695775270465 0.0021299911895766859 0.00075306577491574 0.0095652174204587954 0.0026086957077495758
decision_type=2 2 2 2 2 2 2 2 2 2 2 2 2 2 2 2 2 2 2 2 2 2 2 2 2 2 2 2 2 2
left_child=3 23 -3 -1 6 8 7 9 13 10 -5 -12 -13 14 21 -14 -7 -11 -19 -20 -18 -6 -23 24 -2 26 27 -25 -28 -30
right_child=1 2 -4 4 5 16 -8 -9 -10 17 11 12 15 -15 -16 -17 20 18 19 -21 -22 22 -24 25 -26 -27 28 -29 29 -31
leaf_value=6.127805962929211e-05 0.0011703336668446346 0.0059940425699460441 0.026959481528232077 -0.030817312407499166 -0.030619596876559987 -0.046271180439020149 0.0066056902021610622 -0.06763772424462601 0.014426429414132949 -0.055392265828983323 -0.031031438573185799 0.019314909038887357 -0.075420588543299277 0.059549607962189659 -0.055197862931819885 0.042132527790205321 -0.059509001720912051 0.0084721464192909577 0.027052970264328593 -0.075522171713574449 -0.0026509585053780685 0.039839428717227961 -0.015913748351541045 0.023588640722856945 -0.080293146004150259 -0.045639146937403556 0.038723328472094726 -0.067834812457909746 -0.0908699278660004 0.016389751019400857
leaf_weight=44739.318569187759 1548.8104474915453 221.54271300565415 91.469570890214527 28.081413784253527 111.59040783967794 13.909900667793407 816.68944710610776 11.512016751483314 26.836458797333762 19.698368615026993 23.98275080575695 114.60980675948667 6.4824210212100279 2.9742406852019476 41.843172276217956 2.3501844266429543 6.8791407754997627 26.400413147624931 3.6384445162257171 8.9656528793857415 2713.291917614486 9.8804312689899216 28.160233440357842 11.447979762919205 4.5863013084453987 8.8201153456684533 56.404105796711519 10.790622597327454 3.9107382479123762 99.732565223290294
leaf_count=1316566 28908 3109 692 4919 16398 3975 39964 886 1441 3205 892 7510 676 92 9612 123 511 3827 288 1316 483526 588 3057 61 265 2557 526 194 67 2474
internal_value=-1.68645e-13 0.00372374 0.012187 -0.000157212 -0.00258959 -0.00458634 0.00296399 -0.00911742 -0.0234144 -0.00596566 0.000783848 0.00697028 0.0145434 -0.028684 -0.0303568 -0.0430381 -0.00305448 -0.0258201 -0.00987398 -0.0460996 -0.00281656 -0.0230899 -0.000783246 0.00219909 0.000878317 0.0128744 0.0159392 -0.021782 0.0212833 0.0115129
internal_weight=50814.6 2057.52 313.012 48757.1 4017.78 2955.37 1062.41 245.721 221.285 234.209 175.507 147.425 123.442 194.448 191.474 8.83261 2734.08 58.7029 39.0045 12.6041 2720.17 149.631 38.0407 1744.5 1553.4 191.106 182.286 22.2386 160.047 103.643
internal_count=1938225 38853 3801 1899372 582806 519200 63606 23642 31188 22756 14120 9201 8309 29747 29655 799 488012 8636 5431 1604 484037 20043 3645 35052 29173 5879 3322 255 3067 2541
is_linear=0
shrinkage=0.05


Tree=196
num_leaves=31
num_cat=0
split_feature=4 6 12 5 18 16 15 11 3 5 8 0 14 10 2 2 16 18 0 6 17 4 17 5 10 3 8 6 15 17
split_gain=10.8817 11.0077 20.0491 19.671 19.0593 16.4079 15.6687 29.9121 21.5761 19.7466 14.98 14.4161 17.9118 17.1388 16.1792 15.2126 15.0741 13.956 13.9339 12.9766 12.4827 13.5682 13.0808 12.4811 13.7679 12.385 12.3177 17.3534 12.4437 30.8232
threshold=0.032173912972211845 -0.047762239351868623 0.026956521905958656 0.033913042396306999 0.041347803547978408 0.0078260868322104233 -0.060435073450207703 -0.069582056254148469 -0.098634898662567125 0.16434781998395923 0.080869562923908248 0.018260869197547439 -0.11589285358786582 -0.12129283323884009 -0.14214367419481275 -0.13139022886753079 0.0078260868322104233 0.010817265603691341 0.014782608952373268 -0.060709178447723382 0.023043478839099411 0.033913042396306999 0.023478261195123199 0.27739129960536962 -0.1205436699092388 -0.15732559561729428 0.030434782616794113 -0.056983605027198785 -0.083950210362672792 0.022608696483075622
decision_type=2 2 2 2 2 2 2 2 2 2 2 2 2 2 2 2 2 2 2 2 2 2 2 2 2 2 2 2 2 2
left_child=-1 2 3 -2 5 26 7 8 11 -10 -6 12 13 18 17 -16 -14 25 -5 -11 21 -7 -22 -19 -25 -15 27 28 -4 -30
right_child=1 -3 4 6 10 20 -8 -9 9 19 -12 -13 16 14 15 -17 -18 23 -20 -21 22 -23 -24 24 -26 -27 -28 -29 29 -31
leaf_value=0.00042640300892106777 -0.037955590352949591 0.0027920930998951007 0.0085941764223852104 -0.018836381055759382 -0.019034868591719465 -0.031616002406101115 0.03631367057984615 -0.079219461118672826 -0.056608398242035465 0.030257432893302291 -0.0044008988282641199 -0.025957381104453572 -0.069763657413059108 0.025549854415827484 -0.031767922433609819 0.033774248542277251 -0.0071378491788361923 0.053143809796552061 0.022550175259131427 -0.067687286920463816 -0.060536536886550356 0.042911438407998444 -0.001305437436981757 0.046468862566861523 -0.054919082906420391 -0.062965000857821946 0.019430489808778123 -0.056828294238793479 -0.069677559340701689 0.00027097200005477288
leaf_weight=37929.062830449562 59.050511675930466 1485.0392515544299 451.92649116742541 119.4470750848559 236.35456736313063 6.913489265163661 18.510014902800322 13.891990597825496 7.2202716222091103 65.960981668089516 667.92841687656437 123.81687275029253 17.538885771733476 8.0556218566780426 26.719661858107429 12.067502747639081 20.478931788515183 41.786307528906036 23.587781321170041 2.6362250307574859 8.3313754384289478 28.591575272454065 9109.5640914990163 5.6149070572573692 5.7909867388661933 6.0881499409442759 145.39944298063347 10.782340676756574 16.847981405211613 133.8727827508701
leaf_count=785122 7826 101410 14611 7875 37967 382 341 680 603 2175 158669 10488 1203 342 1261 333 1341 651 1308 102 551 792 793618 54 180 465 4098 320 397 3060
internal_value=3.72578e-11 -0.00125563 -0.00178335 -0.0108461 -0.00129789 -0.00066356 -0.00769586 -0.00939194 -0.00724098 0.0171134 -0.00824262 -0.0117644 -0.00557614 -0.000640615 0.0145074 -0.01104 -0.0370767 0.0291695 -0.0119022 0.0255749 -0.00124951 0.027931 -0.00136619 0.0407487 -0.00528519 -0.014193 0.00639685 0.00328093 0.00444875 -0.00795578
internal_weight=50808.9 12879.8 11394.8 578.263 10816.5 9912.23 519.212 500.702 486.81 75.8175 904.283 410.993 287.176 249.158 106.123 38.7872 38.0178 67.336 143.035 68.5972 9153.4 35.5051 9117.9 53.1922 11.4059 14.1438 758.829 613.43 602.647 150.721
internal_count=1938225 1153103 1051693 37228 1014465 817829 29402 29061 28381 2880 196636 25501 15013 12469 3286 1594 2544 1692 9183 2277 795343 1174 794169 885 234 807 22486 18388 18068 3457
is_linear=0
shrinkage=0.05


Tree=197
num_leaves=31
num_cat=0
split_feature=4 13 11 6 9 2 15 6 25 18 0 16 10 18 13 1 1 7 16 2 13 13 11 0 12 16 2 13 1 13
split_gain=12.3807 12.2894 14.6094 33.2405 21.4169 14.1162 13.159 20.5061 19.157 18.6452 18.4366 17.1715 16.1036 17.4854 15.0347 24.5903 14.396 12.6337 14.9732 15.8801 12.6302 23.6152 12.2535 16.6412 15.6067 14.8107 21.0609 17.7288 19.8365 16.776
threshold=0.042608696967363364 0.047826087102293975 -0.16583687067031858 -0.34010666608810419 0.070434782654047026 -0.16802551597356793 -0.13329889625310895 -0.067298743873834596 1.0000000180025095e-35 0.003104968811385334 0.063478261232376113 0.040869565680623061 -0.1029798500239849 0.021546977572143081 0.049565218389034278 0.016521738842129711 0.29130434989929205 -0.18424488604068753 0.0078260868322104233 -0.14678823947906491 0.18695651739835742 0.16608695685863498 -0.15522935986518857 0.030434782616794113 0.051304347813129432 0.021739130839705471 -0.11346507444977759 0.053043477237224586 0.08782608807086946 0.054782608523964889
decision_type=2 2 2 2 2 2 2 2 2 2 2 2 2 2 2 2 2 2 2 2 2 2 2 2 2 2 2 2 2 2
left_child=1 -1 3 4 -3 -4 17 8 -8 -9 -10 14 13 -13 -11 -16 -14 18 -7 -20 21 -17 24 -24 -19 26 -25 -27 -29 -30
right_child=-2 2 5 -5 -6 6 7 9 10 11 -12 12 16 -15 15 20 -18 22 19 -21 -22 -23 23 25 -26 27 -28 28 29 -31
leaf_value=9.8573929185279154e-05 -0.0017160615114975271 -0.0030805230491775552 -0.052769606604248648 0.020274787377233879 -0.067176445540556837 -0.064145055043155957 0.0067725074495285954 -0.070929049101727482 0.0081392885995044129 0.025653716513317378 -0.096776164699886119 0.021558243956131196 0.061639998054563161 -0.082018229457946901 -0.090499869615880427 -0.0062087176513073326 -0.039995627980925624 -0.03463460340839454 -0.062015546121091308 0.029606356485177433 0.02079614304192394 -0.072756757159121929 -0.045407354209787233 0.05086256897099261 0.034364638801339956 -0.03925955364924022 0.0010739803311290571 0.023020324126842115 0.038099659963247365 -0.018356044816671309
leaf_weight=38604.303636360535 8707.3785237891134 75.418137172237039 10.701909701456314 300.49897938320646 14.783090271754189 4.4954649343853808 1902.5748829302247 9.2326610935851914 7.7071564486250264 36.161688601830974 7.81051767594181 11.918397662695499 25.113926602993164 4.978488794527947 7.7263089483603826 498.25327841984108 3.3205449007218695 66.212513593229232 4.2259109962033099 56.058942054201907 40.176853055832908 12.711935658939181 22.115791232325137 26.846062613185495 8.5213632406666857 38.854033621515555 89.724574508290971 53.447174184548203 13.749118700463439 125.38070059486199
leaf_count=829708 914833 1965 871 32610 1169 199 94978 388 119 856 204 271 405 221 349 19345 261 4726 812 8795 2100 965 1497 718 877 2819 3046 2453 584 10081
internal_value=-2.86972e-12 0.000355102 0.00320101 0.0122981 -0.0142066 0.00204643 0.00225414 0.00371084 0.00631038 -0.00396286 -0.0473298 -0.00288826 0.0264402 -0.0118371 -0.00516322 -0.00719949 0.0488155 -0.00507804 0.0153954 0.0222766 -0.00586994 -0.0080032 -0.00808727 -0.00432489 -0.0264172 -0.00159144 0.0128753 -0.00890231 -0.00260631 -0.0125449
internal_weight=50790.4 42083 3478.72 390.7 90.2012 3088.02 3077.32 2567.69 1918.09 649.594 15.5177 640.361 45.3314 16.8969 595.03 558.868 28.4345 509.632 64.7803 60.2849 551.142 510.965 444.851 370.117 74.7339 348.002 116.571 231.431 192.577 139.13
internal_count=1938225 1023392 193684 35744 3134 157940 157069 120462 95301 25161 323 24773 1158 492 23615 22759 666 36607 9806 9607 22410 20310 26801 21198 5603 19701 3764 15937 13118 10665
is_linear=0
shrinkage=0.05


Tree=198
num_leaves=31
num_cat=0
split_feature=27 4 13 7 6 12 6 8 12 13 9 2 5 12 3 10 6 2 7 6 13 12 15 6 6 13 15 6 4 17
split_gain=11.7755 11.0338 12.6051 11.1821 19.9133 17.7147 15.2908 12.977 21.2848 17.1433 13.0128 12.3049 15.9996 13.1572 12.1874 13.3761 18.3782 11.9203 15.415 13.8724 11.3445 14.7119 12.7754 11.2479 15.5059 12.5925 12.3486 10.7892 11.1826 10.6507
threshold=1.0000000180025095e-35 0.059999998658895499 0.0060869567096233377 -0.11429970711469649 -0.1539206653833389 0.051304347813129432 -0.10394633933901785 0.021739130839705471 0.044347826391458518 0.094782605767250075 0.086086958646774306 -0.11509349942207335 0.47043478488922125 0.033913042396306999 -0.10340909287333487 -0.11614349856972693 -0.34010666608810419 -0.12291421368718146 -0.18424488604068753 -0.070229932665824876 0.072173915803432478 0.072173915803432478 -0.0643317475914955 -0.070229932665824876 -0.090432573109865175 0.058260869234800346 -0.081440705806016908 -0.066845659166574464 0.079130433499813094 0.046956522390246398
decision_type=2 2 2 2 2 2 2 2 2 2 2 2 2 2 2 2 2 2 2 2 2 2 2 2 2 2 2 2 2 2
left_child=1 -1 -3 5 -5 -4 14 9 -9 11 -11 13 -13 -6 15 16 -7 19 -19 20 22 -22 -8 24 -15 -25 -27 -21 -29 -18
right_child=-2 2 3 4 7 6 17 8 -10 10 -12 12 -14 23 -16 -17 29 18 -20 27 21 -23 -24 25 -26 26 -28 28 -30 -31
leaf_value=6.8719205127124817e-05 0.0037037465979055449 -0.073983157665091268 -0.029653051707449703 -0.032204641026390111 -0.036754923442527572 0.018606648889574629 -0.01567740124993958 -0.03697505399084166 -0.00079180055872368554 0.049264955515989861 -0.059214028764235996 -0.073677609224600024 0.029762327835622188 0.020305065699657194 -0.033855935918929145 0.012325470263725491 0.013697819637792256 -0.024191495595145093 0.0062914416037106987 0.027394147833632934 -0.055810052876511529 -0.018056379836857959 0.066483869734107956 0.045157033541064977 -0.050317922252711506 0.042791603232551191 -0.057717651636869885 0.030385707173069421 -0.036976590264306636 -0.028805696018375015
leaf_weight=44765.793077116832 2058.1113903912701 5.1880347305523165 80.193233635334764 49.579314982576761 11.939211483317193 43.922634720031056 116.9750024461573 40.238030916720163 2825.9458247398907 36.699366722721606 2.1536111391615114 9.4495015690335986 5.1291251061484209 20.298945841263048 20.814410911945743 216.85418608693908 17.755452746940136 55.801766647860859 152.74177621591298 26.345756810660532 46.556301310949493 59.64482015473186 3.9537614709697655 38.844617600843776 11.253403660201004 4.4504077786114067 6.0654963497072441 8.0030812049226387 19.127061442119157 73.116257163197588
leaf_count=1316566 38853 310 15071 9026 1033 2408 14320 5022 293243 903 379 334 128 1136 12016 51221 2287 60557 45562 2991 9464 21947 111 461 829 151 266 500 8101 23029
internal_value=-3.42596e-12 -0.000156357 -0.00266899 -0.00255814 -0.00109172 -0.00731962 -0.005209 -0.000569142 -0.00131249 0.0139056 0.0419171 0.00348191 -0.0377105 0.0102824 0.00242168 0.0046589 -0.00767485 -0.0110125 -0.00194166 -0.017723 -0.023098 -0.034973 -0.0124679 0.017587 -0.00565518 0.0322612 -0.0151592 0.00511141 -0.0167317 -0.0204422
internal_weight=50832.9 48774.8 4009.04 4003.85 3062.05 941.806 861.612 3012.47 2866.18 146.284 38.853 107.431 14.5786 92.8521 372.463 351.649 134.794 489.149 208.544 280.606 227.13 106.201 120.929 80.9129 31.5523 49.3605 10.5159 53.4759 27.1301 90.8717
internal_count=1938225 1899372 582806 582496 312911 269585 254514 303885 298265 5620 1282 4338 462 3876 90961 78945 27724 163553 106119 57434 45842 31411 14431 2843 1965 878 417 11592 8601 25316
is_linear=0
shrinkage=0.05


Tree=199
num_leaves=31
num_cat=0
split_feature=4 2 7 0 12 14 6 0 3 13 13 5 7 6 11 8 9 16 18 17 1 14 11 6 1 11 13 17 1 8
split_gain=9.36093 9.65179 14.2696 13.0542 12.3872 12.5358 14.1264 11.8355 10.8286 10.9477 12.6935 11.0183 10.5478 9.56934 9.03226 8.47131 15.8132 20.4852 19.0639 18.1022 17.3282 16.5737 22.0905 17.5526 19.1689 17.0408 17.7129 16.6744 16.5268 15.4644
threshold=0.18347825855016711 -0.10447037220001219 -0.17267522215843198 0.011304348241537811 0.26000000536441809 -0.071978885680437074 -0.0058192913420498362 0.0078260868322104233 -0.11293166503310202 0.14347826689481738 0.21652173250913623 0.150434784591198 -0.01434145402163267 -0.019159969873726364 -0.16991584002971646 0.093043476343154921 0.13130434602499011 0.0026086957077495758 0.0031352621736004953 0.062173916026949889 0.24086955934762957 -0.1046086475253105 -0.050966411828994744 -0.066328339278697954 0.3191304355859757 -0.069582056254148469 0.11739130318164827 0.067608695477247252 0.27565217018127447 0.072173915803432478
decision_type=2 2 2 2 2 2 2 2 2 2 2 2 2 2 2 2 2 2 2 2 2 2 2 2 2 2 2 2 2 2
left_child=15 3 -3 7 5 6 -4 8 9 11 -11 -2 -9 -5 -15 16 -1 -18 -19 20 -20 22 23 24 27 -25 -27 29 -29 -21
right_child=1 2 4 13 -6 -7 -8 12 -10 10 -12 -13 -14 14 -16 -17 17 18 19 21 -22 -23 -24 25 -26 26 -28 28 -30 -31
leaf_value=3.739442415204026e-05 0.021756806797722142 -0.039769201235664298 0.023726490862619919 -0.01515473602473303 -0.011986286776435352 0.047790905557715258 -0.05634668940032897 0.047050234702468732 -0.061543398810490105 0.051635680618236014 -0.05458066465556554 -0.07410050065272758 -0.023908292638209431 0.01993191844543285 -0.062788828014275808 0.0037399316410000149 -0.091396562331732323 0.061631163614832507 -0.057069766803683621 0.037842052986339463 0.011594279065378384 -0.025314535483598383 0.024192896398087506 -0.065843888987354007 -0.058712636938249164 0.0127526639712899 -0.059133732138422136 -0.011170693880144892 0.025493701493790634 -0.071008349520646191
leaf_weight=48415.977423261989 4.6474042833287985 14.138015120823182 17.666732089637666 178.16373510590893 31.404196863597463 30.542500394472881 6.8136661266908041 21.33248910067778 7.550211099733132 12.202548212808322 2.697860128391766 5.9311866578646004 6.1570252865203647 3.469980978130482 18.718310008676781 1513.9061137519093 6.3852219411637625 8.8082182657089998 32.938401895691641 40.758616900420748 12.190613340120761 87.380525959204533 68.651179907086771 21.385472018067958 12.684890783042645 25.986165932845324 11.599995414260773 158.60362884002097 37.085297720739618 2.6259849118068805
leaf_count=1555381 94 26429 4946 60431 20167 7318 489 634 516 396 488 460 778 756 5354 201122 428 335 4113 2041 589 24427 2241 1468 1001 918 929 12593 1230 153
internal_value=-6.51637e-12 -0.00800681 0.00511626 -0.0130659 0.0128297 0.0269545 0.000102896 0.00719429 -0.0128435 0.00336704 0.030181 -0.0337463 0.0308758 -0.0191911 -0.0495506 5.75123e-05 -5.64663e-05 -0.0086619 -0.0074741 -0.00878106 -0.0386724 -0.0058145 -0.00126844 -0.0069533 -0.00115789 -0.0312629 -0.0103908 0.00212772 -0.00412808 0.0298022
internal_weight=50818.4 361.436 100.565 260.871 86.4271 55.0229 24.4804 60.5187 33.0292 25.479 14.9004 10.5786 27.4895 200.352 22.1883 50457 48943.1 527.084 520.699 511.891 45.129 466.762 379.381 310.73 251.758 58.9716 37.5862 239.074 195.689 43.3846
internal_count=1938225 129256 59349 69907 32920 12753 5435 3366 1954 1438 884 554 1412 66541 6110 1808969 1607847 52466 52038 51703 4702 47001 22574 20333 17018 3315 1847 16017 13823 2194
is_linear=0
shrinkage=0.05


end of trees

feature_importances:
Column_6=677
Column_4=567
Column_15=435
Column_7=420
Column_5=396
Column_1=359
Column_2=342
Column_11=299
Column_13=297
Column_3=259
Column_9=225
Column_17=221
Column_10=216
Column_18=214
Column_12=169
Column_14=158
Column_0=143
Column_25=142
Column_23=136
Column_8=120
Column_16=117
Column_27=49
Column_24=21
Column_26=18

parameters:
[boosting: gbdt]
[objective: lambdarank]
[metric: ndcg]
[tree_learner: serial]
[device_type: cpu]
[data_sample_strategy: bagging]
[data: ]
[valid: ]
[num_iterations: 200]
[learning_rate: 0.05]
[num_leaves: 31]
[num_threads: 4]
[seed: 20260714]
[deterministic: 1]
[force_col_wise: 1]
[force_row_wise: 0]
[histogram_pool_size: -1]
[max_depth: -1]
[min_data_in_leaf: 64]
[min_sum_hessian_in_leaf: 0.001]
[bagging_fraction: 1]
[pos_bagging_fraction: 1]
[neg_bagging_fraction: 1]
[bagging_freq: 0]
[bagging_seed: 1889]
[bagging_by_query: 0]
[feature_fraction: 1]
[feature_fraction_bynode: 1]
[feature_fraction_seed: 19517]
[extra_trees: 0]
[extra_seed: 18018]
[early_stopping_round: 0]
[early_stopping_min_delta: 0]
[first_metric_only: 0]
[max_delta_step: 0]
[lambda_l1: 0]
[lambda_l2: 1]
[linear_lambda: 0]
[min_gain_to_split: 0]
[drop_rate: 0.1]
[max_drop: 50]
[skip_drop: 0.5]
[xgboost_dart_mode: 0]
[uniform_drop: 0]
[drop_seed: 12785]
[top_rate: 0.2]
[other_rate: 0.1]
[min_data_per_group: 100]
[max_cat_threshold: 32]
[cat_l2: 10]
[cat_smooth: 10]
[max_cat_to_onehot: 4]
[top_k: 20]
[monotone_constraints: ]
[monotone_constraints_method: basic]
[monotone_penalty: 0]
[feature_contri: ]
[forcedsplits_filename: ]
[refit_decay_rate: 0.9]
[cegb_tradeoff: 1]
[cegb_penalty_split: 0]
[cegb_penalty_feature_lazy: ]
[cegb_penalty_feature_coupled: ]
[path_smooth: 0]
[interaction_constraints: ]
[verbosity: -1]
[saved_feature_importance_type: 0]
[use_quantized_grad: 0]
[num_grad_quant_bins: 4]
[quant_train_renew_leaf: 0]
[stochastic_rounding: 1]
[linear_tree: 0]
[max_bin: 255]
[max_bin_by_feature: ]
[min_data_in_bin: 3]
[bin_construct_sample_cnt: 200000]
[data_random_seed: 4413]
[is_enable_sparse: 1]
[enable_bundle: 1]
[use_missing: 1]
[zero_as_missing: 0]
[feature_pre_filter: 1]
[pre_partition: 0]
[two_round: 0]
[header: 0]
[label_column: ]
[weight_column: ]
[group_column: ]
[ignore_column: ]
[categorical_feature: ]
[forcedbins_filename: ]
[precise_float_parser: 0]
[parser_config_file: ]
[objective_seed: 11408]
[num_class: 1]
[is_unbalance: 0]
[scale_pos_weight: 1]
[sigmoid: 1]
[boost_from_average: 1]
[reg_sqrt: 0]
[alpha: 0.9]
[fair_c: 1]
[poisson_max_delta_step: 0.7]
[tweedie_variance_power: 1.5]
[lambdarank_truncation_level: 5]
[lambdarank_norm: 1]
[label_gain: 0,1]
[lambdarank_position_bias_regularization: 0]
[eval_at: 1,5]
[multi_error_top_k: 1]
[auc_mu_weights: ]
[num_machines: 1]
[local_listen_port: 12400]
[time_out: 120]
[machine_list_filename: ]
[machines: ]
[gpu_platform_id: -1]
[gpu_device_id: -1]
[gpu_use_dp: 0]
[num_gpu: 1]

end of parameters

pandas_categorical:null
