tree
version=v4
num_class=1
num_tree_per_iteration=1
label_index=0
max_feature_idx=27
objective=lambdarank
feature_names=Column_0 Column_1 Column_2 Column_3 Column_4 Column_5 Column_6 Column_7 Column_8 Column_9 Column_10 Column_11 Column_12 Column_13 Column_14 Column_15 Column_16 Column_17 Column_18 Column_19 Column_20 Column_21 Column_22 Column_23 Column_24 Column_25 Column_26 Column_27
feature_infos=[0:0.99826085567474365] [0:0.99826085567474365] [-0.23667256534099579:0.15665838122367859] [-1:0.30623394250869751] [0:0.99304348230361938] [0:0.99826085567474365] [-1:0.45215675234794617] [-1:0.50987434387207031] [0:0.99826085567474365] [0:0.99826085567474365] [-0.28738319873809814:0.14166665077209473] [-1:0.21020409464836121] [0:0.99826085567474365] [0:0.99478262662887573] [-0.18214462697505951:0.12867376208305359] [-1:0.2409948855638504] [0:0.99304348230361938] [0:0.9965217113494873] [0:0.35005888342857361] [0:1] [0:1] [0:1] [0:1] [0.1428571492433548:1] [0:1] [0:1] [0:1] [0:1]
tree_sizes=3618 3607 3605 3606 3607 3607 3593 3600 3606 3614 3612 3617 3620 3593 3605 3611 3592 3586 3592 3595 3598 3596 3590 3599 3594 3596 3579 3601 3617 3602 3611 3610 3593 3613 3602 3597 3593 3585 3597 3620 3602 3580 3599 3594 3604 3594 3625 3624 3631 3630 3599 3613 3612 3603 3594 3593 3607 3609 3615 3594 3594 3623 3596 3596 3613 3593 3612 3645 3591 3563 3548 3581 3627 3577 3580 3578 3579 3598 3624 3612 3593 3633 3607 3602 3600 3588 3612 3622 3590 3611 3590 3595 3594 3585 3590 3599 3588 3593 3597 3605 3610 3575 3608 3584 3603 3613 3596 3597 3592 3560 3609 3591 3603 3613 3608 3568 3611 3561 3590 3583 3587 3585 3584 3582 3586 3596 3609 3585 3603 3598 3595 3584 3576 3600 3612 3587 3618 3582 3596 3592 3591 3577 3591 3592 3606 3579 3582 3578 3565 3591 3589 3578 3605 3583 3562 3593 3565 3568 3593 3601 3583 3563 3566 3575 3600 3600 3576 3582 3624 3610 3568 3570 3553 3586 3560 3586 3622 3612 3545 3618 3570 3581 3561 3588 3601 3568 3555 3564 3590 3572 3570 3566 3587 3564 3550 3589 3599 3575 3577 3524

Tree=0
num_leaves=31
num_cat=0
split_feature=4 4 4 4 7 23 13 4 9 5 16 5 6 9 6 6 4 15 4 7 0 13 13 4 9 2 6 7 10 7
split_gain=32356.3 3372.64 3196.18 816.053 464.321 403.026 328.821 321.972 224.06 153.992 143.115 125.384 104.639 113.409 102.103 97.1706 88.4023 80.2829 79.8687 70.442 63.5961 59.1585 58.1143 56.9503 52.8507 49.7349 51.116 48.8815 46.3021 45.5946
threshold=0.011304348241537811 0.032173912972211845 0.0026086957077495758 0.072173915803432478 -0.15302141010761258 0.5000000149011613 0.0060869567096233377 0.020000000484287742 0.086086958646774306 0.037391304969787605 0.01304347859695554 0.044347826391458518 -0.14256002753973004 0.030434782616794113 -0.3321919292211532 -0.14008121937513349 0.0060869567096233377 -0.12628221511840818 0.0078260868322104233 -0.23535763472318647 0.0043478262377902874 0.0078260868322104233 0.028695652261376384 0.046086955815553672 0.018260869197547439 -0.1379701420664787 -0.12929385900497434 -0.14067500084638593 -0.12567386776208875 -0.089400742202997194
decision_type=2 2 2 2 2 2 2 2 2 2 2 2 2 2 2 2 2 2 2 2 2 2 2 2 2 2 2 2 2 2
left_child=2 7 5 4 14 15 18 11 10 25 29 20 -6 -14 -3 -1 -8 -12 -4 -16 -2 -17 -13 -15 -11 -9 -27 -10 -21 -5
right_child=1 3 6 8 12 -7 16 9 27 24 17 22 13 23 19 21 -18 -19 -20 28 -22 -23 -24 -25 -26 26 -28 -29 -30 -31
leaf_value=0.078054589879724412 0.021012651555993998 -0.021149285006967306 0.051038101220177837 -0.053242295338275659 -0.051467033046822569 0.093148130581453784 0.033540221421683801 -0.025162887676388159 -0.087419279780907438 -0.0044187094615695454 -0.070835484628795409 0.0099378097985832366 -0.018268187323638704 -0.029276518944457364 -0.070620714690231706 0.065202622546649686 0.01564146278101684 -0.052217784210467612 0.028090337515885341 -0.077589987968306295 -0.018504944922003753 0.039659945381013681 -0.0076277701159797543 -0.04111298292122962 -0.01868791567932887 -0.064813857427764882 -0.033288288601005786 -0.072355085188877941 -0.050481634300776637 -0.010903555731883209
leaf_weight=1668.9120037786197 112.97020507697016 169.96981530240737 2026.6767831377219 90.680817276705056 770.5143520522397 4438.3436673176475 1083.0555970638525 441.41411539725959 810.60130296717398 878.24939721194096 1061.2218980952166 2034.3909821251873 1214.0906240034383 1897.332915460458 1152.1828435226344 1204.9067755683791 1907.7117176179308 1324.1723348601954 471.66873316280544 183.72073417692445 964.87603496725205 286.66417459072545 611.7702500699088 2228.4881129534915 2492.2758050991688 243.79212017497048 280.33663062821142 1854.2262658195104 1282.1318595279008 209.91807101108134
leaf_count=22015 5389 9598 56497 8268 60964 27063 38502 32524 151747 47398 102037 96170 76823 128447 116189 22716 88584 117715 18747 16787 66569 9138 34202 165572 153925 24401 25014 198737 108256 13726
internal_value=-5.99669e-10 -0.0366144 0.0624098 -0.0512349 -0.041947 0.0834095 0.0333291 -0.0107639 -0.0666701 -0.0200234 -0.056428 2.00244e-05 -0.0342216 -0.031724 -0.0588603 0.0697082 0.0221322 -0.0605267 0.0467187 -0.0612995 -0.0143474 0.0603235 0.00587545 -0.0356782 -0.0149722 -0.0376223 -0.0480475 -0.0769685 -0.0539298 -0.0238099
internal_weight=35397.3 22309.3 13087.9 14249.3 8898.43 7598.83 5489.11 8060.08 5350.82 4336.07 2685.99 3724.01 6110.43 5339.91 2788.01 3160.48 2990.77 2385.39 2498.35 2618.04 1077.85 1491.57 2646.16 4125.82 3370.53 965.543 524.129 2664.83 1465.85 300.599
internal_count=2043720 1760458 283262 1274866 682636 80932 202330 485592 592230 283262 241746 202330 431806 370842 250830 53869 127086 219752 75244 241232 71958 31854 130372 294019 201323 81939 49415 350484 125043 21994
is_linear=0
shrinkage=0.05


Tree=1
num_leaves=31
num_cat=0
split_feature=13 4 5 25 7 4 6 1 4 7 1 14 17 6 6 5 4 9 4 12 7 5 4 4 6 13 17 4 23 4
split_gain=41836.3 11739.9 7797.6 5765.82 2502.41 1942.45 1781.92 1300.82 1296.9 810.38 704.396 609.723 596.21 501.803 462.991 429.215 501.37 427.18 418.469 408.97 789.02 520.454 1656.82 942.588 756.029 684.081 497.255 457.734 368.99 339.566
threshold=1.0000000180025095e-35 0.040869565680623061 0.039130434393882758 1.0000000180025095e-35 -0.12729538232088086 1.0000000180025095e-35 -0.14703661203384397 0.0026086957077495758 0.091304346919059767 -0.14067500084638593 0.0026086957077495758 -0.11325109750032424 0.090434785932302489 -0.13926603645086286 -0.3321919292211532 0.10347826033830644 0.0095652174204587954 0.0826086960732937 1.0000000180025095e-35 0.0026086957077495758 -0.17994792014360425 0.037391304969787605 0.0095652174204587954 0.0060869567096233377 -0.14008121937513349 0.01304347859695554 0.025652174837887291 1.0000000180025095e-35 0.5000000149011613 1.0000000180025095e-35
decision_type=2 2 2 2 2 2 2 2 2 2 2 2 2 2 2 2 2 2 2 2 2 2 2 2 2 2 2 2 2 2
left_child=2 3 5 7 12 28 -4 18 13 -5 -8 19 14 -6 -3 16 -13 -10 -2 20 29 22 27 25 -25 26 -23 -21 -1 -9
right_child=1 4 6 9 8 -7 10 11 17 -11 -12 15 -14 -15 -16 -17 -18 -19 -20 21 -22 23 -24 24 -26 -27 -28 -29 -30 -31
leaf_value=0.057633702406462366 0.034332069174732922 0.011994843215067351 0.044234143071181869 0.060210605590520098 -0.050777816372071183 0.041161459373298639 0.016627737757860441 0.020471677534502585 -0.033068189533012889 0.01701407414766656 -0.016740582227115965 0.00094391940051798216 -0.08070302877657598 -0.015245269865869854 -0.057784270774668182 -0.013216839824617535 -0.056229945800686167 -0.062601607729899977 0.0040111222626603577 0.037040056463854699 -0.029455391202911088 -0.014428115676089696 -0.035413043397916927 -0.013085081779309614 0.0069876516461864872 -0.036516022689041333 0.020940428687378321 -0.0043702932091317483 0.083977559707169469 -0.011576616578706822
leaf_weight=1492.8718207143247 1335.9778641453013 245.87354797311127 4265.7072661612183 3392.1246255338192 1139.9448991846293 3830.234206546098 3771.6285973414779 1246.9736875053495 1988.0444914670661 1598.1568172350526 2722.2067664051428 483.1543853841722 3458.3374655707739 7712.772013282869 6900.6796807474457 2083.182840202935 1856.4221302815713 3204.480973821599 7646.1699196384288 748.38499579392374 6808.0582392946817 6489.3953072577715 6271.8667559321038 6755.1162855429575 15345.856097179465 3207.1629321817309 1172.5269898846745 6092.9035524833016 12889.655164371245 2446.4507122514769
leaf_count=1789 2076 7839 7204 6051 43594 8515 7855 2367 84521 4530 8085 3416 198960 286751 275906 51028 56313 174729 48262 1307 22505 26222 168519 136310 329728 14605 3377 44375 8660 8321
internal_value=-3.86254e-10 -0.0153787 0.0528831 -0.00553737 -0.0453124 0.0728198 0.0191325 -0.00923991 -0.0314658 0.0463829 0.00263936 -0.0118554 -0.0636464 -0.0198259 -0.0553822 -0.0297331 -0.0444274 -0.0513028 0.00852429 -0.0104576 -0.019362 -0.00842808 -0.0168533 -0.00507673 0.000852148 -0.0171314 -0.00901353 0.000164436 0.0812473 -0.000753861
internal_weight=128602 99630 28972.3 74979.9 24650.1 18212.8 10759.5 69989.6 14045.2 4990.28 6493.84 61007.5 10604.9 8852.72 7146.55 4422.76 2339.58 5192.53 8982.15 56584.7 10501.5 46083.2 13113.2 32970.1 22101 10869.1 7661.92 6841.29 14382.5 3693.42
internal_count=2043720 2001612 42108 929312 1072300 18964 23144 918731 589595 10581 15940 868393 482705 330345 283745 110757 59729 259250 50338 757636 33193 724443 214201 510242 466038 44204 29599 45682 10449 10688
is_linear=0
shrinkage=0.05


Tree=2
num_leaves=31
num_cat=0
split_feature=4 23 4 6 7 7 4 4 4 7 7 0 4 6 2 9 15 15 4 1 15 6 9 7 6 15 7 1 6 4
split_gain=42892 14389 5497.66 2493.08 1946.91 1904.45 2518.12 1480.72 1418.97 1128.95 974.638 855.823 737.432 624.446 556.944 542.902 518.81 515.265 431.963 415.391 397.889 388.621 376.681 365.27 358.814 352.549 314.464 298.175 279.98 272.876
threshold=0.0043478262377902874 0.5000000149011613 0.059999998658895499 -0.15014823526144025 -0.14927139133214948 -0.14795508235692975 0.018260869197547439 1.0000000180025095e-35 0.011304348241537811 -0.12729538232088086 -0.10382824763655661 0.16782609373331073 1.0000000180025095e-35 -0.15119183063507077 -0.13218715041875836 0.098260872066020979 -0.08645929396152495 -0.085829418152570711 0.026956521905958656 1.0000000180025095e-35 -0.99999991059303273 -0.15119183063507077 0.0043478262377902874 -0.10483747720718382 -0.045526456087827676 -0.1977766081690788 -0.21896770596504209 1.0000000180025095e-35 -0.070205487310886369 0.025217391550540928
decision_type=2 2 2 2 2 2 2 2 2 2 2 2 2 2 2 2 2 2 2 2 2 2 2 2 2 2 2 2 2 2
left_child=1 3 5 12 7 6 22 19 17 -4 25 13 27 29 20 24 -12 -7 -15 -3 -8 -6 -2 -20 -11 -5 -16 -1 -25 -10
right_child=2 4 9 10 21 8 14 -9 11 15 16 -13 -14 18 26 -17 -18 -19 23 -21 -22 -23 -24 28 -26 -27 -28 -29 -30 -31
leaf_value=0.062943700884095566 0.0013259487663645057 0.083147129554278554 -0.069558470038730405 0.034687539865744174 0.056424739081188002 -0.019786617845875376 0.020184059639841413 0.045869119132756805 -0.0067335812894441394 -0.035345507690329923 -0.0092856287876946116 -0.033477230375952703 0.016469592221875985 0.011472741209645976 -0.068268773597431373 -0.059362609865412322 -0.044131093201470697 -0.047832636952977771 -0.019129188102662495 0.065811854272663464 -0.038288605388433428 0.019545881324150929 -0.018663113719591888 -0.0029417728291367719 0.010275285179002032 0.0054643850678125572 -0.044414613959296058 0.035229487973095844 0.021226332524420258 -0.038447600705859952
leaf_weight=1322.5469872523099 3261.0457140947692 10079.880444464274 5898.7710546930321 1233.7590473643504 981.92772075906396 11656.841105348896 307.68663679994643 5013.6956452950835 1343.4614142375067 4688.8666474092752 6864.8656061496586 2146.818529073149 5900.8039626595564 8219.4856019308791 3054.0003790101036 2550.623979431577 1264.2736221039668 1905.3056935237255 2846.5553656909615 5303.209454273805 5168.6553401872516 2622.0125524634495 8497.7345570591278 5951.4301246618852 474.19107742095366 6290.4536985112354 2540.6779145756736 3671.0598375406116 1499.4192742579617 1369.9404338598251
leaf_count=1506 23810 6882 314135 3520 1349 73721 8659 15686 25166 203788 24469 70639 22581 161159 106089 156875 6321 11919 91829 5996 154215 5266 124837 192507 22394 21242 86620 6580 50155 43805
internal_value=-1.08025e-10 0.0354409 -0.0244134 0.0100755 0.0634965 -0.0178816 -0.0292344 0.0694828 -0.0108646 -0.0530896 -0.00270737 -0.00340009 0.0284408 -0.000357238 -0.0463472 -0.0404883 -0.0147097 -0.02373 0.0029257 0.0771756 -0.0350003 0.0296067 -0.0131199 -0.00389708 -0.0311544 0.0102601 -0.0574459 0.0425807 0.00192405 -0.0227536
internal_weight=123930 50548.5 73381.5 26547.8 24000.7 59769.1 22829.8 20396.8 36939.3 13612.5 15653.4 23377.1 10894.4 21230.3 11071 7713.68 8129.14 13562.1 18516.9 15383.1 5476.34 3603.94 11758.8 10297.4 5163.06 7524.21 5594.68 4993.61 7450.85 2713.4
internal_count=2043720 121398 1922322 86219 35179 1225130 504230 28564 720900 697192 55552 635260 30667 564621 355583 383057 30790 85640 495650 12878 162874 6615 148647 334491 226182 24762 192709 8086 242662 68971
is_linear=0
shrinkage=0.05


Tree=3
num_leaves=31
num_cat=0
split_feature=4 23 4 5 7 4 4 6 13 4 7 1 6 6 13 15 4 2 9 15 25 7 15 4 12 14 4 12 25 4
split_gain=43546.7 11959.4 3868.98 3189.96 1370.74 1315.99 1353.12 1549.25 904.051 818.096 798.76 733.329 726.208 601.422 422.72 348.751 676.616 348.175 315.302 330.876 308.183 303.93 301.56 283.461 281.394 273.961 269.853 244.511 243.686 238.704
threshold=0.011304348241537811 0.5000000149011613 0.0026086957077495758 0.033913042396306999 -0.14795508235692975 0.086086958646774306 0.020000000484287742 -0.1214274652302265 1.0000000180025095e-35 0.028695652261376384 -0.11378123611211775 1.0000000180025095e-35 -0.14008121937513349 -0.12618123739957807 0.028695652261376384 -0.18776367604732511 0.0026086957077495758 -0.10921895131468772 0.079130433499813094 -0.083245169371366487 1.0000000180025095e-35 -0.14310186356306073 -0.15776239335536954 1.0000000180025095e-35 0.016521738842129711 -0.11056511104106902 0.033913042396306999 0.0060869567096233377 1.0000000180025095e-35 0.047826087102293975
decision_type=2 2 2 2 2 2 2 2 2 2 2 2 2 2 2 2 2 2 2 2 2 2 2 2 2 2 2 2 2 2
left_child=1 11 4 9 8 6 13 17 -3 -2 25 12 23 -5 21 16 -13 26 19 -7 -10 -15 -6 -1 -12 -9 -8 -17 -4 -26
right_child=3 2 28 5 22 18 7 10 20 -11 24 15 -14 14 -16 27 -18 -19 -20 -21 -22 -23 -24 -25 29 -27 -28 -29 -30 -31
leaf_value=0.061677368449520133 -0.036564531899990198 0.075788973766300421 0.0080110455483328596 -0.017495159413489995 0.052030068932033637 -0.044545517644533933 -0.015390536590962473 -0.017744237825076788 0.03830673946749516 -0.063627072413006733 -0.026621449223458465 0.027208569288704149 0.010113350303563699 -0.007897193350577628 -0.013848831797319425 -0.00047801580144537348 0.0022577040758256406 -0.051251292668504214 -0.058656469791885039 -0.00013387628585206134 0.064974975108213054 -0.046242940827679942 0.020207266828592751 0.029491080802984626 0.0091214821665976994 -0.049905846793055902 -0.035298063812303868 0.01102828358114414 0.045723408494796607 -0.0068302673292565648
leaf_weight=1374.2616700939834 4286.1012193378992 13573.968215726316 3847.6661810902879 3968.3444498442113 1262.890252655372 1869.7037410419434 3033.9644065061584 3120.289428319782 2531.9523423789069 8042.8338103168644 822.95782510377467 5461.0199323836714 3026.6322832331061 549.22844192571938 1326.9839148623869 12803.190537025221 5407.1925099492073 1802.727226302959 3144.0382763175294 540.57912338990718 1902.5746384114027 8862.0081038232893 1816.8775302870199 1368.0180689571425 6931.8131660874933 840.37547282874584 3884.9347374783829 7220.0987162957899 481.13258426263928 3543.2297866214067
leaf_count=1724 117650 11986 29741 57025 1831 89434 76124 99895 7299 413495 13217 14074 8597 7910 23809 67305 51193 62229 187692 24390 2260 51819 3687 4997 202543 35491 146973 77332 1236 150762
internal_value=1.25367e-10 0.0289162 0.0552724 -0.0317313 0.0641104 -0.0254624 -0.0221938 -0.0148699 0.0693827 -0.0542226 -0.00526092 0.0106421 0.0270049 -0.0341343 -0.0402811 0.00758565 0.0147963 -0.0316784 -0.0482206 -0.034589 0.0497605 -0.0440062 0.0332692 0.0456375 0.00151293 -0.0245792 -0.026572 0.00367133 0.0122123 0.0037256
internal_weight=118648 62077.5 25417.1 56570.1 21088.3 44241.2 38686.9 23980.3 18008.5 12328.9 15258.7 36660.4 5768.91 14706.6 10738.2 30891.5 10868.2 8721.63 5554.32 2410.28 4434.53 9411.24 3079.77 2742.28 11298 3960.66 6918.9 20023.3 4328.8 10475
internal_count=2043720 283262 58040 1760458 27063 1229313 927797 787234 21545 531145 501908 225222 15318 140563 83538 209904 65267 285326 301516 113824 9559 59729 5518 6721 366522 135386 223097 144637 30977 353305
is_linear=0
shrinkage=0.05


Tree=4
num_leaves=31
num_cat=0
split_feature=4 23 4 5 6 4 1 5 13 23 15 1 12 7 16 2 1 7 4 7 15 4 14 7 3 1 15 0 16 6
split_gain=34736.1 9767.88 6431.38 2920.74 2290.15 1081.11 1016.87 643.213 523.474 507.188 500.953 418.159 388.041 367.943 341.821 330.647 330.281 323.049 358.029 600.628 348.113 324.183 316.849 299.662 269.17 249.688 242.058 240.898 227.12 224.678
threshold=0.0026086957077495758 0.5000000149011613 0.020000000484287742 0.035652173683047302 -0.14912782609462735 0.07739130407571794 1.0000000180025095e-35 0.059999998658895499 1.0000000180025095e-35 0.6428571641445161 -0.16259030252695081 0.0060869567096233377 0.026956521905958656 -0.12729538232088086 0.011304348241537811 -0.14096125960350034 1.0000000180025095e-35 -0.3289570808410644 0.011304348241537811 -0.13716807216405866 -0.1924590393900871 0.0060869567096233377 -0.10966607928276061 -0.13262148946523664 -0.13793967664241788 0.0026086957077495758 -0.085829418152570711 0.21130434423685077 0.0060869567096233377 -0.12494866177439688
decision_type=2 2 2 2 2 2 2 2 2 2 2 2 2 2 2 2 2 2 2 2 2 2 2 2 2 2 2 2 2 2
left_child=1 4 11 22 8 10 -3 25 -1 23 -5 -2 24 -14 -7 -10 -9 21 20 -20 -19 -13 -4 -8 -12 -6 28 -15 -22 -21
right_child=2 6 3 5 7 14 9 16 15 -11 12 17 13 27 -16 -17 -18 18 19 29 26 -23 -24 -25 -26 -27 -28 -29 -30 -31
leaf_value=0.049014655641712805 0.0043082057281272545 0.071805134021187808 -0.049665713293388924 -0.033819282149499953 0.038164667078136094 -0.0025575388281173102 0.046105610753127232 0.012154407845667623 0.010283016976723625 0.064836504882868726 -0.013682505955150271 -0.0014012277808733663 -0.029811210760238616 -0.0064607407750697683 -0.048112922378572176 0.036597935151991577 -0.014445582841449365 0.0044137040458232593 -0.0165673924861185 -0.0014106130862138989 -0.0098621697022139715 -0.037645389438792393 -0.068161976482644202 0.017873350429810492 -0.035795338856022145 0.007598002546299428 0.013460884640869386 -0.037511841596924611 -0.024670737350489472 0.02216046775453949
leaf_weight=3097.0095852883533 10468.670595173724 11732.442941000685 5375.326397227589 6123.4461262049153 961.1220679692924 444.07477566180751 4117.2238946324214 1417.3715308438987 2544.8375588953495 3206.3753776149824 2143.294237408787 982.64773980202153 2487.3632580116391 9854.5404300270602 5680.6084283753298 2249.2004098361358 6587.2011580076069 3224.0208377572708 2395.2546830652282 1512.0180215714499 6121.3783977082931 1657.1750160967931 4095.9214539011009 1220.157563037239 3853.3005484584719 2188.4996067658067 738.55302108079195 665.97401444800198 4489.2635779757984 3049.1919344505295
leaf_count=5330 79262 11106 215021 192239 1897 18192 9250 3009 8365 3867 43529 8041 99616 314404 321524 5701 22744 29091 58124 28199 45051 38008 264896 2840 61844 6823 12988 26863 40188 65708
internal_value=2.50292e-10 0.0380948 -0.0198768 -0.0333476 0.0123806 -0.0259747 0.0622461 -0.0022031 0.0329926 0.0491125 -0.0213819 -0.00403891 -0.0173729 -0.0125203 -0.0448109 0.0226341 -0.00973459 -0.00765437 -0.0056296 0.00370246 -0.0100842 -0.0241595 -0.0576709 0.0396561 -0.0278954 0.0169347 -0.0142027 -0.00842973 -0.0161293 0.0143482
internal_weight=114683 39321.4 75362 40723.8 19045.2 31252.6 20276.2 11154.2 7891.05 8543.76 25127.9 34638.2 19004.5 13007.9 6124.68 4794.04 8004.57 24169.5 21529.7 6956.46 14573.2 2639.82 9471.25 5337.38 5996.59 3149.62 11349.2 10520.5 10610.6 4561.21
internal_count=2043720 80932 1962788 1558128 53869 1078211 27063 34473 19396 15957 738495 404660 546256 440883 339716 14066 25753 325398 279349 152031 127318 46049 479917 12090 105373 8720 98227 341267 85239 93907
is_linear=0
shrinkage=0.05


Tree=5
num_leaves=31
num_cat=0
split_feature=4 23 16 5 6 18 13 4 5 13 25 7 4 6 13 1 4 14 7 23 2 6 0 5 7 18 13 13 9 10
split_gain=33843.7 7729.87 5469.32 2642.4 1666.5 1306.28 922.039 616.413 483.376 458.249 426.283 389.334 361.498 703.826 690.645 356.404 338.852 330.647 281.153 270.59 257.895 254.895 292.26 253.072 235.335 234.2 210.67 192.304 190.977 229.822
threshold=0.0026086957077495758 0.5000000149011613 0.011304348241537811 0.033913042396306999 -0.15336318314075467 0.010461921337991955 1.0000000180025095e-35 0.070434782654047026 0.26000000536441809 1.0000000180025095e-35 1.0000000180025095e-35 -0.13837242871522901 0.020000000484287742 -0.11735276132822035 0.028695652261376384 0.0026086957077495758 0.0060869567096233377 -0.11125820130109786 -0.13489941507577893 0.6428571641445161 -0.14096125960350034 -0.12259675934910773 0.16956522315740588 0.018260869197547439 -0.098818968981504426 0.015796436928212646 0.023478261195123199 0.011304348241537811 0.091304346919059767 -0.11468501016497611
decision_type=2 2 2 2 2 2 2 2 2 2 2 2 2 2 2 2 2 2 2 2 2 2 2 2 2 2 2 2 2 2
left_child=1 4 10 17 9 -5 11 12 15 -1 16 -3 14 -14 -7 -6 23 -4 -18 -8 27 -16 -23 -2 -15 -17 -27 -11 29 -9
right_child=2 6 3 5 8 7 19 28 -10 20 -12 -13 13 24 21 25 18 -19 -20 -21 -22 22 -24 -25 -26 26 -28 -29 -30 -31
leaf_value=0.048981686236247102 0.014443479738997672 0.069525767486991727 -0.046213206491576647 -0.011789413914967326 0.023814996924633038 -0.013465537757680213 0.033495511752634731 -0.055723086770352849 -0.015991111139034436 0.014590116359059652 0.033774348981464614 0.043679779039659285 -0.039092463065122152 -0.025485225518095324 -0.017518357097176966 -0.0057576372150460004 -0.016933222603365064 -0.064940205845663665 -0.0043918136595633246 0.05807732938605667 0.035997267650455987 -0.064719556787132884 0.0077578467323659089 -0.0025294943410837569 -0.0044197963906238225 0.025149147107599041 -0.020054798155249975 -0.061452238925400672 -0.056987919417350853 -0.0288355618102791
leaf_weight=2851.2910829065368 2845.1013593869284 12971.335139088798 5168.2898928197101 12047.013851519208 2572.7686737235636 1690.3672004612163 3336.0576198808849 1252.4711675806902 2694.4149999665096 2233.9060759572312 722.55527921952307 1648.8531587710604 3588.3445413103327 1950.6857501026243 410.64215305261314 3738.4181055035442 7329.8904049037956 4360.5750272208825 11448.779029650614 1690.2073127469048 2086.7701819501817 2237.4763053338975 148.09310727752745 9616.4905597018078 4136.1867670062929 1372.3939611967653 316.49739804770797 85.379620835185051 2431.7763013751246 2186.1557580716908
leaf_count=5035 20653 12237 203401 342024 5540 25668 9279 63264 10325 7461 2724 3068 136143 71347 9796 13608 133926 284000 174348 2479 5403 12905 4095 59316 138215 3989 2033 475 159545 121418
internal_value=-4.77829e-11 0.0385904 -0.0197218 -0.0316702 0.0148721 -0.0248015 0.0602609 -0.0326257 0.00232189 0.0333634 -0.00416731 0.0666141 -0.0269752 -0.0215312 -0.0387075 0.00849091 -0.00504591 -0.0547889 -0.00928775 0.0417717 0.0232476 -0.0539565 -0.0602189 0.00134645 -0.0111738 0.00122361 0.0166711 0.0117655 -0.0462503 -0.0386423
internal_weight=111169 37598.3 73570.9 41608.1 17951.8 32079.2 19646.5 20032.2 10694.5 7257.35 31962.8 14620.2 14161.8 9675.22 4486.58 8000.08 31240.3 9528.86 18778.7 5026.26 4406.06 2796.21 2385.57 12461.6 6086.87 5427.31 1688.89 2319.29 5870.4 3438.63
internal_count=2043720 80932 1962788 1571821 53869 1084420 27063 742396 35495 18374 390967 15305 398169 345705 52464 25170 388243 487401 308274 11758 13339 26796 17000 79969 209562 19630 6022 7936 344227 184682
is_linear=0
shrinkage=0.05


Tree=6
num_leaves=31
num_cat=0
split_feature=4 23 4 6 7 4 5 13 13 1 23 13 12 1 6 6 23 2 4 2 25 5 23 6 13 7 13 7 0 6
split_gain=32065.3 6574.86 3823.18 1405.13 1305.46 1189.83 1493.3 815.595 410.417 403.184 396.511 392.205 360.002 452.403 352.072 333.892 272.517 267.083 264.906 247.441 233.582 229.235 224.613 222.695 217.436 195.816 192.651 182.545 179.111 174.215
threshold=0.0026086957077495758 0.5000000149011613 0.049565218389034278 -0.15336318314075467 -0.11378123611211775 0.011304348241537811 0.044347826391458518 1.0000000180025095e-35 1.0000000180025095e-35 1.0000000180025095e-35 0.5000000149011613 0.1765217408537865 0.011304348241537811 0.0060869567096233377 -0.093203619122505174 -0.14343849569559095 0.6428571641445161 -0.14504769444465634 0.025217391550540928 -0.1429636403918266 1.0000000180025095e-35 0.025217391550540928 0.21428572386503222 -0.030688317492604252 0.0026086957077495758 -0.060459844768047326 0.011304348241537811 -0.23790865391492841 0.21130434423685077 -0.11148487403988837
decision_type=2 2 2 2 2 2 2 2 2 2 2 2 2 2 2 2 2 2 2 2 2 2 2 2 2 2 2 2 2 2
left_child=1 3 5 8 -4 10 18 16 -1 25 23 14 13 -8 -6 17 29 -14 27 26 -9 -11 -16 -2 -12 -5 -10 -7 -17 -3
right_child=2 7 4 9 11 6 12 20 19 21 24 -13 15 -15 22 28 -18 -19 -20 -21 -22 -23 -24 -25 -26 -27 -28 -29 -30 -31
leaf_value=0.048161725036613853 -0.0070175927309562743 0.060130603027221396 -0.056244844383325721 0.032949036038898857 -0.035751520372687758 -0.038742742276184822 0.0066482311650404875 0.030669616582180211 0.014182860843077606 0.020797191192991803 0.023581899469476388 -0.053555627997995764 -0.0084340337516779773 -0.038651506081964521 -0.018777855640587 -0.0071151757838766377 0.070955347406967892 -0.034057973340827608 -0.047958692069258992 0.035580563300418026 0.052643160165899552 -0.0038783139173148664 0.010919563932722077 -0.047137126419529413 -6.5064772633415023e-05 -0.0057901873956656197 -0.070303768209500753 -0.016074594017249158 -0.030445540105708182 0.035497840952077378
leaf_weight=2763.0917863650247 19541.40677782381 5724.699418252334 7542.1348707876168 1522.2431905195117 2852.9573246287182 2118.5288462094031 699.3865834241733 2623.640475274995 2077.2366904970258 1080.9530177358538 1625.4600037722848 1193.2853249916807 1687.886034110561 2594.7999382633716 3044.6111846207641 16722.249065315351 7670.3342587202787 2560.4812037656084 3930.2728340076283 2103.712744330056 2253.895467184484 7234.8133415076882 804.27959265420213 351.16195704368874 2416.3519678870216 414.75103866867721 68.757693823426962 1532.6243497058749 864.35996622871608 826.68612444400787
leaf_count=5035 168133 7299 436216 3226 137674 66007 9804 8325 7168 3429 8403 92899 49737 27304 173236 405873 6116 85454 166407 5728 3433 27785 30181 3220 22574 1055 443 46253 33413 1890
internal_value=-4.14938e-11 0.0382776 -0.019311 0.0159153 -0.0413682 -0.0132992 -0.0194977 0.0584911 0.0331605 0.00411761 -0.00482728 -0.0271514 -0.0136288 -0.0290348 -0.0224427 -0.0113033 0.0645441 -0.0238819 -0.0389463 0.023398 0.0408322 -0.00066867 -0.0125709 -0.00772815 0.00944831 0.0246554 0.0114444 -0.0292345 -0.0082635 0.0570282
internal_weight=108447 36364.8 72082.2 17265.6 15437.3 56645 32710.6 19099.3 7012.8 10252.8 23934.4 7895.13 25129.2 3294.19 6701.85 21835 14221.7 4248.37 7581.43 4249.71 4877.54 8315.77 3848.89 19892.6 4041.81 1936.99 2145.99 3651.15 17586.6 6551.39
internal_count=2043720 80932 1962788 53869 870206 1092582 890252 27063 18374 35495 202330 433990 611585 37108 341091 574477 15305 135191 278667 13339 11758 31214 203417 171353 30977 4281 7611 112260 439286 9189
is_linear=0
shrinkage=0.05


Tree=7
num_leaves=31
num_cat=0
split_feature=4 23 16 7 6 4 4 1 13 7 17 13 1 6 5 2 6 25 7 4 5 2 6 6 4 25 16 9 6 6
split_gain=28534.1 6487.1 3741.73 2148.79 1608.33 1098.22 752.552 489.115 398.943 462.359 388.186 371.857 362.796 301.395 291.385 244.134 244.132 223.476 207.566 204.072 352.214 197.381 179.764 171.661 165.255 165.215 164.882 155.923 156.235 129.07
threshold=0.0026086957077495758 0.5000000149011613 0.016521738842129711 -0.14927139133214948 -0.15014823526144025 0.068695649504661574 1.0000000180025095e-35 1.0000000180025095e-35 0.0026086957077495758 -0.19141246378421781 0.060869568958878524 1.0000000180025095e-35 1.0000000180025095e-35 -0.1593619883060455 0.042608696967363364 -0.11418303474783896 -0.35853400826454157 1.0000000180025095e-35 -0.060459844768047326 0.014782608952373268 0.033913042396306999 -0.15572298318147657 -0.13610426336526868 -0.13064489513635633 0.032173912972211845 1.0000000180025095e-35 0.0026086957077495758 0.10347826033830644 -0.044039873406291001 -0.083315372467041002
decision_type=2 2 2 2 2 2 2 2 2 2 2 2 2 2 2 2 2 2 2 2 2 2 2 2 2 2 2 2 2 2
left_child=1 4 8 10 11 13 12 18 9 -2 16 -1 -3 -5 -9 -15 21 -13 -6 25 -21 -4 -11 -14 -18 -10 -22 28 -7 -16
right_child=2 6 3 5 7 27 -8 14 19 22 -12 17 23 15 29 -17 24 -19 -20 20 26 -23 -24 -25 -26 -27 -28 -29 -30 -31
leaf_value=0.046760427691348368 0.023054394992704993 0.067661849979572794 0.036757660829022293 -0.038639585488470247 0.034194341634756244 -0.038326989633534939 0.035937254542767999 0.014235166639496347 -0.0082173275386402244 0.011805756541522702 -0.059126528867444933 0.018998761326097763 0.05631067096814113 -0.0078747160880587846 -0.0051988634289078534 -0.021368013564357222 -0.031229887559802251 0.054311799286183293 -0.0064788780893213858 -0.036566372829910807 0.0071740659531685531 -0.0533744327294461 -0.011684142717885912 0.035395407303566995 -0.0492530421467599 0.021725097571398365 -0.01439639071105267 -0.052954347982170726 0.0017431861333431628 -0.023168829067639968
leaf_weight=2779.2396673923358 2024.0533977728337 9432.4905416723341 178.23786954768002 1251.7509605549276 1393.679671049118 2896.52706229873 3514.0892331372015 1779.2448834720999 21176.372878238093 1082.5290576922707 5200.5954574472271 3744.2001849226654 4394.7813458750024 8742.1081312606111 5313.9680939940736 5438.1955649890006 2038.4308613822795 508.46048150397837 404.32505531422794 1742.5789824039675 995.52212784253061 90.88868476357311 3280.1037900252268 1271.9919755668379 3417.7619368699379 470.00863464176655 8006.4482010044158 1957.9607695830055 265.46555058890954 1229.941851079464
leaf_count=5265 12999 8300 7025 47337 3114 173760 9977 5657 248983 6074 306013 13116 5825 268528 18513 175806 73761 764 1034 64996 18994 3304 16466 2961 161130 1809 199698 159489 16616 6406
internal_value=3.3115e-11 0.0363538 -0.0185076 -0.0313146 0.0141706 -0.0217878 0.0567948 0.00140829 -0.00811099 0.00330971 -0.0492311 0.0325369 0.0616463 -0.0151286 -0.00370118 -0.0130506 -0.0402338 0.0232327 0.0250495 -0.0103629 -0.015996 0.00623359 -0.00585407 0.051623 -0.0425266 -0.00756621 -0.0120104 -0.0418525 -0.0349634 -0.00857938
internal_weight=106022 35766.4 70255.5 31477.9 17153.1 20552 18613.4 10121.2 38777.6 6386.69 10925.9 7031.9 15099.3 15432.1 8323.15 14180.3 5725.32 4252.66 1798 32390.9 10744.5 269.127 4362.63 5666.77 5456.19 21646.4 9001.97 5119.95 3161.99 6543.91
internal_count=2043720 80932 1962788 1392769 53869 841536 27063 34724 570019 35539 551233 19145 17086 491671 30576 444334 245220 13880 4148 534480 283688 10329 22540 8786 234891 250792 218692 349865 190376 24919
is_linear=0
shrinkage=0.05


Tree=8
num_leaves=31
num_cat=0
split_feature=4 23 4 6 7 4 7 13 1 6 13 25 2 15 13 4 7 7 6 25 7 6 4 25 7 2 6 7 27 9
split_gain=26710.1 6041.85 3317.19 1469.85 933.047 883.186 1501.91 671.567 494.737 353.349 349.177 348.794 302.605 299.197 288.574 280.79 260.925 248.689 229.793 218.086 215.039 210.18 205.924 205.763 198.666 238.343 148.137 147.509 136.586 129.458
threshold=0.0026086957077495758 0.5000000149011613 0.051304347813129432 -0.15014823526144025 -0.11378123611211775 0.016521738842129711 -0.16935633122920987 1.0000000180025095e-35 1.0000000180025095e-35 -0.15813036262989041 1.0000000180025095e-35 1.0000000180025095e-35 -0.15895090252161023 -0.099999997764825807 0.0026086957077495758 0.1086956523358822 -0.13489941507577893 -0.19141246378421781 -0.12679309397935865 1.0000000180025095e-35 -0.060459844768047326 -0.3321919292211532 1.0000000180025095e-35 1.0000000180025095e-35 -0.06359850242733954 -0.089856881648302064 -0.3321919292211532 -0.23790865391492841 1.0000000180025095e-35 0.0826086960732937
decision_type=2 2 2 2 2 2 2 2 2 2 2 2 2 2 2 2 2 2 2 2 2 2 2 2 2 2 2 2 2 2
left_child=1 3 5 10 26 11 12 22 20 -8 -1 13 21 14 17 18 -10 -2 -6 -9 -5 -7 -3 -12 25 -11 -4 -14 -13 -17
right_child=2 7 4 8 15 6 9 19 16 24 23 28 27 -15 -16 29 -18 -19 -20 -21 -22 -23 -24 -25 -26 -27 -28 -29 -30 -31
leaf_value=0.045824408592535677 0.019664042570016135 0.063667270269957429 0.0079570461166188194 0.035668954797743783 -0.045420282789589893 0.026180450656706124 -0.033960802725617988 0.029153994310990694 0.0097632580174877043 -0.012258267994441262 0.018613045253318455 0.015121689663114973 -0.051106394162677198 -0.019176171996418301 -0.0081324206101904013 -0.025174002405073448 -0.0094628956825884222 -0.003213817162139837 -0.014990741319341323 0.05100250813233858 -0.0061492427925680625 -0.027582981529930013 0.044518083505708447 0.052909749878620044 -0.0036245787440025664 -0.040715556943434643 -0.054478758010676087 -0.034851019164364741 0.065599390224277285 -0.048340640811012553
leaf_weight=2708.2206574147567 1883.0801509884186 11855.742849196307 96.172673413529992 1331.1237057605758 740.89055624743924 246.16020079050213 1686.1322041898966 2479.4119808371179 2576.4190801400691 9020.8110487093218 3649.94455211889 533.75963016133755 3256.5604134867899 4652.1664061537012 19331.774166983087 923.87415420124307 5595.8031269712374 3213.9150560144335 3804.338024744764 2127.0529277799651 399.29687491804361 687.14434919971973 1604.7295346911997 496.40194072388113 7148.9612495768815 800.44136524945498 6486.9935337686911 2463.306383878924 178.36945910565555 1757.244776639156
leaf_count=5265 12198 12141 5128 3114 37002 8108 60900 8325 8216 257409 13116 2180 136471 47724 245011 50376 22360 16270 183271 3433 1034 24996 3164 764 187888 31879 411158 101669 345 142805
internal_value=3.0627e-11 0.0356897 -0.0180357 0.0140634 -0.0399481 -0.0125435 -0.0194113 0.0557463 0.00174239 -0.0121365 0.0318604 -0.00670881 -0.039806 -0.00755574 -0.00534208 -0.027537 -0.0034011 0.00524059 -0.0199598 0.0392515 0.0260214 -0.01339 0.0613878 0.0227308 -0.0099662 -0.0145815 -0.0535656 -0.0441132 0.0278393 -0.0403701
internal_weight=103736 34824.1 68912.1 16757.2 13809.5 55102.6 25309.5 18066.9 9902.64 18656.3 6854.57 29793.1 6653.17 29080.9 24428.8 7226.35 8172.22 5097 4545.23 4606.46 1730.42 933.305 13460.5 4146.35 16970.2 9821.25 6583.17 5719.87 712.129 2681.12
internal_count=2043720 80932 1962788 53869 829740 1133048 809320 27063 34724 538076 19145 323728 271244 321203 273479 413454 30576 28468 220273 11758 4148 33104 15305 13880 477176 289288 416286 238140 2525 193181
is_linear=0
shrinkage=0.05


Tree=9
num_leaves=31
num_cat=0
split_feature=4 23 4 7 6 13 4 1 17 4 6 13 25 6 5 5 7 25 7 25 4 12 18 9 14 13 6 6 10 10
split_gain=24871 5639.26 3163.44 2091.55 1359.95 621.868 582.368 495.988 365.072 351.876 347.538 315.347 275.512 242.635 238.419 232.075 219.122 214.967 206.702 196.002 186.572 184.494 189.884 177.701 169.713 147.509 214.43 138.818 135.286 134.217
threshold=0.0026086957077495758 0.5000000149011613 0.025217391550540928 -0.12729538232088086 -0.15014823526144025 1.0000000180025095e-35 0.091304346919059767 1.0000000180025095e-35 0.073478262871503844 0.016521738842129711 -0.15119183063507077 1.0000000180025095e-35 1.0000000180025095e-35 -0.35853400826454157 0.042608696967363364 0.032173912972211845 -0.060459844768047326 1.0000000180025095e-35 -0.22338380664587018 1.0000000180025095e-35 1.0000000180025095e-35 0.033913042396306999 0.011024975683540108 0.079130433499813094 -0.10721676424145697 1.0000000180025095e-35 -0.10286307707428931 -0.10286307707428931 -0.12463485822081564 -0.11278861388564108
decision_type=2 2 2 2 2 2 2 2 2 2 2 2 2 2 2 2 2 2 2 2 2 2 2 2 2 2 2 2 2 2
left_child=1 4 9 8 11 20 10 16 13 12 -5 -1 25 -4 -9 -11 -6 -7 -15 -13 -3 22 -12 29 27 26 -2 -23 -20 -8
right_child=2 5 3 6 7 17 23 14 -10 15 21 19 -14 18 -16 -17 -18 -19 28 -21 -22 24 -24 -25 -26 -27 -28 -29 -30 -31
leaf_value=0.044586898916173449 0.016481235404261933 0.062289421650240241 0.0046079026515297404 -0.040100617114737711 0.036705581686640773 0.02839008250935332 -0.045707769485965333 0.013313673626213249 -0.057739314726928864 -0.034872310451946074 -0.012893981579501097 0.018329471774272171 0.025547223515148317 -0.051515958446643674 -0.0077098687857634325 -0.012911867145749906 -0.0058277716403504418 0.050358932593365581 -0.0522322677569379 0.052295212112937098 0.04379962059501101 -0.014953568495001067 -0.033429414635964577 -0.04605365302963977 -0.02568464449668478 -0.0069543349842153242 -0.016387744747767396 -0.00063011200460081707 -0.030332395046601818 -0.012413391352054314
leaf_weight=2648.8497909135185 1590.0388120096177 11524.038922599051 301.4258915418759 1228.5093965027481 1278.9884443506598 2425.2225578203797 445.59522403450683 1711.1960161221214 4142.2966079330072 1454.8000398902223 3217.0458065932617 3564.4963424652815 714.6838013920933 2929.6999499117956 6349.2171561885625 6947.9440241772681 396.31335324421525 2067.5961462240666 872.52860088273883 481.73263424262404 1560.1349478869233 2514.3148250747472 1732.5882572159171 2170.8036579999607 1179.5859077214263 25763.377007167786 720.1517951390706 5165.5335956867784 3726.2466808026657 943.08079030690715
leaf_count=5265 7731 12141 11049 54005 3114 8325 24982 5657 280636 56167 78656 13116 2525 142173 24919 146163 1034 3433 37287 764 3164 104640 39855 181009 58742 309844 3628 186359 184065 53272
internal_value=4.78638e-12 0.0348901 -0.017511 -0.029427 0.0138299 0.054575 -0.0189317 0.00190039 -0.045727 -0.0077161 -0.0146252 0.0311745 -0.00508822 -0.0393655 -0.00324555 -0.0167177 0.0266463 0.0385091 -0.0411264 0.0223853 0.0600882 -0.012356 -0.0200876 -0.0371162 -0.00803475 -0.00586901 0.00623239 -0.00532082 -0.0344979 -0.023122
internal_weight=101768 34007.8 67760.3 30569.3 16430.8 17577 18597.1 9735.71 11972.2 37191 15037.6 6695.08 28788.3 7829.9 8060.41 8402.74 1675.3 4492.82 7528.48 4046.23 13084.2 13809.1 4949.63 3559.48 8859.43 28073.6 2310.19 7679.85 4598.78 1388.68
internal_count=2043720 80932 1962788 1436730 53869 27063 781520 34724 655210 526058 522257 19145 323728 374574 30576 202330 4148 11758 363525 13880 15305 468252 118511 259263 349741 321203 11359 290999 221352 78254
is_linear=0
shrinkage=0.05


Tree=10
num_leaves=31
num_cat=0
split_feature=4 23 4 7 6 4 1 4 13 7 6 13 17 5 1 7 5 16 6 25 9 7 25 13 18 11 8 6 23 13
split_gain=22961.4 5373.1 2890.68 1763.3 1310.39 580.245 507.236 471.15 357.612 334.045 307.676 282.698 252.362 242.109 241.418 213.544 202.761 697.062 188.884 184.215 167.021 162.79 130.696 129.944 149.163 129.609 125.77 122.368 116.523 112.602
threshold=0.0026086957077495758 0.5000000149011613 0.030434782616794113 -0.12729538232088086 -0.15014823526144025 1.0000000180025095e-35 1.0000000180025095e-35 0.091304346919059767 0.0026086957077495758 -0.16935633122920987 -0.1286850497126579 1.0000000180025095e-35 0.073478262871503844 0.042608696967363364 1.0000000180025095e-35 -0.060459844768047326 0.028695652261376384 0.0060869567096233377 -0.3321919292211532 1.0000000180025095e-35 0.079130433499813094 -0.19487725943326947 1.0000000180025095e-35 0.0078260868322104233 0.028517230413854126 -0.11449414864182471 0.0060869567096233377 -0.14008121937513349 0.6428571641445161 0.025217391550540928
decision_type=2 2 2 2 2 2 2 2 2 2 2 2 2 2 2 2 2 2 2 2 2 2 2 2 2 2 2 2 2 2
left_child=1 4 8 12 11 14 15 10 9 -2 -5 -1 18 23 -3 -6 17 -10 -4 -13 25 -20 27 -8 -25 -9 -18 -11 -16 -28
right_child=2 5 3 7 6 -7 13 20 16 22 -12 19 -14 -15 28 -17 26 -19 21 -21 -22 -23 -24 24 -26 -27 29 -29 -30 -31
leaf_value=0.043337133365930307 0.017871748120155215 0.062982633952375397 -0.0011296114382019281 -0.032959868437199766 0.037113952898066453 0.034313145317136674 0.022044925201935753 -0.037102442817717129 -0.0014752187255324938 0.0096343460379716937 -0.011555138313681938 0.018115961903212182 -0.056563939255875433 -0.0080775620703131858 0.042576152535556161 -0.0052680823332932787 -0.014643317790724917 -0.032984483770605651 -0.050397362481239917 0.051460621407414725 -0.044787663420736368 -0.033903939291162262 0.047867991289756856 -0.038247110355159084 0.017903866892820402 -0.0062800888019643166 -0.0040844016691057852 -0.012486859891214102 0.057707425256928895 -0.011812835471165713
leaf_weight=2596.5340526537038 2238.4668114520609 8689.4778891692404 294.91324385581538 2003.0862815422006 1239.6085068671964 3225.3213584420737 1199.463806796819 708.63566873501986 3310.3907097983174 788.26482364116237 10363.007703756448 3482.9342440357432 3782.3632383570075 6351.8538118312135 2881.9529302855954 390.54438825137913 6684.1330518350005 3735.5239457879215 2989.8928381656297 469.65538384579122 2091.4326567805838 3018.5058232382871 107.08966109715402 225.20929413940758 246.98418770637363 657.63024029694498 13616.258596917614 3008.6302332878113 2310.6711479551159 7208.5071430522949
leaf_count=5265 15040 8300 10788 92285 3114 9977 3702 42266 40725 4821 367476 13116 272157 24919 5945 1034 57038 125934 157550 764 181009 155813 228 1131 824 35988 214522 15878 2841 173270
internal_value=4.22229e-11 0.0338932 -0.0169503 -0.0300047 0.0132575 0.0534357 0.00154514 -0.019589 -0.00863888 0.00247751 -0.0150247 0.0305192 -0.0463426 -0.00362183 0.0578757 0.0269633 -0.0106149 -0.0181828 -0.0402011 0.0220901 -0.0359039 -0.0421184 -0.00635156 0.0133035 -0.00890117 -0.022282 -0.00867599 -0.007893 0.0493192 -0.00676004
internal_weight=99916.9 33310.2 66606.7 25909.5 16202.8 17107.4 9653.66 15823.8 40697.3 6142.45 12366.1 6549.12 10085.7 8023.51 13882.1 1630.15 34554.8 7045.91 6303.31 3952.59 3457.7 6008.4 3903.98 1671.66 472.193 1366.27 27508.9 3796.9 5192.62 20824.8
internal_count=2043720 80932 1962788 1315332 53869 27063 34724 719024 647456 35967 459761 19145 596308 30576 17086 4148 611489 166659 324151 13880 259263 313363 20927 5657 1955 78254 444830 20699 8786 387792
is_linear=0
shrinkage=0.05


Tree=11
num_leaves=31
num_cat=0
split_feature=4 23 4 6 7 16 5 13 1 7 7 13 13 4 13 6 25 7 18 25 4 6 25 4 6 15 15 15 5 5
split_gain=21049.5 5183.64 2441.5 1278.27 811.774 686.506 1176.01 564.569 527.115 307.552 263.549 261.961 234.903 230.04 221.676 214.192 210.772 204.462 173.234 171.586 160.014 144.033 131.341 127.597 127.003 120.675 117.346 116.396 188.128 114.174
threshold=0.0026086957077495758 0.5000000149011613 0.051304347813129432 -0.15014823526144025 -0.11378123611211775 0.0060869567096233377 0.042608696967363364 1.0000000180025095e-35 1.0000000180025095e-35 -0.17364677041769025 -0.13489941507577893 1.0000000180025095e-35 0.0043478262377902874 0.018260869197547439 0.1765217408537865 -0.10083557665348052 1.0000000180025095e-35 -0.060459844768047326 0.049134282395243652 1.0000000180025095e-35 1.0000000180025095e-35 -0.023888124153017994 1.0000000180025095e-35 0.030434782616794113 -0.3321919292211532 -0.22585999965667722 -0.091455034911632524 -0.16362153738737104 0.33304348587989813 0.33304348587989813
decision_type=2 2 2 2 2 2 2 2 2 2 2 2 2 2 2 2 2 2 2 2 2 2 2 2 2 2 2 2 2 2
left_child=1 3 5 11 24 9 13 20 17 12 -10 -1 -2 -7 15 -6 -9 -5 29 -13 -3 23 25 -20 -4 -11 -17 28 -12 -8
right_child=2 7 4 8 14 6 18 16 10 22 27 19 -14 -15 -16 26 -18 -19 21 -21 -22 -23 -24 -25 -26 -27 -28 -29 -30 -31
leaf_value=0.04219731996131406 0.014985877046876935 0.059827360711230931 0.0077433882949292298 0.037367520392501997 -0.034711634407753759 -0.022783205461861342 -0.011702113640549166 0.026435618190768412 0.0094350756533666796 0.0043052930194788222 0.020417866623613914 0.017682538275351475 -0.004064298716051378 -0.040865863256438983 -0.046085597444854354 -0.022655981441724489 0.048718327930259209 -0.0044852928983650864 -0.016271958903012657 0.050198994864533754 0.042261594086715086 0.031102505825607769 0.026685605611283542 -0.039997156719608552 -0.050504929706617643 -0.010967288377646628 -0.0054678672175392275 -0.014048066066194926 -0.019499077619773209 -0.0035886954264884733
leaf_weight=2547.5700248880312 2948.3755640410818 10885.398348317714 94.856483040843159 1204.3699258216657 1813.0595829542726 2919.8300367137417 16917.594351851847 2323.2986536140088 2439.5855878451839 1448.9267593408003 694.86903812736273 3419.1356530170888 3584.5636643180624 4441.9076848025434 989.44940707553178 1964.2550089959987 1961.1198975392617 384.76157988980412 1339.0804529348388 459.88039234094322 1484.6753368615173 113.69657489378005 257.14965247549117 984.6903562406078 5824.8028024039231 12011.872870076913 2008.9043498786632 4379.3036744054407 511.63791582919657 5831.941951979883
leaf_count=5265 21078 12141 5128 3114 100083 78000 428841 8325 8216 11648 1880 13116 46963 216121 92610 109589 3433 1034 35640 764 3164 4464 801 47037 411158 108159 111172 18767 1713 134296
internal_value=2.18468e-10 0.0327648 -0.0163567 0.0124779 -0.0360434 -0.0116226 -0.0161196 0.0523027 0.000937644 -0.00439422 -0.00427284 0.0297398 0.0045342 -0.0336979 -0.0242197 -0.0204733 0.0366441 0.0272376 -0.0109806 0.0215495 0.0577227 -0.0236473 -0.00864625 -0.0263383 -0.0495704 -0.00932314 -0.0139689 -0.0102603 0.00348834 -0.00962245
internal_weight=98190.6 32695.6 65495 16041.1 12695.3 52799.6 32548.7 16654.5 9614.53 20250.9 8025.4 6426.59 6532.94 7361.74 6775.67 5786.22 4284.42 1589.13 25187 3879.02 12370.1 2437.47 13717.9 2323.77 5919.66 13460.8 3973.16 5585.81 1206.51 22749.5
internal_count=2043720 80932 1962788 53869 829740 1133048 944399 27063 34724 188649 30576 19145 68041 294121 413454 320844 11758 4148 650278 13880 15305 87141 120608 82677 416286 119807 220761 22360 3593 563137
is_linear=0
shrinkage=0.05


Tree=12
num_leaves=31
num_cat=0
split_feature=4 23 4 6 16 5 7 13 1 25 13 4 7 2 9 13 15 25 7 15 25 4 5 7 3 6 4 7 12 15
split_gain=20288.8 4553.08 2142.18 1026.73 778.503 1115.58 575.717 529.796 442.399 255.771 244.269 236.128 221.451 217.292 207.122 206.888 204.145 202.72 192.884 176.088 165.669 153.314 131.828 130.364 158.656 120.878 250.326 119.706 122.805 148.261
threshold=0.0026086957077495758 0.5000000149011613 0.058260869234800346 -0.15014823526144025 0.0060869567096233377 0.042608696967363364 -0.11180977895855902 1.0000000180025095e-35 1.0000000180025095e-35 1.0000000180025095e-35 1.0000000180025095e-35 0.018260869197547439 -0.16935633122920987 -0.075662244111299501 0.098260872066020979 0.0026086957077495758 -0.19959829747676847 1.0000000180025095e-35 -0.060459844768047326 -0.1278966888785362 1.0000000180025095e-35 1.0000000180025095e-35 0.31565217673778539 -0.16642212122678754 -0.23690105229616162 -0.14256002753973004 0.028695652261376384 -0.22804293781518933 0.047826087102293975 -0.085829418152570711
decision_type=2 2 2 2 2 2 2 2 2 2 2 2 2 2 2 2 2 2 2 2 2 2 2 2 2 2 2 2 2 2
left_child=1 3 4 10 9 11 -4 21 18 12 -1 -6 15 25 19 -2 22 -9 -5 -8 -12 -3 -10 24 -18 26 -7 -27 29 -29
right_child=2 7 6 8 5 13 14 17 16 -11 20 -13 -14 -15 -16 -17 23 -19 -20 -21 -22 -23 -24 -25 -26 27 -28 28 -30 -31
leaf_value=0.041079774676421196 0.016496226462705703 0.058707284737992277 -0.049892168821647452 0.037076299405679296 -0.022058783458988887 -0.0089030507916877319 -0.035756658831775777 0.025837230093807825 0.027709098643691529 0.031412418869960074 0.017149882629446511 -0.040382299556317863 -0.0089575289063904082 -0.029334368841414261 -0.041664014004459932 -0.0033244607312914783 -0.035606801656522129 0.047947505652604167 -0.0038856411546061204 -0.012253334369713926 0.049494874133097166 0.041296121216770086 -0.010758485257411146 -0.0085401159276424759 0.019488701081417793 -0.043686218023078913 -0.032793099315462808 -0.0076310395515802477 0.0030377559886600063 -0.018416183076487003
leaf_weight=2502.0281193084083 1843.9263836233877 10570.245899998117 4780.1462717577815 1176.4465672825463 2779.7368364166468 2846.1745553286746 1155.4821393298917 2275.344634540379 831.45384349860251 486.59266442153603 3364.6819566460326 4805.4171988675371 13195.438673529308 1688.0682153943926 1481.2855470818467 4596.1457629268989 153.42499187029898 1911.5632240828127 379.95462292712182 2569.2919865949079 448.19661725731567 1448.758422292769 303.45361398160458 5544.1091159358621 850.00259855762124 247.29616426629946 1783.8139787474647 14343.609734430909 1992.2795107550919 4096.9199542924762
leaf_count=5265 11722 12141 362884 3114 78000 72336 66314 8325 2338 1675 13116 247977 120096 67867 140546 57924 789 3433 1034 144245 764 3164 1069 23545 2835 10354 84513 327826 86573 81936
internal_value=6.80129e-12 0.0327282 -0.0160678 0.0134026 -0.01218 -0.0167297 -0.0373624 0.0512741 0.00278107 -0.00436015 0.0289393 -0.0336711 -0.00524819 -0.0119689 -0.0258504 0.00235229 -0.00214467 0.0359409 0.0270804 -0.0195521 0.020964 0.0566122 0.0174231 -0.00553857 0.0110375 -0.0108096 -0.0181124 -0.0091738 -0.00875398 -0.010028
internal_weight=96451.3 31759.7 64691.6 15553.8 54705.4 34583.3 9986.21 16205.9 9238.85 20122.1 6314.91 7585.15 19635.5 26998.2 5206.06 6440.07 7682.44 4186.91 1556.4 3724.77 3812.88 12019 1134.91 6547.54 1003.43 25310.1 4629.99 20680.1 20432.8 18440.5
internal_count=2043720 80932 1962788 53869 1248799 1057382 713989 27063 34724 191417 19145 325977 189742 731405 351105 69646 30576 11758 4148 210559 13880 15305 3407 27169 3624 663538 156849 506689 496335 409762
is_linear=0
shrinkage=0.05


Tree=13
num_leaves=31
num_cat=0
split_feature=4 23 4 6 16 7 4 7 1 23 13 5 15 1 13 6 7 6 16 4 25 7 3 2 9 7 8 9 5 6
split_gain=18845.9 4307.61 1959.29 971.452 625.059 1243 513.081 476.125 434.911 258.352 225.054 213.698 210.171 193.026 186.218 235.793 177.679 176.773 172.023 158.43 155.798 130.627 141.219 122.501 121.114 116.1 111.686 113.972 111.271 106.05
threshold=0.0026086957077495758 0.5000000149011613 0.065217390656471266 -0.15014823526144025 0.0095652174204587954 -0.15302141010761258 1.0000000180025095e-35 -0.11180977895855902 1.0000000180025095e-35 0.6428571641445161 1.0000000180025095e-35 0.033913042396306999 -0.19959829747676847 1.0000000180025095e-35 0.0026086957077495758 -0.1452582851052284 -0.060459844768047326 -0.15119183063507077 0.018260869197547439 0.025217391550540928 1.0000000180025095e-35 -0.16642212122678754 -0.23690105229616162 -0.13459897041320798 0.0060869567096233377 -0.053797140717506402 0.0095652174204587954 0.014782608952373268 0.025217391550540928 -0.3321919292211532
decision_type=2 2 2 2 2 2 2 2 2 2 2 2 2 2 2 2 2 2 2 2 2 2 2 2 2 2 2 2 2 2
left_child=1 3 4 10 9 11 13 -4 16 14 -1 -6 25 -3 15 -2 -5 19 -9 -7 -12 22 -14 29 -23 -10 -26 -28 -17 -13
right_child=2 6 7 8 5 17 -8 18 12 -11 20 23 21 -15 -16 28 -18 -19 -20 -21 -22 24 -24 -25 26 -27 27 -29 -30 -31
leaf_value=0.040077966364876025 0.014920530689387347 0.059434688836093402 -0.050373853986247379 0.036732372855416695 -0.040763362951581637 -0.00887557833240348 0.031698027671217537 -0.0073573029948986752 0.028515359702678988 0.027370778863873041 0.016863343749023815 0.017911158472739112 -0.033675727513629787 0.046694408295807358 -0.0094975190206612603 0.015071892823574122 -0.0029430845782853965 -0.0090460275731631661 -0.031645394306801598 -0.037466381218764298 0.048572192903447033 -0.0018172461745587917 0.019148464158138451 -0.032625070003686606 -0.030912913968813228 -0.0070205637148822875 0.011254328052121853 -0.017526245707608915 -0.010417503917451974 -0.019386533209419229
leaf_weight=2455.6054618274793 1932.4492667932063 7957.8506636619568 4028.8128616304602 1152.117870583199 4581.0671968548559 869.62434168625623 3015.8646501393523 917.57484596781433 774.07362221740186 546.80206918437034 3304.8628851799294 219.24752687942237 148.17163282912225 4791.8860466699116 20637.350054198876 497.85769305517897 373.42607070505619 18316.301172991749 3560.263253724901 1095.4521356960759 438.34415409248322 2994.1050398917869 834.23625869024545 2108.895685528405 891.19119174778461 326.25773960631341 490.00141168013215 1148.8894011359662 3023.5414949869737 1422.2752970200963
leaf_count=5265 13184 8300 327804 3114 233274 24426 9977 43344 2237 3742 13116 7458 789 8786 273580 3627 1034 531481 278888 53926 764 10609 2835 94167 5092 1170 1418 6426 15266 58621
internal_value=-1.13002e-11 0.0319116 -0.0155647 0.0130393 -0.012125 -0.0172563 0.050262 -0.0379015 0.00266912 -0.00661289 0.0283143 -0.033515 -0.00221827 0.0546504 -0.00732612 0.000890702 0.027025 -0.010576 -0.0266712 -0.0248248 0.0205886 -0.00563655 0.0111551 -0.0246528 -0.00862422 0.0179818 -0.0166757 -0.00891971 -0.00681054 -0.0143971
internal_weight=94854.4 31096.9 63757.5 15331.3 55250.9 28612.9 15765.6 8506.65 9132.47 26638 6198.81 8331.49 7606.93 12749.7 26091.2 5453.85 1525.54 20281.4 4477.84 1965.08 3743.21 6506.59 982.408 3750.42 5524.19 1100.33 2530.08 1638.89 3521.4 1641.52
internal_count=2043720 80932 1962788 53869 1312752 1003353 27063 650036 34724 309399 19145 393520 30576 17086 305657 32077 4148 609833 322232 78352 13880 27169 3624 160246 23545 3407 12936 7844 18893 66079
is_linear=0
shrinkage=0.05


Tree=14
num_leaves=31
num_cat=0
split_feature=4 23 14 6 7 4 7 13 1 4 23 13 25 6 15 4 6 4 7 25 5 4 25 4 5 6 13 1 4 7
split_gain=17737.6 3990.48 1796.7 854.187 604.031 558.376 820.121 495.472 403.244 357.714 315.465 207.733 198.24 197.743 184.431 183.222 174.984 165.303 161.52 147.965 142.096 141.264 140.127 138.205 134.501 133.361 113.678 110.702 110.105 108.979
threshold=0.0026086957077495758 0.5000000149011613 -0.10966607928276061 -0.15014823526144025 -0.11180977895855902 0.0078260868322104233 -0.15571609884500501 1.0000000180025095e-35 1.0000000180025095e-35 0.025217391550540928 0.5000000149011613 1.0000000180025095e-35 1.0000000180025095e-35 -0.35853400826454157 -0.18776367604732511 0.07739130407571794 -0.11735276132822035 0.0095652174204587954 -0.059338115155696862 1.0000000180025095e-35 0.31217391788959509 1.0000000180025095e-35 1.0000000180025095e-35 0.12608695775270465 0.018260869197547439 -0.17914001643657682 0.0060869567096233377 0.0060869567096233377 0.0043478262377902874 -0.16642212122678754
decision_type=2 2 2 2 2 2 2 2 2 2 2 2 2 2 2 2 2 2 2 2 2 2 2 2 2 2 2 2 2 2
left_child=1 3 5 11 17 10 9 21 18 24 16 -1 -9 -11 20 25 27 -4 -5 -13 -10 -3 -12 -6 -7 -8 -18 -2 -28 -16
right_child=2 7 4 8 23 6 15 12 14 13 22 19 -14 -15 29 -17 26 -19 -20 -21 -22 -23 -24 -25 -26 -27 28 -29 -30 -31
leaf_value=0.038921544943442327 0.0076365874084975477 0.056745472008441211 0.0081158051912731798 0.036196187283832351 -0.016905710443387772 -0.027852861544417018 -0.024846856413993056 0.024009111444666387 0.025727251906133716 0.0035916481069336323 0.007618529236274563 0.016396450070933957 0.046381743021081598 -0.039567079484303429 0.011152989536876868 -0.039120059121067648 -0.018947741852410993 -0.049442537210998776 -0.0022972003077778211 0.047626826480173058 -0.011212996838741274 0.039635056407231174 0.043600562226972117 -0.034401751508241631 -0.01188898647152397 -0.0089207816781728382 -0.018923632678807541 -0.0059546980654400904 0.0026497448159519244 -0.0077807432198178789
leaf_weight=2415.9096282001119 2254.0912943342701 9944.603298796108 127.9846682343632 1136.9376898591872 3305.1679375777021 2193.8209471232258 1385.6311157839373 2185.3466333071701 948.63407341577113 282.05033028125763 2541.483539568726 3254.4632408404723 1816.521583155496 4452.7434368170798 886.47557069733739 540.71857850975357 3511.1253247684799 4552.0666551108006 358.18200038745999 428.80450276192278 357.98397754691541 1385.0177977886051 301.92909531854093 1716.7560221925378 3315.4062868505716 25398.566871202085 922.1609223340638 4462.9405520563014 1645.3763839541934 5293.3952225912362
leaf_count=5265 13829 12141 1642 3135 176328 72337 45751 8325 2880 11470 20288 13116 3433 253569 3329 36264 17009 359930 1013 764 1263 3164 887 153052 88928 644070 6769 41785 18880 23104
internal_value=-1.41459e-10 0.031351 -0.0151561 0.0130881 -0.0349434 -0.0115475 -0.0148522 0.0493133 0.0032812 -0.0269171 -0.00360843 0.0275268 0.0341735 -0.0369959 -0.00145444 -0.0103283 -0.00695603 -0.0478671 0.0269791 0.0200442 0.0156056 0.0546574 0.0114533 -0.0228924 -0.0182498 -0.00974558 -0.0131017 -0.0013933 -0.00510294 -0.00506342
internal_weight=93322.3 30412.3 62910 15080.8 9701.98 53208 37568.9 15331.5 8981.61 10244 15639.1 6099.18 4001.87 4734.79 7486.49 27324.9 12795.7 4680.05 1495.12 3683.27 1306.62 11329.6 2843.41 5021.92 5509.23 26784.2 6078.66 6717.03 2567.54 6179.87
internal_count=2043720 80932 1962788 53869 690952 1271836 1152389 27063 34724 426304 119447 19145 11758 265039 30576 726085 98272 361572 4148 13880 4143 15305 21175 329380 161265 689821 42658 55614 25649 26433
is_linear=0
shrinkage=0.05


Tree=15
num_leaves=31
num_cat=0
split_feature=4 23 4 6 4 5 4 7 1 13 13 15 13 16 13 18 7 7 25 5 5 12 1 4 4 1 6 3 5 9
split_gain=16301.2 3880.19 1607.26 831.396 697.426 743.891 487.656 447.191 413.808 395.731 276.094 199.808 195.024 182.848 177.213 166.766 155.769 146.335 138.543 128.008 123.087 122.321 110.12 109.156 118.053 139.606 106.351 123.339 163.617 141.14
threshold=0.0026086957077495758 0.5000000149011613 0.065217390656471266 -0.15014823526144025 0.0060869567096233377 0.033913042396306999 1.0000000180025095e-35 -0.11180977895855902 1.0000000180025095e-35 0.0095652174204587954 0.0026086957077495758 -0.18776367604732511 1.0000000180025095e-35 0.018260869197547439 1.0000000180025095e-35 0.036573464050889022 -0.15832623839378354 -0.059338115155696862 1.0000000180025095e-35 0.31217391788959509 0.07739130407571794 0.053043477237224586 1.0000000180025095e-35 0.051304347813129432 0.0078260868322104233 0.021739130839705471 -0.072788212448358522 -0.14127302169799802 0.094782605767250075 0.018260869197547439
decision_type=2 2 2 2 2 2 2 2 2 2 2 2 2 2 2 2 2 2 2 2 2 2 2 2 2 2 2 2 2 2
left_child=1 3 4 12 10 9 14 -4 17 22 20 19 -1 -9 -3 21 -12 -5 -14 -10 -2 23 -6 24 25 -7 27 29 -29 -13
right_child=2 6 7 8 5 15 -8 13 11 -11 16 26 18 -15 -16 -17 -18 -19 -20 -21 -22 -23 -24 -25 -26 -27 -28 28 -30 -31
leaf_value=0.03789000857377494 0.020265248051925699 0.05587732355657108 -0.048333902554172414 0.03583563826607019 0.014051265805954206 -0.010618309397978375 0.029964399022848993 -0.0040697553520435059 0.025703910160573586 -0.035748858874652456 0.002750296058765072 -0.0069151816172850064 0.015901718291629768 -0.029810847384827241 0.040587028865820357 -0.021008200617485342 -0.011571614276836643 -0.0011928374398250212 0.046419157937740291 -0.0098478452536884635 0.0018314091241036876 0.0066031706058530528 -0.015671034724008364 -0.022658073296814112 -0.0087749199070203329 -0.031554379421441944 -0.026660409489982842 0.023330836818985502 -0.0037842255963289246 -0.041546331676900063
leaf_weight=2375.0186030659825 1759.6390126794577 9628.6138068633154 3702.558377481997 1115.0109779599588 376.70156621467322 2044.8972396440804 2892.2083751379978 868.59617405221798 924.37513656355441 5491.7096784564201 3152.2817173446529 2592.4757692404091 3207.0384232052602 3358.5835459211376 2376.7887229172047 3997.092362403404 4771.2404646663927 350.57120130863041 420.18957348866388 347.95072280615568 1865.0590661349706 1051.4132029837929 1784.526268565096 1805.679024908226 24605.834116416518 1304.7775054913945 553.40797475352883 776.30148119758815 1956.4740662910044 330.97914844565094
leaf_count=5265 10396 12141 327804 3135 4257 13368 9977 43344 2880 284176 27817 9688 13116 278888 4945 145354 33838 1013 764 1263 8881 53118 41907 83032 596283 10325 4127 2394 8300 1924
internal_value=3.28852e-11 0.0303538 -0.0146269 0.0123562 -0.0115403 -0.0145033 0.0484124 -0.0356459 0.00269797 -0.0286169 -0.000645304 -0.00206211 0.0267509 -0.0245238 0.0528538 -0.0113996 -0.00587418 0.0269836 0.0194488 0.0159813 0.0107834 -0.0101525 -0.0104863 -0.0107447 -0.00997442 -0.0187804 -0.00576109 -0.00371194 0.00392409 -0.0108488
internal_weight=91788 29847.4 61940.6 14949.8 54010.9 42462.6 14897.6 7929.74 8947.55 7652.94 11548.2 7481.96 6002.25 4227.18 12005.4 34809.7 7923.52 1465.58 3627.23 1272.33 3624.7 30812.6 2161.23 29761.2 27955.5 3349.67 6209.64 5656.23 2732.78 2923.45
internal_count=2043720 80932 1962788 53869 1312752 1231820 27063 650036 34724 330340 80932 30576 19145 322232 17086 901480 61655 4148 13880 4143 19277 756126 46164 703008 619976 23693 26433 22306 10694 11612
is_linear=0
shrinkage=0.05


Tree=16
num_leaves=31
num_cat=0
split_feature=4 23 4 7 6 4 4 5 1 4 25 6 15 4 6 7 13 1 7 9 9 5 5 18 16 1 2 9 7 11
split_gain=15250.8 3640.81 1504.73 1111.44 756.879 477.091 429.133 418.528 397.17 273.476 254.906 253.514 187.52 187.043 185.487 178.182 177.201 159.646 131.573 129.173 125.766 121.45 118.09 114.818 137.005 112.974 131.282 124.96 108.066 114.192
threshold=0.0026086957077495758 0.5000000149011613 0.037391304969787605 -0.12729538232088086 -0.15014823526144025 1.0000000180025095e-35 0.0078260868322104233 0.018260869197547439 1.0000000180025095e-35 0.10521738976240159 1.0000000180025095e-35 -0.14008121937513349 -0.18776367604732511 1.0000000180025095e-35 -0.3321919292211532 -0.16642212122678754 1.0000000180025095e-35 1.0000000180025095e-35 -0.059338115155696862 0.0043478262377902874 0.0826086960732937 0.31217391788959509 0.033913042396306999 0.0083745052106678503 0.014782608952373268 1.0000000180025095e-35 -0.15052631497383115 0.011304348241537811 -0.16642212122678754 -0.16582606732845304
decision_type=2 2 2 2 2 2 2 2 2 2 2 2 2 2 2 2 2 2 2 2 2 2 2 2 2 2 2 2 2 2
left_child=1 4 6 14 13 16 10 19 18 11 15 -5 21 25 -4 17 -3 -2 -6 -8 -11 -10 -16 -13 -25 -1 27 -27 29 -14
right_child=2 5 3 9 8 -7 7 -9 12 20 -12 23 28 -15 22 -17 -18 -19 -20 -21 -22 -23 -24 24 -26 26 -28 -29 -30 -31
leaf_value=0.048556500001592409 0.024659119308646671 0.055073906772465486 0.0060670459156257697 -0.037929174249239646 0.035433501660640139 0.029104288450153226 -0.0064060743099160255 -0.010609011366062335 0.02554360334568145 -0.016809525279141421 0.036925178883921689 -0.00015692305914612729 -0.018972487855070774 0.015436735457127782 -0.049591739782869931 -0.007478257595367202 0.039604476458421987 0.00031840406184984685 -6.585891643762886e-05 -0.034795482537050698 -0.040483727573266133 -0.0091393716037150106 -0.036119276030440781 0.0010383799571590819 -0.017323854302170059 0.018779618930455239 0.037461662650967169 -0.053501730822536189 -0.0080269908662496652 0.022147433668688425
leaf_weight=917.9124369584024 790.17138540977612 9318.6291736826533 193.41829230030999 910.01809518923983 1094.0637976608705 2837.4049068004824 475.96592576103285 24192.441899082158 903.36633134493604 890.92581174871884 401.6022978448309 2139.5496142336633 230.02658484317362 2444.5181509959511 3662.0884379087947 9557.288584346883 2326.6889461793471 4535.0055970880203 342.6934004323557 2549.5128212482668 1524.078452354297 349.53203572891653 2958.5579014171381 1276.2394174258225 4975.6866972795688 976.81554407440126 1514.8786137131974 62.73371895076707 5276.6219756472856 627.22713559586555
leaf_count=1506 4738 12141 9674 52101 3135 9977 9351 559525 2880 59382 1266 76738 1217 11059 316906 68469 4945 46925 1013 119046 159823 1263 193536 42679 242629 2852 3346 382 23104 2112
internal_value=-3.3909e-11 0.0297022 -0.014222 -0.0261116 0.0122074 0.0475061 -0.00903771 -0.0128025 0.0029286 -0.0167709 -0.00233295 -0.012876 -0.00175098 0.0260416 -0.0421678 -0.00339474 0.0519868 0.00393413 0.0269721 -0.0303329 -0.0317606 0.0158682 -0.0435777 -0.0101549 -0.0135759 0.0335008 0.0280738 0.0143704 -0.00535185 0.0111045
internal_weight=90255.7 29223.1 61032.6 18530.6 14740.4 14482.7 42502 27217.9 8823.53 11716.5 15284.1 9301.49 7386.77 5916.86 6814.06 14882.5 11645.3 5325.18 1436.76 3025.48 2415 1252.9 6620.65 8391.48 6251.93 3472.34 2554.43 1039.55 6133.88 857.254
internal_count=2043720 80932 1962788 1153468 53869 27063 809320 687922 34724 633352 121398 414147 30576 19145 520116 120132 17086 51663 4148 128397 219205 4143 510442 362046 285308 8086 6580 3234 26433 3329
is_linear=0
shrinkage=0.05


Tree=17
num_leaves=31
num_cat=0
split_feature=4 23 4 7 6 13 1 13 4 6 6 25 15 13 17 7 16 12 2 13 4 5 7 15 9 7 6 4 15 4
split_gain=14175 3443.43 1495.23 996.211 764.935 482.177 396.241 285.028 219.911 213.257 210.104 206.14 187.303 167.411 148.574 142.599 311.836 139.359 130.645 138.965 129.303 117.324 114.607 113.073 108.981 108.891 105.305 104.934 100.618 95.2912
threshold=0.0026086957077495758 0.5000000149011613 0.037391304969787605 -0.12729538232088086 -0.15014823526144025 1.0000000180025095e-35 1.0000000180025095e-35 0.0026086957077495758 0.1086956523358822 -0.14008121937513349 -0.1452582851052284 1.0000000180025095e-35 -0.16065718978643415 1.0000000180025095e-35 0.090434785932302489 -0.33445703983306879 0.0060869567096233377 0.037391304969787605 -0.14096125960350034 0.011304348241537811 1.0000000180025095e-35 0.40608695149421697 -0.059338115155696862 -0.99999991059303273 0.0826086960732937 -0.16362159699201581 -0.3321919292211532 0.0043478262377902874 -0.092082113027572618 1.0000000180025095e-35
decision_type=2 2 2 2 2 2 2 2 2 2 2 2 2 2 2 2 2 2 2 2 2 2 2 2 2 2 2 2 2 2
left_child=1 4 7 14 13 20 22 10 9 -5 27 -7 21 -1 26 16 -9 -11 19 -15 -3 -8 -6 -18 28 -14 -4 -2 -10 -20
right_child=2 5 3 8 6 11 12 15 24 17 -12 -13 25 18 -16 -17 23 -19 29 -21 -22 -23 -24 -25 -26 -27 -28 -29 -30 -31
leaf_value=0.036550471136083111 0.026842071396321082 0.054330699000249977 -0.0020896056381711761 -0.037072923774216747 0.034835952172943052 0.020707092708825852 0.017060934131670636 -0.0033352139589031813 -0.030545639992077506 -0.023094937938239815 -0.0052897871409070185 0.044243138003984377 0.012242809668710164 0.012389211538261937 -0.052523638167293218 -0.009194914531589965 0.010782481127561324 -0.0078483874775204521 0.039092170462165204 -0.064772651517881183 0.037386927775530064 -0.01491531188940115 0.0013218456765682948 -0.037575366555450879 -0.039374444638468037 -0.0094153484228521912 -0.037938841002561362 0.0039321125377127768 0.0059218109099431829 0.014833452128318651
leaf_weight=2289.2799928039312 958.23651595273986 9004.1514672023477 215.20150226261467 881.57824369519949 1075.856334120268 2076.2968545164913 1592.0759260803461 1515.3283772608265 480.32495489669964 1930.918863623403 3607.5944631421007 1689.7254996171687 659.7659939546138 1753.8715221174061 2039.576368736336 32981.638406257145 129.85082313511521 6694.4732982905116 992.53325755614787 59.374139150138944 1298.2984539566096 349.04423918388784 334.38285073637962 1675.918336502742 1429.8699282826856 4774.3642644779757 4305.9337315361481 1044.4158998951316 311.13847726676613 686.30732399877161
leaf_count=5265 5511 12141 9028 52598 3135 8325 5568 21023 35720 55688 21433 3433 2507 7754 204506 672589 5657 314832 2150 500 3164 1436 1013 73680 155778 21065 306582 9427 18736 3476
internal_value=4.04202e-11 0.0289587 -0.0137746 -0.0257031 0.011918 0.0466009 0.00262254 -0.00856897 -0.0169728 -0.0136607 0.00191934 0.0312761 -0.00202186 0.0260406 -0.0413048 -0.0101899 -0.0200648 -0.0112638 0.0191422 0.00982826 0.0521993 0.0113064 0.026896 -0.034094 -0.0311356 -0.00678403 -0.0362333 0.0149021 -0.0162202 0.02919
internal_weight=88837.3 28635.3 60202 18289 14566.9 14068.5 8785.49 41913 11728.3 9506.97 5610.25 3766.02 7375.25 5781.37 6560.71 36302.7 3321.1 8625.39 3492.09 1813.25 10302.4 1941.12 1410.24 1805.77 2221.33 5434.13 4521.14 2002.65 791.463 1678.84
internal_count=2043720 80932 1962788 1153468 53869 27063 34724 809320 633352 423118 36371 11758 30576 19145 520116 772949 100360 370520 13880 8254 15305 7004 4148 79337 210234 23572 315610 14938 54456 5626
is_linear=0
shrinkage=0.05


Tree=18
num_leaves=31
num_cat=0
split_feature=4 23 4 6 13 4 7 1 7 25 15 25 6 1 5 13 2 13 9 6 4 6 6 7 27 7 2 5 7 3
split_gain=13203.2 3278.29 1322.58 727.107 464.945 386.144 780.933 381.574 369.625 237.462 205.3 198.348 182.976 167.451 199.063 159.809 138.721 144.248 134.04 134.483 128.052 128.01 125.488 135.295 108.082 104.464 103.693 97.6446 95.9072 141.893
threshold=0.0026086957077495758 0.5000000149011613 0.065217390656471266 -0.14912782609462735 1.0000000180025095e-35 0.026956521905958656 -0.12622142583131787 1.0000000180025095e-35 -0.11378123611211775 1.0000000180025095e-35 -0.19959829747676847 1.0000000180025095e-35 -0.15119183063507077 1.0000000180025095e-35 0.042608696967363364 1.0000000180025095e-35 -0.14096125960350034 0.011304348241537811 0.13652173429727557 -0.0058566315565258256 1.0000000180025095e-35 -0.13540876656770703 -0.35853400826454157 -0.19850646704435346 1.0000000180025095e-35 -0.059338115155696862 -0.13154351711273191 0.31565217673778539 -0.13489941507577893 -0.16926486790180204
decision_type=2 2 2 2 2 2 2 2 2 2 2 2 2 2 2 2 2 2 2 2 2 2 2 2 2 2 2 2 2 2
left_child=1 3 5 15 20 9 22 25 -4 13 27 -6 -8 14 -2 -1 17 -17 19 -10 -3 -16 -7 -24 -11 -5 -14 -9 29 -12
right_child=2 4 8 7 11 6 12 10 18 24 28 -13 26 -15 21 16 -18 -19 -20 -21 -22 -23 23 -25 -26 -27 -28 -29 -30 -31
leaf_value=0.035699281842325306 0.020866650312975112 0.053620249249643141 -0.045911476152623844 0.034272159745999432 0.020208037537817754 0.002743419605382727 -0.032289178864038981 0.028893463989259661 -0.020691441234973029 0.010476610413309105 -0.011430919341119908 0.0435571200911056 -0.0010142386630240261 -0.0091748905032864574 0.013930373307536357 0.011836795719450491 0.029081276753221239 -0.062983965567265335 -0.043288240934194297 0.046682254685500142 0.036547664760270396 -0.015448857068954129 -0.041520665920847397 -0.025646119684819377 0.057244365484985682 0.001730677306628136 -0.011291666979754519 -0.005978945495280703 -0.0093382283911071697 0.017271079989137537
leaf_weight=2272.1326398064848 1043.1593382917345 8698.0943593727425 3219.1804437933024 1047.3934347911272 2038.4840768375434 248.8879118245095 791.38817732501775 707.98770356178284 3345.4788578792941 507.63185113435611 776.26055920030922 1646.3246479465161 3974.6851783236489 31783.775890785269 528.01876340061426 1753.19576938916 1661.7916442295536 65.889188415370882 695.44820843706839 74.828560444992036 1267.9364629434422 1239.0281898598187 2682.4529975822661 2702.32301740814 162.55136932153255 322.62618567701429 6415.8694005850703 279.59545003250241 4515.3572358656675 964.601662077941
leaf_count=5330 8788 12141 323164 3113 8325 9543 44055 2276 239033 3308 3459 3433 129457 543442 3747 7849 5701 516 83409 4430 3164 6810 179017 158653 429 1003 225503 1060 20301 3261
internal_value=-2.75802e-12 0.0282941 -0.0133427 0.0116212 0.0458393 -0.0105426 -0.0167773 0.00242787 -0.0332193 -0.00756923 -0.00214984 0.0306491 -0.00912774 -0.00814053 0.00355738 0.0253834 0.0186414 0.00909359 -0.0232833 -0.0192042 0.0514521 -0.00666701 -0.0319563 -0.0335603 0.0218884 0.0266158 -0.00736073 0.0190246 -0.00549487 0.00447348
internal_weight=87432.4 28017.7 59414.7 14366.8 13650.8 52079.8 16815.6 8613.82 7334.94 35264.2 7243.8 3684.81 11181.9 34594 2810.21 5753.01 3480.88 1819.08 4115.76 3420.31 9966.03 1767.05 5633.66 5384.78 670.183 1370.02 10390.6 987.583 6256.22 1740.86
internal_count=2043720 80932 1962788 53869 27063 1312752 746228 34473 650036 566524 30357 11758 399015 562787 19345 19396 14066 8365 326872 243463 15305 10557 347213 337670 3737 4116 354960 3336 27021 6720
is_linear=0
shrinkage=0.05


Tree=19
num_leaves=31
num_cat=0
split_feature=4 23 4 6 4 4 7 1 7 1 15 6 13 4 6 25 9 6 6 5 27 1 2 5 7 11 7 18 12 14
split_gain=12280 3143.97 1196.64 692.342 456.285 391.562 692.421 377.154 359.592 206.227 192.239 192.215 162.273 157.517 154.967 138.628 126.777 113.947 107.754 105.527 103.173 98.434 115.108 95.9713 92.9867 143.444 89.3278 84.2977 136.184 84.3991
threshold=0.0026086957077495758 0.5000000149011613 0.065217390656471266 -0.14912782609462735 1.0000000180025095e-35 0.026956521905958656 -0.14795508235692975 1.0000000180025095e-35 -0.11378123611211775 1.0000000180025095e-35 -0.19408079236745832 -0.15119183063507077 1.0000000180025095e-35 1.0000000180025095e-35 -0.13540876656770703 1.0000000180025095e-35 0.13652173429727557 -0.3321919292211532 -0.085720360279083238 0.31565217673778539 1.0000000180025095e-35 1.0000000180025095e-35 -0.13526742905378339 0.084347829222679152 -0.13489941507577893 -0.19049297273159024 -0.059338115155696862 0.050031181424856193 0.044347826391458518 -0.11485774442553519
decision_type=2 2 2 2 2 2 2 2 2 2 2 2 2 2 2 2 2 2 2 2 2 2 2 2 2 2 2 2 2 2
left_child=1 3 5 13 12 9 17 26 -4 14 19 -8 -3 21 -2 -11 18 -7 -10 -9 -17 -1 -23 -16 25 -12 -5 28 29 -13
right_child=2 4 8 7 -6 6 11 10 16 15 24 27 -14 -15 23 20 -18 -19 -20 -21 -22 22 -24 -25 -26 -27 -28 -29 -30 -31
leaf_value=0.046218332780470495 0.018469631014014706 0.052971221588219201 -0.045051545591477352 0.033678886549394944 0.02667267051035312 -0.0038818168065682039 -0.032634481436355403 0.027841698518477676 -0.028800361444418762 -0.0088380106660383671 -0.047663831330669523 -0.0079049954765455111 0.037589111706191877 0.014899590194591203 0.011077369196464456 0.0039916119257582877 -0.042259778712646377 -0.03580338986941671 -0.010640085488902953 -0.0068199443645251615 0.053040049548035206 0.018095965046039064 0.040455914484371754 -0.014502326720308756 -0.0094183428470380783 0.0084708747266283614 0.003254787276595054 -0.024157638405916629 0.0011374017625909757 -0.019762058512370295
leaf_weight=876.98634680267423 1289.0099975145422 8396.4564690069528 3068.5312713324092 1030.8803642119747 2672.2373993035872 300.3917009467259 906.35276089329273 735.76629190496169 1417.472546964651 31528.236256011296 121.76673819683492 5361.5029522702098 2170.0351884029806 2344.6232629055157 584.86975762667134 460.99766417546198 663.66209603985772 4081.055817300221 1930.4558642893098 312.33590065687895 138.78222395293415 1507.8261809018441 933.27984887501225 979.38150455662981 4461.7747108833864 1559.0044247042388 315.18564126919955 820.43846561573446 3176.8512158053927 2084.8006047005765
leaf_count=1525 9734 12141 323164 3113 9977 11242 52286 2456 105509 543442 773 158499 4945 11200 4374 3107 83409 277381 137954 1138 385 4699 1972 5482 20163 5827 1003 44422 132460 69938
internal_value=4.25343e-11 0.0276193 -0.01289 0.0112755 0.0451469 -0.0102501 -0.0165411 0.00228266 -0.0321671 -0.00724079 -0.00226554 -0.010481 0.0498161 0.0248298 0.00564002 -0.00838487 -0.0223028 -0.0336162 -0.0183352 0.0175158 0.0154103 0.03184 0.0266577 -0.00493717 -0.00564314 0.00437816 0.0265627 -0.00872375 -0.00752961 -0.0112269
internal_weight=86231 27438.2 58792.8 14199.4 13238.7 51712.7 16731.4 8536.71 7080.12 34981.3 7190.65 12349.9 10566.5 5662.72 2853.26 32128 4011.59 4381.45 3347.93 1048.1 599.78 3318.09 2441.11 1564.25 6142.55 1680.77 1346.07 11443.6 10623.2 7446.3
internal_count=2043720 80932 1962788 53869 27063 1312752 746228 34473 650036 566524 30357 457605 17086 19396 19590 546934 326872 288623 243463 3594 3492 8196 6671 9856 26763 6600 4116 405319 360897 228437
is_linear=0
shrinkage=0.05


Tree=20
num_leaves=31
num_cat=0
split_feature=4 23 4 7 6 13 1 1 25 15 4 6 6 4 4 5 17 7 16 4 2 7 3 13 1 2 8 6 9 10
split_gain=11483.2 2971.03 1088.64 789.925 667.817 453.506 368.305 256.223 197.837 176.673 175.778 206.314 163.517 153.004 144.105 136.788 133.077 120.002 277.985 116.953 109.01 100.783 119.453 117.152 95.6235 115.906 90.6499 86.3834 85.7363 81.4659
threshold=0.0026086957077495758 0.5000000149011613 0.039130434393882758 -0.12831856310367581 -0.14912782609462735 1.0000000180025095e-35 1.0000000180025095e-35 0.0026086957077495758 1.0000000180025095e-35 -0.18776367604732511 0.1086956523358822 -0.12929385900497434 -0.10286307707428931 0.0043478262377902874 1.0000000180025095e-35 0.31217391788959509 0.090434785932302489 -0.3289570808410644 0.0060869567096233377 1.0000000180025095e-35 -0.15725418925285337 -0.13489941507577893 -0.16275701671838758 0.0026086957077495758 1.0000000180025095e-35 -0.13526742905378339 1.0000000180025095e-35 -0.3321919292211532 0.10347826033830644 -0.11147240921854971
decision_type=2 2 2 2 2 2 2 2 2 2 2 2 2 2 2 2 2 2 2 2 2 2 2 2 2 2 2 2 2 2
left_child=1 4 7 16 14 19 -6 12 -7 15 11 -5 13 -2 24 -8 27 18 -9 -3 -20 22 23 -11 -1 -26 -14 -4 29 -12
right_child=2 5 3 10 6 8 9 17 -10 21 28 -13 26 -15 -16 -17 -18 -19 20 -21 -22 -23 -24 -25 25 -27 -28 -29 -30 -31
leaf_value=0.045764568205879375 0.021320296842939932 0.052380938671875411 -0.0013622015224371955 -0.032458732445050133 0.026494586698402524 0.018613854987742214 0.026780857690261374 -0.0022698118352732278 0.042438072454906085 0.0096253369590013557 -0.041451125067767575 -0.0094702581306499584 -0.032130739706203858 0.00035968840098136166 0.015000975013809396 -0.010590812182199929 -0.050453345969793964 -0.008886067114603699 -0.0086753710673493894 0.03564727940078901 -0.038629428278866104 -0.0096368221431898833 0.018302845433348862 -0.02911293289123619 0.01761623656330712 0.040283538740340491 -0.0048749076869592086 -0.035432557406740804 -0.038960311077769955 -0.010067125516363214
leaf_weight=852.59382273652591 1298.238245442044 8097.5321336692432 196.44194558262825 1121.2117559043691 1322.720235268469 1972.2280967723345 815.67819561320357 1386.8930819528177 1564.3246098449454 405.48256310727447 283.08404164272361 7507.2417327538133 398.33982725813985 2639.2809472465888 2296.9630206895526 349.05100327543914 1728.7913191358093 33216.947498910595 389.01931670354679 1209.5961988987401 1395.722888241522 4364.5505603160709 822.6528935697861 374.62254771497101 1487.1006018731277 910.59421061212197 1294.2690097903833 3541.853605309967 1024.9983549746685 763.58900911174715
leaf_count=1525 6738 12141 8415 71494 4116 8325 2803 19257 3433 1463 22700 332728 1781 29142 11200 1254 200491 696949 16364 3164 68534 19930 2852 2055 4699 1972 11021 288278 129133 59763
internal_value=-1.19105e-11 0.0270504 -0.0124807 -0.0235061 0.0111184 0.044417 0.00227273 -0.00823806 0.029161 -0.00222258 -0.0156036 -0.0124609 0.00168784 0.00727426 0.0245975 0.0155817 -0.038967 -0.00977382 -0.0190657 0.0502102 -0.0321089 -0.00569974 0.00502086 -0.00899103 0.0313726 0.026238 -0.0113045 -0.0336431 -0.0286809 -0.0185867
internal_weight=85031.6 26845.7 58185.9 16167.2 14002 12843.7 8454.76 42018.7 3536.55 7132.04 10700.1 8628.45 5630.13 3937.52 5547.25 1164.73 5467.09 36388.6 3171.64 9307.13 1784.74 5967.31 1602.76 780.105 3250.29 2397.69 1692.61 3738.3 2071.67 1046.67
internal_count=2043720 80932 1962788 1113002 53869 27063 34473 849786 11758 30357 615818 404222 48682 35880 19396 4057 497184 801104 104155 15305 84898 26300 6370 3518 8196 6671 12802 296693 211596 82463
is_linear=0
shrinkage=0.05


Tree=21
num_leaves=31
num_cat=0
split_feature=4 23 4 6 13 1 4 7 7 1 25 6 15 1 25 15 25 4 9 4 6 6 5 6 13 2 2 7 5 1
split_gain=10823 2758.48 985.487 616.945 448.099 363.725 344.62 611.262 320.137 205.487 195.886 173.774 171.125 136.148 126.386 125.169 120.911 115.216 107.871 106.053 103.102 102.558 100.775 100.473 82.9307 128.198 87.4591 78.7361 77.5473 75.9257
threshold=0.0026086957077495758 0.5000000149011613 0.070434782654047026 -0.14912782609462735 1.0000000180025095e-35 1.0000000180025095e-35 0.026956521905958656 -0.14795508235692975 -0.11180977895855902 1.0000000180025095e-35 1.0000000180025095e-35 -0.15119183063507077 -0.16065718978643415 1.0000000180025095e-35 1.0000000180025095e-35 -0.16466539353132245 1.0000000180025095e-35 1.0000000180025095e-35 0.13652173429727557 0.01304347859695554 -0.10582626610994338 -0.3321919292211532 0.2669565230607987 -0.085720360279083238 0.011304348241537811 -0.1429636403918266 -0.14504769444465634 -0.23047929257154462 0.039130434393882758 0.0043478262377902874
decision_type=2 2 2 2 2 2 2 2 2 2 2 2 2 2 2 2 2 2 2 2 2 2 2 2 2 2 2 2 2 2
left_child=1 3 6 13 17 -5 9 21 -4 15 -6 -9 22 -1 -11 -2 24 -3 23 -16 28 -8 -7 -10 26 -26 29 -23 -14 -15
right_child=2 4 8 5 10 12 7 11 18 14 -12 -13 20 16 19 -17 -18 -19 -20 -21 -22 27 -24 -25 25 -27 -28 -29 -30 -31
leaf_value=0.038988359070373263 0.018228449597403853 0.051778613639614751 -0.044510577738413395 0.027038248978810436 0.017869876208439262 0.018691116778088518 -0.0045165159841075069 -0.031602490306636484 -0.028674552232572998 -0.0086032989716465572 0.041829939930140607 -0.0086181266156170784 0.021232965850096697 0.024018849513763322 0.027396187193732397 -0.0031404495957128593 0.044480338106913264 0.034940593758617848 -0.040533618379660574 -0.020462660042052369 -0.013102475784089157 -0.041790208742871114 -0.0076105117096779392 -0.0094872202239631026 -0.076940369522892738 0.0065536472029100864 0.030122905702545111 -0.027629798173652194 -0.0028841803218013578 0.0048083346507008396
leaf_weight=1222.631988006644 1192.2589502227493 7803.6915625925176 2593.5743845936377 1291.2194517791504 1945.2801817643922 1312.4145111998077 313.5153658343479 883.00516251381487 1137.5389535489958 31134.587983023142 1522.1030400453601 11831.808308657724 395.43724991474301 932.8028408610262 435.02046349784359 1609.22606120212 450.98651305213571 1178.4508074764162 598.00241231778637 156.76718131173402 2739.6050034547225 1848.4511096610222 503.28004454588518 1706.5315771943424 51.343651754315943 376.90368175599724 1263.4794782451354 2117.8712076393422 2092.4328233422711 1146.4439708059654
leaf_count=2900 8584 12141 303965 4116 8325 4846 11762 54417 92331 543442 3433 429438 1468 3266 1862 11006 890 3164 81994 1630 13932 143054 2036 127875 455 1886 4510 151428 8075 5489
internal_value=-6.87104e-12 0.0266203 -0.0121308 0.011206 0.0436783 0.00265395 -0.0098911 -0.0157197 -0.0312446 -0.00702188 0.0283968 -0.0102167 -0.00181961 0.0242944 -0.00816808 0.00595701 0.0200309 0.0495736 -0.0212387 0.014705 -0.00641277 -0.0320623 0.0114006 -0.0171689 0.0170959 -0.00361259 0.0197492 -0.0342379 0.000956137 0.0134341
internal_weight=83786.7 26228.5 57558.2 13779 12449.5 8334.39 51522.5 16994.7 6035.65 34527.9 3467.38 12714.8 7043.17 5444.59 31726.4 2801.49 4221.96 8982.14 3442.07 591.788 5227.48 4279.84 1815.69 2844.07 3770.97 428.247 3342.73 3966.32 2487.87 2079.25
internal_count=2043720 80932 1962788 53869 27063 34473 1356623 790099 606165 566524 11758 483855 30357 19396 546934 19590 16496 15305 302200 3492 23475 306244 6882 220206 15606 2341 13265 294482 9543 8755
is_linear=0
shrinkage=0.05


Tree=22
num_leaves=31
num_cat=0
split_feature=4 23 4 6 4 1 7 4 5 13 15 15 13 4 7 5 4 9 6 25 1 2 7 12 7 11 13 13 0 1
split_gain=10169.5 2584.77 882.142 557.445 442.897 354.275 311.481 304.04 299.336 477.984 259.105 155.804 154.282 138.079 137.327 107.619 105.56 101.898 94.1059 89.4299 89.2807 107.407 86.8417 78.7054 77.1191 115.947 78.9811 76.2147 70.6764 90.82
threshold=0.0026086957077495758 0.5000000149011613 0.070434782654047026 -0.14912782609462735 1.0000000180025095e-35 1.0000000180025095e-35 -0.11180977895855902 0.0043478262377902874 0.042608696967363364 0.0095652174204587954 -0.18776367604732511 -0.19408079236745832 1.0000000180025095e-35 1.0000000180025095e-35 -0.14674156159162519 0.31565217673778539 0.023478261195123199 0.13652173429727557 -0.085720360279083238 1.0000000180025095e-35 1.0000000180025095e-35 -0.13526742905378339 -0.17076143622398374 0.073913045227527632 -0.13489941507577893 -0.19049297273159024 0.0078260868322104233 1.0000000180025095e-35 0.026956521905958656 0.0043478262377902874
decision_type=2 2 2 2 2 2 2 2 2 2 2 2 2 2 2 2 2 2 2 2 2 2 2 2 2 2 2 2 2 2
left_child=1 3 7 13 12 -5 -4 10 9 -9 -2 15 -3 20 -12 -7 -11 18 -8 27 -1 -22 -18 -10 25 -13 28 -6 29 -27
right_child=2 4 6 5 19 11 17 8 23 16 14 24 -14 -15 -16 -17 22 -19 -20 -21 21 -23 -24 -25 -26 26 -28 -29 -30 -31
leaf_value=0.044776094270763157 0.014476523272750039 0.051209794953648594 -0.043709312630799968 0.027348957912964867 0.030401372299351134 0.027572731619321417 -0.027750784256443579 -0.0039495636953392217 -0.0087330853130177608 -0.020336269859406411 0.0073870342511769193 -0.043767558183289548 0.035618875507356478 0.014202596946377852 -0.012950978630765185 -0.0076108065807424284 -0.038563005975637582 -0.039551399725045386 -0.0089530494553491033 0.043974203123735983 0.017066249597073375 0.039250093467391306 -0.019814414199433476 -0.028018508108188563 -0.0079685042600008832 0.02719549891839167 -0.01199033033024186 0.011027428080857068 0.035885550506265927 -0.0061504106457144613
leaf_weight=811.32960716704838 2201.8234894936904 7515.988045178703 2466.1089818736073 1263.8141991486773 927.81123809190467 700.71006308495998 1098.0721846281085 3338.3102979399264 35060.38632053975 2733.1630362679716 1180.460969677195 112.99178480729461 2025.5297294562915 2231.039445449831 2790.3914254205301 314.34324652142823 2390.6063220794313 570.30433647602331 1692.8199962957297 470.80069794948213 1443.1300942474045 879.38858738308772 837.55479065538384 536.36775987222791 4342.091202694457 345.48911261651665 355.87093092966825 1123.5157453834545 297.27166985161602 496.49814190436155
leaf_count=1525 15034 12141 303965 4116 2758 2456 92331 62670 871733 103214 8632 773 4945 11200 16800 1138 189922 81994 127875 978 4699 1972 56740 31878 20163 1066 1718 6241 841 2202
internal_value=1.95439e-11 0.0261322 -0.0117847 0.011181 0.0429777 0.00300484 -0.030214 -0.0096812 -0.0111117 -0.0190992 0.000723308 -0.00141557 0.0479041 0.0237193 -0.00690453 0.0166803 -0.0275808 -0.0203025 -0.0163563 0.0243288 0.0304877 0.0254791 -0.0337063 -0.00902445 -0.00450485 0.00484651 0.00854723 0.0198008 0.0149675 0.00754831
internal_weight=82554 25657.6 56896.4 13594 12063.6 8229.08 5827.31 51069.1 44896.4 9299.63 6172.68 6965.27 9541.52 5364.89 3970.85 1015.05 5961.32 3361.2 2790.89 2522.13 3133.85 2322.52 3228.16 35596.8 5950.21 1608.12 1495.13 2051.33 1139.26 841.987
internal_count=2043720 80932 1962788 53869 27063 34473 606165 1356623 1316157 412546 40466 30357 17086 19396 25432 3594 349876 302200 220206 9977 8196 6671 246662 903611 26763 6600 5827 8999 4109 3268
is_linear=0
shrinkage=0.05


Tree=23
num_leaves=31
num_cat=0
split_feature=4 4 23 14 7 1 7 6 13 5 13 1 13 15 25 25 4 15 13 4 6 16 2 5 5 17 16 9 6 15
split_gain=9462.74 1656.27 1517.79 694.458 457.182 376.161 352.726 306.175 227.885 222.427 401.674 168.388 151.624 135.538 135.011 127.65 120.921 119.049 102.292 96.0525 93.8365 94.1074 91.5804 90.1762 89.1182 88.6929 106.627 82.3248 77.6026 76.9345
threshold=1.0000000180025095e-35 0.0043478262377902874 0.5000000149011613 -0.10721676424145697 -0.14674156159162519 1.0000000180025095e-35 -0.098818968981504426 -0.15336318314075467 1.0000000180025095e-35 0.030434782616794113 0.0078260868322104233 1.0000000180025095e-35 1.0000000180025095e-35 -0.19959829747676847 1.0000000180025095e-35 1.0000000180025095e-35 0.091304346919059767 -0.1831848546862602 0.0060869567096233377 0.018260869197547439 -0.026649554260075089 0.020000000484287742 -0.15052631497383115 0.27391304075717932 0.38521739840507513 0.20195651799440387 0.0078260868322104233 0.011304348241537811 -0.10001972317695616 -0.10568812489509581
decision_type=2 2 2 2 2 2 2 2 2 2 2 2 2 2 2 2 2 2 2 2 2 2 2 2 2 2 2 2 2 2
left_child=2 4 5 9 8 -1 -5 22 -2 10 -3 28 -4 24 17 18 -11 23 -10 -12 21 -8 27 -13 -9 26 -22 -7 -6 -15
right_child=1 3 12 6 11 7 20 13 15 16 19 14 -14 29 -16 -17 -18 -19 -20 -21 25 -23 -24 -25 -26 -27 -28 -29 -30 -31
leaf_value=0.03878285216520444 0.029193430170737542 -0.0019160268398962091 0.050646960441678095 -0.041612794875035261 0.025803607089013664 0.017015812261219707 0.00031335137283820477 0.036304335677331198 0.012385095414823426 -0.0090289523552060172 -0.018579556633011508 0.018279588357335921 0.034980015530309445 0.0025425708832488431 0.034957844205276943 0.038955112030203021 -0.039429620451950337 -0.010444095566359684 -0.0033568513550101004 -0.033265713845985631 -0.038706704767075495 -0.025771613749869294 0.034049098800726478 -0.0068442444533577153 -0.014499794048591669 -0.034773329272060109 0.027384895204468615 -0.047950199873595244 -0.0036384932249222852 -0.015559306314098765
leaf_weight=1531.6707620655652 2066.7594971633516 2298.1622537579387 7232.4055801668437 2891.8071077738423 696.46906730858609 858.26166398916394 423.03559825429693 405.91937388759106 3250.1421892270446 37132.895472985227 1848.6879851263948 728.08741805329919 1977.2974154840922 2255.5072085284628 199.53226456954144 342.46150771295652 329.09920682478696 4864.3994456777582 1511.3319661819842 2817.9086264427751 74.98555998923257 1891.4361485557165 1299.5572726128157 699.34813418169506 108.96709081716835 118.92561463289894 310.2125385676045 50.745135637000203 329.23142306762747 792.35595860611647
leaf_count=3644 7018 40855 12141 330961 2555 2745 24994 1015 21185 986842 62087 3565 4945 7780 553 855 30659 29083 11437 222981 1485 177616 3209 3241 408 21293 22549 369 1440 4210
internal_value=-4.23831e-11 -0.00860746 0.0337893 -0.0129332 0.00615837 0.0167629 -0.0293457 0.0109132 0.0151894 -0.010823 -0.019028 -0.00245738 0.0472875 0.00184404 -0.0054326 0.00951405 -0.00929706 -0.00671885 0.00738881 -0.027453 -0.0167496 -0.0210058 0.0255356 0.00597441 0.0255452 0.00279369 0.0144521 0.0133404 0.0163589 -0.00216695
internal_weight=81337.6 64824.9 16512.7 50137.2 14687.8 7302.98 5710.4 5771.31 7170.7 44426.8 6964.76 7517.07 9209.7 3562.75 6491.37 5103.94 37462 6291.83 4761.47 4666.6 2818.6 2314.47 2208.56 1427.44 514.886 504.124 385.198 909.007 1025.7 3047.86
internal_count=2043720 2003254 40466 1922322 80932 23380 578898 19736 40495 1343424 325923 40437 17086 13413 36442 33477 1017501 35889 32622 285068 247937 202610 6323 6806 1423 45327 24034 3114 3995 11990
is_linear=0
shrinkage=0.05


Tree=24
num_leaves=31
num_cat=0
split_feature=4 23 14 1 6 4 7 4 5 13 5 15 13 4 6 4 25 5 1 25 1 8 1 9 5 1 13 3 13 6
split_gain=8840.54 2350.84 768.521 551.393 457.376 410.907 313.128 309.557 189.484 375.818 176.847 155.284 149.792 109.86 97.8557 95.9208 95.6207 91.3544 83.6264 81.875 80.4133 77.6507 122.061 107.655 97.2714 73.9864 65.3143 63.5533 60.4806 76.0422
threshold=0.0026086957077495758 0.5000000149011613 -0.10721676424145697 1.0000000180025095e-35 -0.15336318314075467 1.0000000180025095e-35 -0.10483747720718382 0.0043478262377902874 0.030434782616794113 0.011304348241537811 0.042608696967363364 -0.19587332010269162 1.0000000180025095e-35 0.091304346919059767 -0.10582626610994338 0.0095652174204587954 1.0000000180025095e-35 0.31565217673778539 0.0026086957077495758 1.0000000180025095e-35 1.0000000180025095e-35 0.0043478262377902874 0.0078260868322104233 0.011304348241537811 0.26000000536441809 0.0095652174204587954 1.0000000180025095e-35 -0.1777207553386688 0.20956521481275561 -0.045526456087827676
decision_type=2 2 2 2 2 2 2 2 2 2 2 2 2 2 2 2 2 2 2 2 2 2 2 2 2 2 2 2 2 2
left_child=1 3 7 -1 16 12 15 10 9 20 -2 17 -3 -10 18 -4 -5 -6 -12 26 -9 22 24 -23 -13 -8 -7 -24 29 -27
right_child=2 5 6 4 11 19 25 8 13 -11 14 21 -14 -15 -16 -17 -18 -19 -20 -21 -22 23 27 -25 -26 28 -28 -29 -30 -31
leaf_value=0.032670608795222565 0.013689743047441957 0.050115483138298826 0.014153062423649766 0.017097515006314935 0.026486368300587926 0.029048598900445217 0.011172867854157678 0.012529618487754787 -0.0088599819206185235 -0.028781260107274515 0.017900219283591708 0.0044428568966056771 0.03433440677658902 -0.03853338593855371 -0.015167826593269776 -0.042747454922305576 0.042670776550352729 -0.0065844876164208232 -0.003684141083645627 0.042693220115648974 -0.0088647162331869384 0.012057335524749966 -0.045909192270399871 -0.0072371808442504328 -0.021865522277698723 -0.021106025011343052 0.01075417199052163 -0.016789923083008713 -0.03640401020682598 0.00082582511309274966
leaf_weight=2348.1794147731271 2016.3778423327021 6956.1090624880744 75.823466368950903 3448.7432640397456 702.45321996323764 891.32388748158701 208.92909798165783 531.70348676014692 36922.537549053319 3749.8677671889309 584.71935003250837 1426.732674098108 1931.5541943433927 313.67499956954271 1392.4787730276585 2562.2699815512169 408.59888706821948 296.49826713139191 1918.0695053434465 449.32202758942731 2503.3048070422374 1291.3398164100945 229.28425351250917 1639.8909976012073 465.0431629975792 1836.5989732162561 1080.6762764495797 1021.5658836150542 450.37231814709958 503.42645358992741
leaf_count=7016 16156 12141 1129 14790 2614 2758 8482 5623 986842 259738 2641 4951 4945 30659 9262 317259 849 1159 12052 978 60562 4689 1285 9911 1773 155653 6241 4832 65695 31035
internal_value=-3.35296e-11 0.0249627 -0.0110452 0.0106934 0.00596934 0.0417146 -0.0285435 -0.00906905 -0.0105117 -0.0181966 0.00167365 -0.00158447 0.04669 -0.00911098 -0.00454837 -0.0411073 0.0198168 0.0166739 0.00136369 0.0234399 -0.00511375 -0.00458962 -0.0100483 0.00126414 -0.0020325 -0.0174828 0.0190336 -0.02216 -0.0196316 -0.0163893
internal_weight=80157.5 24587.3 55570.2 13278.3 10930.2 11309 5637.42 49932.7 44021.1 6784.88 5911.65 7072.81 8887.66 37236.2 3895.27 2638.09 3857.34 998.951 2502.79 2421.32 3035.01 6073.86 3142.63 2931.23 1891.78 2999.33 1972 1250.85 2790.4 2340.03
internal_count=2043720 80932 1962788 53869 46853 27063 579253 1383535 1343424 325923 40111 31214 17086 1017501 23955 318388 15639 3773 14693 9977 66185 27441 12841 14600 6724 260865 8999 6117 252383 186688
is_linear=0
shrinkage=0.05


Tree=25
num_leaves=31
num_cat=0
split_feature=4 23 14 1 6 13 4 7 25 5 4 5 15 4 4 5 4 25 7 3 9 17 4 25 2 1 18 25 11 13
split_gain=8360.14 2194.26 718.186 507.196 411.831 396.352 339.645 285.862 170.079 158.321 352.567 136.42 133.996 109.572 100.302 93.1136 92.1744 89.5803 77.7477 80.2404 118.83 76.5556 63.9683 62.6811 61.6048 60.8927 63.567 59.0986 59.0837 56.8737
threshold=0.0026086957077495758 0.5000000149011613 -0.10721676424145697 1.0000000180025095e-35 -0.15336318314075467 1.0000000180025095e-35 0.0043478262377902874 -0.10483747720718382 1.0000000180025095e-35 0.020000000484287742 0.01304347859695554 0.042608696967363364 -0.16362153738737104 1.0000000180025095e-35 0.091304346919059767 0.31217391788959509 0.0095652174204587954 1.0000000180025095e-35 -0.13489941507577893 -0.1407048627734184 0.018260869197547439 0.0052173917647451171 1.0000000180025095e-35 1.0000000180025095e-35 -0.12839934229850766 0.0043478262377902874 0.0045183927286416301 1.0000000180025095e-35 -0.16782738268375394 0.0043478262377902874
decision_type=2 2 2 2 2 2 2 2 2 2 2 2 2 2 2 2 2 2 2 2 2 2 2 2 2 2 2 2 2 2
left_child=1 3 6 22 17 13 11 16 -7 10 21 -2 15 -3 23 24 -4 29 19 20 25 -8 -1 -11 -6 -14 -27 -13 -20 -5
right_child=2 5 7 4 12 8 9 -9 -10 14 -12 27 18 -15 -16 -17 -18 -19 28 -21 -22 -23 -24 -25 -26 26 -28 -29 -30 -31
leaf_value=0.038387290433384638 0.013127079578150022 0.049589723940209232 0.013439830914869761 0.021457733523977535 0.0090094541384996476 0.016121473334976929 0.0085366201360912598 -0.017418511763503879 0.039481113524274164 -0.0092781678528100538 -0.031806399398452465 -0.0039727899082951023 0.024289221686076449 0.032357572803168332 -0.037646006481836199 -0.0083702021046194452 -0.042007243281438178 0.041823133631969323 -0.057487499239454648 0.022935416114847212 -0.050861674034690642 -0.01092616853733868 0.021080309343250052 0.0092913091452732823 0.031515805582634497 -0.027087173268489691 0.0089738180611568918 0.038340381827811354 -0.0076346830919157525 0.0078028657507041941
leaf_weight=1461.5292176003568 1992.2499494310468 6687.7568618102232 76.891395153012127 2248.8933511420619 752.56578857521527 1805.0120702480199 723.92653434583917 2983.676383367274 1373.4479001720902 38005.335190878483 2531.2329581549857 3705.4461001218297 246.67380840936676 1079.1713323737495 308.35631002811715 448.89666727301665 2439.1810505278409 400.28818644629791 59.378461940214038 443.10064989328384 112.67127746716142 1667.0460249315947 848.39353446778841 459.18406657595187 510.52965090144426 207.9578762659803 293.52257896773517 83.405816859100014 3914.1736939470284 1156.0143187846988
leaf_count=3644 16156 12141 1129 8654 3313 8325 7975 260865 3433 1060106 197169 23720 799 3164 31632 1853 317259 849 414 1518 725 41288 3372 5254 1715 1122 1217 235 18538 6136
internal_value=1.96445e-11 0.0245873 -0.0107563 0.0107834 0.0062316 0.0411118 -0.00885056 -0.0278957 0.0262247 -0.0103574 -0.0188044 0.00253831 -0.00097483 0.0471999 -0.00928459 0.0111762 -0.0403081 0.0194653 -0.00491795 0.00567299 -0.00322895 -0.00503222 0.0320426 -0.00905625 0.018124 0.0040028 -0.00600439 -0.00303146 -0.00839393 0.0168254
internal_weight=79025.9 24050 54975.9 13104.6 10794.7 10945.4 49476.2 5499.75 3178.46 43695.1 4922.21 5781.1 6989.47 7766.93 38772.9 1711.99 2516.07 3805.2 5277.48 1303.93 860.826 2390.97 2309.92 38464.5 1263.1 748.154 501.48 3788.85 3973.55 3404.91
internal_count=2043720 80932 1962788 53869 46853 27063 1383535 579253 11758 1343424 246432 40111 31214 15305 1096992 6881 318388 15639 24333 5381 3863 49263 7016 1065360 5028 3138 2339 23955 18952 14790
is_linear=0
shrinkage=0.05


Tree=26
num_leaves=31
num_cat=0
split_feature=4 23 14 1 6 13 7 9 5 4 25 15 15 4 5 4 5 2 13 4 4 16 7 3 1 2 6 12 4 5
split_gain=7783.66 2094.93 625.077 506.011 391.421 384.196 283.518 252.944 222.668 265.675 162.151 158.988 132.242 106.99 104.924 115.408 89.7003 88.3686 145.96 85.3198 81.2711 77.115 73.298 73.017 99.1726 66.0712 63.3056 89.9354 61.6663 58.7455
threshold=0.0026086957077495758 0.5000000149011613 -0.10721676424145697 1.0000000180025095e-35 -0.15336318314075467 1.0000000180025095e-35 -0.13837242871522901 0.0060869567096233377 0.033913042396306999 0.01304347859695554 1.0000000180025095e-35 -0.14803422242403028 -0.16065718978643415 1.0000000180025095e-35 0.43739131093025213 0.0060869567096233377 0.31217391788959509 -0.14476040750741956 0.011304348241537811 0.091304346919059767 0.0060869567096233377 0.030434782616794113 -0.13489941507577893 -0.1407048627734184 0.0043478262377902874 -0.12839934229850766 -0.0058566315565258256 0.27217391133308416 1.0000000180025095e-35 0.044347826391458518
decision_type=2 2 2 2 2 2 2 2 2 2 2 2 2 2 2 2 2 2 2 2 2 2 2 2 2 2 2 2 2 2
left_child=1 3 7 28 17 13 20 11 9 -9 -7 14 16 -3 15 -2 25 18 -5 -10 -4 -8 23 24 -14 -6 -23 -28 -1 -13
right_child=2 5 6 4 12 10 21 8 19 -11 -12 29 22 -15 -16 -17 -18 -19 -20 -21 -22 26 -24 -25 -26 -27 27 -29 -30 -31
leaf_value=0.038376894037968463 0.012798205050770237 0.049073485681260666 0.024244419717102825 0.013945040513025992 0.008170103813147131 0.015803723190857266 -0.0082337095657453781 -0.0064932761621453415 -0.0087757006599172623 -0.028773505155124158 0.038878160498647063 0.0033786673970846118 0.023924672086371172 0.03180676992752153 -0.015119487269902443 -0.0022401162509619807 -0.0084072494175152033 0.027240726273903938 -0.074442243786771181 -0.036378515377468799 -0.044136968548151426 -0.025595494066026677 -0.0084651371247370759 0.022136565463934704 -0.014732940778104492 0.0308857998410587 0.065165945803086767 -0.032656812459886789 0.021174537276698865 -0.010400002449936739
leaf_weight=1423.7970902556553 2846.867195895873 6427.243329895311 43.926286068744957 1970.113136342261 810.72986992262304 1774.1902272437001 1237.3398096496239 2232.8873205115087 31723.001856393414 3340.1433114409447 1335.9785730479052 925.66456219553947 233.68589752865955 1051.541600425262 658.45374655909836 2310.6404049070552 460.46777477953583 1740.7609205178451 46.860735740512609 281.55299682891928 1807.3183294185437 2118.6655640702229 3916.8628886197694 429.27190090995282 565.18117333389819 529.10229773400351 46.21785670123063 45.880689931917004 828.91812967520673 4694.1553843482397
leaf_count=3644 21273 12141 398 8668 3617 8325 81857 49900 919786 270495 3433 12672 761 3164 5216 37830 1928 6549 422 30300 251639 228985 18709 1499 2890 1810 4675 11699 3372 36063
internal_value=2.98764e-11 0.0240107 -0.010409 0.0105259 0.00599109 0.0405071 -0.0267206 -0.00864483 -0.0106263 -0.0198495 0.0257247 -0.00213348 -0.00104262 0.0466503 0.00366147 0.00606168 0.0106173 0.0189881 0.0118557 -0.00901966 -0.0425022 -0.0182378 -0.00512383 0.00553071 -0.00340898 0.0171569 -0.0238307 0.0166063 0.0320592 -0.00813026
internal_weight=77857.4 23544.7 54312.7 12955.8 10703 10589 5299.35 49013.4 37577.6 5573.03 3110.17 11435.8 6945.3 7478.78 5815.96 5157.51 1800.3 3757.73 2016.97 32004.6 1851.24 3448.1 5145 1228.14 798.867 1339.83 2210.76 92.0985 2252.72 5619.82
internal_count=2043720 80932 1962788 53869 46853 27063 579253 1383535 1270481 320395 11758 113054 31214 15305 64319 59103 7355 15639 9090 950086 252037 327216 23859 5150 3651 5427 245359 16374 7016 48735
is_linear=0
shrinkage=0.05


Tree=27
num_leaves=31
num_cat=0
split_feature=4 23 4 14 1 1 6 7 25 15 6 1 5 4 15 5 4 7 2 5 13 13 16 4 17 14 13 5 3 6
split_gain=7243.05 1292.46 1210.27 511.788 407.987 358.031 277.602 271.153 213.303 191.641 152.838 142.462 132.025 297.006 109.942 86.5057 83.5469 80.3251 77.7842 76.091 74.5874 70.1424 69.4837 68.0247 63.0225 60.9384 81.9108 76.3608 62.5727 77.3726
threshold=1.0000000180025095e-35 0.5000000149011613 0.0043478262377902874 -0.10721676424145697 0.0026086957077495758 1.0000000180025095e-35 -0.15336318314075467 -0.12517067044973371 1.0000000180025095e-35 -0.16684342175722119 -0.10245272889733313 1.0000000180025095e-35 0.020000000484287742 0.01304347859695554 -0.19959829747676847 0.040869565680623061 0.091304346919059767 -0.024916185997426506 -0.14476040750741956 0.38521739840507513 1.0000000180025095e-35 0.0026086957077495758 0.030434782616794113 0.0060869567096233377 0.0052173917647451171 -0.12103640660643576 0.0095652174204587954 0.14869565516710284 -0.16514054685831067 -0.088189937174320207
decision_type=2 2 2 2 2 2 2 2 2 2 2 2 2 2 2 2 2 2 2 2 2 2 2 2 2 2 2 2 2 2
left_child=1 5 4 12 10 -1 18 23 9 17 20 -3 13 24 19 -12 -14 21 -7 -8 -2 -6 -9 -5 -4 26 27 28 -16 -30
right_child=2 11 3 7 8 6 14 22 -10 -11 15 -13 16 -15 25 -17 -18 -19 -20 -21 -22 -23 -24 -25 -26 -27 -28 -29 29 -31
leaf_value=0.0382145665667376 0.029125824962125457 0.050456741048462261 0.0075961968075916519 0.031880166276799356 0.019422767006148665 0.014797203414168889 0.033256722350423089 -0.0075112454696463693 0.034137349378156615 -0.0084079489527384872 0.026493582073464396 0.036768568673059658 -0.0083691560676036562 -0.030089963864992176 -0.0080937864401364381 -0.01114513430775394 -0.035729291021970991 -0.012233105718747778 0.034153976755401674 -0.014355497957931247 0.014720940172281878 0.0041259972758839946 -0.022892204479195353 -0.042351042394131788 -0.010291210016347302 0.015332071382336086 -0.033205625593988278 -0.011512173119390403 0.024622322256102096 -0.013760669948221008
leaf_weight=1388.5591861297144 1908.6102928390028 4791.5917440695339 709.60795977711678 30.693035242613405 1086.0114761278965 1061.9975473785307 388.64729476626962 1150.2102801990695 425.76584367756732 5151.1472644465975 202.84802736202255 3179.1433357847854 37810.623251068871 2331.6772440581117 450.25861348211765 606.91886935918592 280.19294143863954 516.40329809091054 1019.1693862774409 106.32565009687096 1705.0285629148129 2415.4764860006981 2036.1119344118051 1886.9192182890838 1603.5706311829854 416.29091909108683 237.07109816558659 1161.5764497974887 556.96126977354288 170.98036838881671
leaf_count=3644 6550 8300 7975 243 5804 3744 1015 77494 1209 33552 863 8786 1065360 197169 1853 2667 31632 2622 2579 408 9761 17904 223227 277934 41288 1782 1876 4289 1489 701
internal_value=-6.53146e-11 0.0312579 -0.00754407 -0.0113299 0.00537562 0.0155083 0.00984118 -0.0262934 -0.000416499 -0.00202456 0.0179366 0.0450025 -0.00954224 -0.0175006 0.00121689 -0.00169552 -0.00857135 0.00615933 0.0242883 0.0230208 0.0223351 0.00887459 -0.017344 -0.0411469 -0.00480302 -0.00239528 -0.00526398 -0.0024199 0.00654626 0.0156003
internal_weight=76786.4 14928.6 61857.8 47839.6 14018.2 6957.84 5569.28 5103.93 9594.8 9169.04 4423.41 7970.74 42735.7 4644.86 3488.11 809.767 38090.8 4017.89 2081.17 494.973 3613.64 3501.49 3186.32 1917.61 2313.18 2993.14 2576.85 2339.78 1178.2 727.942
internal_count=2043720 40466 2003254 1922322 80932 23380 19736 578898 61091 59882 19841 17086 1343424 246432 13413 3530 1096992 26330 6323 1423 16311 23708 300721 278177 49263 11990 10208 8332 4043 2190
is_linear=0
shrinkage=0.05


Tree=28
num_leaves=31
num_cat=0
split_feature=4 23 4 17 1 1 25 6 15 7 4 7 13 6 15 5 13 4 18 23 7 2 6 6 1 16 13 6 12 13
split_gain=6836.16 1201.71 1136.18 457.218 396.014 336.185 255.604 243.442 216.727 180.686 161.999 310.681 141.622 140.248 120.327 104.354 94.8942 83.8911 83.3236 77.6415 77.2816 76.5394 72.37 71.873 71.3756 80.5072 65.1428 60.7006 96.7003 76.2167
threshold=1.0000000180025095e-35 0.5000000149011613 0.0043478262377902874 0.099130440503358855 1.0000000180025095e-35 1.0000000180025095e-35 1.0000000180025095e-35 -0.15336318314075467 -0.16796874254941938 -0.067746564745903001 0.039130434393882758 -0.14432308822870252 1.0000000180025095e-35 -0.12929385900497434 -0.19959829747676847 0.27391304075717932 0.030434782616794113 0.018260869197547439 0.022148325107991699 0.78571429848670971 -0.15964195877313611 -0.14476040750741956 -0.10001972317695616 -0.31424054503440851 0.061739129945635803 0.047826087102293975 0.0026086957077495758 -0.08215072005987166 0.0095652174204587954 0.0078260868322104233
decision_type=2 2 2 2 2 2 2 2 2 2 2 2 2 2 2 2 2 2 2 2 2 2 2 2 2 2 2 2 2 2
left_child=1 5 4 10 22 -1 8 21 15 17 19 23 -3 -13 -9 26 18 -5 -16 27 -10 -7 -2 -12 -15 -26 -6 29 -29 -4
right_child=2 12 3 9 6 7 -8 14 20 -11 11 13 -14 24 16 -17 -18 -19 -20 -21 -22 -23 -24 -25 25 -27 -28 28 -30 -31
leaf_value=0.03785480973937299 0.02675947720601082 0.048099574324670692 -0.0028085802678606935 -0.010929509135116198 0.018717759232967902 0.014259731680493529 0.035434149668321507 0.025158361372732183 0.0041843485034186167 -0.012747519657435211 -0.00012694842204599729 -0.027773039162597959 0.031878903830420822 -0.004099911522188214 -0.0041475924578987028 -0.0090832001262697078 -0.052192712894485072 -0.040990611858015703 0.018433682414656812 0.050997775985820851 -0.0096038418097597437 0.033616110844378926 0.0027669089711013796 -0.032417527515102157 -0.018274177788577439 -0.00047903609939295791 0.0056801930924151789 -0.022158528101726051 -0.0084951889570815693 -0.0086736016610772411
leaf_weight=1357.4446261220146 2142.5645484457491 5933.2758179015364 8011.9182111332193 265.11340382834896 1589.6045118868351 1050.4972265339456 522.14971169503406 478.20921692159027 1292.6790061024949 1138.9681788565358 185.78160054469481 1023.0019791380037 1751.8377894780133 4634.9652232672088 2369.9899648330174 783.51695501734503 89.740610286593437 1912.7194628766738 492.5569837866351 54.984126028604805 4742.9829818427097 997.70722550828941 368.59161558421329 2379.9656739864731 2471.2272334541194 855.60339747555554 2412.8308456563391 1790.2654552813619 4683.2161395661533 17956.589138779906
leaf_count=3644 8653 12141 95810 8978 8971 3744 1469 1423 8764 108064 9514 77613 4945 240462 9442 3963 942 273564 1606 364 29075 2579 1716 261159 128981 55633 18321 18860 99759 543561
internal_value=1.28571e-13 0.0308416 -0.00731603 -0.011 0.00527796 0.0155876 0.00129996 0.0100646 -0.000350156 -0.0289001 -0.00965153 -0.0147377 0.0444067 -0.0103536 0.00191878 0.00759516 -0.00185279 -0.0373379 -0.000256964 -0.00784332 -0.00665057 0.0237003 0.0232403 -0.0300804 -0.00811214 -0.0136991 0.0108616 -0.00794461 -0.0122767 -0.00686428
internal_weight=75740.5 14521.3 61219.2 47364.3 13854.9 6836.15 11343.8 5478.7 10821.6 3316.8 44047.5 11550.5 7685.11 8984.8 3430.5 4785.95 2952.29 2177.83 2862.55 32497 6035.66 2048.2 2511.16 2565.75 7961.8 3326.83 4002.44 32442 6473.48 25968.5
internal_count=2043720 40466 2003254 1922322 80932 23380 70563 19736 69094 390606 1531716 773362 17086 502689 13413 31255 11990 282542 11048 758354 37839 6323 10369 270673 425076 184614 27292 757990 118619 639371
is_linear=0
shrinkage=0.05


Tree=29
num_leaves=31
num_cat=0
split_feature=4 23 4 1 6 7 13 9 6 25 7 23 7 4 2 13 6 6 25 4 12 15 5 25 4 9 15 5 25 1
split_gain=6229.62 1846.43 502.849 475.009 364.26 358.238 351.957 195.481 143.841 143.001 117.924 102.944 99.908 256.653 172.116 99.1527 101.259 90.258 82.3518 80.0635 78.8612 75.2084 125.641 73.8041 70.8307 67.6385 63.7644 61.957 60.8379 68.3992
threshold=0.0026086957077495758 0.5000000149011613 0.049565218389034278 1.0000000180025095e-35 -0.15336318314075467 -0.14432308822870252 1.0000000180025095e-35 0.0043478262377902874 -0.14610304683446881 1.0000000180025095e-35 -0.13489941507577893 0.6428571641445161 -0.21472434699535367 0.0078260868322104233 -0.16817409545183179 0.20782608538866046 -0.14008121937513349 -0.35853400826454157 1.0000000180025095e-35 0.0043478262377902874 0.046086955815553672 -0.16362153738737104 0.31217391788959509 1.0000000180025095e-35 1.0000000180025095e-35 0.046086955815553672 -0.22317640483379361 0.018260869197547439 1.0000000180025095e-35 0.0026086957077495758
decision_type=2 2 2 2 2 2 2 2 2 2 2 2 2 2 2 2 2 2 2 2 2 2 2 2 2 2 2 2 2 2
left_child=1 3 7 -1 18 17 11 8 19 -8 28 24 13 -9 -15 16 -7 -4 -5 -2 -18 22 -12 26 -3 -22 -10 -28 29 -6
right_child=2 6 5 4 10 15 9 12 23 -11 21 -13 -14 14 -16 -17 20 -19 -20 -21 25 -23 -24 -25 -26 -27 27 -29 -30 -31
leaf_value=0.031223846843565023 0.019338306743232045 0.042642230189539408 0.019719179261141789 0.015520310226983769 0.028675121562411171 -0.036610180715779705 0.014742109771641022 0.00035010030042954994 0.011126280315148195 0.037158418241859899 0.023943901418327716 0.05098771036703318 -0.0076657669800558525 0.005764475604814215 -0.026917916444847301 -0.036018115244818565 -0.022459058476115519 -0.038684405426162478 0.040456817257808975 0.002155983760325041 0.0018892658725846779 -0.0087663756457424628 -0.012068557719123289 0.034948471621683942 0.024951638482260494 -0.011637404729247847 0.0090879194265151425 -0.0094445517957523328 0.035730004108948547 0.0016309961446626113
leaf_weight=2111.2479651242029 1103.1044243187644 2439.5853167981259 67.561285763978958 3234.501385142561 277.39484705775976 405.90411471528932 1683.8760899819899 1804.160268812906 501.82409430993721 1233.9651715428336 507.05066083662678 3503.4814879467012 29678.881859016372 461.51688163261861 3150.4636100609787 483.05447725800332 1154.9762059585191 2271.6544159614714 368.48114296561107 1757.3649591661524 1284.8244166984223 3929.4529953345191 461.96547297015786 112.22257645335048 743.63836479710881 3289.0522361218464 501.13485425943509 4442.5646938225254 189.54269478423521 1460.463262999896
leaf_count=7016 8111 6564 4783 14790 932 36108 8325 25565 4200 3433 1874 6116 759431 20629 211253 86911 48044 334804 849 23643 70146 18952 1853 390 2625 289410 6379 32981 478 7125
internal_value=2.18288e-11 0.0222382 -0.00938567 0.00960146 0.00522158 -0.0201737 0.0387344 -0.00716459 -0.000321892 0.0242315 -0.00156788 0.0450584 -0.00880589 -0.0150509 -0.0227415 -0.0142249 -0.0125033 -0.0369899 0.0180811 0.00878658 -0.0107892 -0.00569009 0.0067807 -0.00501059 0.0385186 -0.00783811 -0.00584034 -0.00756449 0.00890621 0.00596176
internal_weight=74614.9 22144.6 52470.3 12540.1 10428.9 8957.03 9604.55 43513.2 8418.22 2917.84 6825.87 6686.71 35095 5416.14 3611.98 6617.81 6134.76 2339.22 3602.98 2860.47 5728.85 4898.47 969.016 5557.75 3183.22 4573.88 5445.52 4943.7 1927.4 1737.86
internal_count=2043720 80932 1962788 53869 46853 870206 27063 1092582 75704 11758 31214 15305 1016878 257447 231882 530619 443708 339587 15639 31754 407600 22679 3727 43950 9189 359556 43560 39360 8535 8057
is_linear=0
shrinkage=0.05


Tree=30
num_leaves=31
num_cat=0
split_feature=4 23 4 1 13 6 7 9 5 4 25 25 15 11 23 5 9 25 7 12 15 0 4 7 3 13 2 8 16 6
split_gain=5801.58 1750.44 453.753 446.36 341.404 338.354 237.914 227.849 149.769 224.519 135.972 129.093 112.671 102.835 101.143 92.6254 88.7158 78.2488 70.7528 67.317 77.4778 68.2786 66.3837 66.3285 64.3442 64.5271 63.1209 73.957 105.798 175
threshold=0.0026086957077495758 0.5000000149011613 0.070434782654047026 1.0000000180025095e-35 1.0000000180025095e-35 -0.15336318314075467 -0.13837242871522901 0.0060869567096233377 0.033913042396306999 0.01304347859695554 1.0000000180025095e-35 1.0000000180025095e-35 -0.16065718978643415 -0.20990778505802152 0.6428571641445161 0.40260869264602667 0.13652173429727557 1.0000000180025095e-35 -0.13489941507577893 0.058260869234800346 -0.083245169371366487 0.016521738842129711 1.0000000180025095e-35 -0.19141246378421781 -0.16926486790180204 0.0078260868322104233 -0.14917908608913419 0.023478261195123199 0.021739130839705471 -0.14256002753973004
decision_type=2 2 2 2 2 2 2 2 2 2 2 2 2 2 2 2 2 2 2 2 2 2 2 2 2 2 2 2 2 2
left_child=1 3 7 -1 14 17 -4 11 9 -9 -6 13 15 -2 22 -7 19 -5 24 -8 21 -21 -3 -15 -14 -26 -10 -28 -29 -30
right_child=2 4 6 5 10 12 16 8 26 -11 -12 -13 18 23 -16 -17 -18 -19 -20 20 -22 -23 -24 -25 25 -27 27 28 29 -31
leaf_value=0.030596385566530354 0.0062602494652399063 0.042043066212848423 -0.041347224134195115 0.015163388627037573 0.014432744184709545 0.015284190991158658 -0.031080230388396347 -0.0050378780168864132 -0.0034728801604702779 -0.026211065869012382 0.036547543815192686 0.032605864593634314 -0.01027035957922378 0.0050438426421218763 0.050556895652755486 -0.014033940843197177 -0.035250368366305761 0.039761888090359382 -0.0084386326505668987 0.0079669023438889933 0.0014202278052994097 -0.021852845612201181 0.024688903736884302 -0.0070634918266759758 0.022509475029837897 -0.011157222455157226 -0.012744087511284571 -0.0014485827790753786 -0.028018139026169831 -0.0077564659510234073
leaf_weight=2072.4601088115596 2712.8841510128696 2352.3325016078306 1376.3715732947458 3195.5664218037855 1655.0152938000392 1394.2567011013161 436.50562854949385 2145.4580309062731 5766.9733955017291 3007.6280087040504 1200.229981076438 272.98062065895647 414.78713573794812 1362.5966394827701 3350.7856504312949 333.02854429208674 536.45864321198314 359.31089355354197 3861.3314667120576 228.11632079840638 940.11817006487399 1195.3450358831324 726.71559345070273 6642.5465088470373 573.64557875739411 188.49317857902497 9544.5682822796516 5347.2713103059214 1204.2458082998637 9220.7428840557113
leaf_count=7016 33861 6564 246182 14790 8325 5864 24927 51250 152175 278081 3433 1161 2118 19878 6116 1491 101268 849 18709 15391 83202 135195 2625 58005 2039 993 183917 117922 88854 371519
internal_value=4.59191e-11 0.0217261 -0.00906783 0.00942668 0.0381395 0.005173 -0.0238603 -0.0075912 -0.00950382 -0.0173984 0.0237385 -0.00128511 -0.00138988 -0.00215125 0.0445298 0.00962667 -0.0166365 0.0176602 -0.00516789 -0.013059 -0.0097191 -0.0170719 0.0379565 -0.00500227 0.00556102 0.0141793 -0.00819453 -0.0092699 -0.00716683 -0.0100995
internal_weight=73618.8 21678 51940.8 12392.9 9285.08 10320.4 4712.92 47227.9 36236.9 5153.09 2855.25 10991 6765.54 10718 6429.83 1727.29 3336.54 3554.88 5038.26 2800.09 2363.58 1423.46 3079.05 8005.14 1176.93 762.139 31083.8 25316.8 15772.3 10425
internal_count=2043720 80932 1962788 53869 27063 46853 606165 1356623 1243718 329331 11758 112905 31214 111744 15305 7355 359983 15639 23859 258715 233788 150586 9189 77883 5150 3032 914387 762212 578295 460373
is_linear=0
shrinkage=0.05


Tree=31
num_leaves=31
num_cat=0
split_feature=4 23 14 1 13 15 9 5 7 25 25 6 25 23 5 3 4 6 5 1 12 6 6 4 12 18 4 4 13 17
split_gain=5428.91 1649.75 422.495 420.857 333.228 305.795 237.016 178.086 149.656 145.019 129.538 110.242 100.076 98.9846 83.7447 97.0822 82.3941 132.037 85.1426 79.8975 70.9768 98.8887 91.7531 107.427 97.3412 92.0493 86.1171 65.9968 65.6141 108.61
threshold=0.0026086957077495758 0.5000000149011613 -0.10184857249259947 1.0000000180025095e-35 1.0000000180025095e-35 -0.15685614198446271 0.021739130839705471 0.025217391550540928 -0.078383293002843843 1.0000000180025095e-35 1.0000000180025095e-35 -0.1067078374326229 1.0000000180025095e-35 0.6428571641445161 0.19913043826818469 -0.14127302169799802 0.0043478262377902874 -0.1452582851052284 0.018260869197547439 0.0043478262377902874 0.021739130839705471 -0.14256002753973004 -0.10001972317695616 0.020000000484287742 0.011304348241537811 0.024361408315598968 0.033913042396306999 0.028695652261376384 0.0043478262377902874 0.014565217308700086
decision_type=2 2 2 2 2 2 2 2 2 2 2 2 2 2 2 2 2 2 2 2 2 2 2 2 2 2 2 2 2 2
left_child=1 3 6 -1 13 12 9 27 -4 16 -6 14 28 -3 15 19 17 -2 -19 -7 22 26 -9 24 25 -24 -22 -8 -5 -30
right_child=2 4 8 5 10 11 7 20 -10 -11 -12 -13 -14 -15 -16 -17 -18 18 -20 -21 21 -23 23 -25 -26 -27 -28 -29 29 -31
leaf_value=0.030092329400432175 0.011448234134656156 0.037444055093541977 -0.037915754732432867 0.016708997893104816 0.014100322104199895 0.020758345004857084 -0.014939851950700462 -0.0087559404108731084 -0.014943620770622657 0.022093862451265676 0.03592930542313346 -0.010204234601627079 0.03649152753838393 0.050153292928381089 -0.0073248658762580243 0.025419116972717887 -0.0062620904181257351 0.017670597142977893 -0.0088903278800595616 -0.0073720034584313357 -0.0074169217678810365 -0.0066921215157734392 0.0039209858148955019 0.0011387288451566626 -0.032652793143023419 -0.049630253179238651 -0.026913872182530392 -0.03315543760276439 -0.014005034461354366 0.014081599180738405
leaf_weight=2034.2501530549489 1859.3221419504844 2977.6423190571368 1556.1896444606828 2741.7921958193183 1628.9238972119056 369.60305835679173 867.53354189242236 2791.4330122703686 1305.3823039650451 508.11438983632252 1168.0158938022796 2626.1633886895142 468.32166572241113 3204.8646488017403 1047.4694144588429 676.77124076103792 20050.454836923745 342.19054210092872 2498.8643373653758 790.57585366116837 1051.113418959314 13701.329793499783 388.99106060154736 418.58882557693869 1582.1761809010059 100.06284107454121 1229.6974391706754 1172.9252441875869 547.76463526533917 922.46010010829195
leaf_count=7016 15510 9189 267782 11261 8325 1263 49349 62744 143585 3207 3433 14131 1107 6116 4718 2236 423680 2716 14781 3878 49753 624180 6566 14007 19539 1256 107556 156577 3765 4494
internal_value=-2.75451e-12 0.0212877 -0.00877813 0.00933384 0.0375595 0.00518761 -0.00767762 -0.0113142 -0.0274453 -0.0043222 0.0232258 -0.0027945 0.0145843 0.0440393 0.003953 0.0103844 -0.00486537 0.0010927 -0.00568611 0.00159976 -0.00995929 -0.00829774 -0.014985 -0.0219622 -0.0266292 -0.00711478 -0.0179359 -0.0254219 0.0121404 0.0036149
internal_weight=72629 21204.6 51424.4 12225.2 8979.45 10190.9 48562.8 23303.9 2861.57 25258.9 2796.94 5510.58 4680.34 6182.51 2884.42 1836.95 24750.8 4700.38 2841.05 1160.18 21263.4 15982.1 5281.25 2489.82 2071.23 489.054 2280.81 2040.46 4212.02 1470.22
internal_count=2043720 80932 1962788 53869 27063 46853 1551421 1091527 411367 459894 11758 26226 20627 15305 12095 7377 456687 33007 17497 5141 885601 781489 104112 41368 27361 7822 157309 205926 19520 8259
is_linear=0
shrinkage=0.05


Tree=32
num_leaves=31
num_cat=0
split_feature=4 23 4 14 1 1 7 7 25 15 4 7 1 6 6 6 2 9 6 1 5 15 23 3 11 12 6 5 23 2
split_gain=5048.67 1090.32 892.194 341.22 311.509 295.079 228.578 212.996 211.771 172.039 140.212 214.379 138.871 112.749 108.485 100.015 87.7722 85.7041 76.158 75.979 75.7893 70.3975 66.2887 61.9802 59.9127 56.8627 55.8281 61.8648 55.4134 53.9281
threshold=1.0000000180025095e-35 0.5000000149011613 0.0043478262377902874 -0.10721676424145697 1.0000000180025095e-35 1.0000000180025095e-35 -0.13156066834926602 -0.14432308822870252 1.0000000180025095e-35 -0.1831848546862602 0.026956521905958656 -0.16935633122920987 1.0000000180025095e-35 -0.3321919292211532 -0.15231799334287641 -0.1443662494421005 -0.135512501001358 0.011304348241537811 -0.10001972317695616 0.0078260868322104233 0.50347825884819042 -0.16466539353132245 0.78571429848670971 -0.091438125818967805 -0.20021981000900266 0.023478261195123199 -0.14093188941478726 0.018260869197547439 0.6428571641445161 -0.15524160116910932
decision_type=2 2 2 2 2 2 2 2 2 2 2 2 2 2 2 2 2 2 2 2 2 2 2 2 2 2 2 2 2 2
left_child=1 4 5 10 -1 18 16 -5 9 -7 22 13 -3 29 -13 -8 17 -6 -2 26 21 -17 -4 25 -21 -16 -11 -28 -14 -12
right_child=2 12 3 7 6 8 15 -9 -10 19 11 14 28 -15 23 20 -18 -19 -20 24 -22 -23 -24 -25 -26 -27 27 -29 -30 -31
leaf_value=0.035869751089607813 0.024993580254193362 0.048271998457620514 -0.0060144001553913305 -0.03959682684205526 0.015518470296317564 0.0084628975542575206 0.015722177858624047 -0.015688515325744643 0.033961808005608919 0.013946803186025571 0.019889688952840327 -0.027037615120832605 0.027420709904096771 -0.029029937844954858 -0.018448553078005206 0.019544050968509391 0.031243863721986828 -0.028512355051995383 -4.2768039156110218e-06 -0.054998000700859244 -0.032175227552009522 -0.0067368546911488747 0.049520815079335888 -0.01483068333783083 -0.0083560644506468704 -0.0050700856851585976 0.020311252766474504 -0.0064196317054167748 0.041890384261813851 -0.034488651085528836
leaf_weight=1257.5951102318941 1997.0257858453551 3900.9756929780706 25259.964937831275 1317.9771326207556 1268.8693530524615 3876.770226387307 683.66760827344842 3181.0947437268915 483.57807019085158 698.04418107960373 186.12065264303237 815.00632903724909 1579.8432225932484 2215.046585771488 873.78836880903691 297.59668744122609 979.84885735996068 120.13635148620233 359.50585625052918 69.135658616200089 246.78982952330261 1737.2017399021424 52.859037890098989 2741.9494013360236 3874.9073787819361 8651.650588258286 250.49654631363228 1552.7682698650751 1152.9351657730294 59.307816023472697
leaf_count=3644 8653 8300 511260 241122 4315 26760 2590 337776 1469 4390 8447 65047 5945 238857 26671 935 2698 786 1716 610 1011 7401 329 99624 28237 388537 1501 7596 2841 4652
internal_value=2.91138e-12 0.0278989 -0.00630582 -0.00963169 0.0134939 0.00515443 0.00821269 -0.0226996 0.00165755 0.000140998 -0.00819213 -0.0119302 0.0422085 -0.0254684 -0.00938219 -0.00103917 0.0197894 0.0116924 0.0211816 -0.00486502 -0.00606632 -0.00288546 -0.00589648 -0.00820711 -0.00918739 -0.00629913 0.00195141 -0.00269717 0.0335384 0.00666253
internal_weight=71742.5 13225.5 58517 45354.8 6591.71 13162.2 5334.11 4499.07 10805.7 10322.1 40855.7 15542.9 6633.75 2460.48 13082.4 2965.26 2368.85 1389.01 2356.53 6445.35 2281.59 2034.8 25312.8 12267.4 3944.04 9525.44 2501.31 1803.26 2732.78 245.428
internal_count=2043720 40466 2003254 1922322 23380 80932 19736 578898 70563 69094 1343424 831835 17086 251956 579879 11937 7799 5101 10369 42334 9347 8336 511589 514832 28847 415208 13487 9097 8786 13099
is_linear=0
shrinkage=0.05


Tree=33
num_leaves=31
num_cat=0
split_feature=4 23 4 17 1 1 6 25 6 7 1 16 7 2 13 15 5 15 18 2 8 4 15 7 23 15 3 5 9 8
split_gain=4777.06 1002.75 861.298 307.71 279.63 279.522 198.527 196.882 143.774 141.33 136.589 113.99 223.362 114.127 92.8136 84.1993 83.2688 81.2058 76.4345 73.588 73.4571 71.5575 66.3483 66.2363 64.7036 58.3375 58.3361 91.7207 73.2476 58.2613
threshold=1.0000000180025095e-35 0.5000000149011613 0.0043478262377902874 0.099130440503358855 1.0000000180025095e-35 1.0000000180025095e-35 -0.15336318314075467 1.0000000180025095e-35 -0.14703661203384397 -0.067746564745903001 1.0000000180025095e-35 0.016521738842129711 -0.17076143622398374 -0.15619307756423947 0.0043478262377902874 -0.19959829747676847 0.38521739840507513 -0.078763764351606355 0.010461921337991955 -0.14476040750741956 0.049565218389034278 0.018260869197547439 -0.24984817206859586 -0.057097768411040299 0.78571429848670971 -0.092700488865375505 -0.14770639687776563 0.12086956202983858 0.0026086957077495758 0.049565218389034278
decision_type=2 2 2 2 2 2 2 2 2 2 2 2 2 2 2 2 2 2 2 2 2 2 2 2 2 2 2 2 2 2
left_child=1 4 5 11 -1 17 19 8 14 21 -3 24 13 -13 -7 16 -8 -2 29 -6 -20 -5 23 -10 -4 26 28 -28 -17 -14
right_child=2 10 3 9 6 7 15 -9 22 -11 -12 12 18 -15 -16 25 -18 -19 20 -21 -22 -23 -24 -25 -26 -27 27 -29 -30 -31
leaf_value=0.035122277145339463 0.021936072730675309 0.047781272201239955 -0.0062229956038461973 -0.0083029240597773668 0.011999369756822354 0.014210010334512102 0.032572779091919545 0.033250994921138824 0.02685138453266557 -0.010815539594730996 0.032914368792992435 -0.00075591718401909569 -0.006430920437384244 -0.028225101888294298 -0.001387087173091867 0.0059492280032985489 -0.016932838797168608 -0.066671312477321401 -0.017354887336751189 0.031654344430804802 -0.0078480795660353167 -0.03771660646601855 -0.0058374702057772277 -0.013262192066921122 0.048509624095954898 -0.02007625502176982 0.026128100754728042 -0.0015090431827094791 -0.019219731930197593 0.0091589106816411196
leaf_weight=1231.5066453267355 2294.5634725008858 3734.1001390760066 24351.551286564092 239.15119167603552 987.37978479336016 2324.332397331018 358.73604825953953 474.40000942896586 313.85488767852075 1065.6392699774588 2656.6275185004342 446.54327396838926 5876.2689627117943 2468.9895347197307 1616.8615478731226 547.75052727526054 110.50063709076494 25.209269180893898 3665.0959281485993 922.46482135495171 4565.4739895029925 1557.9408127394272 5793.7547217675019 152.13468909310177 53.130259353667498 382.40023103356361 457.46588628273457 869.38957826513797 610.23217512248084 666.45650802820455
leaf_count=3644 10192 8300 512842 8978 3744 15819 1015 1469 1770 108064 8786 33023 211937 273410 13867 1819 408 177 175656 2579 285468 273564 36995 643 342 2803 1296 3115 2957 39038
internal_value=-2.91824e-12 0.0275563 -0.00611945 -0.00939666 0.0136899 0.00521782 0.00865323 0.00179866 0.000332835 -0.0252566 0.0416072 -0.00831747 -0.0113738 -0.0240196 0.00781262 0.00129279 0.0209035 0.0209449 -0.00887662 0.0215044 -0.0120831 -0.0338091 -0.00437701 0.0137549 -0.00610186 -0.00192276 0.000877897 0.00803204 -0.00731942 -0.00484175
internal_weight=70819.9 12868.6 57951.4 44956.2 6477.83 12995.1 5246.32 10675.3 10200.9 2862.73 6390.73 42093.5 17688.8 2915.53 3941.19 3336.48 469.237 2319.77 14773.3 1909.84 8230.57 1797.09 6259.74 465.99 24404.7 2867.24 2484.84 1326.86 1157.98 6542.73
internal_count=2043720 40466 2003254 1922322 23380 80932 19736 70563 69094 390606 17086 1531716 1018532 306433 29686 13413 1423 10369 712099 6323 461124 282542 39408 2413 513184 11990 9187 4411 4776 250975
is_linear=0
shrinkage=0.05


Tree=34
num_leaves=31
num_cat=0
split_feature=4 23 4 1 16 1 25 6 4 7 6 13 6 13 15 2 5 6 15 7 5 23 2 13 6 9 15 6 12 14
split_gain=4471.43 936.515 777.416 297.497 281.534 266.442 188.147 175.455 158.648 172.543 151.581 136.45 91.579 88.9468 81.9342 73.075 71.1679 70.0715 66.1788 63.439 62.9683 61.6863 58.9429 58.1728 73.5975 56.9696 54.8898 52.9843 52.675 69.9585
threshold=1.0000000180025095e-35 0.5000000149011613 0.0043478262377902874 1.0000000180025095e-35 0.054782608523964889 1.0000000180025095e-35 1.0000000180025095e-35 -0.15336318314075467 0.037391304969787605 -0.15302141010761258 -0.14703661203384397 1.0000000180025095e-35 -0.1593619883060455 0.011304348241537811 -0.19959829747676847 -0.14476040750741956 0.38521739840507513 -0.3321919292211532 -0.24984817206859586 -0.057097768411040299 0.040869565680623061 0.78571429848670971 -0.1429636403918266 0.13478260487318042 -0.026649554260075089 0.011304348241537811 -0.15100657194852826 -0.10001972317695616 0.056521739810705192 -0.11153136193752287
decision_type=2 2 2 2 2 2 2 2 2 2 2 2 2 2 2 2 2 2 2 2 2 2 2 2 2 2 2 2 2 2
left_child=1 5 3 27 8 -1 10 15 21 17 13 -3 -11 -5 16 25 -9 -10 19 -12 -6 -4 -15 26 -25 -7 -14 -2 29 -28
right_child=2 11 4 6 20 7 -8 14 9 12 18 -13 23 22 -16 -17 -18 -19 -20 -21 -22 -23 -24 24 -26 -27 28 -29 -30 -31
leaf_value=0.034812717859619251 0.024535336007036789 0.045217887738292578 -0.0066126275055700748 0.010475641923654806 -0.041684994522405365 0.014457982974134151 0.032380358903724309 0.032093408986007557 0.0047150092994562211 -0.035013254266733816 0.026351374956302548 0.027923682522250051 -0.017532053689489173 -0.045797612287890262 -0.0014711341297205908 0.031083717588708357 -0.014354644724896013 -0.029259425093377058 -0.0063025195218909154 -0.013059998355839757 -0.010300751319026297 0.046049380117443785 -0.0031949388318250403 -0.027139895589548692 0.012457649959726751 -0.035411067563279185 -0.0065165907833281455 0.0030652442945382444 -0.00054810021586881104 -0.020159290879443903
leaf_weight=1201.8042364233406 1928.829941910808 4638.9527939086547 30839.930572238751 3433.3083997836802 792.58894535398576 920.39606848964468 467.13596767035779 352.42625538748689 164.88186092302203 369.89969895489048 308.75946408335585 1521.1521958021913 1420.502415361465 104.11270741419867 2829.4009471042082 904.76285363035277 106.92523816134781 1870.3877134918002 5804.8159000733867 151.56985259661451 201.11814270645846 54.723350779619068 357.48807470686734 816.91876350657549 136.40120265481528 60.123679499607533 4260.3723919524346 337.99279195850249 2328.7005212191725 1205.3090265598148
leaf_count=3644 8653 12141 768495 25445 195096 3293 1469 1015 8240 35785 1770 4945 88947 984 11990 2579 408 253740 36995 643 32641 359 3257 116338 15505 451 161450 1716 189144 56582
internal_value=4.31445e-11 0.0270502 -0.00591259 0.00489667 -0.00904734 0.0136139 0.00138824 0.00868421 -0.00844525 -0.0131802 -3.97514e-05 0.0409525 -0.0106043 0.00770483 0.00171123 0.0208408 0.0212738 -0.0265061 -0.00485486 0.0133744 -0.0353498 -0.00651786 -0.0128821 -0.00971298 -0.0214672 0.0113671 -0.00849476 0.0213368 -0.0068457 -0.00952826
internal_weight=69891.7 12535.9 57355.7 12894 44461.7 6375.84 10627.2 5174.04 43468 12573.4 10160.1 6160.1 10538.1 3894.91 3288.75 1885.28 459.351 2035.27 6265.15 460.329 993.707 30894.7 461.601 10168.2 953.32 980.52 9214.88 2266.82 7794.38 5465.68
internal_count=2043720 40466 2003254 80932 1922322 23380 70563 19736 1694585 925731 69094 17086 663751 29686 13413 6323 1423 261980 39408 2413 227737 768854 4241 627966 131843 3744 496123 10369 407176 218032
is_linear=0
shrinkage=0.05


Tree=35
num_leaves=31
num_cat=0
split_feature=4 23 4 1 1 4 15 25 6 7 1 6 5 13 11 4 7 6 2 2 15 6 9 12 23 15 7 23 6 12
split_gain=4047.27 946.425 707.228 281.921 278.131 267.519 200.579 185.672 152.011 146.266 137.017 104.535 88.4182 83.1803 81.2985 79.4067 184.159 101.489 75.5288 70.8832 66.1475 59.9504 58.4701 72.3635 56.5798 56.0254 53.7906 53.5168 52.1382 50.6019
threshold=1.0000000180025095e-35 0.5000000149011613 0.0043478262377902874 1.0000000180025095e-35 1.0000000180025095e-35 0.091304346919059767 -0.1861179322004318 1.0000000180025095e-35 -0.14703661203384397 -0.13262148946523664 1.0000000180025095e-35 -0.1067078374326229 0.049565218389034278 0.0060869567096233377 -0.18604379147291181 0.035652173683047302 -0.15571609884500501 -0.14256002753973004 -0.13526742905378339 -0.13305572420358655 -0.24984817206859586 -0.29876227676868433 0.13652173429727557 0.079130433499813094 0.78571429848670971 -0.13442293554544446 -0.057097768411040299 0.6428571641445161 -0.10001972317695616 0.040869565680623061
decision_type=2 2 2 2 2 2 2 2 2 2 2 2 2 2 2 2 2 2 2 2 2 2 2 2 2 2 2 2 2 2
left_child=1 4 3 28 -1 15 18 8 13 -7 -3 12 14 -5 -8 24 21 -18 -6 -14 26 -17 23 -11 -4 -25 -10 -12 -2 -19
right_child=2 10 5 7 6 9 11 -9 20 22 27 -13 19 -15 -16 16 17 29 -20 -21 -22 -23 -24 25 -26 -27 -28 -29 -30 -31
leaf_value=0.0345799920828097 0.024065667301100505 0.046880543457974995 -0.0063549088872738293 0.012449810560965087 0.012364335343754593 -0.041491876719993478 -0.039573429574038858 0.032463246514402709 0.025427634829327361 -0.03167683020794354 0.025274112046955288 -0.0099894601903000261 -0.0055635574828436993 -0.0037160296497814231 0.030724684007874471 0.0001315765101364438 -0.0272389293959313 -0.011938766627690405 0.033393029656882782 0.018251362742809914 -0.0063648901402301519 -0.027808439707416477 -0.032536398674394652 -0.028149455545184533 0.044130877820164387 -0.0010504846404988802 -0.011201587188898529 0.04013611050587898 0.0026573935643913072 -0.0039376401775669569
leaf_weight=1171.9862757221563 1898.186404884269 3426.4216748557228 29758.967847446213 2716.2422332067508 995.633889362216 806.11037118686363 43.943445138633251 456.35796397505328 305.10146576340776 357.62375097116455 1465.7782742871204 1388.6845910744742 1052.837910186965 1124.7045464271214 501.53936384571716 214.75828940677457 650.24596232594922 3057.5453884145245 749.2585086254403 443.14334595343098 5789.4329934108537 1809.1626929170452 436.23450398270506 234.21498039015569 54.615333166904747 1008.9417399670929 148.32162824692205 1043.9101015421911 334.80560984706972 5588.2059315816732
leaf_count=3644 8653 8300 728035 19808 3712 194911 293 1469 1770 30559 5945 6601 4245 9878 1454 11757 60889 110801 1965 1466 36995 249987 95338 27978 353 114292 643 2841 1716 297422
internal_value=-1.00007e-11 0.0260214 -0.00563253 0.00472409 0.0125962 -0.00864068 0.00761177 0.00130428 -0.000108943 -0.0234718 0.0403714 0.00058952 0.00778713 0.0077164 0.0249995 -0.00761501 -0.0111804 -0.00820295 0.021408 0.00149844 -0.00492399 -0.0248451 -0.0163238 -0.0118881 -0.00626095 -0.00617455 0.0134474 0.0314695 0.0208584 -0.00676827
internal_weight=69032.9 12283.1 56749.8 12773.2 6347.03 43976.6 5175.04 10540.2 10083.8 2843.13 5936.11 3430.15 2041.46 3840.95 545.483 41133.5 11319.9 9296 1744.89 1495.98 6242.86 2023.92 2037.01 1600.78 29813.6 1243.16 453.423 2509.69 2232.99 8645.75
internal_count=2043720 40466 2003254 80932 23380 1922322 19736 70563 69094 463078 17086 14059 7458 29686 1747 1459244 730856 469112 5677 5711 39408 261744 268167 172829 728388 142270 2413 8786 10369 408223
is_linear=0
shrinkage=0.05


Tree=36
num_leaves=31
num_cat=0
split_feature=13 4 23 25 13 6 4 15 15 1 7 16 5 4 18 5 23 7 3 15 5 6 5 3 9 18 1 6 5 3
split_gain=3765.34 771.937 740.045 336.633 258.207 200.356 162.741 145.819 134.285 121.374 115.596 115.228 177.565 91.8738 83.7592 80.9743 76.1609 72.8965 59.8914 48.7126 47.0544 44.2949 94.8926 47.6859 75.9598 46.3151 53.7682 44.176 43.953 59.9857
threshold=1.0000000180025095e-35 0.0026086957077495758 0.5000000149011613 1.0000000180025095e-35 0.1278260871767998 -0.13610426336526868 1.0000000180025095e-35 -0.098236095160245882 -0.16362153738737104 1.0000000180025095e-35 -0.091254118829965578 0.030434782616794113 0.035652173683047302 0.0043478262377902874 0.050888145342469222 0.0043478262377902874 0.6428571641445161 -0.024916185997426506 -0.11241833493113516 -0.16913498938083646 0.43391303718090063 -0.070711143314838396 0.13999999314546588 -0.089324977248907075 0.037391304969787605 0.019560386426746849 0.044347826391458518 -0.061057787388563149 0.2669565230607987 -0.20347093790769574
decision_type=2 2 2 2 2 2 2 2 2 2 2 2 2 2 2 2 2 2 2 2 2 2 2 2 2 2 2 2 2 2
left_child=2 3 5 8 11 -1 -4 -5 28 13 -6 16 -13 -7 19 -10 -3 -11 20 -14 -19 23 -23 24 25 26 -17 -8 29 -2
right_child=1 4 6 7 10 9 27 -9 15 17 -12 12 14 -15 -16 21 -18 18 -20 -21 -22 22 -24 -25 -26 -27 -28 -29 -30 -31
leaf_value=0.024242295332113896 0.007233922041447037 -0.0061025118103492327 0.044293746290120992 0.030548185812258245 -0.041539302705468295 0.02634684135745843 0.025309723688199351 -0.033627718446276593 0.025443632465114427 0.0018883239120027072 -0.015595155572054112 -0.030289568063773233 -0.017686064940564579 -0.01572094045137996 -0.026304783115230719 -0.003547251942542907 0.016610368402781867 -0.094162092982671794 0.013766683512219505 -0.0060469263917566863 -0.028189960817858423 -0.063911461907367559 0.0019386911080576863 0.015667824379946387 -0.035009345943607335 0.012777729109518769 -0.030334037751971406 -0.055125998397145805 -0.0031688458198420102 0.021214713947093861
leaf_weight=2417.3934134136653 2352.1743399009574 36170.789035068941 4266.9216841053567 1677.776762797148 746.9668223267654 799.33071059681242 1323.2753693801351 92.639705550391227 235.85718714399263 1710.7200858746655 1012.7038140732329 1179.3700708710821 1059.9738941241521 154.21539167920128 671.29789133905433 2746.2517444433179 371.95906338933855 30.765055488795042 75.314969358034432 5905.2906908910954 195.79670301172882 94.71901936060749 127.56015181017574 301.98813636205159 198.03116285800934 397.92924748873338 200.09335444588214 16.386197938816622 570.10401374427602 1138.9561244209763
leaf_count=9764 13185 962770 12141 5085 177505 3296 6211 589 1024 8085 137828 199266 84307 939 61788 14143 4544 200 406 322086 898 1135 1885 1631 1667 1661 1439 168 2856 5218
internal_value=2.96404e-11 -0.00514587 0.0268051 0.00737252 -0.00783838 0.0135606 0.0395181 0.027173 0.00317842 0.00484985 -0.0266256 -0.00710897 -0.0122397 0.0195339 -0.00944857 -0.00297677 -0.00587088 -0.00211357 -0.0247234 -0.00782045 -0.0375228 -0.00463098 -0.0262824 -0.00337258 -0.00499977 -0.00321282 -0.00537608 0.0242855 0.0096983 0.0117998
internal_weight=68242.6 57252.4 10990.1 10134.1 47118.4 5383.54 5606.58 1770.42 8363.66 2966.14 1759.67 45358.7 8815.93 953.546 7636.56 4302.43 36542.7 2012.6 301.877 6965.26 226.562 4066.57 222.279 3844.29 3542.31 3344.27 2946.35 1339.66 4061.23 3491.13
internal_count=2043720 2001612 42108 51518 1950094 23588 18520 5674 45844 13824 315333 1634761 667447 4235 468181 24585 967314 9589 1504 406393 1098 23561 3020 20541 18910 17243 15582 6379 21259 18403
is_linear=0
shrinkage=0.05


Tree=37
num_leaves=31
num_cat=0
split_feature=4 1 4 23 1 16 6 25 15 6 4 7 7 15 13 18 6 2 7 1 3 5 23 5 1 10 13 9 23 23
split_gain=3546.43 851.128 617.572 328.796 263.771 221.786 161.341 141.174 123.756 112.058 109.707 109.122 79.4672 104.948 74.3598 96.8132 71.3943 64.9944 63.9553 62.2632 69.1238 61.3545 60.4135 59.7627 59.1751 55.8464 55.5058 54.3168 53.0613 51.4526
threshold=1.0000000180025095e-35 1.0000000180025095e-35 0.0043478262377902874 0.5000000149011613 0.0026086957077495758 0.054782608523964889 -0.15336318314075467 1.0000000180025095e-35 -0.16796874254941938 -0.10245272889733313 0.044347826391458518 -0.14432308822870252 -0.049224952235817902 -0.1977766081690788 0.01304347859695554 0.022148325107991699 -0.1593619883060455 -0.14476040750741956 -0.049224952235817902 0.0026086957077495758 -0.16755617409944532 0.040869565680623061 0.6428571641445161 0.040869565680623061 0.065217390656471266 -0.13012435287237165 1.0000000180025095e-35 0.011304348241537811 0.78571429848670971 0.6428571641445161
decision_type=2 2 2 2 2 2 2 2 2 2 2 2 2 2 2 2 2 2 2 2 2 2 2 2 2 2 2 2 2 2
left_child=1 22 4 6 9 10 17 8 18 26 28 -12 13 -8 15 19 -13 27 -6 -15 -21 -11 -1 -7 -18 -14 -2 -3 -4 -5
right_child=2 3 5 29 7 23 12 -9 -10 21 11 16 25 14 -16 -17 24 -19 -20 20 -22 -23 -24 -25 -26 -27 -28 -29 -30 -31
leaf_value=0.037538076220484627 0.026022082812818037 0.01359255116534209 -0.0063301316585585923 0.023968477173473769 0.0085802350251243942 -0.039864126951621719 0.03218633221507182 0.030676745693598517 -0.0068148447347258908 0.023025233291410568 -0.024814318362054204 -0.038264191939318966 -0.034055344510901135 0.019752929003283501 -0.028376224028937854 0.033697463656128794 -0.0057006231487111538 0.029456928067588789 -0.0090987994120766569 -0.022407585496958298 0.0023280901024261258 -0.010394615233974322 0.049598863209632381 -0.0081612027461623136 -0.015014723498848054 -0.0043948776406957995 0.012619106119479856 -0.035365758254704213 0.042154145228661496 0.038979523557714814
leaf_weight=2410.3742882891092 1612.2043908146443 888.51450164150447 33277.786159945535 1399.1558812898002 2924.5907441435847 685.03482231521048 314.36868534889072 351.98431935493136 4823.9709646463161 181.56641553156078 1492.4319706954993 216.26077894214541 225.40100384526886 325.28948707086965 191.18063656147569 242.92268347088248 4580.9705623090267 863.45225817454048 619.11143428669311 388.55135329719633 1026.5788716790266 553.36953195859678 1861.64707374727 190.53853090095799 2717.6342470527161 531.96133606461808 1489.0642313216813 59.558645721757784 55.54333155695349 974.35334054648411
leaf_count=7678 6550 3293 930350 5945 22665 195096 937 1209 33848 863 223333 24427 1042 963 1645 628 300751 2579 3369 1892 3771 2667 4266 32641 215356 2535 9761 451 368 2841
internal_value=-3.35089e-11 0.0250222 -0.00525107 0.0147955 0.00450991 -0.00808702 0.00758801 -0.000297344 -0.00160377 0.015434 -0.00757144 -0.0124676 0.000915505 0.00523129 0.00132142 0.00419693 -0.0100125 0.019538 0.00548988 6.23422e-05 -0.00447459 -0.00211815 0.0428043 -0.0329823 -0.00917031 -0.0132555 0.0195928 0.0104829 -0.00624808 0.0301445
internal_weight=67475.4 11703.3 55772.1 7431.29 12555.9 43216.2 5057.78 8719.66 8367.67 3836.2 42340.6 9007.3 3246.25 2488.89 2174.52 1983.34 7514.87 1811.53 3543.7 1740.42 1415.13 734.936 4272.02 875.573 7298.6 757.362 3101.27 948.073 33333.3 2373.51
internal_count=2043720 40466 2003254 28522 80932 1922322 19736 61091 59882 19841 1694585 763867 13413 9836 8899 7254 540534 6323 26034 6626 5663 3530 11944 227737 516107 3577 16311 3744 930718 8786
is_linear=0
shrinkage=0.05


Tree=38
num_leaves=31
num_cat=0
split_feature=4 1 4 25 1 16 25 5 15 6 6 4 10 15 0 6 14 12 13 23 5 18 5 23 13 5 5 6 0 9
split_gain=3413.52 779.24 582.33 282.315 259.587 201.548 137.449 127.912 119.383 106.23 100.553 77.1677 76.2005 75.2536 63.8021 70.9322 65.7671 77.4634 59.5127 58.2188 57.9027 55.9037 55.8001 53.85 53.6126 53.2415 52.3827 63.7248 48.5381 97.313
threshold=1.0000000180025095e-35 1.0000000180025095e-35 0.0043478262377902874 1.0000000180025095e-35 0.0026086957077495758 0.054782608523964889 1.0000000180025095e-35 0.049565218389034278 -0.1846310421824455 -0.099186036735773073 -0.1443662494421005 0.049565218389034278 -0.12025316432118414 -0.19408079236745832 0.030434782616794113 -0.030688317492604252 -0.10246925055980681 0.051304347813129432 0.0078260868322104233 0.6428571641445161 0.025217391550540928 0.021895092912018303 0.28782609105110174 0.78571429848670971 1.0000000180025095e-35 0.039130434393882758 0.25304347276687628 -0.35853400826454157 0.10347826033830644 0.054782608523964889
decision_type=2 2 2 2 2 2 2 2 2 2 2 2 2 2 2 2 2 2 2 2 2 2 2 2 2 2 2 2 2 2
left_child=1 19 4 7 9 11 8 18 22 24 -5 23 26 -9 -14 16 17 -16 -3 -1 -7 -20 -6 28 -2 -11 27 -13 29 -4
right_child=2 3 5 10 6 20 -8 13 -10 25 -12 12 14 -15 15 -17 -18 -19 21 -21 -22 -23 -24 -25 -26 -27 -28 -29 -30 -31
leaf_value=0.037093077315431343 0.025378675941762397 0.021319355010517658 -0.006766405449515219 0.038880200475634591 0.0097386948667274511 -0.039480461689003064 0.030493665876661372 0.0159431424330372 -0.0060834400733660674 0.022465054478015341 0.017271685265252332 0.025286704567745157 -0.0025913458599500921 -0.0023705132571291308 -0.02538803894120667 0.016824301109380751 -0.028116507049820522 -0.0054920358121835723 -0.046155129322740511 0.04917471151897878 -0.0086024213652083053 0.0096697826870957484 -0.007976180448096162 0.042116486239328746 0.012304779037023265 -0.01140076743130659 -0.01290022491761029 -0.036044542291228464 -0.011374122957243505 0.002663467071965494
leaf_weight=2336.8295138507383 1630.0853045555414 1796.8884118491551 27694.408220732934 1302.1536592539633 2390.6374226305634 639.11714316706639 345.12597288296092 740.50723342271522 5386.9886307609268 151.50848088506609 921.9510615071631 44.532203558832407 2031.2567134932615 2302.7635520066833 694.74918125115801 177.54046656016726 785.01974249054911 1650.8006402783794 61.861442903056741 1775.3766111990844 199.89378082938492 155.63898477936164 545.21341838059016 55.955173091497272 1517.0726713996846 484.71400222822558 701.3340100380592 667.30563477030955 4539.83376319136 3035.2551430825843
leaf_count=7678 6732 6075 702127 3776 19066 192452 1209 2716 38076 716 4068 3071 153141 10747 47368 18043 134300 158534 533 4266 35285 607 2740 373 10011 2382 57420 70592 222585 127031
internal_value=-5.12195e-12 0.0249217 -0.00512886 0.015092 0.00439072 -0.00789078 -0.000379299 0.00856036 -0.00166303 0.0153164 0.0299347 -0.00740646 -0.012304 0.00208945 -0.00956827 -0.0138502 -0.0155946 -0.0113935 0.0183305 0.0423198 -0.0321428 -0.0063465 0.00644729 -0.00646996 0.0190824 -0.00331344 -0.0226264 -0.0321776 -0.00654823 -0.00583493
internal_weight=66762.3 11394 55368.3 7281.76 12451.3 42917 8667.97 5057.66 8322.84 3783.38 2224.1 42078 6752.54 3043.27 5339.37 3308.11 3130.57 2345.55 2014.39 4112.21 839.011 217.5 2935.85 35325.5 3147.16 636.222 1413.17 711.838 35269.5 30729.7
internal_count=2043720 40466 2003254 28522 80932 1922322 61091 20678 59882 19841 7844 1694585 642469 13463 511386 358245 340202 205902 7215 11944 227737 1140 21806 1052116 16743 3098 131083 73663 1051743 829158
is_linear=0
shrinkage=0.05


Tree=39
num_leaves=31
num_cat=0
split_feature=13 23 25 4 15 16 1 15 4 5 27 6 7 6 16 5 4 18 6 12 5 9 7 8 13 8 4 13 7 13
split_gain=3102.97 646.174 625.215 303.504 239.373 188.633 187.034 170.336 143.64 105.799 98.3207 97.0675 88.6309 79.6383 74.0262 95.8463 68.0079 63.5896 65.5297 62.2396 96.6536 75.478 63.3761 62.1751 60.5932 57.7584 62.078 56.8562 50.0901 47.9674
threshold=1.0000000180025095e-35 0.5000000149011613 1.0000000180025095e-35 0.0043478262377902874 -0.097639203071594224 0.054782608523964889 0.0078260868322104233 -0.17386053502559659 1.0000000180025095e-35 0.0060869567096233377 1.0000000180025095e-35 -0.10001972317695616 -0.049224952235817902 -0.16340570896863935 0.026956521905958656 0.033913042396306999 0.01304347859695554 0.050888145342469222 -0.026649554260075089 0.01304347859695554 0.011304348241537811 0.039130434393882758 -0.10877612233161925 0.020000000484287742 0.056521739810705192 1.0000000180025095e-35 0.0026086957077495758 0.011304348241537811 -0.13951624184846875 0.0060869567096233377
decision_type=2 2 2 2 2 2 2 2 2 2 2 2 2 2 2 2 2 2 2 2 2 2 2 2 2 2 2 2 2 2
left_child=1 6 3 7 10 14 11 12 -3 -9 16 -1 -2 -8 19 -16 -4 -17 -19 21 -21 22 27 -18 -22 -15 -27 -5 -7 -24
right_child=2 8 4 5 -6 28 13 9 -10 -11 -12 -13 -14 25 15 17 23 18 -20 20 24 -23 29 -25 -26 26 -28 -29 -30 -31
leaf_value=0.022262227972120505 0.010653481534722051 0.042889308597522408 0.023735263341053255 -0.0012595765640447468 -0.028168696082919199 -0.040989111066653525 0.01871531465752994 0.019546961727977374 0.023474981519657934 -0.0054870241073989023 0.046184352020581285 0.0038996570501601564 -0.0075307851052868833 -0.036704296879295877 -0.025653773023094323 -0.0079738729199487369 -0.050248904982572423 -0.025213803543564513 0.013599328246566768 -0.02157839586017005 -0.00184117405750944 -0.031137545410006781 -0.016179202767725796 0.011263391384588194 -0.01048628919452671 0.0053093114483647764 -0.02590159942235138 -0.012697994421262682 -0.011711800366327102 -0.0077976732924312092
leaf_weight=3089.1375618557213 4467.7866706727073 3782.815154265787 1470.3291524003725 4356.177425150061 226.50163065211382 531.36191773030441 274.98016346362419 449.30466981464997 1279.1989725427702 6730.7500696144998 462.82185977592599 938.82874602649827 787.55794879165478 186.28444092301652 1001.9210781392176 8604.9188847109908 58.933918207418174 960.38119338196702 121.98391558800358 746.37737291981466 13181.544245388242 361.24414843693376 2848.1920533981174 129.76469092315529 2394.293728082208 461.60950237140059 242.07797086029314 1446.4644414908253 202.75513204559684 4268.2918727239594
leaf_count=12621 30329 12141 5762 72013 14245 163403 1380 2947 6379 43926 1435 4341 4015 925 162342 529884 904 112734 13091 71417 436344 6636 20877 7454 150300 1728 2593 44571 47579 59404
internal_value=-3.05829e-11 0.0252778 -0.00464512 -0.0057544 0.0205999 -0.00782848 0.0128822 0.0010883 0.0379888 -0.00391797 0.0258167 0.0179844 0.0079275 -0.00475925 -0.00737032 -0.010937 0.0201103 -0.00941241 -0.020831 -0.0060821 -0.00401369 -0.00862379 -0.0079919 -0.0081116 -0.00317068 -0.0120252 -0.00544918 -0.00411261 -0.03293 -0.011154
internal_weight=66064.6 10254.9 55809.7 53461.3 2348.35 41025.9 5192.92 12435.4 5062.01 7180.05 2121.85 4027.97 5255.34 1164.95 40291.8 10689.2 1659.03 9687.28 1082.37 29602.6 16322.2 13280.4 12919.1 188.699 15575.8 889.972 703.687 5802.64 734.117 7116.48
internal_count=2043720 42108 2001612 1971812 29800 1890595 23588 81217 18520 46873 15555 16962 34344 6626 1679613 818051 14120 655709 125825 861562 658061 203501 196865 8358 586644 5246 4321 116584 210982 80281
is_linear=0
shrinkage=0.05


Tree=40
num_leaves=31
num_cat=0
split_feature=13 25 23 13 7 6 16 15 4 18 27 1 4 15 7 4 1 15 4 5 4 15 6 4 7 9 8 6 15 23
split_gain=2917.93 630.203 600.343 310.454 216.623 169.834 166.104 161.462 144.428 96.5901 94.1641 90.8781 83.4089 82.7832 90.7693 76.7839 62.5467 62.2883 61.2929 53.3243 101.29 58.1375 52.1967 51.0913 49.111 48.3427 46.0584 45.4894 45.2547 44.3834
threshold=1.0000000180025095e-35 1.0000000180025095e-35 0.5000000149011613 0.0060869567096233377 -0.13489941507577893 -0.13610426336526868 0.054782608523964889 -0.097639203071594224 1.0000000180025095e-35 0.0043478261213749656 1.0000000180025095e-35 1.0000000180025095e-35 0.0043478262377902874 -0.17635864019393918 -0.030663042329251763 0.01304347859695554 0.0026086957077495758 -0.078763764351606355 0.1086956523358822 0.033913042396306999 0.018260869197547439 -0.08772778138518332 -0.03744897618889808 0.0078260868322104233 -0.13951624184846875 0.0826086960732937 0.011304348241537811 -0.067251455038785921 -0.12573043256998059 0.6428571641445161
decision_type=2 2 2 2 2 2 2 2 2 2 2 2 2 2 2 2 2 2 2 2 2 2 2 2 2 2 2 2 2 2
left_child=2 3 5 4 9 -1 18 10 29 16 15 12 17 14 -6 -3 -2 -7 19 20 21 -5 25 -10 -8 28 -17 -14 -20 -4
right_child=1 7 8 6 13 11 24 -9 23 -11 -12 -13 27 -15 -16 26 -18 -19 22 -21 -22 -23 -24 -25 -26 -27 -28 -29 -30 -31
leaf_value=0.023038518833030312 0.0099412615392573522 0.023690308500919237 0.036273635578048358 -0.0044977709210782093 0.014366193977572406 0.026688877804148383 -0.040319804186909357 -0.021388396335446914 0.025286686177168186 0.016448709313456586 0.04552038127412722 -0.0013968500719447857 -0.0069900478633923768 -0.0076188965910629347 -0.0086371533288808738 -0.078734487241961859 -0.0022217718782540185 -0.071572655971211943 -0.031524839691807985 -0.0063249754141787747 -0.020657273311342355 -0.043396073787548839 0.0016235073774568749 -0.017332983914890982 -0.010884098653887606 -0.03140532257634477 -0.0012521257017769581 -0.099065304010661395 0.00033693512549117302 0.047475095644584221
leaf_weight=2278.4012684178888 1936.1199817935703 1439.3448824985535 1634.8379148703534 2709.5029682694003 1020.3557579336921 738.71847292786697 502.02087094524177 201.9922123310389 1188.9496842533117 2079.4508935250342 452.54033416346647 1937.3046401091851 137.02649644669145 6022.1902835360961 738.34666115464643 20.60330031812191 2325.6202563834377 15.552701924811116 168.63047797477338 32105.427452012664 1975.1902803919511 98.612220144830644 281.76043186569586 74.056699983775616 198.56639027129859 645.41225991293322 171.27566580241546 13.895291525404899 324.84559732535854 1993.2413778550108
leaf_count=9764 16991 5762 6564 83685 7702 3152 163078 14245 5599 22888 1435 9589 805 41978 4944 320 26234 144 26700 1078226 262949 3099 26811 780 47525 124722 8038 134 34280 5577
internal_value=4.31977e-11 -0.00448814 0.0248405 -0.00559419 0.00075805 0.0128709 -0.00789374 0.0212131 0.0373672 0.00761707 0.025351 0.00471588 0.0177855 -0.0048321 0.0047094 0.0197311 0.00330496 0.0245707 -0.00745199 -0.00705912 -0.0119843 -0.00587872 -0.0176411 0.0227759 -0.0320043 -0.0224044 -0.00993699 -0.0160636 -0.0105926 0.042439
internal_weight=65429.8 55417.8 10012 53132.1 14122.1 5120.9 39010 2285.76 4891.09 6341.19 2083.76 2842.5 905.193 7780.89 1758.7 1631.22 4261.74 754.271 38309.4 36888.7 4783.31 2808.12 1420.65 1263.01 700.587 1138.89 191.879 150.922 493.476 3628.08
internal_count=2043720 2001612 42108 1971812 120737 23588 1851075 29800 18520 66113 15555 13824 4235 54624 12646 14120 43225 3296 1640472 1427959 349733 86784 212513 6379 210603 185702 8358 939 60980 12141
is_linear=0
shrinkage=0.05


Tree=41
num_leaves=31
num_cat=0
split_feature=13 25 23 13 5 6 16 4 6 1 15 7 4 18 27 4 18 5 9 17 0 6 4 23 9 10 5 1 2 15
split_gain=2695.5 623.168 589.114 302.551 184.341 172.21 150.652 136.164 135.926 124.368 80.7482 76.1761 58.9868 56.345 55.125 54.1892 50.9624 48.5094 47.0224 57.8881 52.0651 68.7875 45.6056 44.327 42.4278 51.8172 41.7441 52.2415 48.5343 41.7661
threshold=1.0000000180025095e-35 1.0000000180025095e-35 0.5000000149011613 0.0060869567096233377 0.053043477237224586 -0.13610426336526868 0.054782608523964889 1.0000000180025095e-35 -0.10582626610994338 1.0000000180025095e-35 -0.14803422242403028 -0.041074030101299279 0.1086956523358822 0.01457008393481374 1.0000000180025095e-35 0.0043478262377902874 0.0080051976256072539 0.018260869197547439 0.025217391550540928 0.027391304261982444 0.039130434393882758 -0.084513116627931581 0.0078260868322104233 0.6428571641445161 0.14347826689481738 -0.11147240921854971 0.13130434602499011 0.0060869567096233377 -0.16495393961668012 -0.093926679342985139
decision_type=2 2 2 2 2 2 2 2 2 2 2 2 2 2 2 2 2 2 2 2 2 2 2 2 2 2 2 2 2 2
left_child=2 3 5 4 13 -1 12 23 14 15 11 16 -5 -2 -3 -7 -6 -8 20 -20 21 -10 -9 -4 25 -14 27 29 -28 -11
right_child=1 8 7 6 10 9 17 22 18 26 -12 -13 24 -15 -16 -17 -18 -19 19 -21 -22 -23 -24 -25 -26 -27 28 -29 -30 -31
leaf_value=0.022672462370947756 0.0066301490193537748 0.02366161121916684 0.035688070028135531 -0.0068843244702747513 0.0031240498051328075 0.025177066785432439 -0.037648577850408135 0.024990316829041681 0.014296244003022035 0.021375435527685414 -0.0075838275170672905 -0.0086547123956630355 -0.032732125317902261 0.023875392203813812 0.04514180445219669 -0.0088010089429698887 0.02009490203883272 -0.0033825234001160619 -0.088151874529838553 -0.0086473348217423716 0.039629991540515053 -0.043818060097481015 -0.01594576268337608 0.047109894853506355 -0.035699179690412176 -0.0073921812161476964 -0.050065671944282901 -0.0099846655794099994 -0.00634551964489408 -0.025113138677923127
leaf_weight=2247.5249442367931 4639.2487180926837 1276.6210523832124 1579.0781991989934 36631.343484469573 2039.9976557331393 738.07543429051293 543.74001739383675 1170.2948880400509 186.95774393103784 431.91303694900125 5103.7643303733785 1146.702002996346 260.90218742284924 526.78580651595257 391.86715481511783 138.96822443883866 564.03889754135162 127.70867188903503 25.472201845375821 171.7111509423703 109.36123802396469 68.840786103974096 71.576849318109453 1900.2599806981161 256.33098410908133 882.48341651738156 66.41349686589092 311.92971429321915 1098.6813473920338 53.53674405021593
leaf_count=9764 50177 9651 6564 1427959 15977 3296 190098 5599 964 1765 35971 8078 40079 6312 1185 939 4222 20505 293 16657 407 643 780 5577 57395 115039 348 2120 5087 269
internal_value=8.12387e-12 -0.0043096 0.0241439 -0.00540498 0.000887958 0.0123352 -0.00768465 0.0368624 0.0215691 0.00414796 -0.00349117 0.00207838 -0.00726963 0.00839294 0.0287305 0.0197893 0.00680627 -0.0311459 0.000307719 -0.0193107 0.0109253 -0.00145327 0.02262 0.0419379 -0.0173411 -0.0131979 -0.00284879 0.0059616 -0.00887848 0.0162075
internal_weight=64762.1 54953.9 9808.25 52723 14020.5 5087.04 38702.5 4721.21 2230.83 2839.52 8854.5 3750.74 38031.1 5166.03 1668.49 877.044 2604.04 671.449 562.343 197.183 365.16 255.799 1241.87 3479.34 1399.72 1143.39 1962.47 797.379 1165.09 485.45
internal_count=2043720 2001612 42108 1971812 120737 23588 1851075 18520 29800 13824 64248 28277 1640472 56489 10836 4235 20199 210603 18964 16950 2014 1607 6379 12141 212513 155118 9589 4154 5435 2034
is_linear=0
shrinkage=0.05


Tree=42
num_leaves=31
num_cat=0
split_feature=13 25 23 13 7 6 16 23 15 1 18 4 4 1 1 18 4 11 4 27 7 18 17 9 10 5 1 4 6 2
split_gain=2559.92 567.654 553.708 274.799 169.618 158.299 136.787 130.018 124.795 112.105 87.654 81.2316 64.5047 62.8026 62.3494 88.2307 54.2515 51.1274 50.8015 46.9143 46.8788 42.1276 40.2917 40.1003 48.0526 40.0633 47.351 38.1947 38.3983 36.8716
threshold=1.0000000180025095e-35 1.0000000180025095e-35 0.5000000149011613 0.0060869567096233377 -0.1360407471656799 -0.13610426336526868 0.054782608523964889 0.6428571641445161 -0.096982415765523897 1.0000000180025095e-35 0.0043478261213749656 0.01304347859695554 1.0000000180025095e-35 0.0026086957077495758 0.046086955815553672 0.013858588878065349 0.0043478262377902874 -0.2400281876325607 0.1086956523358822 1.0000000180025095e-35 -0.13951624184846875 0.00075306560029275726 0.042608698830008514 0.14347826689481738 -0.11147240921854971 0.13130434602499011 0.0060869567096233377 0.0095652174204587954 -0.06672887876629828 -0.16090878844261167
decision_type=2 2 2 2 2 2 2 2 2 2 2 2 2 2 2 2 2 2 2 2 2 2 2 2 2 2 2 2 2 2
left_child=2 3 5 4 10 -1 18 12 11 16 13 19 -4 -2 15 17 -7 -6 29 -3 -8 -19 -16 24 -20 26 -11 28 -14 -5
right_child=1 8 7 6 14 9 20 -9 -10 25 -12 -13 27 -15 22 -17 -18 21 23 -21 -22 -23 -24 -25 -26 -27 -28 -29 -30 -31
leaf_value=0.022364797720630124 0.009441842353194391 0.02344172029877364 0.035099561585765597 -0.0013395962623334672 0.0094872890637112926 0.024890066553449632 -0.039023598086669192 0.045696404093242576 -0.018795163038367396 0.016323569428858948 0.015318540484380964 -0.0034898285279188904 0.021627908787563731 -0.0028888979780198431 -0.026199210596198893 0.017326428959651766 -0.0091584285253206565 0.0079171658400235892 -0.031812468716479407 0.042880619270397886 -0.009439758631835788 -0.0070821841187403579 0.011799897248303185 -0.034843302936476195 -0.0069435699881808203 -0.0081282524325153923 -0.0087694054894964842 -0.033210118000616524 -0.064924821016849626 -0.0071484402955555963
leaf_weight=2214.4290982734528 1895.2696189326234 1390.3069073110237 1527.5924354844319 2975.7419082568958 597.93606940074824 727.40869938267861 452.27836456289515 2073.5915638559964 183.3053540866822 478.8227114956826 2069.0584019431844 233.93893531721551 914.75962552556302 2266.491724752821 462.03372715297155 498.76643343130127 138.83971737744287 510.18558243906591 249.0475323908031 401.91159016219899 191.16618303407449 5577.6187107658479 81.537203483982012 243.74133188423002 874.42227088450454 1153.0713953664526 308.30405380972661 33.541285874787718 12.053290316835044 33397.270665046643
leaf_count=9764 16904 5772 6564 101051 4335 3296 163078 6508 14162 2034 22726 8769 4838 26047 3866 3248 939 2747 40079 1097 47525 40007 857 57395 115039 5435 2120 473 137 1326908
internal_value=7.45685e-12 -0.00418679 0.0238331 -0.00523483 0.000772684 0.0123732 -0.00741954 0.0364415 0.0206327 0.00448409 0.00691034 0.0242072 0.0287127 0.00272745 -0.0041761 -0.00293928 0.0194286 -0.0044535 -0.00702929 0.0278224 -0.0302626 -0.00582408 -0.020488 -0.0164893 -0.0124798 -0.00219482 0.00649643 0.0185274 0.0204335 -0.00667326
internal_weight=64134.4 54552 9582.41 52342.6 13958.9 5020.88 38383.7 4561.54 2209.46 2806.45 6230.82 2026.16 2487.95 4161.76 7728.08 7184.51 866.248 6685.74 37740.2 1792.22 643.445 6087.8 543.571 1367.21 1123.47 1940.2 787.127 960.354 926.813 36373
internal_count=2043720 2001612 42108 1971812 120737 23588 1851075 18520 29800 13824 65677 15638 12012 42951 55060 50337 4235 47089 1640472 6869 210603 42754 4723 212513 155118 9589 4154 5448 4975 1427959
is_linear=0
shrinkage=0.05


Tree=43
num_leaves=31
num_cat=0
split_feature=13 25 23 13 5 6 23 16 4 1 15 15 7 4 15 4 5 27 4 4 17 15 0 27 17 9 10 5 24 6
split_gain=2382.69 544.142 534.7 256.794 162.301 156.877 126.138 123.114 120.013 104.419 84.9498 65.9915 61.4587 58.7686 57.006 49.0487 45.7909 44.9843 44.893 43.6596 39.644 44.7566 38.5498 38.0677 54.0341 37.722 44.4205 37.6596 36.334 96.6811
threshold=1.0000000180025095e-35 1.0000000180025095e-35 0.5000000149011613 0.0060869567096233377 0.030434782616794113 -0.13610426336526868 0.6428571641445161 0.054782608523964889 0.01304347859695554 1.0000000180025095e-35 -0.17635864019393918 -0.098236095160245882 -0.013634524773806332 1.0000000180025095e-35 -0.077492147684097276 0.0043478262377902874 0.018260869197547439 1.0000000180025095e-35 0.0060869567096233377 0.1086956523358822 0.014565217308700086 -0.11773850023746489 0.033913042396306999 1.0000000180025095e-35 0.020000000484287742 0.14347826689481738 -0.11147240921854971 0.24260868877172473 1.0000000180025095e-35 -0.074861496686935411
decision_type=2 2 2 2 2 2 2 2 2 2 2 2 2 2 2 2 2 2 2 2 2 2 2 2 2 2 2 2 2 2
left_child=2 3 5 4 18 -1 13 19 11 14 12 17 22 -4 15 -7 -9 -3 -2 -5 -12 27 -6 24 -10 26 -21 -22 -11 -30
right_child=1 8 6 7 10 9 -8 16 23 28 20 -13 -14 -15 -16 -17 -18 -19 -20 25 21 -23 -24 -25 -26 -27 -28 -29 29 -31
leaf_value=0.022048563075400995 0.012166417250376173 0.023296372393550594 0.034474004090436862 -0.0064887172459443063 0.0052629850680826207 0.025752472457998044 0.045271366005449315 -0.036173406599595545 -0.059272019663718291 0.004035853037262809 -0.0071131296272061613 -0.014669133419394909 -0.010181795834122745 0.018469750576852833 -0.071124893757260499 -0.0072652720851810702 -0.0022068627732251818 0.042622607674929064 -0.0015129155085887643 -0.03090779154278709 0.021403885338997165 -0.0082974842553467914 0.022663425886931741 0.040979763686802874 -0.0034140417840871867 -0.033984072479725569 -0.0065515157312625947 -0.0063947966110649282 -0.0032981427404726476 -0.052114858395134106
leaf_weight=2183.5368665938731 3090.4500366640277 1363.6947322262567 1478.3708039143239 36098.363865197636 2035.7216177934315 706.77914864209015 1987.9668324566155 491.91405064542778 52.219342339783907 1045.3162265245337 6031.919279720285 96.848657409078442 575.72591274045408 944.19820588151924 16.364340495201759 133.27714394312352 124.40134975576075 388.69899799267296 743.89257152099162 238.03112375887576 394.05206323042512 445.50228896457702 376.55970326066017 34.671463334234431 232.933790261799 232.00266303512035 867.30640579981264 175.60752025805414 772.94702770584263 115.77338554058224
leaf_count=9764 24550 5744 6564 1427959 16824 3170 6508 190098 752 4763 41942 725 3982 5448 178 887 20505 1096 20257 40079 3687 4513 3351 431 21052 57395 115039 1631 3774 1052
internal_value=3.88757e-11 -0.00403515 0.0232558 -0.0050603 0.000764023 0.0120135 0.0359287 -0.00718315 0.0204951 0.0041559 -0.00257945 0.0253843 0.00448441 0.0282465 0.0186798 0.0205117 -0.029332 0.027605 0.00951282 -0.00681774 -0.00557478 0.00356384 0.00798748 -0.00776521 -0.0138146 -0.0156874 -0.0118198 0.0128383 -0.00228184 -0.00970891
internal_weight=63475 54090.5 9384.53 51921.5 13869.4 4973.99 4410.54 38052 2169.07 2790.46 10035.1 1849.24 2988.01 2422.57 856.421 840.056 616.315 1752.39 3834.34 37435.7 7047.08 1015.16 2412.28 319.825 285.153 1337.34 1105.34 569.66 1934.04 888.72
internal_count=2043720 2001612 42108 1971812 120737 23588 18520 1851075 29800 13824 75930 7565 24157 12012 4235 4057 210603 6840 44807 1640472 51773 9831 20175 22235 21804 212513 155118 5318 9589 4826
is_linear=0
shrinkage=0.05


Tree=44
num_leaves=31
num_cat=0
split_feature=13 25 23 4 5 15 7 1 23 6 4 13 7 4 4 18 8 7 2 13 2 15 4 6 16 18 6 6 27 8
split_gain=2281.15 543.627 484.945 243.074 199.026 166.555 155.98 143.912 123.798 104.433 95.2699 76.3333 71.5463 68.1798 65.3667 60.4677 66.5953 60.5371 57.3324 97.8544 56.148 55.8957 55.627 53.3677 43.9849 42.8515 42.2956 42.0029 41.9018 41.8803
threshold=1.0000000180025095e-35 1.0000000180025095e-35 0.5000000149011613 0.0078260868322104233 0.01304347859695554 -0.16796874254941938 -0.049224952235817902 0.0026086957077495758 0.6428571641445161 -0.16340570896863935 0.01304347859695554 0.054782608523964889 -0.23047929257154462 0.018260869197547439 0.0078260868322104233 0.020959948189556602 0.054782608523964889 -0.13156066834926602 -0.13196888566017148 0.011304348241537811 -0.14073128253221509 -0.098236095160245882 1.0000000180025095e-35 -0.090689182281494127 0.030434782616794113 0.050888145342469222 -0.026649554260075089 -0.60058778524398793 1.0000000180025095e-35 0.075652174651622786
decision_type=2 2 2 2 2 2 2 2 2 2 2 2 2 2 2 2 2 2 2 2 2 2 2 2 2 2 2 2 2 2
left_child=2 3 7 5 13 6 18 14 22 -9 21 12 -7 -5 23 27 -17 -18 19 -2 -11 28 -4 -1 -19 29 -27 -6 -3 -26
right_child=1 10 8 4 15 11 -8 9 -10 20 -12 -13 -14 -15 -16 16 17 24 -20 -21 -22 -23 -24 -25 25 26 -28 -29 -30 -31
leaf_value=0.024417788747604974 0.0073211373261524385 0.023117839719799679 0.033869151794475784 -0.010390106312437308 0.024784241435958469 0.010775156953628285 -0.010815706561038165 0.021079745800568549 0.044829013800771478 -0.011078054988035602 -0.0046938943855699975 -0.039547338413088912 -0.0050406205273060218 -0.029758320469571293 -0.016844430149228502 -0.015855807588226842 -0.017755072205867462 0.0027133291898638104 0.016089450140604349 -0.022812378064730396 0.007889021695594009 -0.012170919706007775 0.01813613392100356 0.0028349345947525856 -0.010629395258633724 -0.023248560915495264 0.0091559814604061322 -0.0053855332857248167 0.042027490906985876 0.0055607989707888829
leaf_weight=2260.6289716428728 4448.1868328838609 1341.4634025334963 1431.3870316106768 707.17196029773913 114.97910055750981 770.30982157681137 1267.2633956121281 578.9125808600802 1907.8535228310211 990.87986957887188 311.24681986623909 151.25629980303347 9816.6140804361785 1277.7713599506533 114.27369752526283 3207.1964587584371 970.87726122920867 1556.2769441247219 1749.7819706597365 285.81761349260341 642.31685241800733 94.137819722993299 931.80994088342413 328.27423779200763 911.67521522269817 624.20435576175805 119.47123880300205 22930.827937331516 377.14702177647268 709.45074893825222
leaf_count=9070 40351 5744 6564 40507 4753 7868 8235 2794 6508 5109 22235 2502 77034 323942 1102 150477 128100 80268 16737 4662 3842 725 5448 1671 65555 80235 12412 867091 1096 61083
internal_value=3.42268e-11 -0.00393588 0.0230241 -0.0049561 -0.00751924 -0.000363173 0.00522211 0.0123116 0.0353468 0.00285185 0.0208489 -0.00439486 -0.00388895 -0.0228668 0.0200489 -0.0065404 -0.0102568 -0.00658353 0.00835791 0.00549738 -0.00361827 0.0252348 0.0276759 0.0216832 -0.00381358 -0.00810828 -0.0180375 -0.00523394 0.0272896 -0.00354505
internal_weight=62929.5 53743.1 9186.34 51619.1 33129.9 18489.2 7751.05 4915.29 4271.05 2212.11 2124 10738.2 10586.9 1984.94 2703.18 31145 8099.15 4891.96 6483.79 4734 1633.2 1812.75 2363.2 2588.9 3921.08 2364.8 743.676 23045.8 1718.61 1621.13
internal_count=2043720 2001612 42108 1971812 1814423 157389 69985 23588 18520 11745 29800 87404 84902 364449 11843 1449974 578130 427653 61750 45013 8951 7565 12012 10741 299553 219285 92647 871844 6840 126638
is_linear=0
shrinkage=0.05


Tree=45
num_leaves=31
num_cat=0
split_feature=4 1 13 25 6 5 4 1 4 7 13 18 13 18 27 1 6 25 23 17 4 10 4 5 11 13 15 15 1 8
split_gain=2086.09 626.887 387.987 235.679 217.128 110.615 109.921 92.5958 77.0627 75.3871 65.621 95.2998 73.3304 76.4153 62.7611 62.2091 59.1798 56.6137 55.0574 53.6905 52.4097 51.0062 50.1685 135.948 45.5536 45.7303 45.4758 43.6932 43.1549 42.6984
threshold=1.0000000180025095e-35 1.0000000180025095e-35 0.0043478262377902874 1.0000000180025095e-35 -0.14610304683446881 0.1278260871767998 0.12608695775270465 0.0078260868322104233 0.0060869567096233377 -0.12622142583131787 0.0026086957077495758 0.010316357482224705 0.0095652174204587954 0.015796436928212646 1.0000000180025095e-35 1.0000000180025095e-35 -0.13339169323444364 1.0000000180025095e-35 0.6428571641445161 0.0078260875307023543 0.0043478262377902874 -0.1210232265293598 0.01304347859695554 0.014782608952373268 -0.1002509407699108 0.020000000484287742 -0.10513042658567427 -0.11934639513492583 0.033913042396306999 0.01304347859695554
decision_type=2 2 2 2 2 2 2 2 2 2 2 2 2 2 2 2 2 2 2 2 2 2 2 2 2 2 2 2 2 2
left_child=1 18 4 5 15 10 14 8 -6 -8 -3 28 -13 -14 22 -2 -5 27 -1 -10 -17 -9 -4 -24 -7 -26 -15 -16 -12 -25
right_child=2 3 6 16 7 24 9 21 19 -11 11 12 13 26 17 20 -18 -19 -20 -21 -22 -23 23 29 25 -27 -28 -29 -30 -31
leaf_value=0.033745027575331495 0.021433186776313423 0.01835938327319998 -0.0036723322449649549 0.03424914975738088 0.0066556497687680523 0.00065554455444780297 -0.041341477630116391 -0.013434061805927464 -0.014897542452089893 -0.013612210472353729 -0.01305599093058841 0.027703803151350806 -0.10023963437680915 0.0087289769842738025 0.0094639122805125556 0.012936941987820439 0.015542979609013366 0.041062437067379595 0.047120645177943898 0.0059873970718927697 -0.00089363661128658153 0.0021690671090451976 -0.023527276469497579 -0.01166998467946931 -0.027092873570416721 0.026069894957959514 -0.062485387945819537 -0.012681109846338077 -0.093594367523629721 -0.0057440557357565864
leaf_weight=1962.3135781441815 1364.2117100002943 1823.6015821011388 13136.346240270534 1171.0419940589345 3476.306937880232 1584.0722721334314 326.54670041316422 1846.4810593342991 862.234043313656 981.62195716390852 381.17268523783423 401.67078261310235 18.993031018413603 218.38560347724706 682.869390666252 2229.3233309908537 665.70210293261334 102.60285460576415 1287.3250248808181 477.51160365180112 988.39931335952133 730.66329528659116 1254.2167382917251 3581.9035042938776 286.95178349287016 46.246805874630809 23.969266679137945 329.35734095412772 16.435965248383582 20105.565100417705
leaf_count=7678 8966 6591 195999 4299 18556 6654 133108 14156 6885 170361 2095 1258 275 977 17270 16475 3545 562 4266 5908 15996 7296 233939 84980 1734 555 354 7995 185 1064802
internal_value=-1.43138e-11 0.0210656 -0.00396964 0.0122539 0.00393673 0.00642428 -0.00630739 -0.0013637 0.00272962 -0.0205603 0.0126102 0.00271721 0.0143162 -0.00628668 -0.00583115 0.0124877 0.0274815 0.00585839 0.0390566 -0.00745483 0.0086896 -0.00901119 -0.00617353 -0.00749067 -0.00288314 -0.0196581 0.00145794 0.00225298 -0.0166117 -0.0066406
internal_weight=62364 9887.88 52476.2 6638.24 11975.1 4801.5 40501 7393.2 4816.05 1308.17 2884.23 1060.63 663.019 261.348 39192.9 4581.93 1836.74 1114.83 3249.64 1339.75 3217.72 2577.14 38078 24941.7 1917.27 333.199 242.355 1012.23 397.609 23687.5
internal_count=2043720 40466 2003254 28522 94238 20678 1909016 52801 31349 303469 11735 5144 2864 1606 1605547 41437 7844 25827 11944 12793 32471 21452 1579720 1383721 8943 2289 1331 25265 2280 1149782
is_linear=0
shrinkage=0.05


Tree=46
num_leaves=31
num_cat=0
split_feature=4 1 13 25 6 7 13 25 1 15 15 16 5 6 12 11 6 18 6 15 8 6 13 18 15 23 6 11 1 4
split_gain=1967.96 579.614 389.145 204.449 194.278 97.921 97.1894 76.8671 71.5371 64.8203 64.5862 63.1617 139.074 83.8315 65.9254 113.361 68.552 63.7565 76.1834 64.389 60.5604 59.0219 58.3959 58.3334 58.0715 54.8527 51.1394 52.0815 58.4206 47.2798
threshold=1.0000000180025095e-35 1.0000000180025095e-35 0.0043478262377902874 1.0000000180025095e-35 -0.14610304683446881 -0.049224952235817902 0.24434782564640048 1.0000000180025095e-35 1.0000000180025095e-35 -0.16259030252695081 -0.1251723766326904 0.016521738842129711 0.014782608952373268 -0.045526456087827676 0.030434782616794113 -0.10138326510787009 -0.044039873406291001 0.0050703932065516719 -0.08215072005987166 -0.1924590393900871 0.030434782616794113 -0.026649554260075089 1.0000000180025095e-35 0.031168186105787758 -0.19587332010269162 0.6428571641445161 -0.1067078374326229 -0.14620355516672132 0.0026086957077495758 0.0043478262377902874
decision_type=2 2 2 2 2 2 2 2 2 2 2 2 2 2 2 2 2 2 2 2 2 2 2 2 2 2 2 2 2 2
left_child=1 25 4 5 22 9 11 8 29 -3 -5 14 -13 17 -4 -16 -17 18 -14 -19 -21 24 -2 -22 -10 -1 27 28 -11 -6
right_child=2 3 6 10 7 -7 -8 -9 21 26 -12 12 13 -15 15 16 -18 19 -20 20 23 -23 -24 -25 -26 -27 -28 -29 -30 -31
leaf_value=0.033047743454895993 0.020158840335731149 0.016491687391391573 -0.005197877335338677 0.030974149569310907 0.015892401439191815 -0.0089370864166851641 -0.033606915797286682 0.030434166335492164 0.0093043386571592997 0.029276437734786911 0.0060823225662447675 -0.026640163060207778 0.0026819995035960173 0.0075381672575003311 0.01164736101536458 -0.0028821491249888522 -0.034674080047565968 -0.019450725887904804 -0.016003220292236452 -0.016486645483499662 -0.0040572887952701571 -0.042150659487807003 0.0081747260894555595 -0.013151368407620351 -0.0056160843567187287 0.046673637859965929 -0.0058010926574887578 0.017905345821151979 -0.016573064230891096 -0.002459501924182133
leaf_weight=1907.2722989558242 1539.0571248916676 1963.9252965421183 20274.108939667 1480.7131682176259 834.79310693073785 817.94255127082579 319.76191193133127 189.3003782616579 753.04473127005622 92.005420731613412 316.8886601459817 970.70501745882211 2370.7827598681906 914.21732851793058 1567.8393799323821 741.51494792441372 218.91288162313867 1478.2978827269981 707.47004196897615 1870.0260985600762 6362.2059003319591 100.10502600856125 2998.1701123048551 2439.3378584586317 4827.6890651977155 1225.2552616747998 828.05151303583989 769.72578608052572 273.80873077071737 604.59328939649276
leaf_count=7678 8891 7652 409930 5919 4442 4264 113613 739 5855 314 1925 249743 116041 47101 73691 29462 4117 141393 18262 76361 406681 1506 32546 222621 35659 4266 4289 2646 1513 4600
internal_value=-6.67774e-12 0.0207068 -0.00384716 0.012236 0.00411758 0.00679351 -0.00619232 -0.000927313 -0.00176526 0.010071 0.0265919 -0.00597187 -0.0082678 -0.00716141 -0.00424849 0.00336363 -0.0101571 -0.00804434 -0.0016162 -0.00967268 -0.00831647 -0.00428806 0.0122434 -0.00657891 -0.00360147 0.0383906 0.00364409 0.0105307 -0.00499314 0.0081876
internal_weight=61757.5 9675.59 52081.9 6543.06 11846.8 4745.46 40235.2 7309.53 7120.23 3927.52 1797.6 39915.4 17113 16142.3 22802.4 2528.27 960.428 15228.1 3078.25 12149.9 10671.6 5680.84 4537.23 8801.54 5580.73 3132.53 1963.59 1135.54 365.814 1439.39
internal_count=2043720 40466 2003254 28522 94238 20678 1909016 52801 52062 16414 7844 1795403 1278203 1028460 517200 107270 33579 981359 134303 847056 705663 43020 41437 629302 41514 11944 8762 4473 1827 9042
is_linear=0
shrinkage=0.05


Tree=47
num_leaves=31
num_cat=0
split_feature=13 25 5 13 25 1 15 15 16 4 7 6 15 6 4 27 16 5 18 12 6 18 13 4 5 14 2 11 12 8
split_gain=1844.84 438.971 422.875 198.95 138.941 138.342 112.336 104.919 90.823 78.091 71.6613 70.0861 63.6806 58.4273 56.9648 56.6162 56.3101 79.4595 70.3391 68.1708 52.8207 51.4549 118.98 46.5131 45.2775 43.1521 41.886 41.8016 41.0357 40.6201
threshold=1.0000000180025095e-35 1.0000000180025095e-35 0.039130434393882758 0.0043478262377902874 1.0000000180025095e-35 0.0026086957077495758 -0.15514084696769712 -0.10854390263557433 0.079130433499813094 0.0095652174204587954 -0.041074030101299279 -0.16340570896863935 -0.090187843888998018 -0.10541183874011038 1.0000000180025095e-35 1.0000000180025095e-35 0.021739130839705471 0.014782608952373268 0.015796436928212646 0.039130434393882758 -0.098388288170099245 0.02998424228280783 0.018260869197547439 0.01304347859695554 0.22173913568258288 -0.11596359312534331 -0.13020036369562146 -0.11398583650588988 0.020000000484287742 0.033913042396306999
decision_type=2 2 2 2 2 2 2 2 2 2 2 2 2 2 2 2 2 2 2 2 2 2 2 2 2 2 2 2 2 2
left_child=2 3 4 6 14 9 10 15 16 12 26 -7 -4 24 -1 23 19 -18 -19 20 21 -5 28 -3 27 -22 -2 -8 -23 -20
right_child=1 7 5 8 -6 11 13 -9 -10 -11 -12 -13 -14 -15 -16 -17 17 18 29 -21 25 22 -24 -25 -26 -27 -28 -29 -30 -31
leaf_value=0.032994867965902883 0.0078348615683657818 0.022537619738093023 0.022222201236320044 -0.0045266955086025124 0.04474784600592549 0.018213807301581494 0.0028646115096377022 -0.0089180342195380128 -0.031075807821420626 -0.037457287060601793 -0.0074242961107681684 -0.0039075394493102138 -0.012158029514289174 -0.0091634670310487016 0.018200780230290085 0.041002838923766376 -0.026218447037596983 -0.0041424603367103017 -0.038985938837015621 0.0039255676219553115 -0.0069591029327224704 0.024019072227703806 -0.0084324995463686703 -0.0056605598981252546 -0.0082984590085820095 -0.01750167508720225 0.023225715848446089 0.023975592299236972 0.0028396984928659042 -0.01100744783933639
leaf_weight=1346.0316948381951 3785.950134487357 1200.4353326014825 2245.6974863712094 13822.891039153212 1548.3421458656667 462.26944848150015 1500.8948778128251 283.14237823733129 356.56069662357913 59.393817188218236 718.0403065753635 1575.5801476177585 142.66687950346386 2343.8077972198371 1269.1474537067115 377.50732396985404 599.4995327629731 6779.1643835263676 131.96367210138123 2223.9033195694501 8032.697300738073 628.14991522626951 953.27299168496393 166.10557678772602 776.6360394845251 1103.7906853032764 499.98777928086929 276.9878373851534 359.79059073899407 5638.6311909394572
leaf_count=5037 33822 5437 10427 357181 5783 2355 11312 15877 159419 640 4819 8839 883 17973 8144 1386 145850 376909 11074 128962 140280 5672 23307 7100 5025 31729 4905 1777 8012 503784
internal_value=-2.38612e-11 -0.0035214 0.0213971 -0.00443675 0.0328711 0.010742 0.00191806 0.0192869 -0.00598554 0.0187514 0.00718638 0.00111698 0.0201643 -0.00346425 0.025825 0.0238684 -0.00576264 -0.00844792 -0.00759701 -0.00446061 -0.00520972 -0.0034562 0.00416495 0.0191084 0.00176641 -0.00823454 0.00963532 0.00616526 0.0163166 -0.0116539
internal_weight=61208.9 52559.8 8649.13 50532.6 4163.52 4485.61 9902.3 2027.19 40630.3 2447.76 5003.98 2037.85 2388.36 4898.33 2615.18 1744.05 40273.8 13149.3 12549.8 27124.5 24900.6 15764.1 1941.21 1366.54 2554.52 9136.49 4285.94 1777.88 987.941 5770.59
internal_count=2043720 2001612 42108 1971812 18964 23144 79633 29800 1892179 11950 43546 11194 11310 36087 13181 13923 1732760 1037617 891767 695143 566181 394172 36991 12537 18114 172009 38727 13089 13684 514858
is_linear=0
shrinkage=0.05


Tree=48
num_leaves=31
num_cat=0
split_feature=4 1 13 25 6 9 5 25 15 6 5 1 26 25 23 15 4 7 12 16 5 8 2 16 2 1 18 8 18 6
split_gain=1717.01 527.575 372.666 184.403 163.337 89.8559 84.7593 72.1093 59.7345 57.2349 56.2638 54.7444 53.8908 56.4186 52.2685 51.6273 48.6196 48.5013 44.7041 39.1823 78.5929 41.7682 48.1291 46.7612 45.1085 41.8861 40.0575 48.4412 41.8296 37.7518
threshold=1.0000000180025095e-35 1.0000000180025095e-35 0.0043478262377902874 1.0000000180025095e-35 -0.14610304683446881 0.1799999997019768 0.042608696967363364 1.0000000180025095e-35 -0.1251723766326904 -0.17914001643657682 0.018260869197547439 1.0000000180025095e-35 1.0000000180025095e-35 1.0000000180025095e-35 0.6428571641445161 -0.19959829747676847 0.0043478262377902874 -0.058278059586882584 0.12086956202983858 0.025217391550540928 0.014782608952373268 0.030434782616794113 -0.12907278537750241 0.0060869567096233377 -0.12171710655093192 0.01304347859695554 0.050888145342469222 0.056521739810705192 0.015796436928212646 -0.041121082380414002
decision_type=2 2 2 2 2 2 2 2 2 2 2 2 2 2 2 2 2 2 2 2 2 2 2 2 2 2 2 2 2 2
left_child=1 14 4 6 11 12 -3 10 -5 -8 -6 -2 19 -14 -1 17 -13 -12 -7 21 -21 22 -4 -23 -25 -24 27 28 -22 -19
right_child=2 3 5 8 7 18 9 -9 -10 -11 15 16 13 -15 -16 -17 -18 29 -20 20 26 23 25 24 -26 -27 -28 -29 -30 -31
leaf_value=0.03205060807664608 0.020338268533997273 0.015693884332813709 -0.00473937094499495 0.03010319139929353 0.011156724667438896 -0.011460412415583612 0.015093236702508015 0.030465830093960335 0.0058897365899180732 -0.0019271438206478484 0.021323241625198046 0.012409699753760235 0.0017862717284606068 0.041529852139228496 0.045874898697176862 -0.004572954793455257 -0.00098098993155564559 0.0022982379002427973 -0.036625899570205338 -0.026238656618011065 -0.0069163262518893293 0.0063801158206078989 0.0059124508627731963 0.0026403742067972 -0.0076804551526974824 -0.012306725640465971 -0.017882727254629884 -0.0011401585693517596 -0.017107206939011736 -0.045483586786768657
leaf_weight=1810.6740764664137 1320.295862034196 1636.8623297450831 17005.22621800995 1403.3201407605666 813.3942816532217 370.28080801066244 620.66418795299251 183.5631043415051 311.83169629791519 2403.0047523714602 399.77917666966096 2157.4273345136316 1014.8609315609792 96.922040215693414 1116.1638845911075 5390.799462318013 988.02637756755576 342.94016325101256 338.51500467961887 584.77136751229409 5210.6439974384848 1523.0060415092157 343.82492347061634 1707.7420755829953 2782.8139906412689 3753.0055912325624 836.63981129653985 2933.8599026306765 1248.2373456779169 45.992239705054089
leaf_count=7678 8966 6614 445133 5919 9155 31689 2511 739 1925 11553 2923 16475 27880 613 4266 37761 15996 1694 136813 177014 283761 18329 8804 116931 101512 89958 109609 262450 98520 529
internal_value=-2.95245e-11 0.0197653 -0.00357801 0.0116944 0.00428915 -0.00588222 0.00653315 -0.000382952 0.0257069 0.00157044 -0.00119697 0.0117956 -0.00556152 0.00528521 0.0373364 -0.0028246 0.00820454 0.00911598 -0.0235139 -0.00587959 -0.00842445 -0.00486438 -0.00591192 -0.0011881 -0.00375577 -0.0107766 -0.00740362 -0.00646841 -0.00888815 -0.00345424
internal_weight=60695.1 9302.52 51392.6 6375.68 11642.2 39750.4 4660.53 7176.47 1715.15 3023.67 6992.91 4465.75 39041.6 1111.78 2926.84 6179.51 3145.45 788.712 708.796 37929.8 10814.2 27115.6 21102.1 6013.56 4490.56 4096.83 10229.4 9392.74 6458.88 388.932
internal_count=2043720 40466 2003254 28522 94238 1909016 20678 52801 7844 14064 52062 41437 1740514 28493 11944 42907 32471 5146 168502 1712021 931354 780667 543895 236772 218443 98762 754340 644731 382281 2223
is_linear=0
shrinkage=0.05


Tree=49
num_leaves=31
num_cat=0
split_feature=13 1 25 23 13 6 5 15 17 6 27 4 4 25 1 2 4 7 6 6 6 17 13 18 12 4 5 5 12 15
split_gain=1571.19 398.411 385.324 194.98 181.361 141.886 100.432 100.143 83.6485 82.7644 58.5015 61.0545 55.2498 52.0303 51.3724 42.7627 41.6256 56.761 62.5616 51.3339 45.2252 57.9952 56.0747 72.3751 62.6118 58.7637 48.3624 46.6658 42.652 41.3352
threshold=1.0000000180025095e-35 0.0026086957077495758 1.0000000180025095e-35 0.6428571641445161 0.0043478262377902874 -0.16340570896863935 0.06695652008056642 -0.096982415765523897 0.13891304284334186 -0.090689182281494127 1.0000000180025095e-35 0.01304347859695554 1.0000000180025095e-35 1.0000000180025095e-35 0.023478261195123199 -0.14851800352334973 0.039130434393882758 -0.19141246378421781 -0.29876227676868433 -0.14008121937513349 -0.10001972317695616 0.0091304355300962942 0.014782608952373268 0.024667928926646713 0.0060869567096233377 0.0060869567096233377 0.21652173250913623 0.044347826391458518 0.053043477237224586 -0.15867823362350461
decision_type=2 2 2 2 2 2 2 2 2 2 2 2 2 2 2 2 2 2 2 2 2 2 2 2 2 2 2 2 2 2
left_child=1 3 4 9 6 -3 -2 10 16 12 11 -4 -1 14 15 -7 20 18 -18 -19 21 27 23 -23 -24 26 -25 -6 -21 -22
right_child=2 5 7 -5 8 13 -8 -9 -10 -11 -12 -13 -14 -15 -16 -17 17 19 -20 28 29 22 24 25 -26 -27 -28 -29 -30 -31
leaf_value=0.030579042860878848 0.0078595798850804571 0.021321612034920331 0.021476976858238659 0.044454100475897311 5.989169117790257e-05 -0.013125146615225531 -0.002382837453475319 -0.017392555431737202 -0.02007087583661199 0.0022742617167329287 0.039737336435091565 -0.0088503459080387648 0.018299755965135993 0.018433487689517178 -0.029703343884258656 0.0042010856136777087 0.010848830518813217 -0.0212779550687879 -0.025306959322035052 -0.0090096087646693041 0.00054522924991742946 1.6921260793138461e-05 -0.035851091500022816 0.028661644927644888 -0.0029804052266324287 -0.0040349696542781683 -0.0005887750605065731 -0.011011419456991101 -0.0018798887544421836 -0.0078835155785206504
leaf_weight=2035.7453828856233 4184.5194877473405 895.68045861355495 1226.8269982756465 1352.4748069749039 1380.9034795251209 590.98097228619736 5588.7214891870972 176.40641954576131 972.71851150842849 447.63286068456364 369.21371372736758 191.32986157829873 1677.6396671418916 251.39407556748483 198.94908678135835 892.97093168448191 140.55284789419966 573.54066090713604 784.72256277926499 4706.5622819285491 1699.9806971597718 3959.5802635975415 146.68075430043973 600.49772502179258 7644.2989659160958 305.62388475926127 184.65618588146754 3061.8173968839692 3784.7744689705432 10069.832621441572
leaf_count=8449 41088 4630 5772 5479 26465 3410 38545 14162 213435 2704 1437 8429 9463 1464 1708 4801 10342 75840 195214 224961 37672 100924 2503 4134 344610 12937 952 34186 397402 210602
internal_value=7.06099e-12 0.0201338 -0.0032462 0.0279605 -0.00410315 0.00488094 0.00200292 0.0184721 -0.00559444 0.0225902 0.0220196 0.017382 0.0250379 -0.00273904 -0.00591089 -0.00270324 -0.00523327 -0.00801747 -0.019809 -0.00681183 -0.00427569 -0.00264757 -0.000943769 0.00315963 -0.00360378 0.0145573 0.0217904 -0.00757095 -0.00583233 -0.00666616
internal_weight=60097.2 8343.47 51753.8 5513.49 49790 2829.98 9773.24 1963.78 40016.7 4161.02 1787.37 1418.16 3713.39 1934.3 1682.9 1483.95 39044 9990.15 925.275 9064.88 29053.9 17284.1 12841.3 5050.36 7790.98 1090.78 785.154 4442.72 8491.34 11769.8
internal_count=2043720 42108 2001612 26095 1971812 16013 79633 29800 1892179 20616 15638 14201 17912 11383 9919 8211 1678744 903759 205556 698203 774985 526711 466060 118947 347113 18023 5086 60651 622363 248274
is_linear=0
shrinkage=0.05


Tree=50
num_leaves=31
num_cat=0
split_feature=13 25 5 4 25 1 5 4 5 15 6 6 15 11 2 4 6 27 1 4 4 13 13 15 25 5 6 7 11 11
split_gain=1492.12 383.415 361.59 140.512 129.125 121.723 89.6426 88.5073 97.4295 81.7527 60.9423 58.4186 54.1246 61.333 54.592 53.5519 53.3568 52.2184 49.4033 48.5825 46.0897 42.0598 40.0715 39.1815 36.7034 35.8642 51.9746 35.5879 42.8252 35.3636
threshold=1.0000000180025095e-35 1.0000000180025095e-35 0.039130434393882758 0.0026086957077495758 1.0000000180025095e-35 0.0026086957077495758 0.0095652174204587954 0.044347826391458518 0.020000000484287742 -0.096982415765523897 -0.090689182281494127 -0.16340570896863935 -0.19408079236745832 -0.1920199170708656 -0.15572298318147657 0.0078260868322104233 -0.11848525702953337 1.0000000180025095e-35 0.028695652261376384 1.0000000180025095e-35 0.01304347859695554 0.011304348241537811 0.0095652174204587954 -0.16362153738737104 1.0000000180025095e-35 0.68608695268630993 -0.15683735907077787 -0.044622506946325295 -0.11717638745903967 -0.15434781461954114
decision_type=2 2 2 2 2 2 2 2 2 2 2 2 2 2 2 2 2 2 2 2 2 2 2 2 2 2 2 2 2 2
left_child=2 3 4 6 19 10 -2 16 -9 17 15 -7 14 21 18 -4 22 20 -8 -1 -3 -14 27 -15 -13 -16 -27 -5 -29 -25
right_child=1 9 5 7 -6 11 12 8 -10 -11 -12 24 13 23 25 -17 -18 -19 -20 -21 -22 -23 -24 29 -26 26 -28 28 -30 -31
leaf_value=0.031120561446510688 0.014487348242276557 0.021084237282908511 0.022775861292691754 0.0031564163451466253 0.043356246434033643 0.016849836384579171 -0.0025854281278285532 -0.02745047344335047 -0.0080766757623659518 -0.014371463366554231 -0.00082656985549635147 -0.006466124035759079 -0.020575693385890825 0.0096499008829672318 0.014423934836517469 -0.022263762318360324 -0.0056052153980126517 0.038912000990525532 -0.077792406498547836 0.017074305129820888 -0.005777366891969813 -0.085353845207358489 -0.0039992166329340358 -0.017739332988639563 0.017307512894915663 0.020463652990269081 -0.087913135162209499 -0.012661712077062522 0.015420457353138316 -0.0021335422513464428
leaf_weight=1249.0964728322579 1246.8342230715789 1209.2722763076308 1896.3036025655456 5060.8488870157162 1366.1216465329635 445.44964447920211 579.28870332648512 706.95073828965542 7819.6356650800444 169.20167373208096 373.07783312603715 1375.177056747023 161.07361658196896 627.83228235319257 1229.384748871671 67.613684328272939 20076.904005510092 360.33252817369066 21.695757449604571 1223.4186455328017 183.53006404673215 28.957088936120272 7328.3843593253405 406.76946309022605 183.09623909008224 22.471493365708739 20.226664012297988 746.86358584952541 164.98160377354361 3311.5800019954913
leaf_count=5037 7756 5772 9084 88877 5783 2355 3679 275321 697149 14162 2230 7751 1182 3415 6429 636 466382 1437 253 8144 8429 314 388168 2876 1088 98 129 8688 1383 19713
internal_value=-3.77117e-11 -0.00315184 0.0198365 -0.00400178 0.0310141 0.00994681 0.00222649 -0.00513973 -0.00968601 0.0187516 0.0176972 0.000903028 -0.00016057 -0.00311307 0.00698766 0.0212147 -0.00397811 0.0219548 -0.00542514 0.0241801 0.0175431 -0.0308418 -0.00152188 -0.00189385 -0.00366343 0.0128516 -0.0317128 0.00151792 -0.00756943 -0.00384505
internal_weight=59662.4 51483 8179.35 49560.7 3838.64 4340.72 7656.11 41904.6 8526.59 1922.34 2337 2003.72 6409.28 4536.21 1873.07 1963.92 33378 1753.13 600.984 2472.52 1392.8 190.031 13301.1 4346.18 1558.27 1272.08 42.6982 5972.69 911.845 3718.35
internal_count=2043720 2001612 42108 1971812 18964 23144 45844 1925968 972470 29800 11950 11194 38088 27500 10588 9720 953498 15638 3932 13181 14201 1496 487116 26004 8839 6656 227 98948 10071 22589
is_linear=0
shrinkage=0.05


Tree=51
num_leaves=31
num_cat=0
split_feature=13 25 1 6 13 4 15 13 7 15 6 27 7 4 12 0 10 6 2 7 25 11 5 25 4 9 3 2 4 1
split_gain=1395.89 369.111 346.052 155.967 125.989 120.618 99.06 77.29 107.559 75.0601 69.0072 48.717 48.2836 94.2367 69.593 68.1248 59.4938 84.4184 51.8439 49.79 47.0979 46.0119 44.9568 43.1121 42.3598 40.0412 37.7529 48.1155 37.0625 39.5335
threshold=1.0000000180025095e-35 1.0000000180025095e-35 1.0000000180025095e-35 -0.13610426336526868 0.0026086957077495758 1.0000000180025095e-35 -0.15600813180208203 0.080869562923908248 -0.1337710842490196 -0.096982415765523897 -0.078019876033067689 1.0000000180025095e-35 -0.1360407471656799 0.023478261195123199 1.0000000180025095e-35 0.11565217375755311 -0.12625777721405027 -0.3321919292211532 -0.13707386702299115 -0.22338380664587018 1.0000000180025095e-35 -0.078516811132431016 0.0043478262377902874 1.0000000180025095e-35 0.01304347859695554 1.0000000180025095e-35 -0.15340660512447354 -0.15895090252161023 0.0095652174204587954 0.0078260868322104233
decision_type=2 2 2 2 2 2 2 2 2 2 2 2 2 2 2 2 2 2 2 2 2 2 2 2 2 2 2 2 2 2
left_child=2 4 5 20 6 22 -2 12 -9 11 -8 24 13 14 -6 16 17 -15 -18 -20 -4 -7 -1 28 -3 26 -14 -28 29 -5
right_child=1 9 3 23 7 21 10 8 -10 -11 -12 -13 25 15 -16 -17 18 -19 19 -21 -22 -23 -24 -25 -26 -27 27 -29 -30 -31
leaf_value=0.045832426679896635 0.0098394764167324296 0.020893723262169064 0.015526891580717723 0.0043320319210740817 -0.018358808545179787 0.019719778442220545 -0.00064794061159401453 -0.029583331754298184 -0.0076767788932119718 -0.013439496633415066 -0.025372088296252111 0.03835878472922228 -0.06386649007627479 0.012685464400760264 0.0021952741221458951 -0.028686387835586365 0.0085893206206620956 -0.029572123333879808 -0.025437555949444735 -0.0016719898162071622 0.034115868619994466 -0.070740310927423611 0.031657332062346361 0.019344851963990786 -0.0049884792849458921 -0.0050929271181459901 0.043160567634663194 -0.034854639761181895 -0.032328761823328493 -0.011329375958756138
leaf_weight=922.10333422862459 2801.3315788417822 1190.3503572690533 1526.0754719935358 1272.1280781610985 432.31369264097884 1436.8293585248757 2409.9449030562537 677.69259137666086 3220.7059428828943 165.63156654738123 318.66555655258708 350.70358399968245 54.382792182965204 155.58620593440719 8303.4597114523058 390.29353380846442 740.60797406049096 484.41915698407684 310.6584778969991 753.07932197069749 439.4784230836085 13.240131486672906 1463.5406306288787 262.54672170471167 181.8768398600514 28104.365476229053 27.328607109375298 64.601451522437856 95.992011410184205 588.53013633855153
leaf_count=3865 21298 5772 8446 5728 3096 8049 15053 227768 339701 14162 2843 1437 675 8442 229875 83372 88351 62251 65736 90939 2055 153 7031 1646 8429 731509 141 762 1632 3503
internal_value=7.08236e-11 -0.0030418 0.0193923 0.00944559 -0.00387379 0.0302389 0.00323647 -0.00477319 -0.0114916 0.018645 -0.00354363 0.0217354 -0.00411521 -0.00139452 0.00117611 -0.0093143 -0.00621066 -0.0192955 -0.00156133 -0.00862996 0.0196984 0.0188456 0.0371532 0.000359817 0.0174621 -0.00522941 -0.0312324 -0.0114477 -0.00219621 -0.000625129
internal_weight=59158.5 51138 8020.46 4184.75 49249.4 3835.71 5529.94 43719.5 3898.4 1888.56 2728.61 1722.93 39821.1 11570.4 8735.77 2834.64 2444.35 640.005 1804.35 1063.74 1965.55 1450.07 2385.64 2219.2 1372.23 28250.7 146.313 91.9301 1956.65 1860.66
internal_count=2043720 2001612 42108 23010 1971812 19098 39194 1932618 567469 29800 17896 15638 1365149 632062 232971 399091 315719 70693 245026 156675 10501 8202 10896 12509 14201 733087 1578 903 10863 9231
is_linear=0
shrinkage=0.05


Tree=52
num_leaves=31
num_cat=0
split_feature=13 25 23 1 6 13 18 6 1 15 4 16 15 4 4 5 27 5 6 1 15 4 2 4 14 4 15 4 18 12
split_gain=1348.15 350.307 321.585 179.698 128.527 132.739 103.308 90.9602 85.5772 70.3602 57.9279 54.0384 52.2542 47.8109 47.3169 46.938 46.2927 45.1521 45.8541 43.7837 46.8743 40.9246 42.4404 40.5561 40.4914 40.2185 33.075 32.9871 32.8448 32.5383
threshold=1.0000000180025095e-35 1.0000000180025095e-35 0.6428571641445161 1.0000000180025095e-35 -0.11464518308639525 0.011304348241537811 0.020033053122460846 -0.10327548533678053 0.0026086957077495758 -0.096982415765523897 1.0000000180025095e-35 0.079130433499813094 -0.25728204846382136 0.0078260868322104233 0.0095652174204587954 0.28434783220291143 1.0000000180025095e-35 0.22000000625848773 -0.14610304683446881 0.0060869567096233377 -0.1861179322004318 0.0026086957077495758 -0.13864457607269284 0.075652174651622786 -0.12940240651369092 0.01304347859695554 -0.07810561358928679 0.0060869567096233377 0.0039610585663467654 0.0078260868322104233
decision_type=2 2 2 2 2 2 2 2 2 2 2 2 2 2 2 2 2 2 2 2 2 2 2 2 2 2 2 2 2 2
left_child=2 4 3 10 5 6 8 19 27 16 -1 12 14 -8 15 -6 25 18 28 -5 -21 22 -22 29 -14 -3 -12 -2 -10 -7
right_child=1 9 -4 7 11 23 13 -9 17 -11 26 -13 24 -15 -16 -17 -18 -19 -20 20 21 -23 -24 -25 -26 -27 -28 -29 -30 -31
leaf_value=0.031298357692669275 0.012615946115076793 0.020549467562672973 0.041201356318749043 0.017301531816416492 0.029027205964442179 -0.014585801102808785 0.022444977220254372 -0.0044151761177525116 -7.5399622395359508e-05 -0.013006834580393145 0.017453756136996804 -0.028424850201539384 -0.015228450072343004 -0.0061246841105658595 -0.0045561295269537028 -0.0044255798398462757 0.037773440168018105 -0.0081955049717641337 -0.0050293136093215503 0.018120719886270422 -0.0079034042473391866 -0.0289257189169446 0.02675440307378682 -0.021689058104389924 -0.0057603461792661102 -0.0046797875497820675 -0.065362645760769958 0.00084463112638510798 0.0095725818982809185 -0.003642478888576434
leaf_weight=1431.8651819343359 1871.5235476705711 1174.1031557551469 1379.7583406392368 1708.2949531931954 297.03224454866722 739.49968469934538 882.71049075573683 1123.0885093628895 1971.6518518135417 162.93720514886081 1286.5436711424845 264.5312623003847 1180.2036658241414 175.0770675111562 540.19871771300677 161.40912633342668 341.45245298481314 1859.7241757854354 2129.3031046390533 345.43230272619985 294.50961438694503 136.94907238706946 125.00308153976221 357.86273104749853 25876.069647581899 182.11289634241257 11.211394206504336 872.68282851215918 1595.3282836073777 8237.8377113030292
leaf_count=6860 13507 5772 6508 8783 2404 15150 6719 6714 34579 14162 7507 142935 18549 9096 32310 940 1437 19663 27698 1944 1678 1523 432 82980 968113 8429 159 14838 27591 554740
internal_value=4.81493e-11 -0.00297485 0.019295 0.0146125 -0.00378338 -0.000788009 0.00284239 0.00748024 0.00131347 0.0183144 0.024361 -0.00597201 -0.00575929 0.017715 0.00546849 0.0172651 0.0213264 -0.00143328 0.000775507 0.0125982 0.00368031 -0.00530022 0.00246272 -0.0052049 -0.0061739 0.0171607 0.0166885 0.00887423 0.00424112 -0.00454545
internal_weight=58715.9 50873.3 7842.66 6462.9 49012.6 20693.2 11358 3733.28 10300.2 1860.61 2729.62 28319.4 28054.9 1057.79 998.64 458.441 1697.67 7556.01 5696.28 2610.19 901.894 556.462 419.513 9335.2 27056.3 1356.22 1297.76 2744.21 3566.98 8977.34
internal_count=2043720 2001612 42108 35600 1971812 806561 153691 21074 137876 29800 14526 1165251 1022316 15815 35654 3344 15638 109531 89868 14360 5577 3633 2110 652870 986662 14201 7666 28345 62170 569890
is_linear=0
shrinkage=0.05


Tree=53
num_leaves=31
num_cat=0
split_feature=13 25 23 1 6 13 18 6 5 15 4 16 11 4 4 4 27 17 15 3 4 3 1 1 15 2 7 18 13 7
split_gain=1249.69 334.452 308.307 168.779 126.787 136.809 95.7318 93.0465 79.6465 62.7432 58.1222 50.0477 49.9287 49.9145 48.5967 41.5193 40.9962 37.9903 37.5679 42.604 36.1726 35.9266 35.6049 33.0594 35.2979 40.2434 32.4254 30.8982 47.9836 33.5599
threshold=1.0000000180025095e-35 1.0000000180025095e-35 0.6428571641445161 1.0000000180025095e-35 -0.1120304763317108 0.011304348241537811 0.020959948189556602 -0.10327548533678053 0.056521739810705192 -0.10854390263557433 1.0000000180025095e-35 0.0826086960732937 -0.26522585749626154 0.0078260868322104233 0.0060869567096233377 0.040869565680623061 1.0000000180025095e-35 0.096956524997949614 -0.15776239335536954 -0.12969468533992765 0.016521738842129711 -0.14017137885093686 0.0026086957077495758 0.0060869567096233377 -0.1861179322004318 -0.14050374180078504 -0.088493805378675447 0.024667928926646713 0.0078260868322104233 -0.0083719333633780462
decision_type=2 2 2 2 2 2 2 2 2 2 2 2 2 2 2 2 2 2 2 2 2 2 2 2 2 2 2 2 2 2
left_child=2 4 3 10 5 6 8 13 21 16 -1 12 20 23 -8 -7 27 18 -17 -20 26 22 -2 -5 -25 -26 -6 28 -3 -30
right_child=1 9 -4 7 11 15 14 -9 -10 -11 -12 -13 -14 -15 -16 17 -18 -19 19 -21 -22 -23 -24 24 25 -27 -28 -29 29 -31
leaf_value=0.030813426675345385 0.011438091138041883 0.019445811395484632 0.040655108089244898 0.017914601442958158 0.028499706764457979 -0.0033768574403848883 0.023281159182002624 -0.0047088135574912884 -0.0024158976555160661 -0.0047591129025428142 0.01605110447135932 -0.028506849847317484 -0.0060798528190622826 -0.02506558379857084 -0.0024996520525212714 -0.018061391154889004 0.037641128511376569 -0.033462986327717423 0.0032221604685214547 -0.015411947902480794 -0.0074707827249490578 0.024584376011143938 0.0020640375634733512 0.018537132015748397 -0.012834742861588181 0.016169855809355316 0.002308709253253141 0.03196053182788982 -0.0013557688489845004 -0.073041536822471803
leaf_weight=1394.1379582829832 1529.1077191187069 738.87511120247655 1328.4339094414609 1647.3087107957981 235.44554360443726 7695.6809263157775 797.33660063089337 1127.8221830394759 5926.7027025001007 257.54247388668591 1285.6492051687092 242.13836790499045 26153.260145316453 84.59462462249212 236.8358031277894 755.65932960074861 325.57900358753977 174.65277359142783 788.45183464197908 500.78866564156488 271.54083821858512 252.33334627887234 2998.8769740234129 328.41943549911957 331.28428501426242 185.85149239737075 236.63270682957955 290.92244283168111 203.40540116117336 16.755429667187855
leaf_count=6860 18499 3870 6508 8147 3024 370915 5193 6714 62101 15877 7666 137340 962791 1343 10153 110815 1386 47379 100242 57761 21347 4125 58270 1744 2226 900 1857 3435 4848 384
internal_value=3.23924e-11 -0.00285644 0.0187466 0.0141828 -0.00364424 -0.000791054 0.00286083 0.00726631 0.00145692 0.0181049 0.0237397 -0.00592092 -0.00571654 0.0125061 0.0173804 -0.00511531 0.021843 -0.0111387 -0.00921654 -0.00402235 0.00705214 0.00625798 0.0052315 0.0137906 0.00574454 -0.0023998 0.0154039 0.0177012 0.0133469 -0.00711704
internal_weight=58342 50628.5 7713.5 6385.07 48795.4 21656.4 11741.2 3705.28 10707 1833.08 2679.79 27139 26896.9 2577.46 1034.17 9915.23 1575.54 2219.55 2044.9 1289.24 743.619 4780.32 4527.98 2492.86 845.555 517.136 472.078 1249.96 959.036 220.161
internal_count=2043720 2001612 42108 35600 1971812 845453 158341 21074 142995 29800 14526 1126359 989019 14360 15346 687112 13923 316197 268818 158003 26228 80894 76769 13017 4870 3126 4881 12537 9102 5232
is_linear=0
shrinkage=0.05


Tree=54
num_leaves=31
num_cat=0
split_feature=13 25 23 1 6 13 18 6 5 6 15 4 13 15 5 4 6 5 27 8 18 1 4 18 7 4 4 5 5 1
split_gain=1153.89 316.707 298.045 157.595 123.845 113.73 86.6746 80.8965 73.9246 72.8704 62.8302 53.862 47.8178 42.9203 44.9728 58.5926 41.3582 38.3133 37.621 35.7083 34.9868 37.5868 34.9307 34.6333 37.2355 34.3165 33.9087 33.0036 32.4786 31.4536
threshold=1.0000000180025095e-35 1.0000000180025095e-35 0.6428571641445161 0.0026086957077495758 -0.11464518308639525 0.0095652174204587954 0.020033053122460846 -0.090689182281494127 0.047826087102293975 -0.16340570896863935 -0.10854390263557433 0.0078260868322104233 0.24434782564640048 -0.21838362514972684 0.51217389106750499 0.0060869567096233377 -0.10627269744873045 0.29130434989929205 1.0000000180025095e-35 0.0043478262377902874 0.00075306560029275726 0.0078260868322104233 0.075652174651622786 0.0019444070640020075 0.077521748840808882 0.0060869567096233377 0.0026086957077495758 0.39565217494964605 1.0000000180025095e-35 0.084347829222679152
decision_type=2 2 2 2 2 2 2 2 2 2 2 2 2 2 2 2 2 2 2 2 2 2 2 2 2 2 2 2 2 2
left_child=2 4 3 7 5 6 8 11 -2 -5 18 28 13 14 15 17 -13 -6 -3 -11 21 -10 -7 24 -16 -8 -21 -19 -1 -15
right_child=1 10 -4 9 12 22 25 -9 20 19 -12 16 -14 29 23 -17 -18 27 -20 26 -22 -23 -24 -25 -26 -27 -28 -29 -30 -31
leaf_value=0.038376632700056083 0.0069262721155489444 0.017613477336010826 0.040173989892209494 0.01721413007371694 0.029157434022084223 -0.0037566461586971303 0.023620411375125154 -0.00024805897474863359 0.018636011373375502 -0.006224890818538803 -0.004977654157669255 0.0019472214831519298 -0.028310737789890097 -0.0050283201657142255 -0.077792017766634816 -0.00084984827438462055 -0.07996838764694085 -0.055125709921182424 0.036924947456139133 0.02002954851462671 -0.0032216611314053144 -0.017744163298369472 -0.020026843109278745 -0.0073738721392828241 0.034896129391336753 -0.00070863764975908413 -0.0059830296364261088 0.010964058227965721 0.022092428777673413 -0.0091526591649164785
leaf_weight=343.40684062603395 4005.8764317109599 1233.2614545863762 1279.2692175816337 724.89482682850212 346.25953008141369 9790.2250510726008 671.60136115178466 434.31038299252396 355.90873900684528 1238.7081164360861 259.32699579180917 89.110020778607577 230.16113548187423 20141.774500485015 33.958781481720507 880.18020183668705 17.619126934092492 24.705783798126504 317.93793267520959 305.63373963383492 4991.1777624246897 87.781331414123997 340.4609157302184 352.41513180057518 8.6468176590278727 184.6822859289241 211.19964368012734 70.385033452883363 2942.9903615675576 6002.2204417744069
leaf_count=1618 63491 12537 6508 4069 1992 594860 4372 2704 2208 6909 15877 983 103860 666542 365 53250 194 185 1386 1166 50279 917 83101 7942 38 7333 2840 256 15117 330821
internal_value=3.14342e-11 -0.00274031 0.0181757 0.0137087 -0.00350665 -0.000544302 0.00315606 0.0200697 0.00177357 0.00388917 0.0177864 0.0226696 -0.00566078 -0.00547266 0.00218511 0.00661002 -0.0121924 0.0214554 0.0215928 -0.00161961 -0.0020249 0.0114147 -0.00430536 -0.0125976 -0.0546461 0.0183784 0.0094087 -0.00660188 0.0238052 -0.00597551
internal_weight=57916.1 50328.9 7587.14 6307.87 48518.4 20427.7 10297 3827.44 9440.74 2480.44 1810.53 3393.13 28090.7 27860.5 1716.55 1321.53 106.729 441.35 1551.2 1755.54 5434.87 443.69 10130.7 395.021 42.6056 856.284 516.833 95.0908 3286.4 26144
internal_count=2043720 2001612 42108 35600 1971812 806561 128600 20616 116895 14984 29800 17912 1165251 1061391 64028 55683 1177 2433 13923 10915 53404 3125 677961 8345 403 11705 4006 441 16735 997363
is_linear=0
shrinkage=0.05


Tree=55
num_leaves=31
num_cat=0
split_feature=13 25 25 1 6 13 6 18 5 4 6 15 23 17 15 13 2 4 4 18 6 4 15 3 6 3 4 7 2 4
split_gain=1077.84 287.077 277.371 174.488 124.39 103.313 90.4873 85.2011 67.9911 65.9617 60.8153 55.1093 50.7592 45.8805 41.6057 45.0912 41.9251 40.6866 39.0868 36.583 36.4074 42.2438 36.1712 52.448 35.3049 34.408 32.6434 45.1311 32.4787 32.3965
threshold=1.0000000180025095e-35 1.0000000180025095e-35 1.0000000180025095e-35 0.0026086957077495758 -0.11848525702953337 0.011304348241537811 -0.090689182281494127 0.020033053122460846 0.056521739810705192 0.01304347859695554 -0.16340570896863935 -0.083245169371366487 0.6428571641445161 0.18130435794591906 -0.21838362514972684 0.0060869567096233377 -0.14851800352334973 1.0000000180025095e-35 0.0060869567096233377 0.024667928926646713 -0.60058778524398793 0.042608696967363364 -0.15514084696769712 -0.13302610814571378 -0.080542445182800279 -0.061087485402822488 0.0043478262377902874 -0.017147786915302273 -0.16238458454608914 0.0060869567096233377
decision_type=2 2 2 2 2 2 2 2 2 2 2 2 2 2 2 2 2 2 2 2 2 2 2 2 2 2 2 2 2 2
left_child=1 3 4 6 5 7 17 8 -2 11 -5 19 -3 14 15 16 -6 -1 -9 24 29 -22 28 -24 -4 -13 27 -17 -23 -7
right_child=2 12 9 10 13 20 -8 18 -10 -11 -12 25 -14 -15 -16 26 -18 -19 -20 -21 21 22 23 -25 -26 -27 -28 -29 -30 -31
leaf_value=0.027958993825587204 0.0061501072059251035 0.024368006602750732 0.019482934498878723 0.014424987443050983 -0.005517641425535116 -0.062344431696966199 -0.0028102896589467896 0.022398794825991157 -0.0023031208816434575 -0.0048855701118123152 -0.0037590994308715946 -0.075931172498843569 0.042593956351181586 -0.025350766152460791 -0.0056820070948203107 0.030711642755563304 0.024036792841687384 0.016585338160234105 -0.0013170150221943179 0.036373346427075313 -0.0030368418559211146 0.0051220044376932006 0.0043739383334972497 -0.019407181644541888 -0.028360588562221224 0.042054932025383074 -0.0061748785872212941 -0.033899013113123967 -0.026482612062073269 0.029192038333280934
leaf_weight=1552.5446697565494 4460.3342604339705 604.82415298148408 1092.4199542835704 645.91819572250824 179.04006189317442 9.5812249490991217 408.8273105994158 767.05441356101073 5094.9053386277519 298.4525339504471 1588.7499702574569 22.283992881421003 1062.1033933427243 284.27368824064615 27358.969186496455 131.84686276584398 360.9006315235747 1606.8176797432825 224.38839635928161 347.85006781376433 6581.6921324489522 95.899987837707158 530.64257945428835 410.3515922150109 39.117448967590462 7.6786200730130068 1087.4282164424658 33.047576373908669 522.10545537620783 118.88757409655955
leaf_count=7022 76706 3723 5634 3745 1208 192 2479 5202 55171 22235 9919 294 5478 110377 1045114 675 2884 9742 9983 1213 349037 12419 74153 64136 388 36 58553 192 99868 5942
internal_value=-1.14825e-11 0.0177157 -0.00264382 0.0124582 -0.00336436 -0.000189051 0.0193181 0.00309147 0.00164303 0.016579 0.00150101 0.0208237 0.0359995 -0.00539402 -0.00519854 0.0021806 0.0142447 0.0221816 0.0170354 0.0221929 -0.00437297 -0.00479081 -0.0121889 -0.0060062 0.0178054 -0.0453128 -0.00302807 0.0176363 -0.021578 0.0219364
internal_weight=57528.9 7469.79 50059.2 5802.86 48251.3 18815.8 3568.19 10546.7 9555.24 1807.8 2234.67 1509.35 1666.93 29435.5 29151.2 1792.26 539.941 3159.36 991.443 1479.39 8269.16 8140.69 1559 940.994 1131.54 29.9626 1252.32 164.894 618.005 128.469
internal_count=2043720 42108 2001612 32907 1971812 752809 19243 147062 131877 29800 13664 7565 9201 1219003 1108626 63512 4092 16764 15185 7235 605747 599613 250576 138289 6022 330 59420 867 112287 6134
is_linear=0
shrinkage=0.05


Tree=56
num_leaves=31
num_cat=0
split_feature=13 25 25 1 6 13 6 4 6 5 23 0 1 4 13 4 6 14 15 18 1 15 4 5 0 8 17 11 12 7
split_gain=1003.17 275.799 259.311 165.843 125.037 102.642 89.9186 64.1821 56.3877 53.4795 48.4076 47.0325 54.7411 41.2216 40.1566 39.9526 39.2676 41.8775 38.6676 39.9021 40.3985 35.9349 40.7614 37.9129 35.2724 35.0943 40.5064 43.0353 42.4388 50.6338
threshold=1.0000000180025095e-35 1.0000000180025095e-35 1.0000000180025095e-35 0.0026086957077495758 -0.1120304763317108 0.0043478262377902874 -0.090689182281494127 0.01304347859695554 -0.16340570896863935 0.40260869264602667 0.6428571641445161 0.01304347859695554 0.0026086957077495758 1.0000000180025095e-35 0.24434782564640048 0.040869565680623061 -0.14610304683446881 -0.12867841869592664 -0.098236095160245882 0.0043478261213749656 0.0026086957077495758 -0.27528950572013849 0.0095652174204587954 0.51217389106750499 0.16086956113576892 0.042608696967363364 0.050434784963727004 -0.11831237003207205 0.035652173683047302 -0.22338380664587018
decision_type=2 2 2 2 2 2 2 2 2 2 2 2 2 2 2 2 2 2 2 2 2 2 2 2 2 2 2 2 2 2
left_child=1 3 4 6 5 9 13 18 -5 11 -3 12 -2 -1 21 -7 -14 -18 19 20 -4 22 23 -6 -17 -23 27 -27 -28 -30
right_child=2 10 7 8 14 15 -8 -9 -10 -11 -12 -13 16 -15 -16 24 17 -19 -20 -21 -22 25 -24 -25 -26 26 28 -29 29 -31
leaf_value=0.027678042386993281 0.01005792455916522 0.024073322698375716 0.026051518744388654 0.013943026211440954 0.023934789513624426 -0.0015116636068932387 -0.0031404300247413991 -0.0051065071050692655 -0.0036229650858514723 -0.0099928551530191964 0.042148698433415135 0.013980238154398425 0.0039330203301266011 0.016134480738127583 -0.026964715678473916 -0.0070515511569882771 0.0089280158683321155 -0.016603589114444331 -0.011046450655722453 0.029054968627096497 -0.0015313006014545712 -0.0067790600854753941 -0.0055824554439179467 -0.02183345944164794 -0.031440177264843196 0.018077451880741547 -0.015452043486670432 -0.0013928772128211171 -0.030915579892876618 -0.0018288312942406418
leaf_weight=1515.3194066834694 1801.1613375125453 590.5172050226829 252.6580435349606 640.42389283131342 313.57343321712688 13133.6950991911 409.77087358132121 295.51918298198143 1586.7745073781116 526.6798901448492 1018.0448486928944 1567.8676181420451 1196.6418768558651 1592.26988372911 215.42883662044187 1972.9815278390888 214.49128668312915 632.01765817939304 91.262660106702242 866.79615401153569 278.2742502145702 18816.73920608277 408.12041042582132 52.046045591123402 159.44543673330918 441.63914585043676 752.70092828245834 790.54218510899227 153.38445351083647 4856.720919814863
leaf_count=7022 15569 3723 1188 3745 2282 473309 2479 22235 9919 3897 5478 15409 11912 9742 103762 280022 1194 5036 725 3661 1991 433740 26508 375 39105 15408 17702 24516 63774 438292
internal_value=1.12323e-11 0.0172376 -0.00254597 0.0121096 -0.00324179 -0.000372975 0.0188683 0.016164 0.00143207 0.00520383 0.0355321 0.00668425 0.00370578 0.0217704 -0.00551152 -0.00254267 -0.00189619 -0.0101314 0.0203861 0.0224449 0.011619 -0.00533667 0.00527554 0.0173779 -0.00888902 -0.00565498 -0.00263062 0.00559469 -0.00438999 -0.00272531
internal_weight=57143.5 7353.12 49790.4 5744.56 48005.9 21205 3517.36 1784.51 2227.2 5938.86 1608.56 5412.18 3844.31 3107.59 26800.9 15266.1 2043.15 846.509 1488.99 1397.73 530.932 26585.5 773.74 365.619 2132.43 25811.7 6994.99 1232.18 5762.81 5010.11
internal_count=2043720 42108 2001612 32907 1971812 845453 19243 29800 13664 53017 9201 49120 33711 16764 1126359 792436 18142 6230 7565 6840 3179 1022597 29165 2657 319127 993432 559692 39924 519768 502066
is_linear=0
shrinkage=0.05


Tree=57
num_leaves=31
num_cat=0
split_feature=13 25 25 1 6 13 6 4 6 23 4 15 17 4 5 5 5 3 6 6 4 17 24 3 18 2 15 18 12 16
split_gain=928.895 264.847 236.395 164.544 125.425 96.4634 86.0728 61.9488 54.7159 46.3687 44.449 40.9801 49.1623 43.3551 58.5706 45.8391 39.5583 41.2539 37.9767 37.8509 37.5597 37.7181 32.7027 41.5115 31.6872 43.5618 31.5154 33.6672 31.0759 49.3654
threshold=1.0000000180025095e-35 1.0000000180025095e-35 1.0000000180025095e-35 0.0026086957077495758 -0.11848525702953337 0.0043478262377902874 -0.090689182281494127 0.0078260868322104233 -0.16340570896863935 0.6428571641445161 0.0078260868322104233 -0.21838362514972684 0.14347826689481738 0.0043478262377902874 0.29130434989929205 0.39565217494964605 0.053043477237224586 -0.16355226933956143 -0.12201537936925887 -0.0058566315565258256 0.033913042396306999 0.096956524997949614 1.0000000180025095e-35 -0.090727761387824998 0.0012297509820200505 -0.15312801301479337 -0.098236095160245882 0.0044974235352128753 0.026956521905958656 0.0078260868322104233
decision_type=2 2 2 2 2 2 2 2 2 2 2 2 2 2 2 2 2 2 2 2 2 2 2 2 2 2 2 2 2 2
left_child=1 3 4 6 5 16 10 26 -5 -3 -1 13 -13 14 -6 -16 17 -2 -12 -14 -7 28 -10 -24 -8 -26 27 -4 -22 -30
right_child=2 9 7 8 11 20 24 -9 22 -11 18 12 19 -15 15 -17 -18 -19 -20 -21 21 -23 23 -25 25 -27 -28 -29 29 -31
leaf_value=0.022555480613392836 0.0075785827443996603 0.023715898321605703 0.011941117075827247 0.013509297976788213 0.029427854357305223 -0.00093472007252857017 0.0092236347974941832 -0.0015364238210899292 0.002518900503854313 0.041672041711106902 0.011276372068199555 -0.0053551608555636107 -0.026464788657681138 -0.0021404045735030634 -0.086908551606007536 0.00048221920821299907 0.0014656987816874746 0.025690005526753323 -0.051550975234075085 0.024780020623126734 -0.029764757283842966 -0.030175438354295071 -0.009789482940734652 -0.081964439601854552 -0.07021947719319592 -0.0069157428432096088 -0.0098200758537052776 0.02879217241539522 0.031349598604457914 -0.006238294479834202
leaf_weight=2950.4957286973076 2325.5156680399086 577.42504629539326 472.80824878357816 634.83390818350017 279.49444524059072 10768.82678252121 230.48222187202191 408.75085983728059 889.48087611957453 976.08165299310349 68.627809278434142 26975.648263584881 410.98224808133091 1374.6735421543417 16.025767439277843 126.35325188981369 2701.7068383493461 362.95312583446503 35.811441161204129 38.709262669144664 129.49658658378758 174.25384143239353 680.64175252907444 19.550807144376449 32.485614891862497 145.72839885170106 79.279967395181302 803.5825328832143 90.309369978727773 2021.8507483230787
leaf_count=15551 25680 3723 2780 3745 1473 357913 1300 23027 4880 5478 822 989616 147030 67199 133 578 20227 3485 391 12974 13182 47956 4692 347 247 932 659 3334 6941 277425
internal_value=-3.6416e-11 0.0167258 -0.00244418 0.0117248 -0.00310777 0.000104815 0.0185385 0.0155235 0.00111226 0.0350174 0.0214206 -0.00514979 -0.00562902 0.00216494 0.0161658 -0.00989177 0.00573957 0.0100323 -0.0105513 -0.0220085 -0.00219904 -0.00783198 -0.00384386 -0.0119188 -0.00300459 -0.0187824 0.0206646 0.0225643 -0.00608244 -0.00461708
internal_weight=56802.9 7241.65 49561.2 5688.14 47796.8 18574.9 3463.63 1764.42 2224.51 1553.51 3054.93 29221.9 27425.3 1796.55 421.873 142.379 5390.18 2688.47 104.439 449.692 13184.7 2415.91 1589.67 700.193 408.696 178.214 1355.67 1276.39 2241.66 2112.16
internal_count=2043720 42108 2001612 32907 1971812 752809 19243 29800 13664 9201 16764 1219003 1149620 69383 2184 711 49392 29165 1213 160004 703417 345504 9919 5039 2479 1179 6773 6114 297548 284366
is_linear=0
shrinkage=0.05


Tree=58
num_leaves=31
num_cat=0
split_feature=13 1 25 23 6 13 6 6 4 6 1 2 12 4 13 17 0 9 2 4 15 18 1 7 15 10 15 7 12 4
split_gain=891.203 249.462 220.846 138.725 128.311 76.9669 69.4282 68.0559 61.6808 50.9481 43.3536 43.1188 42.2833 43.2711 64.5618 77.8227 50.3698 41.4181 39.7851 38.709 38.0482 39.0952 39.7116 37.476 39.1101 36.2546 33.2814 43.8777 53.267 41.5994
threshold=1.0000000180025095e-35 0.0026086957077495758 1.0000000180025095e-35 0.6428571641445161 -0.10001972317695616 0.0026086957077495758 -0.16340570896863935 -0.090689182281494127 0.01304347859695554 -0.16479986906051633 0.0026086957077495758 -0.14789474010467527 1.0000000180025095e-35 0.0026086957077495758 0.018260869197547439 0.014565217308700086 0.1278260871767998 0.016521738842129711 -0.15272963792085645 1.0000000180025095e-35 -0.098236095160245882 0.0045183927286416301 0.0026086957077495758 -0.043487630784511559 -0.16466539353132245 -0.12511628121137616 -0.12897731363773343 -0.15571609884500501 0.061739129945635803 0.0026086957077495758
decision_type=2 2 2 2 2 2 2 2 2 2 2 2 2 2 2 2 2 2 2 2 2 2 2 2 2 2 2 2 2 2
left_child=1 3 4 7 5 9 -3 19 20 -2 -11 -12 -7 14 15 17 -16 -14 -15 -1 21 22 -4 -13 -25 -20 29 -28 -29 -6
right_child=2 6 8 -5 26 12 -8 -9 -10 10 11 23 13 18 16 -17 -18 -19 25 -21 -22 -23 -24 24 -26 -27 27 28 -30 -31
leaf_value=0.02689410138420293 0.012188188445387318 0.016466077666351851 0.02513342567318709 0.040560996517423197 0.0095605883365776148 -0.013586892728700362 -0.0013098725591469407 0.00025230475375499518 -0.0056655451510647216 0.0097743475257006593 -0.014033141513056548 0.0080435833210251492 0.002004427307558176 0.0013396084339744496 -0.040762931751068487 0.017601641015795713 -0.00047413398840787991 -0.030301584813759375 -0.0074306306154922289 0.015791213205631899 -0.011727249932818401 0.028146713786212169 -0.002381237741883421 0.011216487887866422 -0.046045287087818389 -0.0019786498439691431 -0.020746074640958043 -0.0077385583548588771 0.0014933409333757895 -0.0041866141592808315
leaf_weight=1652.337105032173 1706.8733504813863 790.80401411477942 248.89081703289412 952.26956480459194 624.41550774942152 743.70604665589053 1793.1165970551374 423.19946087434073 297.28109522897284 840.07842989725759 650.10131671326235 663.30612160079181 1357.7480747422669 5388.4948370368802 129.09039975004271 1025.5509481402114 192.24896620912477 106.02678702352569 4471.4531212170259 1507.5130860352365 91.831176319159567 834.0015661828802 275.62203546534874 50.762386670801789 70.171238815411925 9586.0630570101494 571.47856846260402 13083.455837975605 1774.039644181059 4583.0930817219414
leaf_count=8449 14473 4630 1193 5479 3042 5303 11383 2704 22235 5796 4350 4466 9527 189784 1371 5221 1196 1046 191914 9463 725 3649 1998 255 539 622064 141424 316581 260809 192651
internal_value=-2.36427e-11 0.0165369 -0.00238514 0.0236004 -0.00302594 -0.000756016 0.00413469 0.0190827 0.0150666 0.00566176 0.00076069 -0.00452165 -0.00186711 -0.0014749 0.00432303 0.00704703 -0.0167354 -0.000354709 -0.00231309 0.0216038 0.0193171 0.0214227 0.0106979 0.00337081 -0.0221146 -0.00371324 -0.00599362 -0.00716014 -0.00663621 -0.00253671
internal_weight=56485 7119.24 49365.8 4535.32 47618.2 26981.7 2583.92 3583.05 1747.63 3981.29 2274.42 1434.34 23000.4 22256.7 2810.67 2489.33 321.339 1463.77 19446 3159.85 1450.35 1358.51 524.513 784.24 120.934 14057.5 20636.5 15429 14857.5 5207.51
internal_count=2043720 42108 2001612 26095 1971812 1057305 16013 20616 29800 29879 15406 9610 1027426 1022123 18361 15794 2567 10573 1003762 17912 7565 6840 3191 5260 794 813978 914507 718814 577390 195693
is_linear=0
shrinkage=0.05


Tree=59
num_leaves=31
num_cat=0
split_feature=13 25 1 25 6 6 6 0 4 23 4 9 6 4 2 7 12 11 13 8 6 15 7 12 8 15 7 10 3 3
split_gain=826.441 354.044 207.945 111.177 97.342 84.941 79.0912 58.2136 58.1781 56.277 52.5646 39.702 36.4774 48.9817 64.5278 38.88 36.9667 36.0958 35.2776 35.2732 44.0092 41.1954 34.403 33.929 33.6235 33.0023 38.3388 34.8225 37.083 31.8117
threshold=0.0026086957077495758 1.0000000180025095e-35 0.0026086957077495758 1.0000000180025095e-35 -0.10245272889733313 -0.16340570896863935 -0.097193207591772066 0.0095652174204587954 1.0000000180025095e-35 0.78571429848670971 0.0078260868322104233 0.0026086957077495758 -0.20253870636224744 0.0078260868322104233 -0.15312801301479337 -0.21896770596504209 1.0000000180025095e-35 -0.080464392900466905 0.089565217494964613 0.026956521905958656 -0.026649554260075089 -0.19587332010269162 -0.26998250186443323 0.0026086957077495758 0.054782608523964889 -0.15965052694082257 -0.038557050749659531 -0.12322653084993361 -0.13740313053131101 -0.15209447592496869
decision_type=2 2 2 2 2 2 2 2 2 2 2 2 2 2 2 2 2 2 2 2 2 2 2 2 2 2 2 2 2 2
left_child=1 2 4 6 8 -4 12 11 -1 -3 23 -7 13 -2 15 24 29 19 -18 20 21 -9 -8 -5 -15 -6 -27 28 -28 -14
right_child=3 9 5 10 25 7 22 17 -10 -11 -12 -13 16 14 -16 -17 18 -19 -20 -21 -22 -23 -24 -25 -26 26 27 -29 -30 -31
leaf_value=0.024899821459202769 0.0078808611174234818 0.025259371005853806 0.010668290167862794 0.0030347130930862267 0.017476047857007078 -0.0056377594226106002 -0.035573267196428504 0.022059016402272032 0.013074145647027033 0.044155707569894689 -0.0030369388263629966 -0.023527656321677342 -0.023870511814524129 0.010694128760107878 -0.014210747828253614 -0.010435687282148253 -0.001937555567756185 -0.032123240570365218 -0.013706032476946038 0.029966327119093878 -0.079470534298199974 1.9446925457891266e-05 -0.0060941022889606459 0.026116527195787248 0.068498606082889463 0.00079986600640274583 -0.014330821946723924 0.0051822624267051668 -0.087424556460873354 0.00051030800675035343
leaf_weight=1737.8883712697134 2035.7956661507487 1478.2203516319423 1502.613062037155 224.19331062302808 246.31377996824449 1832.0614835515153 98.571928429795662 255.76522834482603 2600.9080384912959 540.8772709738696 390.3345093386597 372.61803107010201 371.45185859268531 522.77565181045793 767.92043663590448 244.58955776784569 19492.39152719063 66.626283979509026 657.33953312208178 130.7016899290029 15.017902763676828 1216.7471014126204 17717.854267867689 550.71869280500687 25.486459014296997 770.5328617952764 34.342813660332467 42.599508562590927 35.067640133900568 208.73114483500831
leaf_count=8029 26146 9324 11213 1505 1333 11071 42656 1469 19941 2718 22945 2547 2995 32279 83958 14176 795988 941 123185 1302 370 8276 807075 2509 2819 4840 205 243 321 1341
internal_value=8.48179e-12 0.0111195 0.00754331 -0.00330687 0.0144133 0.000575772 -0.00372821 -0.00332493 0.0178155 0.0303407 0.0119219 -0.00867067 -0.00187438 0.0027734 -0.00388931 0.00611287 -0.00268084 0.0036711 -0.00232214 0.00516377 0.00296582 0.00385994 -0.00625919 0.0194511 0.013501 0.00133242 -0.00318787 -0.0303844 -0.0519765 -0.0151133
internal_weight=56187.1 12878.9 10859.8 43308.2 5467.65 5392.15 42142.9 3889.54 4338.8 2019.1 1165.25 2204.68 24326.5 3596.57 1560.77 792.852 20729.9 1684.86 20149.7 1618.23 1487.53 1472.51 17816.4 774.912 548.262 1128.86 882.543 112.01 69.4105 580.183
internal_count=2043720 84143 72101 1959577 34912 37189 1932618 25976 27970 12042 26959 13618 1082887 159378 133232 49274 923509 12358 919173 11417 10115 9745 849731 4014 35098 6942 5609 769 526 4336
is_linear=0
shrinkage=0.05


Tree=60
num_leaves=31
num_cat=0
split_feature=13 25 1 25 6 6 6 4 23 2 6 6 16 2 6 7 15 1 10 5 4 2 3 7 6 13 18 27 7 16
split_gain=799.863 325.753 181.27 102.979 96.1982 73.5892 73.4771 59.5404 53.6289 49.6564 46.8321 37.9641 44.9514 73.2194 35.297 39.7509 54.6819 38.6503 34.9577 41.2574 38.1171 34.9103 33.6174 31.6411 30.5366 30.1274 29.9932 32.7911 29.4186 38.6027
threshold=0.0026086957077495758 1.0000000180025095e-35 0.0026086957077495758 1.0000000180025095e-35 -0.10001972317695616 -0.09797844290733336 -0.16340570896863935 1.0000000180025095e-35 0.78571429848670971 -0.14760556071996686 -0.1286850497126579 -0.20253870636224744 0.014782608952373268 -0.14321646839380262 -0.10497359558939932 -0.082119248807430253 -0.15100657194852826 0.020000000484287742 -0.12444541975855826 0.22000000625848773 0.053043477237224586 -0.14171927422285077 -0.13962371647357938 -0.21896770596504209 -0.019907175563275811 0.089565217494964613 0.0014420108054764571 1.0000000180025095e-35 -0.22338380664587018 0.0078260868322104233
decision_type=2 2 2 2 2 2 2 2 2 2 2 2 2 2 2 2 2 2 2 2 2 2 2 2 2 2 2 2 2 2
left_child=1 2 4 5 7 11 -4 -1 -3 -8 21 12 -2 23 -11 16 -16 22 20 25 -13 -5 -18 -14 -12 -20 -6 -28 29 -7
right_child=3 8 6 10 26 28 9 -9 -10 14 24 18 13 -15 15 -17 17 -19 19 -21 -22 -23 -24 -25 -26 -27 27 -29 -30 -31
leaf_value=0.024458156764703098 0.0057736541791812441 0.024770896783823326 0.010478491411807855 0.0070610560281289094 0.008522211966151029 0.010197662220634701 -0.009780514490413849 0.012542613448464614 0.043576658551711764 0.0088671461413594357 0.0034177868271926871 -0.0043782725256736868 0.014129507183166995 -0.026138027145563528 0.01990797818425704 0.0044990740918451075 -0.027195875252563353 -0.045524052810593546 0.0017153070448055353 -0.005467160158699586 -0.021804388307980833 0.031829361692912693 0.0016719762280023726 -0.018393447827458966 -0.061078495367211917 -0.014228079968405284 -0.0058045983351598905 -0.06837521286934041 -0.0058232517099203627 -0.035720651048721935
leaf_weight=1738.3954629009531 2830.7481334861368 1444.505517784899 1492.5574639801634 246.46643106848933 529.136969250947 61.671046287287027 1477.0332245655591 2651.3563964454515 517.47984442449524 1027.558083529002 553.28441900241887 8538.9367284657201 299.04367476457264 317.01053332741139 105.53698732808698 726.0076298819622 193.35220163268968 110.63933157513384 7761.5388617676217 3387.900525062345 324.86399387233541 337.81326455809176 209.39805928734131 98.673556820431259 17.981199372559786 307.07070415097405 474.62720996537246 20.923749826964922 17896.583207120624 172.41129435074981
leaf_count=8191 71387 9324 11213 2515 3017 1566 9721 20395 2718 6880 15954 217941 26827 49821 752 4733 1354 1207 430918 131021 51455 3224 1329 11343 5266 76683 3113 196 785841 77815
internal_value=3.46755e-11 0.0110192 0.00760011 -0.00324794 0.0140465 -0.0036532 0.001065 0.0172658 0.0297506 -0.00258661 0.0114709 -0.00182881 0.00294475 -0.0082518 0.0018943 -0.00343574 -0.0127356 -0.0194718 -0.0026618 -0.00083751 -0.00501934 0.0214113 -0.0122199 0.00603467 0.00128451 0.00110685 0.00025161 -0.00857891 -0.00605446 -0.0236312
internal_weight=55870.5 12718.5 10756.5 43152 5414.44 41996.5 5342.08 4389.75 1961.99 3849.53 1155.55 23865.8 3545.48 714.728 2372.49 1344.93 618.927 513.39 20320.3 11456.5 8863.8 584.28 402.75 397.717 571.266 8068.61 1024.69 495.551 18130.7 234.082
internal_count=2043720 84143 72101 1959577 34912 1932618 37189 28586 12042 25976 26959 1067396 159378 87991 16255 9375 4642 3890 908018 638622 269396 5739 2683 38170 21220 507601 6326 3309 865222 79381
is_linear=0
shrinkage=0.05


Tree=61
num_leaves=31
num_cat=0
split_feature=13 25 6 1 6 25 4 23 0 4 18 18 13 13 18 16 18 4 12 16 15 11 6 15 15 4 2 6 10 5
split_gain=767.909 302.199 165.607 119.474 100.084 89.5727 54.9501 52.1926 44.8829 42.8163 40.4789 37.4737 35.0448 34.599 78.2144 48.8509 45.2383 55.5357 41.2042 34.6103 32.6537 32.3256 32.1699 47.6624 31.7741 43.3569 31.304 39.3152 36.1592 28.5408
threshold=0.0026086957077495758 1.0000000180025095e-35 -0.10541183874011038 0.0026086957077495758 -0.11254706606268881 1.0000000180025095e-35 1.0000000180025095e-35 0.78571429848670971 0.0095652174204587954 0.0060869567096233377 0.013036231044679882 0.00075306560029275726 0.30347825586795812 0.018260869197547439 0.014909938443452122 0.0043478262377902874 0.020474058575928215 0.0043478262377902874 0.016521738842129711 0.030434782616794113 -0.11720545962452887 -0.12792446464300153 -0.3321919292211532 -0.19095176458358762 -0.25728204846382136 0.0095652174204587954 -0.13774727284908292 -0.042562410235404961 -0.12089789286255835 0.056521739810705192
decision_type=2 2 2 2 2 2 2 2 2 2 2 2 2 2 2 2 2 2 2 2 2 2 2 2 2 2 2 2 2 2
left_child=1 2 3 6 5 13 -1 -3 -5 -10 -7 -4 24 14 29 -16 17 -15 -18 -20 26 -22 -19 -24 25 -6 -13 -28 -29 -2
right_child=4 7 11 8 12 10 -8 -9 9 -11 -12 20 -14 16 15 -17 18 22 19 -21 21 -23 23 -25 -26 -27 27 28 -30 -31
leaf_value=0.024385154451044114 0.002289996121669097 0.024255344405661825 0.011316680168242884 -0.00038884178533622629 0.01748716283185725 0.0054065568005575116 0.012597260859846854 0.043162003082562371 0.0146758164515585 -0.0086728967866499702 0.029361585742306847 -0.0042277102722144237 -0.030759931289698079 -0.052844232938336025 0.015724607366773485 0.00039611691700937524 -0.029407747035860101 0.016734217788092049 -0.0029478190111536535 -0.017072339436998294 -0.055173157082339996 -0.0082988613871718565 -0.012120207209306124 0.0013469870326417435 -0.0054099576057108287 -0.0052461866501514916 0.018123255936234269 0.028937862967271757 -0.054441913374191943 -0.0037254467219753661
leaf_weight=1650.0563339563669 3189.7944939405425 1412.9043339927448 444.3617482916743 1919.0433370286482 362.72178004251327 361.21321525730309 2476.5790677110199 495.39144590936485 1286.006395845674 231.00912448589224 344.61726357205771 822.45648828864796 132.5460584590619 49.836677312385291 1238.5078462029342 895.23111806309316 234.00697899889201 260.14078771672212 1412.5248677016352 625.24051710494678 36.832228156039491 1377.9755696949724 821.85378228258924 3258.704324492719 24166.676758294197 494.6101968785224 379.36077165370807 18.914232910145074 37.293617532239296 5160.9625332881697
leaf_count=7833 99170 9324 2362 13409 2820 4288 19402 2718 7358 3723 3332 5013 74258 771 8488 39415 5019 16533 86316 116606 348 9667 94138 262027 1029683 33573 2226 117 643 83140
internal_value=-4.61588e-11 0.0108612 0.00758489 0.0115818 -0.00317909 -0.000315889 0.0173155 0.0291835 0.0046927 0.0111169 0.0171274 -0.00211266 -0.0052109 -0.00103488 0.000755527 0.00929659 -0.00385215 -0.000887803 -0.00957827 -0.00728785 -0.00434871 -0.00955727 -0.000279244 -0.00136771 -0.00507435 0.00438105 0.00151191 0.0123345 -0.0263688 -0.00142769
internal_weight=55597.4 12588.2 10679.9 7562.69 43009.2 17852.6 4126.64 1908.3 3436.06 1517.02 705.83 3117.19 25156.6 17146.8 10484.5 2133.74 6662.31 4390.54 2271.77 2037.77 2672.83 1414.81 4340.7 4080.56 25024 857.332 1258.03 435.569 56.2079 8350.76
internal_count=2043720 84143 72101 51725 1959577 819243 27235 12042 24490 11081 7620 20376 1140334 811623 230213 47903 581410 373469 207941 202922 18014 10015 372698 356165 1066076 36393 7999 2986 760 182310
is_linear=0
shrinkage=0.05


Tree=62
num_leaves=31
num_cat=0
split_feature=13 25 1 6 25 6 6 1 4 0 1 18 0 5 13 15 7 10 2 3 9 18 18 5 5 15 13 12 15 10
split_gain=724.428 285.324 159.263 105.428 90.5498 80.8764 64.8232 51.8359 49.7226 40.9272 40.4573 42.1692 37.3653 36.5496 47.414 35.314 38.9193 34.4679 49.948 38.2444 32.9198 32.365 31.2153 31.2079 30.522 33.2377 30.4914 28.0142 26.9982 26.5872
threshold=0.0026086957077495758 1.0000000180025095e-35 0.0026086957077495758 -0.10286307707428931 1.0000000180025095e-35 -0.10541183874011038 -0.16340570896863935 1.0000000180025095e-35 1.0000000180025095e-35 0.030434782616794113 0.023478261195123199 0.0033396290382370357 0.0095652174204587954 0.047826087102293975 0.014782608952373268 -0.69434699416160572 -0.35218156874179835 -0.12499998882412909 -0.13196888566017148 -0.17672017216682431 0.020000000484287742 0.025273551233112816 0.014909938443452122 0.29826086759567266 0.56956523656845104 -0.19959829747676847 0.30347825586795812 0.0095652174204587954 -0.15422569960355756 -0.12463485822081564
decision_type=2 2 2 2 2 2 2 2 2 2 2 2 2 2 2 2 2 2 2 2 2 2 2 2 2 2 2 2 2 2
left_child=1 2 5 4 13 8 -4 -3 -1 10 12 -12 29 14 22 -16 -17 -18 19 27 -11 23 -2 -6 25 -14 -5 -19 -13 -8
right_child=3 7 6 26 21 -7 9 -9 -10 20 11 28 24 -15 15 16 17 18 -20 -21 -22 -23 -24 -25 -26 -27 -28 -29 -30 -31
leaf_value=0.023737274622924215 0.0032192409750805189 0.037399309732123041 0.010215068854962227 -0.0054794627096663761 0.012974235580487908 0.0022695086795929153 -0.010085646509821043 0.020639052088910301 0.012451227547106904 0.014550121956338098 0.0065303317158219177 -0.0050112262990233353 0.028222682528758359 -0.00253721506246326 0.025927223363629872 -0.018533987239590655 -0.016547058323946501 -0.014957897017055955 -0.0063067941336036569 -0.00037302551173665823 -0.058778216479791527 0.030725203787021517 0.014841309527620609 -0.025833467184137895 -0.041700711001761745 0.003196123986076771 -0.02993970958087503 0.036656414981679493 -0.044198618640421072 0.0018969355322671255
leaf_weight=1622.7983687707456 2939.3310018244083 889.30472795358219 1475.2738258746685 20761.894314239355 512.05506331258221 1220.0454253360658 1378.9151858938276 969.13098860238097 2459.1187948945735 436.50258848560043 95.660131055861712 61.400363385211676 158.14715666533448 15591.423270280153 91.044929249968845 449.76913041304215 296.02541645380552 29.739655777812004 614.43568341518403 192.52629895432619 14.889302227646111 247.48301177163376 718.38286321959458 56.690506432263646 31.808908090926707 799.52256066724658 127.24807998968754 197.78473409684375 156.18060597777367 696.20756237243768
leaf_count=7833 82285 5942 11213 903103 5871 7677 8612 6100 19402 3615 707 416 877 578908 8640 82138 37484 948 102454 31872 262 2398 20689 833 242 5249 74167 27787 1556 4440
internal_value=3.39677e-11 0.0106079 0.00743983 -0.00308772 -0.000666794 0.0135674 0.00131383 0.028675 0.0169428 -0.00211728 -0.00400772 -0.0210941 -0.00225496 -0.00129862 0.00219394 -0.00427792 -0.00583632 -0.00153328 0.00277485 0.0160426 0.0120068 0.0156637 0.00550527 0.00906747 0.00573659 0.00735408 -0.00562989 0.029874 -0.0332136 -0.00606649
internal_weight=55290.7 12464.9 10606.5 42825.8 21936.7 5301.96 5304.51 1858.44 4081.92 3829.23 3377.84 313.241 3064.6 21120.5 5529.04 1871.33 1780.28 1330.51 1034.49 420.051 451.392 816.229 3657.71 568.746 989.479 957.67 20889.1 227.524 217.581 2075.12
internal_count=2043720 84143 72101 1959577 982307 34912 37189 12042 27235 25976 22099 2679 19420 973205 394297 291323 282683 200545 163061 60607 3877 9102 102974 6704 6368 6126 977270 28735 1972 13052
is_linear=0
shrinkage=0.05


Tree=63
num_leaves=31
num_cat=0
split_feature=13 25 6 1 6 25 1 2 4 5 15 7 13 18 6 2 14 6 14 2 13 1 10 6 10 18 7 15 7 4
split_gain=679.614 266.681 152.973 106.276 104.682 76.267 50.9978 46.1279 45.2505 41.5899 34.9144 61.8546 34.0539 54.289 40.0965 33.0119 32.7062 32.6937 37.1894 30.379 29.859 29.3753 29.5426 27.8056 27.6947 31.8848 27.688 27.3523 27.2127 38.6888
threshold=0.0026086957077495758 1.0000000180025095e-35 -0.10541183874011038 0.0026086957077495758 -0.12082320079207419 1.0000000180025095e-35 1.0000000180025095e-35 -0.14050374180078504 1.0000000180025095e-35 0.16260869055986407 -0.15965052694082257 -0.041074030101299279 0.020000000484287742 0.028517230413854126 -0.29876227676868433 -0.12885462492704389 -0.12834273278713224 -0.081362813711166368 -0.12509360164403913 -0.14531449973583219 0.01304347859695554 0.016521738842129711 -0.12322653084993361 -0.1443662494421005 -0.13288283348083493 0.00075306560029275726 -0.35218156874179835 -0.33787432312965388 -0.026427911594510075 0.020000000484287742
decision_type=2 2 2 2 2 2 2 2 2 2 2 2 2 2 2 2 2 2 2 2 2 2 2 2 2 2 2 2 2 2
left_child=1 2 3 8 5 12 -3 9 -1 23 11 -4 13 28 -14 -7 19 18 -6 -12 -15 22 -11 27 -18 -26 -16 -5 -2 -30
right_child=4 6 10 7 17 15 -8 -9 -10 21 16 -13 14 20 26 -17 24 -19 -20 -21 -22 -23 -24 -25 25 -27 -28 -29 29 -31
leaf_value=0.023194452548083791 0.001201319600511234 0.036905720392709236 0.021883299807442882 -0.0069740369133019179 -0.008015158946875647 0.0077790647979229122 0.020057798706399871 0.01428450548838002 0.012359792531180261 -0.0077600496302659408 -0.0020133047864487191 -0.010812352304861203 0.011921541899809915 0.019540542547023445 -0.020490127546056437 0.0310661534738025 0.033006186744941456 -0.0070465567620946953 -0.0023201840553935542 0.02865670518823632 0.0011627882974853622 -0.030194536713038025 0.026975080289783834 -0.0033577796596368711 0.0076272473869362818 -0.010198625356490409 -0.0040494155352297067 0.013578605972199207 -0.010853023806980125 0.019654949038730454
leaf_weight=1597.5698760063387 7366.0903781566303 857.2067626130156 359.08078735443996 194.89602879143786 3608.0210431102896 368.39701509318547 953.63275256726774 910.76923610921949 2440.452338759409 579.67664059251547 211.0456346963183 240.987630092568 376.49646865890827 597.13095023183268 271.62294891335478 259.44218726927647 41.55759628477972 10240.947970581678 13944.10766728688 129.64615727961063 350.76713912797277 128.57711048447527 67.444958749925718 586.65878152975347 290.14520720334258 1821.623012381373 4247.2456470639445 939.28512332960963 924.51593583310023 116.13948657724541
leaf_count=7833 186987 5942 2185 1635 56107 3817 6100 6638 19402 3893 1245 1491 25157 11250 56816 2779 187 557002 642241 507 13289 1132 321 4110 1574 13187 386785 6761 12254 5093
internal_value=-3.02446e-11 0.0103287 0.00728162 0.0111644 -0.0029896 0.000395235 0.0280492 0.00465927 0.016651 0.00114355 -0.0020622 0.00875657 -0.000356737 0.00141142 -0.00373515 0.0174361 -0.00466769 -0.00480147 -0.00349123 0.00970751 0.0127483 -0.00846183 -0.00410382 0.00547574 -0.00694554 -0.007747 -0.00504196 0.0100438 0.000131778 -0.00743267
internal_weight=55021.2 12350.3 10539.4 7445.33 42670.9 14877.8 1810.84 3407.31 4038.02 2496.54 3094.09 600.068 14250 9354.64 4895.37 627.839 2494.02 27793.1 17552.1 340.692 947.898 775.699 647.122 1720.84 2153.33 2111.77 4518.87 1134.18 8406.75 1040.66
internal_count=2043720 84143 72101 51725 1959577 704227 12042 24490 27235 17852 20376 3676 697631 228873 468758 6596 16700 1255350 698348 1752 24539 5346 4214 12506 14948 14761 443601 8396 204334 17347
is_linear=0
shrinkage=0.05


Tree=64
num_leaves=31
num_cat=0
split_feature=13 25 6 6 1 25 23 4 0 4 15 7 18 15 4 6 5 5 12 12 4 0 3 13 18 5 13 18 10 6
split_gain=657.188 247.154 134.917 109.272 95.3797 69.0765 50.426 43.0816 40.4295 35.3037 31.4861 55.0737 30.7468 30.701 34.9724 32.8443 30.3829 29.8075 52.7024 32.0839 34.3324 32.0169 32.3375 37.2125 31.1231 27.8145 36.6843 43.3837 31.3381 60.5141
threshold=0.0026086957077495758 1.0000000180025095e-35 -0.10541183874011038 -0.12082320079207419 0.0026086957077495758 1.0000000180025095e-35 0.78571429848670971 1.0000000180025095e-35 0.0095652174204587954 0.0060869567096233377 -0.15965052694082257 -0.041074030101299279 0.025273551233112816 -0.25728204846382136 0.0043478262377902874 -0.081362813711166368 0.28782609105110174 0.014782608952373268 0.0026086957077495758 0.063478261232376113 0.1086956523358822 0.0026086957077495758 -0.14362060278654096 0.16086956113576892 0.0039610576350241908 0.0826086960732937 0.014782608952373268 0.014909938443452122 -0.12625777721405027 -0.35853400826454157
decision_type=2 2 2 2 2 2 2 2 2 2 2 2 2 2 2 2 2 2 2 2 2 2 2 2 2 2 2 2 2 2
left_child=1 2 4 5 7 25 -3 -1 -6 -10 11 -4 -7 14 16 -15 -5 18 -17 24 -21 22 -22 -24 -19 26 27 -2 29 -28
right_child=3 6 10 13 8 12 -8 -9 9 -11 -12 -13 -14 15 -16 17 -18 19 -20 20 21 -23 23 -25 -26 -27 28 -29 -30 -31
leaf_value=0.022628311310004874 0.0025207563581312749 0.02256078935304804 0.021234433295211189 0.033016802241415004 -6.4705558785052976e-05 0.0091768437636759771 0.042018222199649839 0.011995779170123682 0.014211843715457737 -0.0070484462082838623 -0.0040192707400041223 -0.0097542014892053781 0.032955881275956111 -0.003770053109244375 -0.001132534536425005 -0.12165792283520319 -0.0088267112411657932 -0.001055879126703006 -0.018051254177333258 0.0090378508123706899 0.039379607617804541 -0.0043668552076473379 -0.095392750089937084 0.039026324032503702 -0.0094887948442749937 -0.0021940523886222192 0.015771568296435876 0.015392205743075657 0.0010634025337595888 -0.019546188825069498
leaf_weight=1573.1073649679893 3338.8334257939714 1317.7987661433872 355.77184656413738 157.45229659043252 1896.8055112690199 428.2990435413667 448.04265515948646 2427.2571781158622 1263.3187342553865 230.2986284410581 2466.4718290002202 238.93438156455522 199.00038194301305 17022.957515780858 762.13649111593259 11.807583253365008 59.241349156480283 1307.2884700144641 322.24782046527253 606.11496766156051 7.5715955237392327 787.15475494469865 26.645339500624686 5.7425155243836334 6717.6004030236509 7764.4074011884222 155.32321969623445 813.49818277708255 1565.2079615777184 542.30889815898263
leaf_count=7833 87186 9324 2185 865 13409 4939 2718 19402 7358 3723 16700 1491 1657 672366 41644 273 317 22488 136685 50635 338 146807 364 262 182306 299791 9479 21172 213456 66547
internal_value=3.61042e-11 0.0102222 0.00729759 -0.00293186 0.0109532 0.00053757 0.0275187 0.0161815 0.00478124 0.0109312 -0.00152896 0.00878869 0.0167608 -0.00478011 0.00391453 -0.00509762 0.0215893 -0.00740487 -0.0220655 -0.00688479 6.11723e-06 -0.00661532 -0.0497195 -0.0711046 -0.00811534 -0.000181271 0.0022548 0.00504555 -0.00286621 -0.0116716
internal_weight=54818.6 12217.8 10452 42600.8 7390.79 14806.9 1765.84 4000.36 3390.42 1493.62 3061.18 594.706 627.299 27794 978.83 26815.1 216.694 9792.17 334.055 9458.12 1433.23 827.114 39.9595 32.3879 8024.89 14179.6 6415.17 4152.33 2262.84 697.632
internal_count=2043720 84143 72101 1959577 51725 704227 12042 27235 24490 11081 20376 3676 6596 1255350 42826 1212524 1182 540158 136958 403200 198406 147771 964 626 204794 697631 397840 108358 289482 76026
is_linear=0
shrinkage=0.05


Tree=65
num_leaves=31
num_cat=0
split_feature=13 25 6 6 1 25 1 5 5 15 7 0 18 6 16 2 10 7 6 10 6 4 5 4 13 13 1 10 15 15
split_gain=590.483 236.614 139.501 106.546 91.95 59.3854 49.4625 42.8529 42.4649 34.7117 46.2722 32.919 31.0664 28.6683 39.1337 57.1292 30.3188 29.3225 27.6384 46.2195 36.4389 32.9954 32.1721 27.0741 27.0506 27.023 27.0007 26.7419 26.708 25.4471
threshold=0.0026086957077495758 1.0000000180025095e-35 -0.10541183874011038 -0.11464518308639525 0.0026086957077495758 1.0000000180025095e-35 1.0000000180025095e-35 0.13130434602499011 1.0000000180025095e-35 -0.15965052694082257 -0.042313700541853898 0.0095652174204587954 0.025273551233112816 -0.20253870636224744 0.014782608952373268 -0.14321646839380262 -0.11454778164625166 -0.30913577973842615 -0.08215072005987166 -0.12222695723176001 -0.061057787388563149 0.0078260868322104233 0.44086956977844244 1.0000000180025095e-35 0.0078260868322104233 0.30347825586795812 0.0060869567096233377 -0.12236040458083151 -0.12628221511840818 -0.20958945155143735
decision_type=2 2 2 2 2 2 2 2 2 2 2 2 2 2 2 2 2 2 2 2 2 2 2 2 2 2 2 2 2 2
left_child=1 2 4 5 8 13 -3 11 -1 10 -4 26 24 14 -2 16 17 -16 21 20 -20 -11 -23 -10 -7 29 -6 -9 -22 -5
right_child=3 6 9 25 7 12 -8 27 23 18 -12 -13 -14 -15 15 -17 -18 -19 19 -21 28 22 -24 -25 -26 -27 -28 -29 -30 -31
leaf_value=0.029885248732853156 0.0064337978069940868 0.035930015698889602 0.02039203890649853 0.0012092835514363404 0.0091871708627357627 0.016371866722557579 0.018917081895551212 -0.0056932332618801597 0.019503539690891903 0.0015822701519795049 -0.0081108117878340175 0.015982696402965128 0.030815902540313207 -0.0013925972923904927 0.013058912327439094 -0.023778338263526076 0.075418573741366929 -0.015170142443100909 -0.015726326449813588 0.0032850678855239415 0.0082920190252943234 -0.030108096499966347 0.027255267986969669 0.010423578842393573 -0.0090275209906153665 -0.028471529594772282 -0.0065221401658494887 0.014544132991630949 -0.068097337198566754 -0.0051187670419186072
leaf_weight=470.72768203984015 2748.6994764020783 805.12478690255375 349.81077328725951 1701.7979352974799 738.2078921883367 302.46918163017835 919.30828367095091 1086.54343421862 1328.2176765443292 1464.6827457538457 238.94429993350059 928.07101668452378 209.30128955910914 12626.243368755546 247.10863096528919 289.24954131330014 13.838295696419662 145.21888931537978 451.37907428774633 307.95801319472957 13.880843247985466 152.18547545711044 28.272636042907834 2162.1282225796022 159.35388442355907 119.1250177641341 433.3057047125767 191.09221369004808 59.142218954861164 23828.995657664535
leaf_count=3307 71387 5942 2166 71961 5313 1765 6100 7353 6778 7789 1510 7410 1872 621634 18668 49821 3076 16426 3168 2858 93 1921 166 17150 3695 74270 3365 1049 705 1025002
internal_value=1.44938e-11 0.00972748 0.00688292 -0.00278338 0.0106249 0.000319369 0.0268765 0.00456153 0.0157922 -0.0020732 0.00883011 0.00895355 0.0148803 -0.000289606 0.00375323 -0.00683601 0.00525818 0.00259801 -0.00466678 -0.0120853 -0.0211008 -0.000908296 -0.0210202 0.0138835 0.00760714 -0.00480845 0.00337619 -0.00265738 -0.0536607 -0.00469693
internal_weight=54520.4 12129 10404.5 42391.4 7338.29 16741.5 1724.43 3377.22 3961.07 3066.26 588.755 2099.58 671.124 16070.4 3444.11 695.415 406.166 392.328 2477.5 832.36 524.402 1645.14 180.458 3490.35 461.823 25649.9 1171.51 1277.64 73.0231 25530.8
internal_count=2043720 84143 72101 1959577 51725 788344 12042 24490 27235 20376 3676 16088 7332 781012 159378 87991 38170 35094 16700 6824 3966 9876 2087 23928 5460 1171233 8678 8402 798 1096963
is_linear=0
shrinkage=0.05


Tree=66
num_leaves=31
num_cat=0
split_feature=13 1 6 17 6 25 15 2 1 15 6 5 5 13 18 10 6 2 12 1 18 4 11 15 6 1 18 4 10 7
split_gain=590.616 223.754 111.243 104.762 83.8253 58.6732 37.9747 48.6452 46.5896 36.0564 40.1692 34.1854 29.5953 29.4498 41.8874 31.5536 44.9497 38.7065 58.5545 31.648 28.8968 29.2623 28.686 28.6443 27.7631 27.3243 42.6152 27.0361 26.4946 32.2806
threshold=0.0026086957077495758 1.0000000180025095e-35 -0.11966699361801146 1.0000000180025095e-35 -0.16340570896863935 1.0000000180025095e-35 -0.092700488865375505 -0.13774727284908292 0.0026086957077495758 -0.19587332010269162 -0.06030593998730182 0.0026086957077495758 0.0826086960732937 0.011304348241537811 0.014909938443452122 -0.12777777761220929 -0.35853400826454157 -0.13372802734374997 0.0078260868322104233 0.040869565680623061 0.0044974235352128753 1.0000000180025095e-35 -0.13981308788061139 -0.34833675622940058 -0.081362813711166368 0.0078260868322104233 0.014909938443452122 0.023478261195123199 -0.12883074581623075 -0.24590919166803357
decision_type=2 2 2 2 2 2 2 2 2 2 2 2 2 2 2 2 2 2 2 2 2 2 2 2 2 2 2 2 2 2
left_child=1 3 5 11 20 12 7 8 -6 -5 -11 -1 13 14 28 16 -15 18 -17 -19 23 -22 -20 -3 -4 -9 -27 -18 -2 -30
right_child=2 4 24 9 6 -7 -8 25 -10 10 -12 -13 -14 15 -16 17 27 19 22 -21 21 -23 -24 -25 -26 26 -28 -29 29 -31
leaf_value=0.042969260494427418 0.0079471278754710394 -0.004229748307832449 -0.0034486630216135185 0.021050862037718877 0.0086262909126852642 0.015681133557458198 -0.0096075044179729698 0.021048068326777362 -0.0037009236335352191 0.0099434344119732048 -0.050003485045643163 0.02562228595226454 -0.0020043609855389193 0.012728906078060653 0.01734532133736312 -0.026576702742593591 -0.0076135641362272202 -0.017017852764035446 0.019567939293631664 0.0013654670014412631 0.03004774082216723 0.010296494067862053 -0.0049472873950345926 0.011894528779743157 -0.006747352892088887 -0.0020786993507347531 0.022784917273662518 -0.028881538158061978 0.0051416887648169669 -0.0093479459291502531
leaf_weight=422.40556976583321 1445.9704912046436 332.11878811073257 17088.423692303943 1011.276391006948 1113.4102200456546 623.58958303730469 664.06248872767901 473.36431095952867 2453.9880166403891 1454.5608365523221 27.514092330762651 892.23629167571926 7982.0671509570675 174.99866240622941 620.90773098514182 95.526003221399151 387.18896866001887 328.45620145992143 609.83594351884676 808.60579658446659 395.04748651414411 359.13384879665682 147.85792698783916 1600.3240583018051 10181.345311668658 539.36197901531705 252.15589701244608 243.41725573249278 842.37342236342374 705.32755293464288
leaf_count=2789 29600 2980 683229 6962 7051 6728 5380 3155 16432 10251 326 5863 308025 10113 13480 3029 23228 44662 68590 106157 1528 3800 22691 12121 557002 3812 1693 45899 23556 13588
internal_value=1.96005e-11 0.00979411 -0.00277747 0.019805 0.00513366 0.000678487 0.00159482 0.00313593 0.000147826 0.0137738 0.00879758 0.0312244 2.74181e-05 0.00255723 0.00553718 -0.00129591 -0.0096384 0.00208402 0.0101274 -0.0039551 0.0123702 0.0206685 0.0147838 0.00912258 -0.00468045 0.0115566 0.00586092 -0.0158558 0.00308311 -0.00146339
internal_weight=54276.9 11991 42285.9 3807.99 8182.97 15016.1 5496.34 4832.28 3567.4 2493.35 1482.07 1314.64 14392.5 6410.47 3614.58 2795.89 805.605 1990.28 853.22 1137.06 2686.62 754.181 757.694 1932.44 27269.8 1264.88 791.518 630.606 2993.67 1547.7
internal_count=2043720 84143 1959577 26191 57952 719346 37523 32143 23483 17539 10577 8652 712618 404593 80224 324369 79240 245129 94310 150819 20429 5328 91281 15101 1240231 8660 5505 69127 66744 37144
is_linear=0
shrinkage=0.05


Tree=67
num_leaves=31
num_cat=0
split_feature=13 25 6 7 13 1 27 23 5 4 3 3 15 2 5 6 12 15 11 10 12 12 4 7 4 15 6 1 4 3
split_gain=539.16 207.754 117.484 110.737 111.13 74.098 54.3594 47.9682 39.6799 39.5475 46.9263 45.1576 44.4784 45.3825 36.239 35.7547 35.4248 36.8625 40.7845 35.0326 33.7076 33.477 41.927 33.4674 33.4383 42.5353 32.6019 32.9365 30.3144 29.6995
threshold=0.0026086957077495758 1.0000000180025095e-35 -0.10998130589723586 -0.15964195877313611 0.089565217494964613 0.0026086957077495758 1.0000000180025095e-35 0.78571429848670971 1.0000000180025095e-35 0.023478261195123199 -0.14891585707664487 -0.13079980760812757 -0.18175841867923734 -0.1567176282405853 0.13130434602499011 -0.10001972317695616 0.023478261195123199 -0.2285419628024101 -0.11885119602084158 -0.12463485822081564 1.0000000180025095e-35 0.070434782654047026 0.086086958646774306 -0.027831225655972954 0.044347826391458518 -0.16362153738737104 -0.14610304683446881 0.039130434393882758 0.12608695775270465 -0.13302610814571378
decision_type=2 2 2 2 2 2 2 2 2 2 2 2 2 2 2 2 2 2 2 2 2 2 2 2 2 2 2 2 2 2
left_child=1 2 5 4 6 8 9 -3 -1 11 12 20 13 -11 -7 16 17 -5 23 -14 -2 22 -17 26 -18 -26 -19 -28 -23 -27
right_child=3 7 -4 15 -6 14 -8 -9 -10 10 -12 -13 19 -15 -16 21 24 18 -20 -21 -22 28 -24 -25 25 29 27 -29 -30 -31
leaf_value=0.02914343139329912 -0.012374794263662135 0.020932439133467047 -0.00083121685732097893 0.0048148369259643983 -0.028468913662335671 0.0089620618298992469 0.02073622757362845 0.040715109246013285 0.013363959425714559 0.0086282653807385878 -0.017251485618829377 0.016239328739305933 -0.012937303984024325 -0.016473591612484607 -0.0022060586390507497 -0.0058864878430951286 0.0040798142239021704 0.0019711830015568415 0.00034404616257841192 0.018011514890458595 0.0037502545278266224 0.0082025370037027093 -0.031111628409993652 -0.014481901842371935 -0.021320097431647332 0.0063450787569316568 -0.0048260974181070686 -0.015398049987383648 -0.0055166194299584026 -0.0080068370241792031
leaf_weight=454.14636044710642 343.97227972140536 1245.3761036283759 3413.5315339768422 1074.0328878349392 283.26801441580756 1969.6288885746035 424.20979667388019 408.32227664747916 3256.3230556749622 288.42360717483098 493.63715678991866 698.26619175885571 114.650415461394 476.06126739850151 1149.871692173183 16422.277924506227 3396.3401739881956 1170.1149396557594 2545.3232575980364 438.95460359250137 5360.945178960741 812.58897472696844 165.45711480121827 1249.1282882304222 306.27940878726076 720.33086928271223 2853.7317116669146 992.9183653005166 796.24493898372748 719.5629973555333
leaf_count=3278 2596 9324 22872 19420 161359 15330 10957 2718 22874 22645 120070 24385 18353 105468 7747 432452 156342 25560 37035 80817 168567 96278 15469 21513 42902 77012 40832 16547 185004 77994
internal_value=6.98444e-12 0.00939927 0.00674304 -0.00265339 0.00229205 0.0105281 0.00330385 0.0258387 0.0153026 0.00240125 -0.00411914 0.00424649 0.000808402 -0.0070043 0.00484602 -0.00398152 -0.00217639 -0.00392719 -0.00499322 0.0115903 0.00277601 -0.00547209 -0.00613996 -0.00716102 0.00118922 -0.00443216 -0.00533567 -0.00755828 0.00141344 -0.000827632
internal_weight=54043.9 11897.2 10243.5 42146.7 8922.39 6829.97 8639.12 1653.7 3710.47 8214.91 1811.73 6403.18 1318.09 764.485 3119.5 33224.3 15027.8 9885.25 8811.22 553.605 5704.92 18196.6 16587.7 6265.89 5142.51 1746.17 5016.77 3846.65 1608.83 1439.89
internal_count=2043720 84143 72101 1959577 715217 49229 553858 12042 26152 542901 347353 195548 227283 128113 23077 1244360 515157 160907 141487 99170 171163 729203 447921 104452 354250 197908 82939 57379 281282 155006
is_linear=0
shrinkage=0.05


Tree=68
num_leaves=31
num_cat=0
split_feature=13 6 5 6 25 1 18 7 13 17 4 5 4 23 2 3 10 17 12 6 2 3 3 15 3 11 7 4 15 4
split_gain=480.171 183.182 174.805 93.5968 83.3935 68.989 53.0875 39.2697 108.904 52.5858 36.3333 36.0621 40.5073 33.445 29.6124 28.4646 45.6279 36.0993 37.0422 29.8769 33.155 28.8432 28.2882 39.3076 36.498 28.1832 33.4518 30.0991 27.6834 32.7773
threshold=1.0000000180025095e-35 -0.12802229076623914 0.0026086957077495758 -0.088189937174320207 1.0000000180025095e-35 0.0060869567096233377 1.0000000180025095e-35 -0.13156066834926602 0.084347829222679152 0.0065217397641390571 0.030434782616794113 0.38521739840507513 0.0060869567096233377 0.78571429848670971 -0.17105020582675931 -0.065653361380100236 -0.12337097898125647 0.0034782608272507791 1.0000000180025095e-35 -0.15119183063507077 -0.1364001929759979 -0.11304936185479163 -0.099914941936731325 -0.1861179322004318 -0.1777207553386688 -0.093368384987115846 -0.23790865391492841 0.0095652174204587954 -0.11773850023746489 0.0043478262377902874
decision_type=2 2 2 2 2 2 2 2 2 2 2 2 2 2 2 2 2 2 2 2 2 2 2 2 2 2 2 2 2 2
left_child=2 4 -1 5 6 13 -2 8 9 -3 11 -8 15 14 -4 16 17 -13 -19 -18 -21 -22 23 -7 -25 26 27 -11 29 -5
right_child=1 7 3 28 -6 22 10 -9 -10 25 -12 12 -14 -15 -16 -17 19 18 -20 20 21 -23 -24 24 -26 -27 -28 -29 -30 -31
leaf_value=0.033699502822515819 0.016666871435452171 -0.007154779661278316 0.0034070546081116804 0.013805086119484809 0.017602197881475379 0.013260370866211436 0.0033083284445331665 -0.004665766406197063 -0.026359335660483863 0.0086634749991087567 -0.0051282108306409079 -0.00078445472858121616 0.0019329862887743016 0.03997063215647479 0.016535253829395396 -0.068598872101719416 0.029296935708065359 -0.11122310347194445 -0.026175928745631794 0.056396855092844402 -0.10519610361191203 -0.0058980175503704135 0.034357441147912948 -0.029989027150288727 -0.0017666876909388889 -0.011165511510208385 0.0075569513415970407 -0.016312908300602825 -0.013042943105575303 -0.027242894850589484
leaf_weight=872.87500229213038 580.01319420506479 1253.7754115998396 502.50534515958861 250.10925862600561 892.51222936925478 313.72503901243908 10425.464818097302 26593.122110613505 367.02462282922352 200.31630310334731 1927.4821414687467 161.36646122694947 870.08558677416295 134.81821544963168 2981.6350062886777 22.706437024287879 90.096034640446305 12.525553253944961 291.3429214132484 9.0552704129368049 11.931093897670506 17.125695257447664 58.313651880715042 148.06748897698708 495.44721666409168 264.54411220882321 3233.8887384545233 300.33947157024522 513.10077928408282 59.345272810547613
leaf_count=6475 6056 12461 3773 1384 7652 1984 286763 877306 190538 3418 306209 1140 24312 929 18374 261 473 203 2876 38 144 104 279 1355 3143 27031 184505 70122 3752 660
internal_value=8.82521e-13 -0.00172313 0.0129354 0.0096085 0.00277927 0.0123668 0.00186061 -0.00386326 -6.56817e-05 0.00177616 0.00123891 0.00226954 -0.00501454 0.0155976 0.0146433 -0.0148126 -0.0126427 -0.0199129 -0.0300349 0.0136889 -0.0230139 -0.0488145 0.000849714 -0.00122525 -0.00829687 0.00457723 0.00569509 -0.00632231 -0.00592891 0.00587076
internal_weight=53854.7 47524.7 6329.94 5457.07 15311.7 4634.51 14419.2 32213 5619.89 5252.86 13839.2 11911.7 1486.24 3618.96 3484.14 616.149 593.443 465.235 303.868 128.208 38.1121 29.0568 1015.55 957.24 643.515 3999.09 3734.54 500.656 822.555 309.455
internal_count=2043720 2001612 42108 35633 636231 29837 628579 1365381 488075 297537 622523 316314 29551 23076 22147 5239 4978 4219 3079 759 286 248 6761 6482 4498 285076 258045 73540 5796 2044
is_linear=0
shrinkage=0.05


Tree=69
num_leaves=31
num_cat=0
split_feature=4 1 6 6 2 9 13 23 15 23 4 7 23 8 9 0 18 15 9 0 10 24 6 18 18 10 9 1 6 4
split_gain=459.849 273.845 105.186 101.805 70.6765 83.8711 67.2977 63.1612 58.9804 55.7561 43.9265 35.6248 33.6808 33.1473 32.7292 33.918 32.2192 32.0499 30.6156 36.2756 26.9735 49.7657 26.4585 25.5199 24.7637 25.4716 24.534 24.2194 31.5949 24.0891
threshold=0.0026086957077495758 1.0000000180025095e-35 -0.1067078374326229 -0.10286307707428931 -0.13819750398397443 0.0026086957077495758 0.01304347859695554 0.6428571641445161 -0.11242177337408064 0.5000000149011613 1.0000000180025095e-35 0.021335287950932983 0.35714286565780645 0.037391304969787605 0.0095652174204587954 0.028695652261376384 0.033731399103999145 -0.079387508332729326 0.01304347859695554 0.011304348241537811 -0.13161054253578183 1.0000000180025095e-35 -0.026649554260075089 0.030743773095309738 0.0043260322418063888 -0.15818820893764493 0.21304347366094592 0.01304347859695554 -0.1286850497126579 0.0078260868322104233
decision_type=2 2 2 2 2 2 2 2 2 2 2 2 2 2 2 2 2 2 2 2 2 2 2 2 2 2 2 2 2 2
left_child=1 7 4 9 5 24 10 17 11 -2 -6 13 -7 14 15 20 23 -1 19 -14 21 -4 -16 -8 25 -3 -5 28 -21 -11
right_child=3 2 8 26 6 12 16 -9 -10 29 -12 -13 18 -15 22 -17 -18 -19 -20 27 -22 -23 -24 -25 -26 -27 -28 -29 -30 -31
leaf_value=0.018882931996939554 -0.00097333405171752584 -0.010008963842889164 -0.057595075480335649 -0.0048783696666690858 0.026016081013220168 -0.012233827465968268 -0.018034897992723887 0.036897902943221476 -0.010595583465958354 0.011580133050047651 0.010154077543418204 -0.02787539516758869 -0.0034266957070354267 0.025788702485233322 -0.0084684568706506411 0.031623971870872368 0.0054056875161617515 -0.061026943352000255 -0.037797426943084689 0.012092634362798211 0.0065231091086033061 0.0091177481129015893 -0.083942105450435359 -0.10388616456053146 0.02393774880644535 0.010143868128949161 -0.01990464420820354 0.02862486751014634 -0.028801418967379429 0.00032474192737191459
leaf_weight=2044.6503999698325 18317.458771350532 168.25447317527141 47.726929707117961 20197.130582903192 1066.4132995313266 664.67532865167595 98.523914284771308 596.36123487904115 1427.2672285047593 1358.7974134095712 741.73891404550523 86.441456435451983 900.78486992017133 168.81113794329576 325.71050653164275 119.64209423027933 349.68158273678273 11.678832054705707 47.374854510300793 297.44497495749965 864.51939646783285 65.036195337190293 11.063691160408778 8.5883307319600117 300.01155560757616 2163.1697740913587 274.46819201955805 169.15664202405605 55.139069647470023 730.98463064414682
leaf_count=13196 926838 1292 373 862461 4094 4862 981 4728 10302 18738 5078 512 6781 742 2110 407 2240 198 541 1848 4354 326 115 145 1416 13041 115867 828 422 38884
internal_value=-2.57525e-11 0.00826996 0.0045296 -0.00258961 0.00791834 0.00446087 0.0151885 0.0225706 -0.00311632 -9.04359e-05 0.0195184 0.00320665 -0.00290298 0.0048996 0.00242375 0.0066095 -0.00195574 0.0183996 0.00132179 0.00265023 0.00351795 -0.0193765 -0.0111891 -0.0258157 0.0104331 0.00868581 -0.00508079 0.0131285 0.00563402 0.00764515
internal_weight=53678.7 12799.9 10147.2 40878.8 7030.96 4766.01 2264.95 2652.69 3116.22 20407.2 1808.15 1688.95 2134.58 1602.51 1433.7 1096.92 456.794 2056.33 1469.9 1422.53 977.283 112.763 336.774 107.112 2631.44 2331.42 20471.6 521.741 352.584 2089.78
internal_count=2043720 80932 62810 1962788 43569 31031 12538 18122 19241 984460 9172 8939 15282 8427 7685 5460 3366 13394 10420 9879 5053 699 2225 1126 15749 14333 978328 3098 2270 57622
is_linear=0
shrinkage=0.05


Tree=70
num_leaves=31
num_cat=0
split_feature=4 1 6 6 23 5 2 9 15 3 1 8 6 5 6 23 15 11 15 14 3 1 15 10 9 0 15 18 11 1
split_gain=463.337 246.158 104.52 88.4591 60.2743 52.4454 48.0145 59.4145 47.5609 54.9937 53.4904 58.52 51.1372 61.6567 44.7498 39.893 36.8709 55.8819 35.278 34.9037 33.8103 35.4893 32.9351 30.4708 30.2917 44.6527 42.796 31.5508 29.4838 27.1668
threshold=0.0026086957077495758 1.0000000180025095e-35 -0.11966699361801146 -0.20253870636224744 0.6428571641445161 0.26000000536441809 -0.14586777985095975 0.011304348241537811 -0.092700488865375505 -0.13022527098655698 0.0043478262377902874 1.0000000180025095e-35 -0.094809178262948976 0.033913042396306999 -0.083315372467041002 0.5000000149011613 -0.1831848546862602 -0.1920199170708656 -0.99999991059303273 -0.12421382591128348 -0.075610674917697893 0.0078260868322104233 -0.079387508332729326 -0.12444541975855826 0.018260869197547439 0.037391304969787605 -0.13330249488353726 0.016561738215386871 -0.38540148735046381 0.044347826391458518
decision_type=2 2 2 2 2 2 2 2 2 2 2 2 2 2 2 2 2 2 2 2 2 2 2 2 2 2 2 2 2 2
left_child=1 4 15 6 22 8 7 28 9 10 -5 -12 -10 20 -11 -2 -13 19 -9 -18 21 -14 -1 -15 25 -19 27 -26 -3 -28
right_child=2 3 -4 5 -6 -7 -8 18 12 14 11 16 13 23 -16 -17 17 24 -20 -21 -22 -23 -24 -25 26 -27 29 -29 -30 -31
leaf_value=0.018480373870517677 -9.9813735829063887e-05 -0.0046427850090024697 -0.0044216969615737053 0.011559290087719547 0.0362897873920058 -0.0050242989877954053 0.022806128391111943 -0.12283613859738818 0.018156410547801424 0.02129056832444565 -0.016611456471942128 0.011282309848679804 -0.026350149792100559 -0.032185991743371049 -0.0064483337569152758 0.0079772395834078816 -0.021649202407889322 -0.00077956866313293194 -0.022321891774426998 -0.09842601724242267 -0.0029011906238260027 -0.13723050026872047 -0.060418785001014289 -0.00099522992794995563 -0.042683806822218721 0.023179237677433961 -0.0091282765051288444 0.010535922470113812 0.013788185752930865 -0.066933549556418934
leaf_weight=2017.726075292805 12277.166478118685 272.25384158268571 26800.665279650944 1413.8093863316753 577.80742017745069 1867.3203770154287 860.61120950937038 9.6570776607841236 123.22345623193542 835.94055193674285 460.67981702793622 842.25735722362879 11.640119541320017 116.77831728800084 175.48162786575267 1745.1539901341894 51.469798982376233 1127.9961718075792 52.355937492102385 20.266270521096885 12.552944596391169 20.767458653135691 12.366566687618613 233.81377490371233 34.276138820452616 233.96989933005534 33.988451734534465 131.269819235662 1059.6904752791743 50.922159495297819
leaf_count=13196 670493 2073 1241485 8283 4728 12136 4776 184 572 3772 2903 5295 102 979 1023 50810 495 6755 499 240 83 341 198 2281 471 1018 302 846 6770 611
internal_value=1.6479e-11 0.00835617 -0.00259173 0.00480415 0.0220415 0.00228153 0.0135249 0.0077825 0.00458212 0.00596864 0.00355057 -0.000242605 -0.00986694 -0.0186206 0.0164763 0.000905917 0.00274757 -0.00152487 -0.0396756 -0.0443945 -0.0730964 -0.0993855 0.0179702 -0.0114465 0.000408721 0.00335026 -0.0155369 -0.0006733 0.0100202 -0.0441705
internal_weight=53483.9 12660.9 40823 10053 2607.9 7798.42 2254.57 1393.96 5931.1 5412.33 4400.91 2987.1 518.776 395.553 1011.42 14022.3 2526.42 1684.16 62.013 71.7361 44.9605 32.4076 2030.09 350.592 1612.42 1361.97 250.457 165.546 1331.94 84.9106
internal_count=2043720 80932 1962788 62810 18122 48508 14302 9526 36372 32014 27219 18936 4358 3786 4795 721303 16033 10738 683 735 526 443 13394 3260 10003 7773 2230 1317 8843 913
is_linear=0
shrinkage=0.05


Tree=71
num_leaves=31
num_cat=0
split_feature=4 1 6 5 18 13 9 23 15 0 0 1 1 3 1 15 2 3 6 6 1 12 16 11 1 8 0 24 10 14
split_gain=468.085 224.442 101.641 75.8516 58.1259 92.332 77.6114 57.7335 41.9543 41.2667 38.0373 35.9247 35.1515 33.6681 33.4395 32.7547 31.7527 30.2235 40.1002 29.2205 30.5949 32.0256 28.1641 28.9072 27.9708 38.094 32.2646 30.4772 42.8543 30.7631
threshold=0.0026086957077495758 1.0000000180025095e-35 -0.12316543236374854 0.26000000536441809 0.012742914725095035 0.0095652174204587954 0.0043478262377902874 0.6428571641445161 -0.077492147684097276 0.08782608807086946 0.0095652174204587954 1.0000000180025095e-35 0.033913042396306999 -0.12167810276150702 0.0026086957077495758 -0.081998769193887697 -0.12058867514133452 -0.37579907476902003 -0.1443662494421005 -0.090279757976531969 0.023478261195123199 0.0078260868322104233 0.0060869567096233377 -0.14228104054927823 0.040869565680623061 0.0043478262377902874 1.0000000180025095e-35 1.0000000180025095e-35 -0.14235574752092359 -0.12542166560888288
decision_type=2 2 2 2 2 2 2 2 2 2 2 2 2 2 2 2 2 2 2 2 2 2 2 2 2 2 2 2 2 2
left_child=1 7 11 4 6 15 10 8 -1 12 14 13 -7 -2 -3 -6 -17 -8 -19 20 -4 22 23 -22 25 26 -20 28 -28 -30
right_child=2 3 19 -5 5 9 17 -9 -10 -11 -12 -13 -14 -15 -16 16 -18 18 24 -21 21 -23 -24 -25 -26 -27 27 -29 29 -31
leaf_value=0.018179207890129046 0.010786193958811856 0.012028525559213627 0.00016381905746929714 -0.0035377771958796998 0.02476697351257031 0.012434182387290875 -0.027616983766912781 0.035817084170454795 -0.080359060840038646 0.011062059762397715 0.017773461690629273 0.00026718097704447007 -0.021854294945940232 -0.070312520527404707 0.0017066820656572558 -0.091456505823280021 0.010411486566065704 0.0076740745186558296 0.048121883234525535 -0.0058592165428446733 -0.036656314779805861 -0.0037091820836804672 0.0064646760662271903 -0.011733704982778467 -0.038191688322245704 0.0029806885613452585 0.064169616478302827 -0.0079364084454075622 -0.067116552103105728 -0.02329988409387386
leaf_weight=1994.5496144506469 1060.8127898935345 1343.9055521812115 5685.5886353018577 2041.7622111186356 1172.7612459618831 107.26787552551832 124.94482268870343 560.8379645881505 9.8932740262534917 501.46168329170905 871.96683539499645 11890.601916991072 241.54507224261761 11.96879227273166 1884.6148552460363 10.859369192738088 21.058889557607472 632.29778923059348 17.169376657810062 14465.909557426814 179.80460502649657 7024.0771949435293 118.23936239362229 330.76827211747877 71.957476028706878 522.07536441343836 9.2952100519323704 227.02907346573193 68.475580627797171 98.74485065008048
leaf_count=13230 12882 8199 138200 13274 5429 699 1232 4728 164 3316 4541 662411 2742 262 11721 113 94 4375 51 733225 2180 407816 1775 4037 846 3051 21 1565 745 796
internal_value=1.65996e-11 0.00844977 -0.00259811 0.0050547 0.00726792 0.0145039 0.00473379 0.0216366 0.017653 0.00188404 0.00851179 0.00105815 -0.0113044 0.00981675 0.00600565 0.0234022 -0.0259719 -0.00400862 -0.00220202 -0.00430277 -0.00261445 -0.00467827 -0.0154803 -0.020565 -0.00835739 -0.00604227 -0.0172196 -0.0201117 -0.0356384 -0.0415348
internal_weight=53302.2 12534.5 40767.8 9969.19 7927.43 2054.95 5872.48 2565.28 2004.44 850.275 4100.49 12963.4 348.813 1072.78 3228.52 1204.68 31.9183 1771.99 1647.04 27804.4 13338.5 7652.89 628.812 510.573 1014.75 942.789 420.714 403.545 176.516 167.22
internal_count=2043720 80932 1962788 62810 49536 12393 37143 18122 13394 6757 24461 675555 3441 13144 19920 5636 207 12682 11450 1287233 554008 415808 7992 6217 7075 6229 3178 3127 1562 1541
is_linear=0
shrinkage=0.05


Tree=72
num_leaves=31
num_cat=0
split_feature=4 1 7 13 5 5 18 13 9 15 15 0 6 1 3 11 6 7 8 12 11 12 6 0 9 8 9 1 1 16
split_gain=452.746 203.713 103.576 89.7659 79.3008 56.147 52.1353 82.8475 57.2367 47.2899 40.4427 36.0557 34.0285 32.0339 30.4494 29.6926 29.2226 31.0361 35.3115 29.2117 47.6714 30.8899 34.8987 33.4802 36.4858 30.3698 38.9711 31.8665 33.9001 30.0846
threshold=0.0026086957077495758 1.0000000180025095e-35 -0.1360407471656799 0.098260872066020979 0.26000000536441809 1.0000000180025095e-35 0.012742914725095035 0.0078260868322104233 0.0043478262377902874 -0.077492147684097276 -0.089561291038990007 0.0095652174204587954 -0.13474491983652112 0.0026086957077495758 -0.37579907476902003 -0.083006404340267168 -0.1443662494421005 -0.098818968981504426 0.0026086957077495758 0.032173912972211845 -0.12361024692654608 0.068695649504661574 -0.068228647112846361 0.047826087102293975 0.039130434393882758 0.040869565680623061 0.042608696967363364 0.089565217494964613 0.0826086960732937 0.030434782616794113
decision_type=2 2 2 2 2 2 2 2 2 2 2 2 2 2 2 2 2 2 2 2 2 2 2 2 2 2 2 2 2 2
left_child=1 5 3 -2 6 -1 8 15 10 -7 11 13 -4 -3 -10 -8 -16 18 -18 25 29 22 -22 24 -24 26 -14 28 -28 -21
right_child=2 4 12 -5 -6 9 7 -9 14 -11 -12 -13 19 -15 16 -17 17 -19 -20 20 21 -23 23 -25 -26 -27 27 -29 -30 -31
leaf_value=0.036755934695722733 0.0024714664299334984 0.012782321585350679 0.00021125106855504746 -0.025944325279111408 -0.0036544221839843712 0.018049406855201421 0.025662108645197336 0.0041192422874609183 -0.026268282755974998 -0.081404809492983621 -0.015915162638696405 0.018500600271173239 -0.0062530076809499471 0.0024552323111342329 0.0076788251682068376 -0.028842872275411404 -0.03248209178959225 0.0063833434510870693 -0.0057042361361223596 0.0091183307769696215 -0.0039019037934838914 0.0017334294618417427 -0.014569587319134101 -0.018923958303789921 0.0086461511791670592 -0.014064444407877193 0.0040545501195995816 -0.0061147673429543491 0.030474841287402205 -0.0014828210247294885
leaf_weight=463.07721977608162 10292.915319843334 1288.0290963894513 4058.976339314715 284.64358571461344 2043.955142429535 2050.8373450215877 998.33300776570104 1008.7386283018859 124.89758477150463 11.053846544877159 165.46622436106554 830.4320820835128 13765.522229180497 1800.2789270697685 629.39036464120727 24.836989312549122 162.84239333611913 331.58958758623339 497.70245702471584 1170.1496167012956 3925.5450980798632 1461.7048841313226 381.13798962987494 913.83127312856959 302.87998999276897 1089.4605291201733 691.84887775662355 638.8905626796186 146.36905096028931 1561.0182596615341
leaf_count=3365 688585 7962 169009 178065 13274 14590 4523 7704 1232 167 1027 4306 221166 11166 4375 166 1381 2338 3356 62720 175020 233524 8855 28426 14571 22036 20033 18596 2816 119366
internal_value=-1.23283e-11 0.00835062 -0.00255171 0.00170441 0.00511814 0.0210259 0.00739884 0.0142944 0.00499379 0.017477 0.00823263 0.00925606 -0.00404702 0.00676506 -0.00258099 0.0243122 -0.000741418 -0.00608541 -0.0123448 -0.00471054 -0.00253931 -0.0047291 -0.00643934 -0.0126669 -0.00429215 -0.00600201 -0.00542487 0.00229175 0.00869886 0.00306084
internal_weight=53116.4 12431.5 40684.9 10577.6 9906.49 2524.97 7862.54 2031.91 5830.63 2061.89 4084.21 3918.74 30107.3 3088.31 1746.42 1023.17 1621.52 992.134 660.545 26048.4 9716.27 6985.1 5523.39 1597.85 684.018 16332.1 15242.6 1477.11 838.218 2731.17
internal_count=2043720 80932 1962788 866650 62810 18122 49536 12393 37143 14757 24461 23434 1096138 19128 12682 4689 11450 7075 4737 927129 642482 460396 226872 51852 23426 284647 262611 41445 22849 182086
is_linear=0
shrinkage=0.05


Tree=73
num_leaves=31
num_cat=0
split_feature=4 1 6 5 6 15 2 9 23 5 15 15 13 7 8 16 7 18 9 3 12 24 4 6 3 11 2 15 17 12
split_gain=406.568 198.109 107.369 80.2976 55.8015 67.2158 59.292 60.9248 54.1649 53.7104 48.8543 45.543 43.049 41.6576 35.2066 35.1842 35.1799 33.484 47.3031 32.4382 28.5245 27.759 27.4103 28.625 27.0997 25.0279 24.5376 23.7838 23.7198 25.0653
threshold=0.0026086957077495758 1.0000000180025095e-35 -0.10245272889733313 0.26000000536441809 -0.083315372467041002 -0.12462122738361357 -0.13283579796552655 0.011304348241537811 0.6428571641445161 0.047826087102293975 -0.99999991059303273 -0.077492147684097276 0.021739130839705471 -0.14432308822870252 0.049565218389034278 0.037391304969787605 -0.19141246378421781 0.0085531813092529791 0.0026086957077495758 -0.14955235272645948 0.098260872066020979 1.0000000180025095e-35 1.0000000180025095e-35 -0.1067078374326229 -0.12462565302848815 -0.14905007183551786 -0.12839934229850766 -0.063056919723749147 1.0000000180025095e-35 1.0000000180025095e-35
decision_type=2 2 2 2 2 2 2 2 2 2 2 2 2 2 2 2 2 2 2 2 2 2 2 2 2 2 2 2 2 2
left_child=1 8 9 4 6 -6 7 17 11 -2 -9 28 22 26 20 -16 -17 18 -3 -15 -4 25 23 -8 -24 -5 -7 -23 -1 -30
right_child=2 3 14 21 5 13 12 10 -10 -11 -12 -13 -14 19 15 16 -18 -19 -20 -21 -22 27 24 -25 -26 -27 -28 -29 29 -31
leaf_value=0.023899254352579169 0.0045584914832993316 0.010130484238888198 -0.0060795076657792855 0.010232575958251481 0.01661082845058243 -0.1685240421229009 0.028754668329275198 -0.11625439518014358 0.034673648542966486 -0.0013474171430412699 -0.0095319553898829401 -0.077635376113956794 -0.0060224687566137703 -0.061847458544715961 0.0032293813270155682 -0.031149814377885138 -0.0039733186547268101 0.020208722431183455 -0.0004428150759218221 -0.010319515870193988 -0.056159325756570559 -0.011213396262665187 0.0056748237834778259 0.0068660129042499105 0.027708128627210706 -0.005013452711537799 -0.042774854483690242 0.056528945581935469 0.0048034098567735807 0.019617121717292969
leaf_weight=798.69330122915562 5142.7765365798114 2669.9910860384989 15337.459010264283 461.28904521808727 214.43566170547274 5.6978582718875286 743.99665028130403 10.014686813578008 532.23536691893969 15300.730292821587 424.16287106857635 11.752044047665548 196.92573607573286 32.002603032044135 2282.7787401508831 124.21319204910105 2447.0765595049234 452.83870826958446 1751.3165038211155 422.63768822449492 27.501669106684858 939.7612919745734 540.33008939621504 187.75866870128084 187.51259965403005 643.47033475953504 11.629114032839423 12.161530300509183 539.90453374155913 607.15646069246577
leaf_count=5375 403265 16082 421770 2536 1052 128 2808 193 4728 588942 3553 164 1706 325 146929 96232 303249 2273 11881 3654 2401 6427 3976 867 932 4187 106 124 3765 4090
internal_value=-1.47096e-11 0.00792609 -0.00241674 0.00475665 0.00706027 -0.00655112 0.00836499 0.0056732 0.0205319 0.000138426 -0.0122551 0.0166711 0.0160544 -0.0170875 -0.00500014 -0.00128776 -0.00529775 0.00727239 0.00594316 -0.0140744 -0.00617279 -0.00403645 0.0186761 0.024356 0.0113814 0.00135598 -0.0910657 -0.0102895 0.0172803 0.0126548
internal_weight=53060.2 12397.7 40662.5 9907.93 7851.25 686.403 7164.85 5308.32 2489.74 20443.5 434.178 1957.51 1856.52 471.967 20219 4854.07 2571.29 4874.15 4421.31 454.64 15365 2056.68 1659.6 931.755 727.843 1104.76 17.327 951.923 1945.75 1147.06
internal_count=2043720 80932 1962788 62810 49536 5265 44271 33982 18122 992207 3746 13394 10289 4213 970581 546410 399481 30236 27963 3979 424171 13274 8583 3675 4908 6723 234 6551 13230 7855
is_linear=0
shrinkage=0.05


Tree=74
num_leaves=31
num_cat=0
split_feature=4 1 6 6 5 5 5 15 2 1 0 1 13 1 2 11 15 5 23 8 11 6 6 9 3 3 1 5 4 18
split_gain=396.151 180.479 106.702 71.2163 52.6898 48.8908 47.7697 47.752 40.4598 49.9487 37.3076 72.1053 57.3989 37.2234 33.9197 32.662 28.9634 31.2341 27.8697 25.2548 35.9247 26.4917 36.3678 36.6202 26.1781 25.5305 24.5612 27.1333 40.827 26.2529
threshold=0.0026086957077495758 1.0000000180025095e-35 -0.11046976223587988 -0.20253870636224744 1.0000000180025095e-35 0.23565217107534411 0.044347826391458518 -0.077492147684097276 -0.14586777985095975 0.028695652261376384 0.032173912972211845 0.040869565680623061 0.0095652174204587954 0.0026086957077495758 -0.13573429733514783 -0.38540148735046381 -0.13330249488353726 0.19043477624654773 0.78571429848670971 1.0000000180025095e-35 -0.07513799890875815 -0.10541183874011038 -0.097578909248113618 1.0000000180025095e-35 -0.15146320313215253 -0.16926486790180204 0.061739129945635803 0.1765217408537865 0.12260869517922403 0.0033396290382370357
decision_type=2 2 2 2 2 2 2 2 2 2 2 2 2 2 2 2 2 2 2 2 2 2 2 2 2 2 2 2 2 2
left_child=1 4 6 8 -1 10 -2 18 9 15 11 13 -12 -5 -13 -3 -14 -18 -6 21 25 24 -23 -24 -15 -21 29 28 -28 -4
right_child=2 3 26 5 7 -7 -8 -9 -10 -11 12 14 16 19 -16 -17 17 -19 -20 20 -22 22 23 -25 -26 -27 27 -29 -30 -31
leaf_value=0.03560859338184038 0.0051173499166215636 -0.0061194429960213584 -0.0064592507785963182 0.012112046676968108 0.015710166396170844 -0.0039586610706265415 -0.00092824322910184441 -0.077138149353061458 0.021432160977774076 -0.044153987707143398 0.020298141759867345 -0.014719773249136786 0.0090772228279921759 -0.006689249267949034 -0.081684626842983651 0.01323062365745329 -0.020421655641574402 0.022477527760509954 0.04129930704150047 -0.0016270062503442866 -0.077075711710210271 -0.055168915823517378 -0.039195261508869803 0.0046049563676036111 0.018682891321241357 0.0092223034262849165 -0.0016547544008382179 -0.0090910738903985603 -0.026970288470389597 -0.0020372822923310076
leaf_weight=442.55041766667273 4423.2339020691434 274.54603830759879 4852.7374793514318 935.87848330370616 1885.8741574475207 2092.3856375098403 12496.490487146453 12.544994992524151 834.0166257887031 44.356797879561782 850.7274481212371 42.133649456314743 415.42768176761456 415.05843556398759 34.136549183400348 1049.9422790418612 214.57008083560504 51.948624879587442 112.26891542461817 1043.3170570080983 12.748288138944188 55.873197516251821 70.762500661832746 141.91431069234386 133.53798324463423 1127.468151313602 2847.797744704978 4940.5658331659506 167.709917202832 10886.272903203455
leaf_count=3365 346800 2163 70764 5502 13585 13529 506031 167 4776 486 4038 433 2762 2742 527 6877 2346 382 1005 7551 186 451 461 861 577 6160 195714 232811 133594 477074
internal_value=-1.99504e-12 0.00786342 -0.00238037 0.00483758 0.0199941 0.00255251 0.000652433 0.0165414 0.0127558 0.00745759 0.00500952 0.00247369 0.0116429 0.00341176 -0.0453607 0.00921806 0.00083149 -0.0120072 0.0171679 0.000695103 0.00350112 -0.00679808 -0.0196337 -0.0100836 -0.000490469 0.00400959 -0.00454591 -0.00681009 -0.00307117 -0.00340101
internal_weight=52908.8 12294 40614.8 9840.75 2453.24 7637.89 16919.7 2010.69 2202.86 1368.85 5545.5 4012.83 1532.67 3936.56 76.2702 1324.49 681.946 266.519 1998.14 3000.68 2183.53 817.146 268.55 212.677 548.596 2170.79 23695.1 7956.07 3015.51 15739
internal_count=2043720 80932 1962788 62810 18122 48508 852831 14757 14302 9526 34979 25451 9528 24491 960 9040 5490 2728 14590 18989 13897 5092 1773 1322 3319 13711 1109957 562119 329308 547838
is_linear=0
shrinkage=0.05


Tree=75
num_leaves=31
num_cat=0
split_feature=4 5 7 1 13 15 25 13 6 23 2 6 13 5 23 5 9 15 17 6 17 14 6 5 6 15 1 17 8 15
split_gain=368.815 172.531 105.262 89.1687 69.864 55.8615 51.5234 46.2699 37.6005 35.1676 34.7274 40.4344 38.0244 28.5745 26.534 26.3581 25.9989 26.7941 25.8767 25.4159 25.302 25.7777 33.8671 25.0269 26.3102 35.1188 26.5355 24.9453 24.5406 24.4789
threshold=0.0026086957077495758 0.0060869567096233377 -0.15964195877313611 0.0026086957077495758 0.089565217494964613 -0.085179179906845079 1.0000000180025095e-35 1.0000000180025095e-35 -0.088631954044103609 0.5000000149011613 -0.13774727284908292 -0.098790775984525667 0.01304347859695554 0.24956522136926654 0.5000000149011613 0.50695651769638073 0.0060869567096233377 -0.085829418152570711 0.0058695652987807998 -0.072788212448358522 0.0045652175322175035 -0.1431341469287872 -0.13687722384929654 0.26347826421260839 -0.10083557665348052 -0.14949212968349454 1.0000000180025095e-35 0.020652174018323425 0.037391304969787605 -0.11350798979401587
decision_type=2 2 2 2 2 2 2 2 2 2 2 2 2 2 2 2 2 2 2 2 2 2 2 2 2 2 2 2 2 2
left_child=1 7 4 5 14 23 10 -1 -4 -10 16 12 27 19 -2 29 20 -18 -8 -7 21 -5 -23 -3 -25 -26 -27 -12 -14 -11
right_child=2 3 8 6 -6 13 18 -9 9 15 11 -13 28 -15 -16 -17 17 -19 -20 -21 -22 22 -24 24 25 26 -28 -29 -30 -31
leaf_value=0.029442988222600802 0.0021113470055032671 0.015329780157218678 -0.0021548623960229774 -0.027057964340180787 -0.023866475604384721 0.010371618958418427 0.0034195457658836859 0.013946789278950321 -0.0052127569972136786 -0.0010864354357207455 0.007914746272271251 -0.0036104220363399652 -0.021656601698966008 -0.085802595735475523 0.0092083078189354982 -0.088461361158936283 -0.011521542178882398 0.030113230234848073 0.020745428261167903 -0.055800078119051168 0.0097859633966075887 0.0062581892436268079 -0.0065550679337963427 0.0098454757494783468 0.0084761858193336381 -0.0065824124741321911 -0.076482831373740401 0.021835557220731504 0.0042170287242354471 -0.030164215149410367
leaf_weight=917.1526065870421 6127.7000614933058 2492.1198217516794 19246.515701359516 100.90746705653146 236.9423013877531 40.599559739464894 375.2892761684634 1020.7829032715235 12908.5968499968 118.59181384276599 840.02949019946391 940.06951253616717 132.09451164188795 16.388378394913161 1676.9567483454448 13.342789501417426 912.57206217059866 39.409258497878909 506.63162984023802 21.374012565909652 515.79289667564444 871.53257585677784 1260.0748442765325 296.14439553699776 58.916038915136596 23.921547327430744 31.029058000305668 522.65022291184869 293.50318625476211 185.04553217277862
leaf_count=7280 498968 16160 676574 880 161351 251 3194 7083 563664 1670 4506 6946 1478 196 57699 167 7532 443 2654 185 2664 5533 6699 2095 339 300 237 2396 1881 2695
internal_value=-4.21597e-11 0.00760989 -0.00229716 0.00503156 0.00282398 0.0123192 0.00205913 0.021292 -0.00356544 -0.00561787 0.000503554 0.00478233 0.00919381 -0.0290944 0.00363723 -0.0220474 -0.00265177 -0.00976819 0.0133849 -0.012974 -0.000184064 -0.00249086 -0.00131574 0.0134471 0.00199428 -0.0183331 -0.0467147 0.0132661 -0.00384542 -0.0188481
internal_weight=52742.7 12229 40513.7 10291 8041.6 2980.49 7310.56 1937.94 32472.1 13225.6 6428.64 2728.35 1788.28 78.362 7804.66 316.98 3700.29 951.981 881.921 61.9736 2748.31 2232.51 2131.61 2902.13 410.011 113.867 54.9506 1362.68 425.598 303.637
internal_count=2043720 80932 1962788 66569 718018 19763 46806 14363 1244770 568196 40958 17207 10261 632 556667 4532 23751 7975 5848 436 15776 13112 12232 19131 2971 876 537 6902 3359 4365
is_linear=0
shrinkage=0.05


Tree=76
num_leaves=31
num_cat=0
split_feature=4 1 6 5 6 2 23 7 15 0 9 15 23 7 13 12 10 15 9 6 15 9 9 15 11 1 27 3 6 6
split_gain=358.483 163.591 106.621 67.963 57.4091 52.2099 40.6066 37.0706 37.4118 53.3776 50.2995 35.6384 34.6885 34.2356 60.9528 54.7645 43.0674 40.0631 37.793 33.7834 31.7316 31.6257 29.9169 29.3487 27.654 31.0834 27.197 28.0167 38.489 35.9663
threshold=0.0026086957077495758 0.0026086957077495758 -0.13129129260778424 1.0000000180025095e-35 -0.20253870636224744 -0.1631500571966171 0.78571429848670971 0.0023392459843307738 -0.10404884442687033 0.026956521905958656 0.011304348241537811 -0.085179179906845079 0.5000000149011613 -0.11796893551945685 0.10173913091421129 0.021739130839705471 -0.12688218802213666 -0.18776367604732511 0.030434782616794113 -0.097193207591772066 -0.99999991059303273 0.0060869567096233377 0.0043478262377902874 -0.082636713981628404 -0.1416695564985275 0.039130434393882758 1.0000000180025095e-35 -0.13136443495750424 -0.082931101322174058 -0.073320914059877382
decision_type=2 2 2 2 2 2 2 2 2 2 2 2 2 2 2 2 2 2 2 2 2 2 2 2 2 2 2 2 2 2
left_child=1 3 12 -1 5 20 11 8 9 22 -11 -5 -2 14 15 17 -17 -4 -18 -10 21 -3 -6 -19 25 -24 27 28 -12 -29
right_child=2 4 13 6 7 -7 -8 -9 19 10 26 -13 -14 -15 -16 16 18 23 -20 -21 -22 -23 24 -25 -26 -27 -28 29 -30 -31
leaf_value=0.031704959057023363 0.00089481561346839694 -0.013218070702543563 0.0097176112452578307 0.012712302972072813 0.0039727757731041462 0.016779579956165493 0.03815155562202658 -0.0127671749306055 0.0070083011633810567 0.023114750365429867 -0.0075743177030456665 -0.022117652520942645 0.0091116994187077829 -0.004694377999831586 -0.023167085319425611 -0.024368521645864838 0.017723113303606836 -0.0042794329016061878 0.0036540937446474069 -0.011698624558936964 0.0013323978342588286 -0.098142034497499614 -0.010742746283019251 -0.029132839685897138 0.0028796694886924013 -0.067849599927434098 0.037372804598676534 0.017609003909395522 0.032065708975866095 -0.027731185404917071
leaf_weight=570.77116179995937 9063.4607315780595 34.103488901047967 519.15528575435746 3265.2779997992911 1993.915036158709 1245.809456891322 153.76385913795821 436.28322498724447 349.10456078907009 587.23688234851579 576.32986959372647 74.255509675189387 1495.5714776620589 23203.21105542421 286.43292205251055 108.4400790592772 671.53103398277017 3359.7228557590279 1647.2187756128988 776.93402651901124 344.35663766448852 15.431285117985679 623.99826413870323 122.18240537244128 480.06220186280552 23.828141560545191 61.058827743632719 409.33901873370633 67.511269326554611 48.057140770135447
leaf_count=4376 529270 287 14403 22299 11543 7588 1336 3066 1837 2783 4294 640 46033 803396 181762 15783 69481 73293 225343 6689 2580 262 4937 4024 3016 337 278 2125 309 350
internal_value=1.51866e-11 0.00753654 -0.00226004 0.0157168 0.00341722 0.011766 0.0130962 0.00128793 0.00231233 0.00421099 0.0111997 0.0119315 0.0020594 -0.00378453 -0.000640257 0.000366951 0.00629078 -0.00322733 0.00773449 -0.00589786 -0.0040934 -0.0410925 0.000292005 -0.00515967 -0.00621273 -0.0129446 0.0051651 0.00334704 -0.0033745 0.0127952
internal_weight=52614.4 12137.4 40476.9 4064.07 8073.36 1639.7 3493.3 6433.66 5997.38 4871.34 1749.53 3339.53 10559 29917.9 6714.68 6428.25 2427.19 4001.06 2318.75 1126.04 393.891 49.5348 3121.8 3481.91 1127.89 647.826 1162.3 1101.24 643.841 457.396
internal_count=2043720 80932 1962788 28651 52281 10717 24275 41564 38498 29972 10139 22939 575303 1387485 584089 402327 310607 91720 294824 8526 3129 549 19833 77317 8290 5274 7356 7078 4603 2475
is_linear=0
shrinkage=0.05


Tree=77
num_leaves=31
num_cat=0
split_feature=4 1 7 13 23 5 25 6 5 2 9 8 1 6 23 8 15 13 2 10 11 4 15 15 15 17 8 12 5 2
split_gain=348.299 152.813 110.521 71.2007 64.861 54.8347 46.4915 37.3417 31.2612 29.9374 36.1068 38.8093 32.1034 30.4125 28.3106 36.3482 44.8635 35.5163 32.6489 58.4031 29.1237 28.2242 40.2184 27.5074 27.4727 27.3732 26.775 25.2011 24.9578 43.5806
threshold=0.0026086957077495758 0.0026086957077495758 -0.14067500084638593 0.11739130318164827 0.6428571641445161 0.0060869567096233377 1.0000000180025095e-35 -0.10042574629187583 1.0000000180025095e-35 -0.13774727284908292 0.021739130839705471 0.011304348241537811 0.026956521905958656 -0.077141605317592607 0.5000000149011613 0.0078260868322104233 -0.18776367604732511 0.01304347859695554 -0.13218715041875836 -0.12155555561184882 -0.13005451112985608 0.030434782616794113 -0.53272399306297291 -0.084556940943002687 -0.083245169371366487 0.0058695652987807998 0.0026086957077495758 0.011304348241537811 0.46521739661693579 -0.097142860293388353
decision_type=2 2 2 2 2 2 2 2 2 2 2 2 2 2 2 2 2 2 2 2 2 2 2 2 2 2 2 2 2 2
left_child=1 4 3 14 8 -3 9 -4 -1 -7 11 12 -11 26 15 16 -2 -17 19 21 27 -19 -23 -10 25 -8 -14 -21 -12 -30
right_child=2 5 7 -5 -6 6 24 -9 23 10 28 -13 13 -15 -16 17 -18 18 -20 20 -22 22 -24 -25 -26 -27 -28 -29 29 -31
leaf_value=0.027973122076681897 0.0043664748766332117 0.016047634505881668 -0.0016590598623567546 -0.031125482575266036 0.029485582102847047 -0.0022968233708698486 0.0042759610257703147 -0.0051997607633284355 0.011737239446780309 0.0072102810645631723 -0.00036166587611764886 0.016227345162332662 -0.05718133952652818 -0.061123753100522697 0.0086095640870081213 0.0097978884987395959 -0.0097535953790798061 0.0048833497073910393 -0.0032696647902530755 -0.018804770552956825 -0.0013172917366654326 0.012737236875562191 -0.020589385754789774 -0.020464104153350524 -0.031974736571719578 0.022535441398720713 -0.0012762687569471442 0.024969066396808515 -0.072860985846686682 -0.0055119484742088103
leaf_weight=298.34520918151247 986.93622824596241 782.03101373193203 12856.095589530043 155.13344206478359 680.20212609723967 3676.4243685214315 360.27356525245705 17700.547297092853 2973.6349367836374 685.03084800537908 776.89904211601242 877.68798165256158 22.989662834443152 28.760773687623441 1779.0080221518292 1711.72428952888 1305.8426450382685 748.3681549205503 2017.7130188083611 34.329135372739984 169.37288460176205 126.12544335739221 314.78564629457833 66.954333343455801 31.840523747116094 477.75556459726067 200.21521913143806 533.53637364652241 32.959818022325635 82.701937297359109
leaf_count=2002 17952 5475 446802 137326 6196 23751 3052 680406 19864 3778 6452 4206 215 442 59992 62043 22657 49166 312012 1336 29471 8662 59569 589 353 2443 1203 75394 408 503
internal_value=1.6953e-11 0.00745923 -0.00222367 0.00237237 0.015418 0.00347706 0.00211975 -0.00371018 0.0125443 0.000641247 0.00463051 0.0086786 0.00159789 -0.0136289 0.00290972 0.00163312 -0.0036763 0.00378569 0.00117468 0.00582869 0.0168754 -0.00102764 -0.0110488 0.0110217 0.0129568 0.0147 -0.00726374 0.0222944 -0.00360025 -0.0251643
internal_weight=52494.2 12054.7 40439.5 9882.88 4019.14 8035.57 7253.54 30556.6 3338.93 6383.67 2707.25 1814.68 936.997 251.966 9727.74 7948.73 2292.78 5655.95 3944.23 1926.52 737.238 1189.28 440.911 3040.59 869.87 838.029 223.205 567.866 892.561 115.662
internal_count=2043720 80932 1962788 835580 28651 52281 46806 1127208 22455 40958 17207 9844 5638 1860 698254 638262 40609 597653 535610 223598 106201 117397 68231 20453 5848 5495 1418 76730 7363 911
is_linear=0
shrinkage=0.05


Tree=78
num_leaves=31
num_cat=0
split_feature=6 13 18 5 6 4 5 5 10 13 1 2 1 3 4 4 15 5 3 10 18 5 9 18 13 18 25 12 11 2
split_gain=332.8 172.671 84.7571 69.5482 67.0516 46.8664 47.5192 41.9977 36.9527 40.1214 31.1585 30.878 26.703 42.4356 43.6114 40.0125 36.1166 35.7811 33.0341 33.4715 30.118 29.1141 27.8009 26.947 26.6909 33.7645 26.6623 25.3825 24.8458 23.8981
threshold=-0.1452582851052284 1.0000000180025095e-35 0.00086956546874716889 0.0043478262377902874 -0.097193207591772066 0.025217391550540928 0.38521739840507513 0.1539130434393883 -0.11837456747889517 0.070434782654047026 0.0026086957077495758 -0.1876479089260101 0.035652173683047302 -0.14362060278654096 0.01304347859695554 0.0026086957077495758 -0.22067777812480924 0.065217390656471266 -0.22437299787998197 -0.12977186590433118 0.0014420108054764571 0.0060869567096233377 0.0060869567096233377 0.028902417980134491 0.011304348241537811 0.020474058575928215 1.0000000180025095e-35 0.028695652261376384 -0.10413205623626708 -0.1512406915426254
decision_type=2 2 2 2 2 2 2 2 2 2 2 2 2 2 2 2 2 2 2 2 2 2 2 2 2 2 2 2 2 2
left_child=1 3 10 -1 7 6 26 8 9 12 -2 -5 13 14 16 -15 -4 -16 19 -18 -20 -21 -19 -14 -10 27 -3 -26 -27 -7
right_child=2 5 4 11 -6 29 -8 -9 24 -11 -12 -13 23 15 17 -17 18 22 20 21 -22 -23 -24 -25 25 28 -28 -29 -30 -31
leaf_value=0.031096859732576032 0.010510711205700027 0.0056996089855879204 0.01210396147247058 -0.011701606781306141 -0.0050828716797875892 0.0034566497054504667 -0.0052691945356040997 -0.0031709903482846145 0.017665358227611873 -0.037234488769276645 0.000781224960600636 0.014730073327475533 -0.009502385130541257 0.027115693841390672 0.017919562295764663 0.0044515659280592694 0.0079341061652130861 -0.025780619297129898 -0.031462075805544373 0.012170925658252205 -0.0016833169606075037 -0.028769879269976401 0.0042343752993960508 0.021577740010859648 -0.0011648942259764713 0.00084034915161346191 0.016454635035711995 0.015920065420479353 -0.023265737517139701 -0.0096906423293518177
leaf_weight=744.67076486966107 1550.6582353560952 7431.4681407321623 304.84317018644651 116.72174029884627 18757.517495032509 575.5326936886413 952.76978542341385 8764.0417716475931 462.15589427229133 72.073858806616045 1752.3813095165242 1866.887932083162 954.82701888942393 276.39481266320217 482.19026440792368 655.32888735469896 103.41056441352703 90.721492892422248 88.117157681612298 48.826293708756566 1801.8736371325213 358.600999408809 484.54199902352411 74.292596994986525 310.37567329054582 927.99677941452683 624.12116902577691 723.64617800161795 119.79660358431283 862.79195585669368
leaf_count=6423 11473 192920 3904 1052 874490 63444 18054 255090 10082 15277 17667 13097 38399 1207 36301 20124 941 1763 1359 673 19077 4703 19162 2492 17590 88655 4158 106886 22042 175215
internal_value=3.11701e-11 0.00687384 -0.00231247 0.0180724 -0.00301842 0.00394775 0.00528591 -0.000754231 0.00178548 -0.000419709 0.00535067 0.0131696 5.02701e-05 0.0016495 -0.000716676 0.0111967 -0.0040816 0.00788876 -0.00614093 -0.0174095 -0.0030876 -0.0238457 -0.00053564 -0.00723993 0.00680785 0.00439019 0.00653481 0.0107956 -0.00193531 -0.00443112
internal_weight=52339.6 13175 39164.6 2728.28 35861.6 10446.7 9008.36 17104.1 8340.01 5796.04 3303.04 1983.61 5723.97 4694.85 3763.13 931.724 2705.67 1057.45 2400.83 510.838 1889.99 407.427 575.263 1029.12 2543.97 2081.82 8055.59 1034.02 1047.79 1438.32
internal_count=2043720 474363 1569357 20572 1540217 453791 215132 665727 410637 165382 29140 14149 150105 109214 87883 21331 30657 57226 26753 6317 20436 5376 20925 40891 245255 235173 197078 124476 110697 238659
is_linear=0
shrinkage=0.05


Tree=79
num_leaves=31
num_cat=0
split_feature=6 13 6 5 13 4 5 4 1 2 2 5 2 12 13 4 2 7 2 17 14 7 11 25 4 9 17 17 4 8
split_gain=327.332 154.887 76.8124 65.3132 63.4608 42.2399 40.1471 39.151 40.902 30.1596 29.6446 29.4774 29.364 28.4921 30.3896 29.6391 28.3053 27.2105 36.4513 26.7178 26.6239 35.1577 33.8038 25.8398 24.9957 24.6353 24.2321 25.6811 24.1171 24.7757
threshold=-0.1452582851052284 1.0000000180025095e-35 -0.08778089657425879 0.0043478262377902874 1.0000000180025095e-35 0.028695652261376384 0.38521739840507513 0.0078260868322104233 0.0060869567096233377 -0.14146443456411359 -0.11533571407198905 0.047826087102293975 -0.1876479089260101 0.053043477237224586 0.080869562923908248 0.11391304433345796 -0.14504769444465634 -0.050316268578171723 -0.16495393961668012 0.013478261884301903 -0.12160713970661162 -0.34581650793552393 -0.11556927487254141 1.0000000180025095e-35 0.0043478262377902874 0.0060869567096233377 0.060869568958878524 0.066086959093809142 0.0026086957077495758 0.021739130839705471
decision_type=2 2 2 2 2 2 2 2 2 2 2 2 2 2 2 2 2 2 2 2 2 2 2 2 2 2 2 2 2 2
left_child=1 3 4 -1 7 6 23 8 9 17 -10 20 -5 14 28 -15 -9 -2 -19 -8 -6 -22 -23 -3 -24 -14 -4 -28 29 -13
right_child=2 5 26 12 11 -7 19 16 10 -11 -12 13 25 15 -16 -17 -18 18 -20 -21 21 22 24 -25 -26 -27 27 -29 -30 -31
leaf_value=0.030293979428415208 0.013030500694654959 0.0055471343676630905 -0.0061511780928641992 -0.011286001118899 -0.0010078785835677807 -0.0048480545223553405 -0.012262672229846871 -0.048428980676014886 -0.0050917003287623205 0.028753876430362764 0.042767624495907153 -0.00023025986615008787 0.014963117091891876 0.0069351352909596863 -0.018056183281407255 -0.015398022258275138 0.0026917586617041253 -0.055415198153290747 0.0023248725348409926 0.0042117718263308445 -0.01676150387636793 0.014142832522757996 0.028587462885593634 0.016144963126016827 -0.011718370484943473 -0.03641881682069583 0.0093409986232080473 -0.0031761455491777697 -0.0032440402902890273 0.012895619013533638
leaf_weight=728.85877171481843 1124.5473228687479 7613.9799989417224 11806.469854069248 118.50522575102514 1960.1212515852822 1176.7326317677653 510.18068377824966 51.347550936741754 562.99102693751047 254.45448250453046 33.327796681085601 1983.2974925591261 1829.3821306923928 1327.7749458584003 317.5763922277547 166.31121151242405 55.886713385698386 31.417099517995666 173.86094798025442 473.85242493194528 131.85105976490013 1098.185043035628 44.883715375093743 621.58100991562242 237.55690568282444 22.708728035911918 492.1613333740097 2422.6296820606221 14384.449663110601 438.09601911786012
leaf_count=6423 7693 215178 292869 1052 47154 213856 7137 702 3461 1443 107 12038 12887 142245 23236 45330 843 317 1112 13332 36365 124838 277 4288 62142 210 26949 376897 361054 2285
internal_value=-2.90349e-11 0.00684146 -0.00229158 0.0175105 -0.000569345 0.00406977 0.00520838 0.00735585 0.00880929 0.0130084 -0.00234976 -0.00139044 0.0127694 -0.00217927 -0.0027571 0.00444053 -0.0220079 0.0099762 -0.00673785 -0.00433333 0.0028381 0.00781975 0.0101777 0.00634887 -0.00523496 0.0143138 -0.0051433 -0.00106015 -0.00246694 0.00214891
internal_weight=52195 13095.8 39099.2 2699.45 24377.9 10396.3 9219.59 2287.83 2180.6 1584.28 596.319 22090.1 1970.6 18617.5 17123.4 1494.09 107.234 1329.83 205.278 984.033 3472.6 1512.48 1380.63 8235.56 282.441 1852.09 14721.3 2914.79 16805.8 2421.39
internal_count=2043720 474363 1569357 20572 872642 453791 239935 15678 14133 10565 3568 856964 14149 586188 398613 187575 1545 9122 1429 20469 270776 223622 187257 219466 62419 13097 696715 403846 375377 14323
is_linear=0
shrinkage=0.05


Tree=80
num_leaves=31
num_cat=0
split_feature=6 1 6 13 4 5 17 1 10 15 2 5 14 3 4 5 2 3 6 10 1 8 7 11 3 15 1 4 7 23
split_gain=319.621 148.233 76.4727 72.7272 48.6118 51.6137 47.6664 39.7212 38.7551 38.6606 49.9512 38.1894 36.2722 36.6427 34.4057 32.4787 31.8843 30.91 39.178 30.8984 29.6262 43.4012 29.2012 32.0695 27.364 26.0215 24.871 23.6423 24.9251 22.1835
threshold=-0.14610304683446881 1.0000000180025095e-35 -0.081362813711166368 1.0000000180025095e-35 0.0043478262377902874 0.1278260871767998 1.0000000180025095e-35 0.0060869567096233377 -0.13435129821300504 -0.99999991059303273 -0.16162921488285062 0.080869562923908248 -0.12160713970661162 -0.14362060278654096 0.0095652174204587954 0.0043478262377902874 -0.14146443456411359 -0.16514054685831067 -0.19988396763801572 -0.12646783143281934 0.025217391550540928 0.0078260868322104233 -0.38855776190757746 -0.11556927487254141 -0.18313331902027127 -0.34833675622940058 0.0026086957077495758 0.0043478262377902874 -0.16935633122920987 0.78571429848670971
decision_type=2 2 2 2 2 2 2 2 2 2 2 2 2 2 2 2 2 2 2 2 2 2 2 2 2 2 2 2 2 2
left_child=1 6 3 7 5 9 -1 14 -7 10 15 12 13 20 16 -3 26 18 -11 -14 21 -5 -21 -24 -10 -4 -2 -25 -29 -8
right_child=2 4 25 11 -6 8 29 -9 24 17 -12 -13 19 -15 -16 -17 -18 -19 -20 22 -22 -23 23 27 -26 -27 -28 28 -30 -31
leaf_value=0.029704245818035099 0.013040024226346323 0.020986142129950966 0.010363095853348343 -0.0067043312998831487 0.0011211961643782899 -0.0099772839784483328 0.012361272806180719 -0.0028047598822820378 0.019350176735141719 0.013961915679556744 0.024105551722921507 -0.0027875012598600432 -0.034305449370284014 0.0074269302956693683 -0.02973276168265393 -0.052206346279747989 0.027258680072224369 0.021451146416669741 0.0024635904319555493 -0.021806679451879096 -0.015755930010116072 0.0085898852772657852 0.010103615891929905 0.022824675982308439 -0.00086858024108228151 -0.0061136673187871396 -0.0020502927439599891 -0.022095542407518386 0.00050986026890965713 0.041693491019444091
leaf_weight=683.31401114986511 1099.1917532433072 18.55070087313652 244.14561441951082 1562.3054023987206 5453.621938508717 608.16578889579978 1408.5723432853119 704.715091648628 279.74932926823385 1945.2789178501989 51.611569122876972 19006.014773815026 46.713711266522296 821.41836543746467 49.042052383767441 71.783013664535247 296.91956549990573 665.20978113595629 1196.9073783548665 88.978316877466568 488.6228600559989 658.60639137774706 2201.8344686260752 82.992410159436986 414.08106627134839 10881.844001425939 362.85193881054875 164.25738755705243 465.06625883471861 66.787458806444192
leaf_count=5763 8027 154 7401 19212 403566 4939 14409 4764 1712 16180 310 576327 8944 17904 697 892 1710 4929 10657 25703 16371 19902 202394 524 3014 558543 2150 62845 43292 485
internal_value=2.42334e-11 0.00683906 -0.00224292 -0.000853664 0.00442787 0.00786105 0.0187887 0.00726181 -0.000771915 0.0107066 -0.0148393 -0.00165089 0.0016317 -0.00181809 0.0111849 -0.0371105 0.012342 0.0116626 0.0095842 0.00562497 -0.0046225 -0.00216704 0.0062573 0.00712137 0.00729965 -0.00575121 0.00929605 -0.00209826 -0.00541598 0.0137164
internal_weight=52089.2 12863.6 39225.5 28099.5 10705 5251.34 2158.67 2512.72 1302 3949.34 141.945 25586.8 6580.8 3530.95 1808.01 90.3337 1758.96 3807.4 3142.19 3049.84 2709.53 2220.91 3003.13 2914.15 693.83 11126 1462.04 712.316 629.324 1475.36
internal_count=2043720 467010 1576710 1010766 446353 42787 20657 17348 9665 33122 1356 993418 417091 73389 12584 1046 11887 31766 26837 343702 55485 39114 334758 309055 4726 565944 10177 106661 106137 14894
is_linear=0
shrinkage=0.05


Tree=81
num_leaves=31
num_cat=0
split_feature=6 1 6 13 25 25 5 15 7 4 8 1 5 1 10 9 0 11 0 8 4 8 6 5 4 15 4 2 2 12
split_gain=309.442 139.971 72.7407 53.0067 45.4477 45.0765 34.4027 32.3585 35.7562 72.3743 49.3121 31.1238 31.0823 28.8417 28.8362 40.1152 30.4349 28.0393 26.8227 30.6851 27.929 32.2892 26.9304 29.1325 31.9937 43.5644 25.0939 24.7292 24.2443 24.2158
threshold=-0.14610304683446881 1.0000000180025095e-35 -0.097193207591772066 1.0000000180025095e-35 1.0000000180025095e-35 1.0000000180025095e-35 0.047826087102293975 -0.15867823362350461 -0.053797140717506402 0.0060869567096233377 0.026956521905958656 0.0043478262377902874 0.19043477624654773 0.028695652261376384 -0.11837456747889517 0.056521739810705192 0.07739130407571794 -0.1177244409918785 0.08782608807086946 0.058260869234800346 0.18347825855016711 0.080869562923908248 -0.077575184404849992 0.011304348241537811 0.0095652174204587954 -0.0945402756333351 0.0043478262377902874 -0.17105020582675931 -0.10481881350278853 0.0026086957077495758
decision_type=2 2 2 2 2 2 2 2 2 2 2 2 2 2 2 2 2 2 2 2 2 2 2 2 2 2 2 2 2 2
left_child=1 5 3 11 6 27 -3 8 9 -4 -10 -2 14 -12 15 17 -17 -5 19 22 21 -21 -9 24 25 -24 -19 -1 -20 -13
right_child=2 4 7 12 -6 -7 -8 18 10 -11 13 29 -14 -15 -16 16 -18 26 28 20 -22 -23 23 -25 -26 -27 -28 -29 -30 -31
leaf_value=0.004509051271727761 0.012599441276990224 0.0068446073489510477 0.021820943034041355 -0.0016915609799958171 0.015787269829990479 0.032872772519754248 0.00088343893035672846 -0.0029666330735033481 -0.011312204330329853 -0.0026485593175723287 0.028912510995855685 -0.0076249358450409394 -0.0033068625012601578 0.0013358044118836968 0.0050362343281935354 -0.033409432729524451 0.010525297455149105 0.016229071277067905 -0.018183046556255099 0.0040592321970639193 -0.01015241576241975 0.030801765084791013 -0.021048782171747903 -0.0070786577629326723 -0.0079990206185359472 -0.13041373446580812 0.001364697038030101 0.018306651419032611 -0.0070644820430121593 0.01261112594069577
leaf_weight=437.8245316677494 1233.9108087351706 4277.9510622768721 492.31547257339116 5483.3085159207985 810.0423682234541 431.09975331449823 5572.7830495045928 7567.6144586491428 969.41717487873393 779.47734850276174 120.49605878960574 439.88896606475464 7553.3824606800918 432.2418281910941 3007.0184319890104 155.83517865274916 52.11395037980401 438.69146929500857 645.52879212336848 596.79401404669625 251.32099907410884 138.32384256983642 20.611701187270228 5667.5100913073402 43.881698266937747 16.005192237906158 802.09719549230067 1265.2835533684411 2041.0628858813434 221.42364199680742
leaf_count=4179 9011 220827 3031 139023 7288 4406 218238 207134 13046 64077 5322 2708 218151 18486 269682 19549 4355 2463 31058 78671 68301 34019 313 153182 9503 432 26322 12072 197110 1761
internal_value=9.27043e-12 0.00675059 -0.0022052 -2.86651e-05 0.00440977 0.0184359 0.00347267 -0.00433817 0.000648096 0.00683337 -0.00452093 0.00791175 -0.000889375 0.00738884 0.00094799 -0.000825901 -0.0224013 -0.000155429 -0.0051582 -0.00429656 0.00420921 0.00912626 -0.00492695 -0.00750687 -0.0371984 -0.0710481 0.00662896 0.0147644 -0.0097418 -0.000840596
internal_weight=51965.3 12795 39170.3 19387.7 10660.8 2134.21 9850.73 19782.6 2793.95 1271.79 1522.16 1895.22 17492.4 552.738 9939.06 6932.05 207.949 6724.1 16988.7 14302.1 986.439 735.118 13315.6 5748.01 80.4986 36.6169 1240.79 1703.11 2686.59 661.313
internal_count=2043720 467010 1576710 693025 446353 20657 439065 883685 103962 67108 36854 13480 679545 23808 461394 191712 23904 167808 779723 551555 180991 112690 370564 163430 10248 745 28785 16251 228168 4469
is_linear=0
shrinkage=0.05


Tree=82
num_leaves=31
num_cat=0
split_feature=6 13 5 6 5 5 18 12 3 13 14 15 3 13 17 2 10 25 13 4 12 16 10 2 12 0 4 12 9 4
split_gain=301.86 142.04 66.6853 60.9651 54.2152 38.1906 30.6674 31.1741 36.87 28.22 30.231 41.4217 69.8709 44.2822 27.9838 27.4742 27.2754 26.8697 26.4347 26.9019 32.0461 26.7644 26.3977 25.2922 24.6039 28.4134 24.2052 23.5212 23.0914 22.0747
threshold=-0.13687722384929654 1.0000000180025095e-35 0.0026086957077495758 -0.081362813711166368 0.12956521660089496 0.026956521905958656 0.0014420105726458134 0.0078260868322104233 -0.10287667438387869 0.073913045227527632 -0.12126476317644118 -0.1977766081690788 -0.1643521189689636 0.0026086957077495758 0.037391306832432754 -0.1876479089260101 -0.1229293830692768 1.0000000180025095e-35 0.011304348241537811 0.054782608523964889 0.046086955815553672 0.046086955815553672 -0.12089789286255835 -0.15833760797977445 0.047826087102293975 0.29130434989929205 0.0095652174204587954 0.016521738842129711 0.042608696967363364 0.023478261195123199
decision_type=2 2 2 2 2 2 2 2 2 2 2 2 2 2 2 2 2 2 2 2 2 2 2 2 2 2 2 2 2 2
left_child=1 2 -1 4 9 -3 7 16 14 10 11 29 -13 -14 -9 -4 -6 -7 -12 21 -21 27 -22 -19 25 28 -26 -20 -8 -2
right_child=3 5 15 -5 6 17 24 8 -10 -11 18 12 13 -15 -16 -17 -18 23 19 20 22 -23 -24 -25 26 -27 -28 -29 -30 -31
leaf_value=0.030813447061641075 0.013653059478986521 0.0078899757324241045 -0.010440460157863186 -0.0055343839320677575 0.0036076772107013089 0.0011505133747510407 -0.0033264784182860012 -0.026567498581096721 0.025635792488660311 -0.0097361431499815836 0.013632692098188518 -0.0076308138342615732 0.012769028114863632 -0.00052705844914245018 0.026769513945214148 0.013367070347760732 0.023181149940630089 -0.007941064571344688 -0.0079492853063884063 -0.023857939678014545 -0.030274173236561466 -0.022827056649575402 0.028696657879246773 0.022386947318118435 -0.036686021104498555 -0.071394248638573771 0.002289034584546728 0.005077754716756689 -0.0086567348074635102 -0.026600466101607878
leaf_weight=595.49185855090036 656.43136642707395 3620.6375445219528 127.57898460625438 11079.950988889184 1149.0407601484185 8086.8229894764372 9311.413011618235 203.4866023210343 53.214363595936447 509.71730374670005 837.77696202151128 2433.2167228926992 942.75689117977163 1860.9087774047803 27.138137666275725 2185.3856884331908 209.73074112390168 90.628052021376789 411.55213805835228 39.338280429219594 19.790975135692861 103.42034742652322 240.6297270315481 278.18184673081851 39.685333528090268 14.895202111452816 1910.4440644668648 2165.4057869604876 2599.0799061110592 35.011351567110978
leaf_count=5520 9358 191837 1119 565944 7323 338198 155144 3460 826 136581 18593 38272 6314 37176 798 15859 1034 936 13466 7516 5092 16723 52433 2687 442 345 173181 147947 84616 4980
internal_value=-3.36245e-12 0.00598338 0.0159009 -0.00243292 -0.00109948 0.00359371 -0.00296366 0.00349495 -0.0115491 0.00172121 0.00232136 8.64347e-05 -0.00143293 0.00394682 -0.0202027 0.0120499 0.00664373 0.00175336 0.00579073 0.00358236 0.0177622 0.00199053 0.0241164 0.0149331 -0.00372844 -0.00457981 0.00147749 0.002995 -0.00449026 0.0115793
internal_weight=51838.8 14984.7 2908.46 36854 25774.1 12076.3 15518.1 1642.61 283.839 10256 9746.24 5928.33 5236.88 2803.67 230.625 2312.96 1358.77 8455.63 3817.91 2980.14 299.759 2680.38 260.421 368.81 13875.5 11925.4 1950.13 2576.96 11910.5 691.443
internal_count=2043720 556156 22498 1487564 921620 533658 427169 13441 5084 494451 357870 96100 81762 43490 4258 16978 8357 341821 261770 243177 65041 178136 57525 3623 413728 240105 173623 161413 239760 14338
is_linear=0
shrinkage=0.05


Tree=83
num_leaves=31
num_cat=0
split_feature=6 1 6 23 13 4 5 10 15 2 17 5 15 7 4 3 6 1 7 3 10 13 4 2 18 27 2 3 13 8
split_gain=293.715 126.376 74.9506 43.9947 42.3363 40.004 49.1341 35.6454 33.9889 42.2549 30.8661 30.0505 29.2716 36.727 64.1107 28.6844 37.7252 28.6812 26.7379 26.0618 25.4566 28.2893 23.6699 24.0855 22.5132 20.2783 19.9119 30.5128 24.9218 26.4978
threshold=-0.14610304683446881 1.0000000180025095e-35 -0.098388288170099245 0.78571429848670971 1.0000000180025095e-35 0.0043478262377902874 0.1278260871767998 -0.13435129821300504 -0.99999991059303273 -0.16162921488285062 1.0000000180025095e-35 0.0043478262377902874 -0.16159169375896451 -0.053797140717506402 0.0060869567096233377 -0.16514054685831067 -0.19988396763801572 0.0043478262377902874 -0.10182033851742743 -0.18313331902027127 -0.11923759058117865 0.053043477237224586 0.0078260868322104233 -0.14398449659347531 0.0046827525366097697 1.0000000180025095e-35 -0.13283579796552655 -0.11644612252712248 0.0078260868322104233 0.035652173683047302
decision_type=2 2 2 2 2 2 2 2 2 2 2 2 2 2 2 2 2 2 2 2 2 2 2 2 2 2 2 2 2 2
left_child=1 3 4 10 17 6 8 -8 9 11 -1 -3 13 14 -4 16 -10 22 20 -9 21 -6 24 -24 -2 26 27 -22 -28 -30
right_child=2 5 12 -5 18 -7 7 19 15 -11 -12 -13 -14 -15 -16 -17 -18 -19 -20 -21 25 -23 23 -25 -26 -27 28 -29 29 -31
leaf_value=0.025781244994852549 0.011532405161993716 0.021856986049105329 0.020764001826014403 0.042743491902001739 6.2507831406372542e-07 0.0013681351113601714 -0.0097613182563040628 0.01872491706027133 0.013528299631510657 0.022583391151111715 0.011734248893216077 -0.048776991334565867 -0.00499599138764752 -0.0047677621741126714 -0.0023135452927646656 0.020712975493566311 0.0021870068904454323 -0.0012010021359257972 -0.0026019227483733832 -0.0011169659741890564 0.014650573783345272 -0.021881862690498119 -0.045734107368373932 0.020180257597718743 0.039269530473943284 0.030313826684025536 0.016978343763886974 -0.032500709722597193 -0.010283813659399338 0.0035951430558342928
leaf_weight=544.77378803915053 1066.2096780657739 18.385780928190798 498.09012135784724 162.42950307962019 5264.524094486289 5400.9030097669747 606.21874852111796 275.70922818279359 1921.4808185708534 50.336840880103409 1394.2890220946283 71.372495412477292 17616.620173240291 1482.2251866523729 757.59964829924866 655.65185295633273 1186.0490022587765 641.23422441873117 8576.6394653390744 411.48921426018933 625.3169879559282 150.95944497412711 33.71632363810204 22.309730078559369 77.811638620580197 77.510564968353719 247.06179100912414 35.373043636354851 459.40944139868952 1358.0402448943496
leaf_count=4495 7801 154 3073 1753 128599 403566 4939 1712 16180 310 14409 892 805315 36013 63834 4929 10657 4331 246426 3014 57073 25330 415 221 367 3318 4249 5953 24761 159631
internal_value=-2.73379e-11 0.00660397 -0.002151 0.0178022 0.000140048 0.00438191 0.00751324 -0.000932184 0.0103113 -0.0137995 0.015692 -0.0342272 -0.00424853 0.000560948 0.00684978 0.0112123 0.00920177 0.00733533 -0.000649188 0.00685939 0.00138879 -0.000613288 0.0118938 -0.0195932 0.0134516 0.00525609 0.00453254 0.0120808 0.00211224 8.31363e-05
internal_weight=51689.7 12699.1 38990.7 2101.49 18636.1 10597.6 5196.69 1293.42 3903.28 140.095 1939.06 89.7583 20354.5 2737.91 1255.69 3763.18 3107.53 1841.28 16794.8 687.198 8218.2 5415.48 1200.05 56.0261 1144.02 2802.71 2725.2 660.69 2064.51 1817.45
internal_count=2043720 467010 1576710 20657 668475 446353 42787 9665 33122 1356 18904 1046 908235 102920 66907 31766 26837 13135 655340 4726 408914 153929 8804 636 8168 254985 251667 63026 188641 184392
is_linear=0
shrinkage=0.05


Tree=84
num_leaves=31
num_cat=0
split_feature=6 5 13 7 13 25 15 4 12 9 6 15 12 3 4 25 14 6 18 18 2 13 23 11 10 1 1 11 4 6
split_gain=289.037 133.009 78.1639 53.5686 42.7051 33.7064 32.0898 57.961 40.6508 36.7539 35.4476 49.561 41.1124 33.8897 41.9818 29.6678 29.0107 37.5348 27.6996 24.9735 24.4266 26.1165 23.5332 23.4287 22.7149 52.0424 22.4311 22.1677 22.062 20.9657
threshold=-0.12929385900497434 0.028695652261376384 1.0000000180025095e-35 -0.10877612233161925 0.15913043171167376 1.0000000180025095e-35 -0.18932979553937909 0.016521738842129711 0.028695652261376384 0.035652173683047302 -0.08215072005987166 -0.082636713981628404 0.0043478262377902874 -0.13468205928802487 0.0095652174204587954 1.0000000180025095e-35 -0.12749169766902921 -0.099186036735773073 0.00075306560029275726 0.0039610576350241908 -0.15833760797977445 0.0095652174204587954 0.21428572386503222 -0.079169698059558855 -0.12731959670782086 0.0026086957077495758 0.063478261232376113 -0.093368384987115846 0.079130433499813094 -0.05944943614304065
decision_type=2 2 2 2 2 2 2 2 2 2 2 2 2 2 2 2 2 2 2 2 2 2 2 2 2 2 2 2 2 2
left_child=1 2 5 4 6 -1 7 -2 10 23 13 24 27 22 16 18 17 -15 -3 -14 21 -17 -8 -10 25 -12 -26 -13 -20 -21
right_child=3 15 -4 -5 -6 -7 8 -9 9 -11 11 12 19 14 -16 20 -18 -19 28 29 -22 -23 -24 -25 26 -27 -28 -29 -30 -31
leaf_value=0.016559191581207135 0.014923433424613159 0.011026266261126629 0.0079136211552952498 -0.0039345592289332671 -0.029856960972185466 0.033011828071924168 -0.016541765841038166 -0.0089874593239640203 0.017661990945999531 0.0016245622286639204 0.022500216840030524 0.0038774995867512508 0.019218370310515976 0.0073932956867695009 -0.0060524824669180716 0.0037344963661521528 0.016302112753983144 -0.049193044317259654 0.0012046917868486033 -0.057410150719452914 0.01931755937885354 -0.059922431495767259 -0.0021321378727997085 -0.049728714718303459 0.00067507366396925977 -0.081096949596330042 -0.026379262659334934 -0.11637722558848469 -0.023088475051133837 -0.0020467804310038144
leaf_weight=1143.2544640268316 903.2616791081673 734.40784102847101 3996.7988408547972 24186.396152735171 114.27068681288074 429.7447757840855 303.30688398159691 351.37230056825501 580.19396050783689 1606.3977273768105 19.878373541228939 4.5445989992003915 22.917745691549499 107.15702435671119 478.74991996391327 169.05200741862063 743.17044854816049 39.234614932560362 10256.37834401321 51.862902444147039 436.23682116850978 16.80057090066839 4122.1884587372188 12.249901847942963 464.13995617127512 28.71516580710886 90.751825462910347 21.457368106581271 93.318931478366721 25.389454657735769
leaf_count=8682 13581 7417 220695 757488 115668 4719 6483 66300 54699 256576 131 42 651 810 23732 1653 6383 435 370193 2690 4081 399 77281 1716 9884 641 2259 357 27195 879
internal_value=-5.34645e-12 0.00527334 0.0116329 -0.00265785 0.000402213 0.0210722 0.000751744 0.00822513 -0.000324063 0.00555379 -0.00230584 -0.012684 -0.0410566 -0.000996881 0.00587758 0.00224673 0.0122978 -0.00800335 0.00164979 -0.0259881 0.0128629 -0.00230981 -0.00312323 0.0161871 -0.00669393 -0.0391188 -0.00378912 -0.095994 0.000983441 -0.0394733
internal_weight=51553.6 17276 5569.8 34277.6 10091.2 1573 9976.94 1254.63 8722.31 2198.84 6523.46 729.657 126.172 5793.81 1368.31 11706.2 889.562 146.392 11084.1 100.17 622.089 185.853 4425.5 592.444 603.485 48.5935 554.892 26.002 10349.7 77.2524
internal_count=2043720 645034 234096 1398686 641198 13401 525530 79881 445649 312991 132658 17534 4619 115124 31360 410938 7628 1245 404805 4220 6133 2052 83764 56415 12915 772 12143 399 397388 3569
is_linear=0
shrinkage=0.05


Tree=85
num_leaves=31
num_cat=0
split_feature=6 1 6 5 5 25 5 13 3 2 1 4 10 13 6 18 2 1 2 5 2 12 4 4 0 9 17 18 7 3
split_gain=279.611 119.356 64.8227 48.1805 45.0119 42.0681 32.7965 30.5446 47.4847 26.8829 31.0768 28.5976 29.0257 26.0641 25.0294 24.6955 23.8971 22.5139 28.3818 25.6056 21.2254 20.6565 20.3025 20.1813 20.1477 20.1271 20.1152 19.5894 19.5422 19.0845
threshold=-0.13926603645086286 1.0000000180025095e-35 -0.08778089657425879 0.0043478262377902874 0.047826087102293975 1.0000000180025095e-35 0.08782608807086946 0.014782608952373268 -0.16125461459159848 -0.14321646839380262 0.051304347813129432 0.0060869567096233377 -0.12625777721405027 1.0000000180025095e-35 -0.3321919292211532 0.012442686129361393 -0.17105020582675931 0.0043478262377902874 -0.17271210998296735 0.21652173250913623 -0.15052631497383115 0.053043477237224586 0.063478261232376113 0.11391304433345796 0.29130434989929205 0.01304347859695554 0.021304349415004257 0.0056855205912143001 -0.18323310464620587 -0.14127302169799802
decision_type=2 2 2 2 2 2 2 2 2 2 2 2 2 2 2 2 2 2 2 2 2 2 2 2 2 2 2 2 2 2
left_child=1 3 4 -1 -2 6 7 8 -3 11 -11 -9 14 17 26 -10 -5 18 19 -6 25 24 -8 -23 -15 -7 -13 -28 -20 -19
right_child=2 5 -4 16 13 20 22 9 15 10 -12 12 -14 21 -16 -17 -18 29 28 -21 -22 23 -24 -25 -26 -27 27 -29 -30 -31
leaf_value=0.027776983038669691 0.004425100850501555 0.0055976032928800549 -0.0048647459902185775 0.0016325257465921207 -0.0050845878992796037 0.0091533226719473278 0.00054306033183738141 -0.035951613339770948 0.012003398510015558 -0.018446924656849644 0.0016662712459733946 0.044125480679995596 0.021364541786563492 -0.0025815299904697916 -0.009370550943240739 0.032297741130602776 0.015565508843704638 -0.010771887481288885 -0.029445765298518833 -0.10882277974003565 0.021635306858010087 0.0055495655212549422 -0.022810992145081404 -0.01337321498419216 -0.053772695633731021 -0.033337312475585912 -0.014315042338885788 0.025266064592649948 0.012939595321661477 0.0070218696844779787
leaf_weight=673.8836076574371 3728.3728807940061 4109.6036123590457 14627.695592804572 424.10138565968373 17.34884660050739 348.66746113699628 4743.9668534141674 37.060910239815712 363.73902786383405 338.38077046458784 442.04770829464542 43.797631535562687 269.68479237628344 16003.735013886384 257.10795604721352 256.42765333459829 1123.1907873472519 327.19317315911758 27.209669551637489 8.1363435690291208 479.78046718495898 1320.6010968340852 93.921979470207589 156.76150516125199 18.246775311185047 29.305333771859296 63.385354035359342 59.817416866193525 816.3169241702999 277.69046019733651
leaf_count=7177 254734 89789 696715 4180 153 2848 162175 804 8510 62180 70342 2615 33513 371561 36492 5192 10875 2194 279 149 4437 134415 22640 44496 642 703 2958 4004 5472 1476
internal_value=6.06561e-12 0.00598282 -0.0022692 0.0166228 -0.000596629 0.0040017 0.00317501 0.00556987 0.00754676 -0.000617971 -0.00706692 0.00626866 0.00857248 -0.00158362 0.000407051 0.0204332 0.0117501 0.00479981 0.00995108 -0.0410621 0.0146633 -0.00212151 8.50482e-05 0.003534 -0.00264318 0.00577963 0.0154265 0.00495108 0.0115391 -0.00260501
internal_weight=51487.2 14157.9 37329.3 2221.18 22701.6 11936.7 11078.9 6241.05 4729.77 1511.28 780.428 730.854 693.793 18973.2 424.108 620.167 1547.29 1473.9 869.012 25.4852 857.753 17499.3 4837.89 1477.36 16022 377.973 167 123.203 843.527 604.884
internal_count=2043720 531434 1512286 22232 815571 509202 501214 316399 103491 212908 132522 80386 79582 560837 46069 13702 15055 9723 6053 302 7988 551114 184815 178911 372203 3551 9577 6962 5751 3670
is_linear=0
shrinkage=0.05


Tree=86
num_leaves=31
num_cat=0
split_feature=6 1 6 5 5 5 15 7 4 4 3 2 2 9 6 0 15 13 6 11 12 15 7 5 3 2 4 11 10 3
split_gain=272.152 101.384 71.0774 43.3207 41.2966 39.3712 28.9493 35.3839 50.0073 24.5845 32.2323 29.0967 23.5957 21.9753 36.1324 24.0933 21.8671 21.7302 22.5976 20.6274 30.1549 60.0896 21.6985 29.5009 28.0889 21.3797 20.411 25.9295 24.5033 20.3491
threshold=-0.1452582851052284 1.0000000180025095e-35 -0.093975905328989015 0.0060869567096233377 0.0826086960732937 0.047826087102293975 -0.15867823362350461 -0.053797140717506402 0.0060869567096233377 0.0060869567096233377 -0.22901551425456998 -0.13707386702299115 -0.17105020582675931 0.0043478262377902874 -0.067251455038785921 1.0000000180025095e-35 -0.064861066639423356 0.0026086957077495758 -0.088631954044103609 -0.15679039061069486 0.011304348241537811 -0.1977766081690788 -0.40721328556537623 0.039130434393882758 -0.22901551425456998 -0.12793387472629544 0.0026086957077495758 -0.095132749527692781 -0.11962615698575972 -0.13192164152860639
decision_type=2 2 2 2 2 2 2 2 2 2 2 2 2 2 2 2 2 2 2 2 2 2 2 2 2 2 2 2 2 2
left_child=1 3 4 -1 19 9 7 8 -4 10 -3 -11 -5 14 17 -16 -6 -9 -19 20 21 -2 -22 24 25 -24 29 28 -28 -21
right_child=2 5 6 12 16 -7 -8 13 -10 11 -12 -13 -14 -15 15 -17 -18 18 -20 26 22 -23 23 -25 -26 -27 27 -29 -30 -31
leaf_value=0.026348739329829226 0.0088511597249392084 0.0058951580692101872 0.020620386274030709 0.00059907081913239076 -0.0014584369400982937 0.0016626979794690851 -0.0052022083918406648 0.011404317773901482 -0.0011571389020186326 0.0069566886801388228 0.015995655018235754 -0.0082925523375215263 0.015323098532378948 -0.0015841417059007661 -0.0058646330931558747 -0.05147719695970672 -0.045728572874585198 0.013126742881571035 -0.061506294443834812 0.0078714609918483832 -0.024536643487211202 -0.011030581287554637 0.045877800637034401 0.0010569738457420028 0.0072031510641709755 0.010252569625195385 0.00050747429238114387 -0.015864893954246694 0.011086312508030277 0.024558089591768126
leaf_weight=722.89216899823805 582.97565819823649 1837.5090508756984 428.21395231952192 379.83476633456303 14524.349516039409 5929.0935891331901 15428.858324069282 107.95392887567868 682.94906388421441 1073.154455458367 1386.9326337681559 440.39590005064383 959.00351803400554 1144.362975711585 43.681722269739112 86.528852095332695 26.948764843138633 16.679783657891676 23.746812201337889 732.27522415245767 52.358846336850547 1087.6092901088559 115.92740990858874 608.49378683039686 250.99258979054866 66.925209784429171 1327.8037388972152 160.60499341566901 930.42480976030492 243.25923799717566
leaf_count=7871 7875 20425 2645 3784 414260 225538 724678 549 57112 100144 14225 93177 9199 32254 258 1077 4276 99 312 4935 14353 14625 13353 40141 35066 8805 48758 31743 110968 1215
internal_value=5.88648e-11 0.00634129 -0.00208723 0.0164888 -9.09407e-05 0.00437861 -0.00438878 0.000563869 0.00724636 0.00777622 0.0102433 0.00251709 0.0111494 -0.00465581 -0.0172224 -0.0363369 -0.00154356 -0.000317722 -0.0311396 0.00334036 0.00013439 -0.00409141 0.0065811 0.00816622 0.018112 0.0329654 0.00595136 0.00348642 0.0048691 0.0120533
internal_weight=51402.7 12728.8 38673.9 2061.73 20710.9 10667.1 17963 2534.12 1111.16 4737.99 3224.44 1513.55 1338.84 1422.95 278.591 130.211 14551.3 148.381 40.4266 6159.65 2765.28 1670.58 1094.7 1042.34 433.845 182.853 3394.37 2418.83 2258.23 975.534
internal_count=2043720 474363 1569357 20854 750373 453509 818984 94306 59757 227971 34650 193321 12983 34549 2295 1335 418536 960 411 331837 134218 22500 111718 97365 57224 22158 197619 191469 159726 6150
is_linear=0
shrinkage=0.05


Tree=87
num_leaves=31
num_cat=0
split_feature=6 5 13 6 5 25 15 4 1 15 4 10 10 4 0 15 16 15 8 5 2 15 13 12 5 11 18 1 18 6
split_gain=267.35 137.088 68.8716 39.5114 40.0329 31.1069 28.1905 44.9121 27.5254 34.2521 26.8757 26.0393 24.7238 24.4914 22.609 19.3873 19.8919 30.7916 55.5277 36.1691 37.5791 33.0211 43.5714 40.4281 32.2164 27.7711 27.7097 55.8434 33.2156 32.2318
threshold=-0.12022472172975539 0.028695652261376384 1.0000000180025095e-35 -0.081362813711166368 0.12956521660089496 1.0000000180025095e-35 -0.20323033630847928 0.016521738842129711 0.0026086957077495758 -0.99999991059303273 0.0043478262377902874 -0.13545719534158704 -0.11837456747889517 0.053043477237224586 0.0095652174204587954 -0.34833675622940058 0.011304348241537811 -0.13057792186737058 0.021739130839705471 0.08782608807086946 -0.11875720322132109 -0.053918723016977303 0.19913043826818469 0.0095652174204587954 0.2669565230607987 -0.11398583650588988 0.010825998615473511 0.046086955815553672 0.010461921337991955 -0.05682117119431495
decision_type=2 2 2 2 2 2 2 2 2 2 2 2 2 2 2 2 2 2 2 2 2 2 2 2 2 2 2 2 2 2
left_child=1 2 5 4 6 -1 7 -2 9 11 -11 -3 13 -10 -12 -5 17 24 19 20 -19 25 23 -23 -17 -20 28 29 -18 -28
right_child=3 8 -4 15 -6 -7 -8 -9 12 10 14 -13 -14 -15 -16 16 26 18 21 -21 -22 22 -24 -25 -26 -27 27 -29 -30 -31
leaf_value=0.015529475692794567 0.019093990033310373 -0.096386768841147941 0.0075509056003610509 0.0084738611689664147 -0.0033578706819028582 0.031386544259569195 0.00033092712817208244 -0.010897530240187407 0.00014257682482295299 0.011579379874206725 -0.0023152709708108205 -0.004945697952321592 0.005348879882444077 -0.014926374370560611 0.02099033409265599 0.0087373928083885194 -0.0070606041804488475 -0.01447396215477419 -0.047464698322604686 -0.0038239507943395399 -0.066358790691816008 0.061820888215110205 0.038984052259462026 -0.075549468910368123 -0.0082483929188248064 -0.015095901305569665 0.0023696858404356745 -0.0048102920995102974 -0.04544555102240766 0.021036932599602653
leaf_weight=1193.6299885737535 476.12944887511549 12.847543842624875 4302.1536272412122 247.87890131738095 12309.533203408297 419.12324468241422 6930.3181547957793 168.31252613826655 9347.0676256777951 1465.8840952490864 805.61182567325886 18.047499170526862 2432.5863090936982 276.65139769338566 118.47923943192291 489.65663973861956 2305.2891729472904 565.65374973282451 72.769889754476026 2114.5662235908821 36.320816697727423 5.0726659204810849 10.929550229411687 67.557213054446038 646.62043857173558 682.39350124596967 659.3410878030918 2729.6945922006198 56.815952754128375 355.39671744947555
leaf_count=9245 6735 301 249888 7401 341433 4866 332836 31763 253789 10214 10780 225 172724 50123 2854 6918 94022 10019 2559 28518 1076 72 1322 1583 8190 13514 59801 295691 4384 30874
internal_value=3.63441e-11 0.00444432 0.0108573 -0.00293016 -0.00159808 0.0196673 0.00126178 0.0112562 0.00182361 0.00668784 0.00737188 -0.0448008 0.000846412 -0.000292114 0.000692239 -0.00532773 -0.00564531 -0.00809365 -0.0103831 -0.00690628 -0.0177094 -0.0216225 -0.0513128 -0.0652458 -0.00092745 -0.0182737 -0.00376329 -0.0010875 -0.00800272 0.00892188
internal_weight=51322.3 20392.1 5914.91 30930.3 19884.3 1612.75 7574.76 644.442 14477.2 2420.87 2389.98 30.895 12056.3 9623.72 924.091 11046 10798.1 4691.54 3555.26 2716.54 601.975 838.723 83.5594 72.6299 1136.28 755.163 6106.54 3744.43 2362.11 1014.74
internal_count=2043720 765009 263999 1278711 712767 14111 371334 38498 501010 24374 23848 526 476636 303912 13634 565944 558543 73771 58663 39613 11095 19050 2977 1655 15108 16073 484772 386366 98406 90675
is_linear=0
shrinkage=0.05


Tree=88
num_leaves=31
num_cat=0
split_feature=5 1 6 15 5 13 26 18 2 5 1 15 3 0 12 6 16 5 23 6 2 5 18 6 2 14 3 6 4 1
split_gain=261.191 92.0217 84.9231 57.1144 42.7048 31.8563 27.4335 31.9907 27.1677 31.6154 28.199 24.0311 25.3119 23.4896 22.9341 23.5974 28.8318 38.0592 24.2884 23.6521 23.9983 25.1233 23.5198 21.7546 22.8637 21.602 24.4474 21.1761 20.3885 20.371
threshold=0.047826087102293975 1.0000000180025095e-35 -0.10582626610994338 -0.10795936733484267 0.0026086957077495758 0.0026086957077495758 1.0000000180025095e-35 0.0050703932065516719 -0.15895090252161023 0.40260869264602667 0.030434782616794113 -0.19408079236745832 -0.2139763534069061 1.0000000180025095e-35 0.070434782654047026 -0.076687842607498155 0.044347826391458518 0.26000000536441809 0.21428572386503222 -0.041121082380414002 -0.11779276654124259 0.16260869055986407 0.032405162230134017 -0.18102804571390149 -0.13958133012056348 -0.12194690108299254 -0.16755617409944532 -0.20253870636224744 0.061739129945635803 0.22173913568258288
decision_type=2 2 2 2 2 2 2 2 2 2 2 2 2 2 2 2 2 2 2 2 2 2 2 2 2 2 2 2 2 2
left_child=1 4 5 6 13 8 27 -8 10 -10 25 -6 23 -1 15 29 -17 19 -19 20 -18 -22 -16 -13 -25 -2 -27 -3 -21 -4
right_child=2 3 14 -5 11 -7 7 -9 9 -11 -12 12 -14 -15 22 16 17 18 -20 28 21 -23 -24 24 -26 26 -28 -29 -30 -31
leaf_value=0.034483267939458932 0.00050065852052611794 0.0090652035324028137 -0.0029605083063107673 -0.0052519177243125284 0.017692557597890395 -0.00048890936526134107 0.0055174674260686108 0.030305258479729216 0.0099780069590644054 -0.006707525189776008 -0.082656834077571004 0.015491282898293591 0.0094966789794450109 0.014497594524930435 0.010947192991996453 -0.005934888450659646 -0.04858261814631417 0.00091722939677941053 -0.068157439418916763 -0.083293633312551629 -0.00089929804998642037 -0.041566875037195493 -0.0022974846742201149 -0.03781827830445926 0.02460943471575331 -0.011004149677172254 -0.11124552503725936 0.0034990892700339743 0.016748891790571926 -0.017180924961149684
leaf_weight=392.27298739853723 1289.6142973800597 2505.9841391191294 12808.575000430566 1299.8076641498119 729.12965155011625 13975.302103987604 279.67618520464748 243.38225731591228 2144.8359619935072 326.4700673717889 9.5141305357683432 42.67705667836708 561.24545923004916 238.46542044571834 482.40001203404972 6566.5079197052764 73.043308264517691 216.67953094496625 12.518790778238325 30.921341473585926 114.88120930184959 55.764357751409989 1092.4356192384148 81.806039894581772 17.095595159509685 19.118839307571765 8.1006751125678402 5374.5884386936959 5.7015115837566546 255.94651457408327
leaf_count=3724 9862 100517 304714 229701 7116 546485 4481 6107 14270 2506 128 500 6372 3421 74983 147431 2854 9002 410 804 3738 2462 170340 1226 196 189 153 378518 215 11295
internal_value=-1.28231e-12 0.00653852 -0.00194836 0.00449886 0.0161268 0.000614652 0.00600748 0.0170872 0.0046748 0.00777196 -0.00109746 0.0113386 0.00473104 0.0269621 -0.004046 -0.00450036 -0.00682586 -0.0182745 -0.00313531 -0.0305979 -0.02477 -0.0143536 0.00176397 -0.014095 -0.026889 -0.000445916 -0.0437215 0.00527001 -0.0676876 -0.00324039
internal_weight=51254.5 11766.1 39488.3 9703.44 2062.69 17773 8403.63 523.058 3797.65 2471.31 1326.35 1431.95 702.824 630.738 21715.4 20140.5 7076.02 509.51 229.198 280.312 243.689 170.646 1574.84 141.579 98.9016 1316.83 27.2195 7880.57 36.6229 13064.5
internal_count=2043720 741879 1301841 719324 22555 573593 489623 10588 27108 16776 10332 15410 8294 7145 728248 482925 166916 19485 9412 10073 9054 6200 245323 1922 1422 10204 342 479035 1019 316009
is_linear=0
shrinkage=0.05


Tree=89
num_leaves=31
num_cat=0
split_feature=6 5 13 7 13 8 1 12 2 13 25 0 18 13 11 1 15 14 5 11 9 12 6 12 8 25 2 14 5 18
split_gain=256.177 105.503 60.3453 55.2282 39.0863 35.8014 34.6701 34.8573 34.0508 31.5079 31.0565 29.2074 27.9045 42.8766 24.685 22.5774 28.5778 27.1319 22.3194 21.4602 21.4407 21.4306 20.6767 29.5792 20.5438 18.9155 23.7595 18.6484 23.141 19.7895
threshold=-0.13269815593957898 0.028695652261376384 1.0000000180025095e-35 -0.10877612233161925 0.10173913091421129 0.044347826391458518 0.023478261195123199 1.0000000180025095e-35 -0.11066980287432669 0.023478261195123199 1.0000000180025095e-35 0.032173912972211845 0.031973524019122131 0.021739130839705471 -0.12256808951497077 0.0026086957077495758 -0.99999991059303273 -0.12593951821327207 0.035652173683047302 -0.3046556413173675 0.01304347859695554 1.0000000180025095e-35 -0.082931101322174058 0.0826086960732937 0.06695652008056642 1.0000000180025095e-35 -0.16694478690624234 -0.12723297625780103 0.079130433499813094 0.022953062318265442
decision_type=2 2 2 2 2 2 2 2 2 2 2 2 2 2 2 2 2 2 2 2 2 2 2 2 2 2 2 2 2 2
left_child=1 2 10 4 5 6 11 -8 24 -10 -1 18 27 -14 -15 16 17 -3 21 -20 -13 -2 -5 -24 -7 -17 -27 28 -9 -29
right_child=3 15 -4 22 -6 8 7 12 9 -11 -12 20 13 14 -16 25 -18 -19 19 -21 -22 -23 23 -25 -26 26 -28 29 -30 -31
leaf_value=0.015286711176004454 -0.0041993962048914278 -0.084872859283278701 0.0077251211355762323 -0.0024399543014144644 -0.016685744014993883 0.012340458594584592 -0.052041444065195799 -0.051769711435077484 0.014749000033761889 -0.0042532666089669926 0.03181940742023591 0.021042906238339765 0.033006577222422312 -0.0057255435524278643 -0.10045507267627128 0.00079911811426516637 0.0080672550077092123 0.011914818780759017 0.029459994312550059 -0.0019257848243040198 -0.0011271159155204916 0.0086551026123636351 -0.0061959775528036371 0.0032984702712336306 0.036152088129433595 -0.022979252427909339 0.0157574465913447 -0.0027167360792732108 -0.0075607411662495464 -0.017390324476477852
leaf_weight=1080.3962724285666 426.48059755006398 15.24069034738932 3800.8070866042763 14252.57441965786 315.11586318635091 645.2479372643138 37.066704689583275 45.526419258239912 315.9219391841616 699.00818104867358 386.85797215049388 331.19112359589781 109.13751889541163 28.276312535483157 8.1453541703231149 8305.7879344273606 1887.6695654304931 12.672035493887959 54.396622768021189 3240.4885537607188 162.20959549301188 1344.7321952840721 9476.8449155958951 897.44010916100524 104.93732043544878 43.36542787385406 374.36768932460109 2446.2498583830311 82.53323700861074 252.67825087701203
leaf_count=8453 3248 344 210514 386380 196180 73006 449 2633 14950 93479 4659 6754 1075 928 555 356135 19205 177 1088 56702 9196 47530 238913 147469 26384 615 3638 122730 2008 8323
internal_value=3.13782e-11 0.00526749 0.0110535 -0.00237536 0.00063312 0.00116278 -0.000173188 -0.0044949 0.00764492 0.00167035 0.0196644 0.00216674 -0.00388471 0.0173919 -0.0290292 0.0024017 0.00731557 -0.0420401 0.00103449 -0.00139884 0.0137668 0.00555932 -0.00367629 -0.00537441 0.015715 0.00132196 0.0116909 -0.00498599 -0.0235568 -0.00409643
internal_weight=51183.4 15907.2 5268.06 35276.2 10649.3 10334.2 8569.11 3009.61 1765.12 1014.93 1467.25 5559.5 2972.55 145.559 36.4217 10639.1 1915.58 27.9127 5066.1 3294.89 493.401 1771.21 24626.9 10374.3 750.185 8723.52 417.733 2826.99 128.06 2698.93
internal_count=2043720 603740 223626 1439980 667218 471038 263219 138701 207819 108429 13112 124518 138252 2558 1483 380114 19726 521 108568 57790 15950 50778 772762 386382 99390 360388 4253 135694 4641 131053
is_linear=0
shrinkage=0.05


Tree=90
num_leaves=31
num_cat=0
split_feature=5 6 18 15 13 12 18 5 26 5 1 4 3 4 2 6 16 6 7 5 15 14 15 15 5 6 1 4 7 15
split_gain=251.416 82.0977 81.2461 62.8203 33.2169 30.0487 30.2636 29.3373 28.2262 22.5134 21.5694 22.6228 28.1348 24.1091 18.1495 17.3509 55.7774 66.4664 28.7062 27.6066 27.3983 23.6582 41.6225 36.2078 22.1378 19.292 18.5676 17.1708 16.8432 16.7412
threshold=0.047826087102293975 -0.11046976223587988 1.0000000180025095e-35 -0.10628499090671538 1.0000000180025095e-35 1.0000000180025095e-35 0.0035853096051141624 1.0000000180025095e-35 1.0000000180025095e-35 0.72956520318984996 0.0026086957077495758 0.0043478262377902874 -0.1199500225484371 0.01304347859695554 -0.13661559671163556 -0.080933593213558183 0.0060869567096233377 -0.045526456087827676 -0.14432308822870252 0.016521738842129711 -0.0945402756333351 -0.1218280754983425 -0.080028906464576707 -0.085829418152570711 0.040869565680623061 -0.044039873406291001 0.0060869567096233377 0.01304347859695554 -0.17994792014360425 -0.19095176458358762
decision_type=2 2 2 2 2 2 2 2 2 2 2 2 2 2 2 2 2 2 2 2 2 2 2 2 2 2 2 2 2 2
left_child=2 9 7 4 29 6 -6 -1 -7 10 11 28 14 -14 -13 -5 17 19 -18 20 -17 23 -23 -21 -25 -20 -22 -19 -2 -4
right_child=1 -3 3 15 5 8 -8 -9 -10 -11 -12 12 13 -15 -16 16 18 27 25 21 26 22 -24 24 -26 -27 -28 -29 -30 -31
leaf_value=0.033119600649288511 -0.0021397385903317839 -0.0037721595221092553 0.017918807709270963 0.00036513351228195163 -0.0098225737099184186 0.0054329654643289716 0.012141396468228613 0.01448297187289622 0.019223821233780646 -0.0090649849038863528 0.0004511021556101863 -0.00010781862346029937 -0.081550399423506267 0.0098641946618581739 0.032357667949630867 -0.00048125944663061449 -0.023925520197238592 -0.12443710824038841 0.00025302592562287342 -0.065013608910166526 -0.030869054933847881 0.038706640016147334 -0.058636253665450361 -0.022039350530441471 0.043080963280065693 0.029345666024524139 -0.11226068144225694 -0.032284741657762926 0.012582220478752213 0.0073121238849332597
leaf_weight=276.21292395431374 236.12059893086553 23669.764092656507 847.20659775595414 666.23845712345064 590.03429186547874 6521.0659045407738 212.54350875719683 903.64699294183811 392.6397802241554 547.40921445790445 12888.640939127145 900.23790872350219 18.164196370635185 11.249767235887701 44.210339451441541 16.104433978180168 95.586580376257189 20.676091217901561 236.03715724065842 34.700755000580102 12.702124861738413 43.954860821890179 13.572699101467149 39.153467205353081 18.335835329373367 74.126444676017854 17.982144766894635 7.7306442103872532 1088.5737736878364 666.63081361005607
leaf_count=3223 1905 784047 6605 84760 3961 477633 1199 9782 9620 19491 475914 11716 248 300 731 254 77934 418 34921 412 332 480 416 381 107 22896 664 390 7489 5491
internal_value=-1.54827e-11 -0.00191144 0.00643336 0.00503779 0.00648559 0.00515579 -0.00399807 0.0188703 0.00621884 0.000887721 0.00124703 0.00570788 -7.82499e-05 -0.0474129 0.00144453 -0.00526341 -0.0112006 -0.0311126 -0.00011376 -0.0205035 -0.0536142 -0.00986893 0.0151307 -0.0254639 -0.000888195 0.00727788 -0.0806053 -0.101309 0.00995847 0.013256
internal_weight=51111.3 39404.4 11706.9 10527 9230.12 7716.28 802.578 1179.86 6913.71 15734.6 15187.2 2298.56 973.862 29.414 944.448 1296.9 630.663 224.913 405.75 196.506 46.7887 149.718 57.5276 92.1901 57.4893 310.164 30.6843 28.4067 1324.69 1513.84
internal_count=2043720 1301841 741879 728874 504509 492413 5160 13005 487253 517794 498303 22389 12995 548 12447 224365 139605 3854 135751 3046 1250 1796 896 900 488 57817 996 808 9394 12096
is_linear=0
shrinkage=0.05


Tree=91
num_leaves=31
num_cat=0
split_feature=7 5 6 25 0 1 4 15 2 15 12 13 7 16 4 18 9 7 6 15 2 10 8 17 8 5 3 13 9 1
split_gain=247.299 83.1264 72.4551 42.5506 37.9468 36.9503 54.9184 35.501 30.7727 28.5558 21.1956 21.0064 20.3892 26.8783 21.7063 20.904 55.7818 23.5943 20.1367 21.6054 27.5361 20.5559 19.6741 19.0698 22.6463 18.6689 21.5608 24.9418 28.3814 21.7137
threshold=-0.15964195877313611 1.0000000180025095e-35 -0.10001972317695616 1.0000000180025095e-35 1.0000000180025095e-35 0.0026086957077495758 0.0043478262377902874 -0.10795936733484267 -0.13682855665683744 -0.99999991059303273 0.039130434393882758 0.025217391550540928 -0.048040486872196191 0.023478261195123199 0.11913043260574342 0.0079101766459643858 0.011304348241537811 -0.06359850242733954 -0.10327548533678053 -0.10290300101041792 -0.15235781669616696 -0.12308038398623465 0.035652173683047302 0.048913042992353446 0.044347826391458518 0.19391304999589923 -0.15829087793827054 0.011304348241537811 0.011304348241537811 0.026956521905958656
decision_type=2 2 2 2 2 2 2 2 2 2 2 2 2 2 2 2 2 2 2 2 2 2 2 2 2 2 2 2 2 2
left_child=1 4 5 7 -1 6 -2 -3 10 -5 18 -6 15 -14 22 17 -17 25 -8 20 -20 -22 -15 -24 -25 -7 -27 28 29 -28
right_child=2 3 -4 9 11 12 8 -9 -10 -11 -12 -13 13 14 -16 16 -18 -19 19 -21 21 -23 23 24 -26 26 27 -29 -30 -31
leaf_value=0.033727465873033276 0.012611631788024692 0.0045104538504030503 -0.0040691835736623785 -0.052265557789892864 0.015323168663595741 -0.0009433419535720451 -0.0033583839438099811 -0.010245743966150954 0.033305471783290186 0.01619920229115919 0.055354146109175432 -0.019641945744035424 -0.0049966662347248935 -0.0069930892152071256 -0.04140320810532673 0.015412292655568869 0.00072843489408083283 0.0069168702916314233 -0.087665121764449877 0.017444521577515363 0.008929781081128239 -0.080830028044122509 0.019886644965521796 -0.041957266025993326 0.0057639620171067866 0.00020673996345769703 -0.023407246096325759 -0.0035072512843672427 -0.075069939623402485 0.015335957048144886
leaf_weight=324.56654657979379 1375.4502050885931 10422.663673023424 20218.305098581317 14.537469177856108 668.28878460112901 3728.2049747866404 937.97535568044987 423.26098937385541 55.988695395528339 915.38566355423245 13.613114357402081 45.061796729321941 4124.6173211180721 256.98670079291333 24.826499183400301 771.01928639906691 3987.4444430804724 740.2648373110278 22.198739974061027 16.95979104435537 23.413171499618333 7.68450723477872 262.81904552254127 25.160877027199604 501.29913546162425 454.72054026514525 307.7566604121821 317.3525251254905 23.216173597378656 40.266933287493885
leaf_count=3191 9476 570518 746315 313 17562 91718 11122 128093 864 11590 884 25572 81490 14190 7563 9757 210612 13693 359 176 217 159 13302 3713 45811 9513 2976 12132 480 359
internal_value=2.39692e-12 0.00601124 -0.00201453 0.00481464 0.0195698 0.000290974 0.00599295 0.0039337 -0.00245718 0.0150739 -0.00444733 0.01309 -0.000608017 -0.00316425 0.00389019 0.000672891 0.00311042 -0.00139417 -0.00530882 -0.030936 -0.0463693 -0.0150779 0.00500345 0.0089134 0.00340802 -0.00265826 -0.00824469 -0.0138179 -0.0225988 -0.0188935
internal_weight=51051.3 12813.8 38237.5 11775.8 1037.92 18019.2 2453.28 10845.9 1077.83 929.923 1021.84 713.351 15566 5195.71 1071.09 10370.2 4758.46 5611.78 1008.23 70.2562 53.2964 31.0977 1046.27 789.279 526.46 4871.52 1143.31 688.592 371.24 348.024
internal_count=2043720 756839 1286881 710514 46325 540566 23257 698611 13781 11903 12917 43134 517309 166069 84579 351240 220369 130871 12033 911 735 376 77016 62826 49524 117178 25460 15947 3815 3335
is_linear=0
shrinkage=0.05


Tree=92
num_leaves=31
num_cat=0
split_feature=6 5 13 5 15 4 6 5 23 1 15 10 11 1 17 18 3 9 0 10 4 4 5 15 9 7 9 5 16 1
split_gain=246.125 130.995 51.272 33.1383 45.3571 49.2902 29.4478 29.1953 28.2659 23.3377 26.4516 23.5736 22.0019 33.9783 33.5805 21.3574 28.8292 25.6451 21.8809 21.7057 20.254 19.163 36.2279 56.2114 30.0413 29.175 26.9686 20.7901 42.5562 29.983
threshold=-0.11464518308639525 0.028695652261376384 1.0000000180025095e-35 0.14173913002014163 -0.20958945155143735 0.018260869197547439 -0.078019876033067689 1.0000000180025095e-35 0.78571429848670971 0.0026086957077495758 -0.99999991059303273 -0.13545719534158704 -0.067202810198068605 0.028695652261376384 0.0091304355300962942 0.0091200773604214209 -0.086334683001041398 0.033913042396306999 0.11739130318164827 -0.10303442552685736 0.0043478262377902874 0.020000000484287742 0.011304348241537811 -0.080692134797573076 0.0060869567096233377 -0.085821028798818574 0.0043478262377902874 0.0826086960732937 0.0060869567096233377 0.080869562923908248
decision_type=2 2 2 2 2 2 2 2 2 2 2 2 2 2 2 2 2 2 2 2 2 2 2 2 2 2 2 2 2 2
left_child=1 2 7 4 5 -2 -6 -1 9 10 11 -3 21 14 -14 16 -15 -17 -19 -20 -12 22 23 -8 -23 27 -27 -24 -29 -30
right_child=3 8 -4 -5 6 -7 12 -9 -10 -11 20 -13 13 15 -16 17 -18 18 19 -21 -22 24 25 -25 -26 26 -28 28 29 -31
leaf_value=0.029685903608736922 0.018398068793148637 -0.096765392245241638 0.0074709191095946289 -0.0043734901131467028 -7.740774162891747e-05 -0.010533827518519851 -0.024526475971774993 0.014006627676590942 0.043400768301016704 0.00067377848864496248 0.01003464138302405 -0.0050649442526683776 0.01246248765184127 -0.077633968608546058 -0.067384913969584695 -0.074300437665482666 0.023798753457819705 -0.00052317355409426411 -0.075355870469630271 -0.018446492913789674 0.0009736853202452786 0.028406932769967155 -0.0065422168402971756 -0.15030881599669077 -0.0022840062881086961 -0.019452567959593482 0.017642569703783091 -0.0093922876499603573 -0.080632658960828343 -0.010034343867089242
leaf_weight=396.41426716088608 564.76009803361376 10.597717626253145 4453.0533399419583 17966.39205201314 7222.8248660459867 198.24987350129959 55.939518171304371 1193.4842641687719 39.352550135314232 13633.965446251466 1531.7973423348012 18.011032218055334 17.019170257382939 6.8298590077683903 53.244656895287335 17.041635578905698 67.12062934525602 154.59029961182387 20.241692369432712 84.904458954326401 1032.3535812523623 84.067181934122345 490.50847420137143 9.7022193068987672 1270.5617905618565 65.932075114658801 182.4534759700764 138.66283301991643 45.300093402271159 22.740813603042625
leaf_count=4183 8383 302 268670 578477 344627 37926 1716 10349 212 534609 10975 226 194 449 3197 790 12943 20344 845 53779 15006 1644 7232 605 119711 679 2616 1450 985 596
internal_value=-6.07724e-12 0.00394043 0.0102258 -0.00305883 -0.000866084 0.0108769 -0.00176221 0.0179322 0.0016049 0.00150087 0.00584815 -0.041155 -0.0061272 -0.0166463 -0.0481409 -0.0102178 0.0135199 -0.016586 -0.0125288 -0.0300088 0.00638841 -0.00424914 -0.0094537 -0.0450943 -0.000359802 -0.00693456 0.00775743 -0.0121723 -0.0254366 -0.0575242
internal_weight=51048.1 22309 6042.95 28739.1 10772.7 763.01 10009.7 1589.9 16266.1 16226.7 2592.76 28.6087 2786.86 420.992 70.2638 350.729 73.9505 276.778 259.736 105.146 2564.15 2365.87 1011.24 65.6417 1354.63 945.598 248.386 697.212 206.704 68.0409
internal_count=2043720 844532 283202 1199188 620711 46309 574402 14532 561330 561118 26509 528 229775 92541 3391 89150 13392 75758 74968 54624 25981 137234 15879 2321 121355 13558 3295 10263 3031 1581
is_linear=0
shrinkage=0.05


Tree=93
num_leaves=31
num_cat=0
split_feature=6 5 5 6 5 0 15 16 27 0 5 23 12 10 14 7 11 10 2 15 3 3 13 15 4 1 6 10 15 3
split_gain=238.949 120.56 45.6064 35.387 34.6098 27.3918 24.7065 33.2732 22.8703 22.8353 22.1218 22.6409 21.5675 20.1581 22.9695 26.2173 20.0798 19.7089 23.3742 19.4859 18.9868 18.8634 42.1661 37.1056 28.0168 52.022 33.6062 24.6232 23.7878 21.8162
threshold=-0.12082320079207419 0.028695652261376384 1.0000000180025095e-35 -0.081362813711166368 0.1278260871767998 1.0000000180025095e-35 -0.20958945155143735 0.0043478262377902874 1.0000000180025095e-35 1.0000000180025095e-35 0.38521739840507513 0.78571429848670971 0.056521739810705192 -0.12511628121137616 -0.12542166560888288 -0.084904287010431276 -0.087371468544006334 -0.13246267288923261 -0.14886120706796643 -0.10910892859101294 -0.096153866499662385 -0.15471868962049481 0.0078260868322104233 -0.088913876563310609 0.0095652174204587954 0.051304347813129432 -0.10371060669422148 -0.12731959670782086 -0.15776239335536954 -0.12518160790204999
decision_type=2 2 2 2 2 2 2 2 2 2 2 2 2 2 2 2 2 2 2 2 2 2 2 2 2 2 2 2 2 2
left_child=1 2 5 4 6 -1 7 -2 -4 13 11 -3 -5 14 16 -16 19 -17 -19 -6 -18 24 23 29 25 -8 28 -26 -27 -23
right_child=3 10 8 12 9 -7 21 -9 -10 -11 -12 -13 -14 -15 15 17 20 18 -20 -21 -22 22 -24 -25 27 26 -28 -29 -30 -31
leaf_value=0.033220468333107905 0.023386315628948204 0.0025886373779030287 0.0074658718430480695 -0.0060622445846436022 0.00029960063252536446 0.014575887393552861 -0.0047480669475656427 -0.00054696127996717422 0.020229332559651328 -0.0036489545106740493 -0.0025096868694921334 0.044420540217294996 -0.00041759281791635834 0.016099446068925608 0.012008244667167071 0.01804027104296187 -0.077933109800256029 -0.064163945998896049 -0.0041908176789696699 0.025108272037085235 0.026502050652899914 0.0082831498525952011 -0.0012249504457660116 -0.012884514023408148 -0.024804310619139833 -0.027342058349571298 -0.014756592406582459 0.0038358482468790426 -0.10334161567886931 0.02288037640581414
leaf_weight=294.94363034360867 281.9224708100628 11634.294926297131 4478.6304678767701 9008.1334523954101 250.04283988699899 599.40121223904134 1552.9029899863126 298.2821419778702 380.32833520832355 11704.249904828117 2462.1453335621336 31.440169427427463 2083.8306906903563 272.8301646689215 45.964795407257043 14.473225228954105 12.233359847276008 49.23035235577845 24.231139950978104 114.82635350310011 5.8743343059904864 825.07392104525934 2379.8413600908898 158.0826165768085 78.082091383708757 17.979637832846493 52.45675270515494 1472.5286132026231 26.445110962493345 371.50838639470749
leaf_count=2983 2322 414745 230948 217181 1757 21894 15169 33452 6233 341517 79928 188 348763 2252 342 148 177 628 238 635 30 7644 204207 1641 6441 233 698 97600 540 3186
internal_value=-4.95796e-12 0.00428122 0.010382 -0.0027368 -0.00148094 0.0207549 0.00120022 0.0111025 0.00846887 -0.00309363 0.00179624 0.00270518 -0.00500193 0.00513108 -0.000678408 -0.0184256 0.00555835 -0.03429 -0.0447039 0.00815431 -0.0444393 0.000370266 0.00278396 0.00982243 -0.00244624 -0.00697974 -0.0423369 0.0023786 -0.073862 0.0128305
internal_weight=50982.2 19881.2 5753.3 31101 20009.1 894.345 7515.11 580.205 4858.96 12494 14127.9 11665.7 11092 789.707 516.876 133.9 382.977 87.9347 73.4615 364.869 18.1077 6934.9 3734.51 1354.66 3200.4 1649.78 96.8815 1550.61 44.4247 1196.58
internal_count=2043720 756919 262058 1286801 720857 24877 373133 35774 237181 347724 494861 414933 565944 6207 3955 1356 2599 1014 866 2392 207 337359 216678 12471 120681 16640 1471 104041 773 10830
is_linear=0
shrinkage=0.05


Tree=94
num_leaves=31
num_cat=0
split_feature=6 6 5 1 1 0 18 15 10 5 1 23 15 13 5 0 7 1 2 1 4 17 7 2 6 6 8 6 9 0
split_gain=235.265 76.8938 75.0263 44.1895 32.9832 35.2647 34.1814 28.9941 28.2106 27.5653 24.1155 23.5239 23.3174 41.2866 31.3393 30.4976 28.3623 26.7572 28.0656 26.517 28.6489 24.6846 22.9047 29.5058 20.6092 19.5802 18.6998 17.7686 23.6628 17.7268
threshold=-0.15336318314075467 -0.10245272889733313 0.030434782616794113 1.0000000180025095e-35 0.0026086957077495758 0.0095652174204587954 0.00075306560029275726 -0.083907917141914354 -0.12444541975855826 0.21130434423685077 0.06695652008056642 0.78571429848670971 -0.15867823362350461 0.0078260868322104233 0.29826086759567266 0.059999998658895499 0.032610602676868446 0.073913045227527632 -0.13283579796552655 0.042608696967363364 0.01304347859695554 0.018695653416216377 -0.018725441768765446 -0.16495393961668012 -0.12375725805759429 -0.080123554915189729 0.0026086957077495758 -0.061057787388563149 0.018260869197547439 0.035652173683047302
decision_type=2 2 2 2 2 2 2 2 2 2 2 2 2 2 2 2 2 2 2 2 2 2 2 2 2 2 2 2 2 2
left_child=2 4 3 11 5 6 -2 -8 -6 -10 24 -1 13 14 -3 21 17 -15 -19 -18 -21 22 23 -16 -11 26 -25 -17 -29 -12
right_child=1 12 -4 -5 8 -7 7 -9 9 10 29 -13 -14 16 15 27 19 18 -20 20 -22 -23 -24 25 -26 -27 -28 28 -30 -31
leaf_value=0.017446521983725038 0.015354998277844102 0.015141998400807056 0.0030552874177127492 0.0085293799804637763 -0.0027516963427346094 0.023929100885079879 0.0012576038337197048 -0.084537175986134916 0.0036320965446197634 -0.0074868845214586801 -0.034482174656167104 0.040931131818662959 -0.0043559326110888972 -0.0058974468408789218 -0.09185032167396194 0.049974884732961806 -0.0027874600471556564 -0.0648680827482295 0.0092343298597317297 -0.078639604881411251 -0.02209983961779588 -0.056118308311448976 0.0037476529485877073 -0.043398407937660546 0.0055521584998643259 -0.038778674717338188 0.020375759311678669 -0.071275767776745547 0.051788962785536068 -0.0064095065335588305
leaf_weight=1027.0772411508515 517.72322725517733 641.50314548722235 6571.929352624531 3328.2169926143542 6180.2324096314842 245.87237099514459 1790.4687928339554 8.9020472629927081 5779.3131547948433 426.19672145857476 58.263559290993726 118.86537319771014 19438.216552278005 1286.0647430619356 12.386211484728845 40.938118384452537 105.63507385872072 12.109670278950942 519.55750803283445 30.099617978092283 84.99066005719942 21.791027067345567 340.43458483430732 14.097652084048603 1041.9924087620748 41.605383757530944 47.280254357494414 7.3786779836518672 6.3639668841497041 1129.6944270530657
leaf_count=10995 4323 6295 235075 163213 162049 4290 18606 235 351295 17818 3612 1631 868630 70789 143 158 3501 1303 30239 377 4787 453 2395 121 31264 380 261 128 28 49326
internal_value=-1.63764e-11 -0.00179063 0.00645608 0.0114496 0.000732019 0.00596275 0.0040468 0.000786431 -0.000185573 0.0016946 -0.00252084 0.0199161 -0.00370381 0.000242479 0.00770887 -0.00126119 -0.00405847 -0.00199798 0.0074279 -0.0209416 -0.0374367 -0.00533351 -0.00278806 -0.0219402 0.00176457 -0.0127294 0.00526681 0.0337644 -0.0146395 -0.00781418
internal_weight=50875.2 39829.1 11046.1 4474.16 17178.7 2562.97 2317.09 1799.37 14615.7 8435.46 2656.15 1145.94 22650.5 3212.24 1173.78 532.276 2038.46 1817.73 531.667 220.725 115.09 477.595 455.804 115.37 1468.19 102.983 61.3779 54.6808 13.7426 1187.96
internal_count=2043720 1632806 410914 175839 642818 27454 23164 18841 615364 453315 102020 12626 989988 121358 10362 4067 110996 102331 31542 8665 5164 3753 3300 905 49082 762 382 314 156 52938
is_linear=0
shrinkage=0.05


Tree=95
num_leaves=31
num_cat=0
split_feature=6 5 5 23 5 15 0 16 0 16 7 18 6 5 2 18 18 6 12 14 18 8 18 11 23 16 8 9 4 15
split_gain=233.882 132.392 51.5143 28.0939 25.1874 25.68 24.3837 22.0414 28.7522 19.8095 43.3406 31.0255 19.1708 39.3006 20.3709 19.885 34.5535 22.0505 19.7586 19.4109 23.5536 19.9371 18.9286 18.3834 17.0167 16.457 15.9759 27.3321 19.8514 22.8816
threshold=-0.10898523777723311 0.049565218389034278 1.0000000180025095e-35 0.78571429848670971 0.065217390656471266 -0.11988433450460433 1.0000000180025095e-35 0.030434782616794113 0.06695652008056642 0.020000000484287742 -0.17515529692173001 0.050031181424856193 -0.077575184404849992 0.011304348241537811 -0.15619307756423947 0.014909938443452122 0.0033396290382370357 -0.04728583246469497 1.0000000180025095e-35 -0.1202651485800743 0.0067915215622633704 1.0000000180025095e-35 0.015621952246874573 -0.077210236340761171 0.78571429848670971 0.014782608952373268 0.0826086960732937 0.13304347544908526 0.24956522136926654 -0.033644048497080796
decision_type=2 2 2 2 2 2 2 2 2 2 2 2 2 2 2 2 2 2 2 2 2 2 2 2 2 2 2 2 2 2
left_child=1 2 6 -4 5 7 -1 8 -2 11 -11 12 14 19 -7 16 17 -15 -18 20 21 -14 -17 25 -3 -20 27 -6 29 -28
right_child=4 24 3 -5 26 9 -8 -9 -10 10 -12 -13 13 15 -16 22 18 -19 23 -21 -22 -23 -24 -25 -26 -27 28 -29 -30 -31
leaf_value=0.031363035245830381 0.0028413342309511159 0.00073914632520782181 0.0066737166685460012 0.026579425331900216 -0.0041392503564416259 -0.028482616436166994 0.013989432250456735 -0.011182168897971835 0.018412773439812773 -0.02557886493687201 0.0078055600297848131 -0.054346178124519133 -0.14871113074829403 0.0093744063713586366 0.0001285908980403513 0.055859505978897696 -0.1091596257194955 -0.080433721523029203 -0.045279921615883408 -0.016097302483587206 -0.1547264407518143 -0.028905232987619264 -0.00055282073099076356 0.0027783304783961182 0.040272857018021115 0.0040702745368299533 0.0020953477810642662 -0.020747408815006904 -0.018155460567740218 0.052205576071893259
leaf_weight=298.84670559717051 1492.9480647418095 16007.088299409712 7516.9779742959872 180.6695749668288 20127.607843425605 65.595821081413305 629.71929170027579 208.23413896292914 369.06625077186618 112.59434161078025 673.74111519458529 32.517032079907949 3.4042152215261074 111.09447395167081 945.08551286606234 15.630740292894187 6.9195075344759962 6.2807821632595724 99.358888873190153 20.64847067881783 7.0828926822869098 20.302272471482866 140.27122340599453 38.087341388920322 26.266357472573873 20.123902381805237 1258.4872466030647 249.88209019255009 120.34165360247061 22.204444013754255
leaf_count=3070 45438 527332 376160 1864 542810 1674 24997 67975 13281 99431 120494 2253 102 1211 26705 189 154 129 2742 2676 518 699 4511 1144 141 874 105410 26173 39705 3858
internal_value=-1.78066e-11 0.00349381 0.00848814 0.00714431 -0.00329249 0.000163007 0.0196086 0.00420957 0.00593595 -0.00345016 0.00299887 -0.0067592 -0.00569201 -0.0138063 -0.00175467 -0.00888415 -0.0167888 0.00392986 -0.0315074 -0.0547281 -0.0793139 -0.051432 0.00542305 -0.0274305 0.000806419 -0.0370033 -0.00398884 -0.00434392 0.00117504 0.00300421
internal_weight=50827.1 24659.6 8626.21 7697.65 26167.5 4388.99 928.566 2070.25 1862.01 2318.74 786.335 1532.4 1499.89 489.205 1010.68 437.767 281.865 117.375 164.49 51.4379 30.7894 23.7065 155.902 157.57 16033.4 119.483 21778.5 20377.5 1401.03 1280.69
internal_count=2043720 933564 406091 378024 1110156 392200 28067 126694 58719 265506 219925 45581 43328 14949 28379 10954 6254 1340 4914 3995 1319 801 4700 4760 527473 3616 717956 568983 148973 109268
is_linear=0
shrinkage=0.05


Tree=96
num_leaves=31
num_cat=0
split_feature=7 6 5 16 1 4 0 25 15 15 18 12 9 18 18 2 6 3 13 1 0 18 17 18 3 18 1 15 13 0
split_gain=227.926 71.285 69.5568 41.3518 37.5717 46.7065 27.6171 26.7028 32.9205 26.1499 25.9053 20.3778 37.1512 28.9131 25.7581 20.7492 31.0305 19.6595 17.7809 16.9157 22.2666 16.8056 19.0581 20.8967 16.5372 15.8095 23.7495 15.7948 30.1513 22.5056
threshold=-0.15964195877313611 -0.10001972317695616 0.0026086957077495758 0.0026086957077495758 0.0026086957077495758 0.0078260868322104233 0.0078260868322104233 1.0000000180025095e-35 -0.99999991059303273 -0.10795936733484267 0.0068882519844919452 1.0000000180025095e-35 0.0043478262377902874 0.0046625242102891215 0.0039610576350241908 -0.1876479089260101 -0.17732784152030942 -0.45371501147747034 0.028695652261376384 0.018260869197547439 0.037391304969787605 0.00075306560029275726 0.0034782608272507791 0.0028510604752227668 -0.16514054685831067 0.0045183927286416301 0.0043478262377902874 -0.16159169375896451 0.0078260868322104233 0.054782608523964889
decision_type=2 2 2 2 2 2 2 2 2 2 2 2 2 2 2 2 2 2 2 2 2 2 2 2 2 2 2 2 2 2
left_child=2 4 3 -1 5 6 21 9 -9 11 -7 12 14 17 15 -4 -17 -14 -5 -15 24 -2 -23 -24 -21 26 -10 28 29 -3
right_child=1 27 7 18 -6 10 -8 8 25 -11 -12 -13 13 19 -16 16 -18 -19 -20 20 -22 22 23 -25 -26 -27 -28 -29 -30 -31
leaf_value=0.01992895616077061 0.016200296589121799 0.0043219538280308582 -0.02799693320487406 0.0065395292256867814 -0.00054192620970541154 -0.01134585204181441 0.029948565351787495 -0.065601477252329107 0.015025028105337719 -0.0092151207612639393 0.010786999038422833 0.0051263884897024825 -0.11345415274636549 0.016111455060924675 0.023252949004032714 0.0082110258300166113 -0.0084885533105640981 -0.0341278134261963 -0.020590070074029243 -0.093443682347669643 0.045338357104067667 0.0080068643970633013 -0.014044274844848575 0.045345535376987475 0.0057980534695542601 0.022465801004432809 -0.011322287582321414 -0.0044991250717396503 -0.0043624258841535304 0.029987144669428135
leaf_weight=1244.7960522842077 480.37553021791973 810.57243665421265 64.696406458620913 376.98609031323576 15528.511035636628 475.63682838069508 162.93810229092196 12.084061582339926 326.58156917718588 378.52396420471268 182.05964395671617 8305.2891040195318 7.9499927582219234 50.361079368274659 123.10238963959273 635.06720484237303 493.39633300688001 83.240156058920547 70.890818904990738 11.795328043866906 5.8144613625481716 925.98531468004512 178.87441032251809 15.168669143691657 6.0812197905033836 344.59424863963795 114.92895276292984 17646.494369265187 1613.9574029418727 94.557493199798046
leaf_count=12680 3679 6599 519 28628 517309 6090 915 287 3446 114380 4586 530800 137 275 529 3865 3494 805 49794 190 30 6297 1637 53 41 5331 1608 674739 64218 759
internal_value=2.11674e-11 -0.00193047 0.00581346 0.0152444 0.000361455 0.00615356 0.0103933 0.00435615 0.0131572 0.00366386 -0.00521209 0.00416287 -0.00123842 -0.0235107 0.00157334 -0.000681017 0.000908444 -0.0421992 0.0022091 -0.000241527 -0.0342485 0.00838492 0.00502148 -0.00919299 -0.0611651 0.0144497 0.00815651 -0.00397045 -0.00026668 0.00703329
internal_weight=50771.3 38115.1 12656.2 1692.67 17949.5 2421.04 1763.34 10963.5 798.189 10165.3 657.696 9786.79 1481.5 165.242 1316.26 1193.16 1128.46 91.1901 447.877 74.0521 23.691 1600.4 1120.03 194.043 17.8765 786.105 441.511 20165.6 2519.09 905.13
internal_count=2043720 1286881 756839 91102 540566 23257 12581 665737 10672 655065 10676 540685 9885 1478 8407 7878 7359 942 78422 536 261 11666 7987 1690 231 10385 5054 746315 71576 7358
is_linear=0
shrinkage=0.05


Tree=97
num_leaves=31
num_cat=0
split_feature=6 5 5 7 15 4 13 12 12 5 9 3 18 1 15 14 17 5 17 18 17 8 2 11 15 7 2 5 18 13
split_gain=223.961 117.227 41.6355 31.404 33.5226 42.0703 22.7829 22.2519 24.7205 22.2917 28.6907 24.451 24.6689 22.1539 21.1149 22.4496 20.848 20.2292 19.8998 19.4604 34.1957 25.0674 20.4096 19.3734 19.3064 19.2325 19.0776 18.8374 20.8785 31.009
threshold=-0.11464518308639525 0.028695652261376384 1.0000000180025095e-35 -0.10975478589534758 -0.20958945155143735 0.016521738842129711 0.2060869559645653 0.026956521905958656 0.056521739810705192 0.17478261142969134 0.040869565680623061 -0.20850637555122373 0.043685374781489379 0.0026086957077495758 -0.99999991059303273 -0.12593951821327207 1.0000000180025095e-35 0.17826087027788165 0.051304349675774581 0.036573464050889022 0.049130437895655639 0.056521739810705192 -0.09791990369558333 -0.18898072838783261 -0.22317640483379361 -0.10877612233161925 -0.11967961862683295 0.22000000625848773 0.002749807084910572 0.011304348241537811
decision_type=2 2 2 2 2 2 2 2 2 2 2 2 2 2 2 2 2 2 2 2 2 2 2 2 2 2 2 2 2 2
left_child=1 2 16 4 5 23 -6 9 25 19 -11 -12 17 14 15 -3 -1 -13 -14 -5 -21 -22 -23 -2 -16 26 -9 28 -15 -30
right_child=3 13 -4 7 6 -7 -8 8 -10 10 11 12 18 27 24 -17 -18 -19 -20 20 21 22 -24 -25 -26 -27 -28 -29 29 -31
leaf_value=0.035242836670187842 0.01563679905865378 -0.076675734943194337 0.0080212417754874955 0.0017456520601601946 -0.00082690769163322366 -0.010544966733611497 -0.032857058116179484 -0.075707771470891458 -0.0017977784515630551 -0.004734372013415972 -0.061122947038491027 -0.080926121934959946 -0.054007085495676524 -0.0020563436878565495 0.013643952801465157 0.011557336469168284 0.01593491500631488 0.01045856582323873 -0.0045339244837736374 -0.066238899391326447 0.029988276784712949 0.011303588681195452 -0.074543488458776994 0.048623439904387104 0.0037221627363097139 -0.0071988854836552143 -0.0052731192254371782 -0.0016479543028018713 0.0076602466245936545 0.00061715922949159862
leaf_weight=174.05116175007424 371.95001866086386 14.862622139044108 5040.137012497049 3124.12356961365 6688.996590833267 157.87079116792302 54.983485533441126 19.474876030231826 2805.3363608336949 7832.7593254774038 12.836010044673456 5.1193467201665035 23.546261574141681 2153.09613618601 661.06579910904111 12.793749519798437 719.94499355506559 708.67461341404123 119.57171760918573 28.282525430433452 31.246834918973036 12.47958976053633 13.931679858826099 50.000634956173599 1894.8276114347973 6494.7671269602433 18.426101581135299 5067.5970317995234 2734.8942497332173 3645.1737408257031
leaf_count=2257 5609 346 256782 47511 394022 35681 80027 1095 296046 102117 361 245 601 45624 6322 182 24163 17172 2310 687 559 217 489 524 19789 213219 696 170568 36188 282311
internal_value=8.45023e-12 0.00377731 0.0097881 -0.00292392 -0.000100368 0.0114257 -0.00109288 -0.00389698 -0.00572438 -0.00246416 -0.00377767 0.0048337 0.00589178 0.00157293 0.00581645 -0.0368804 0.0197291 0.00969085 -0.0129917 0.00109685 -0.0222371 0.000108003 -0.0350473 0.0196514 0.0062927 -0.00741005 -0.0424808 0.000766483 0.00220037 0.00363699
internal_weight=50692.8 22118.4 5934.13 28574.4 7323.8 579.821 6743.98 21250.6 9338 11912.6 8702.51 869.748 856.912 16184.3 2583.55 27.6564 893.996 713.794 143.118 3210.06 85.9406 57.6581 26.4113 421.951 2555.89 6532.67 37.901 13600.8 8533.16 6380.07
internal_count=2043720 844532 283202 1199188 515863 41814 474049 683325 511056 172269 122806 20689 20328 561330 26639 528 26420 17417 2911 49463 1952 1265 706 6133 26111 215010 1791 534691 364123 318499
is_linear=0
shrinkage=0.05


Tree=98
num_leaves=31
num_cat=0
split_feature=6 5 7 11 13 18 1 12 9 6 18 25 5 12 17 5 3 4 15 18 12 15 11 7 7 2 6 17 10 13
split_gain=219.517 97.1824 48.9411 37.2457 35.5039 23.4102 39.2116 36.6488 26.7357 25.2816 25.6274 23.342 23.1943 33.2397 31.3015 30.6972 20.7917 37.372 27.5486 25.9163 25.6823 31.0965 24.0104 19.4459 23.4018 22.4244 18.8829 18.6518 18.5983 17.8808
threshold=-0.12929385900497434 0.028695652261376384 -0.10382824763655661 -0.092764124274253831 1.0000000180025095e-35 0.010461921337991955 0.025217391550540928 0.051304347813129432 0.044347826391458518 -0.10204263404011725 0.00086956520681269478 1.0000000180025095e-35 0.033913042396306999 0.0078260868322104233 0.018695653416216377 0.14521739631891253 -0.13414342701435086 0.021739130839705471 -0.1390978395938873 0.020474058575928215 0.011304348241537811 -0.14151097834110257 -0.12954884767532346 -0.14432308822870252 -0.10779418796300887 -0.14820098131895063 -0.10122473537921904 0.023913043551146988 -0.12977186590433118 0.0026086957077495758
decision_type=2 2 2 2 2 2 2 2 2 2 2 2 2 2 2 2 2 2 2 2 2 2 2 2 2 2 2 2 2 2
left_child=1 4 3 5 11 7 8 9 -7 -2 28 -1 -12 15 26 23 20 18 -18 22 21 -8 -20 -14 -25 -26 -15 -23 -11 -21
right_child=2 -3 -4 -5 -6 6 16 -9 -10 10 12 -13 13 14 -16 -17 17 -19 19 29 -22 27 -24 24 25 -27 -28 -29 -30 -31
leaf_value=0.013454020710529322 0.0017561313702085558 0.0021092889691723946 -0.0036197219455362858 -0.0083031629896029909 0.0078415552581988287 0.016017715606827271 -0.0022425137635355501 0.023140604339694594 -0.025068214997036875 -0.029028701700829579 0.0017783729305609005 0.028502799335404595 -0.033067492132642755 -0.042951589620356501 -0.012301271088803717 -0.050404674406668175 0.027322994032689282 -0.0047218823233011421 -0.068451748346473745 -0.1008394760991753 0.00094321085239321199 -0.028942632959671716 0.023605821849149902 -0.0070537932876822314 -0.0044159105016378132 -0.073818136880401203 0.0074238902595239048 -0.095730410597799381 0.011922648632911294 -0.0022697107922500458
leaf_weight=1060.153209198601 3547.8502451024833 11431.719008556189 22981.431011264292 1094.2863750828183 3848.1056700317276 811.23317464313732 166.14807746768929 160.27482699364919 40.753247487751651 29.540412095462671 611.63762689295982 341.57826902958914 114.77057268185308 18.387037017731927 510.63051778270165 64.883139352197759 248.73611771460855 429.70647812030802 6.4122030372964209 3.6901885393308467 1240.5379734102025 98.06238154071616 186.98866102570901 479.88679204258369 20.689775221748278 26.007537178433267 465.84805680066347 11.058459778956601 304.59500101511367 245.5245408306946
leaf_count=8682 92894 410938 725340 183801 220695 46869 1879 33278 12097 368 26666 4719 1489 461 24713 580 5433 89424 124 57 127270 1341 2806 4137 141 370 8568 284 2959 5337
internal_value=-9.57561e-13 0.00469587 -0.00230949 0.000443445 0.0103268 0.0014165 0.0047067 -0.000390253 0.0140254 -0.0010027 -0.00469988 0.0171389 -0.00657016 -0.00957118 -0.00367578 -0.017859 0.00169162 0.00685129 0.014041 0.00653213 -0.00212637 -0.0159132 0.0202172 -0.0144932 -0.0103898 -0.043806 0.00542649 -0.0365189 0.00822639 -0.00412644
internal_weight=50601.1 16681.6 33919.6 10938.1 5249.84 9843.85 3488.85 6355 851.986 6194.73 2646.88 1401.73 2312.74 1701.1 994.866 706.238 2636.87 1121.06 691.352 442.616 1515.81 275.269 193.401 641.355 526.584 46.6973 484.235 109.121 334.135 249.215
internal_count=2043720 645034 1398686 673346 234096 489545 292921 196624 58966 163346 70452 13401 67125 40459 33742 6717 233955 103181 13757 8324 130774 3504 2930 6137 4648 511 9029 1625 3327 5394
is_linear=0
shrinkage=0.05


Tree=99
num_leaves=31
num_cat=0
split_feature=6 5 6 1 5 11 1 15 7 5 14 25 15 0 16 17 17 14 0 7 6 2 11 12 1 13 18 5 18 4
split_gain=214.483 69.8161 62.7074 37.1982 30.7266 22.604 25.3676 26.5817 24.3171 26.5091 23.3344 22.4664 21.4363 19.5295 21.0885 24.2215 23.4107 20.6526 20.0561 19.824 48.0979 19.1511 18.4149 18.1674 23.9509 20.9108 37.9355 36.335 22.9015 21.8497
threshold=-0.14610304683446881 0.047826087102293975 -0.097193207591772066 1.0000000180025095e-35 0.025217391550540928 -0.14831205457448957 0.0043478262377902874 -0.1322389021515846 -0.034626483917236321 0.44434782862663275 -0.1351169943809509 1.0000000180025095e-35 -0.17761342227458951 0.0026086957077495758 0.016521738842129711 0.029782608151435856 0.027826086618006233 -0.11810036003589629 0.20434782654047015 -0.024916185997426506 -0.08903340250253676 -0.16955570131540296 -0.17547967284917829 0.047826087102293975 0.0060869567096233377 0.020000000484287742 0.02998424228280783 0.37826086580753332 0.023766349069774154 0.053043477237224586
decision_type=2 2 2 2 2 2 2 2 2 2 2 2 2 2 2 2 2 2 2 2 2 2 2 2 2 2 2 2 2 2
left_child=1 3 4 11 -2 6 7 8 -4 22 -7 21 -12 19 15 16 -15 -17 -19 -8 -21 -1 -10 25 -25 26 -6 -28 29 -27
right_child=2 -3 5 -5 23 10 13 -9 9 -11 12 -13 -14 14 -16 17 -18 18 -20 20 -22 -23 -24 24 -26 28 27 -29 -30 -31
leaf_value=0.0017559221763875457 0.0061018866762417032 0.0021428618543078621 0.019504619712762131 0.0075792177620492424 -0.00043172327098488878 -0.044262421961279191 -0.0054383221990876264 -0.067968249846218964 -0.059286942257539922 0.0078593489615173748 -0.033859256301621087 0.029997461793045122 -0.004357805519473284 -0.00035417098316949374 -0.0069150157970414745 0.026753414860838293 -0.052484221674369003 -0.0060376049589791723 0.022854667352342869 0.020525728270320467 -0.097253731354899689 0.017592148591435788 0.0040354472303912106 0.045679412234356127 0.0037180147128810072 -0.0012374339576297997 0.019555136965386827 -0.011261079950292078 -0.010522640351283122 -0.02014265536257313
leaf_weight=251.41984121676069 1989.9881187099709 6288.3208357411932 338.73959440385806 4518.2897798609265 9722.0162388336466 35.93692399795691 53.782221584348008 9.7655975339876004 28.674477540480439 146.25176645143074 60.831456125881232 269.56575857652933 16299.470589546119 1112.2867827165173 978.10240752041136 159.94911859603599 20.962219537526835 172.23633953602985 90.989071429765318 13.422011969261801 22.024777783546597 795.38495017662353 18.530219932086766 33.786355512420414 1540.7652988230257 3891.0964263558562 441.66610320215113 121.30734190304065 972.40659469598904 158.09358680401056
leaf_count=2678 154912 226910 4352 225235 122274 1123 740 375 452 1268 3680 3824 750710 17255 92311 2024 737 6687 1198 94 492 8363 187 3015 190471 162200 5363 1077 34836 18877
internal_value=3.71689e-12 0.00579838 -0.00182909 0.00973708 0.000227211 -0.00381269 5.53717e-05 0.00989311 0.0114466 -0.00269054 -0.00455947 0.0171323 -0.00446956 -0.0019797 -0.00116547 0.00244983 -0.00136387 0.0126419 0.00399828 -0.0248384 -0.0533167 0.0137939 -0.0348617 -0.00046563 0.00464683 -0.000991806 0.000299576 0.0129068 -0.00363628 -0.00198035
internal_weight=50556.1 12123 38433.1 5834.66 18871.1 19562 3165.72 541.962 532.196 193.456 16396.2 1316.37 16360.3 2623.75 2534.53 1556.42 1133.25 423.175 263.225 89.229 35.4468 1046.8 47.2047 16881.1 1574.55 15306.6 10285 562.973 5021.6 4049.19
internal_count=2043720 467010 1576710 240100 693025 883685 128172 6634 6259 1907 755513 14865 754390 121538 120212 27901 17992 9909 7885 1326 586 11041 639 538113 193486 344627 128714 6440 215913 181077
is_linear=0
shrinkage=0.05


Tree=100
num_leaves=31
num_cat=0
split_feature=5 6 6 15 13 5 26 1 13 13 15 18 12 6 2 4 27 7 23 17 8 13 16 15 12 10 15 3 2 4
split_gain=210.545 77.331 68.8289 29.9803 29.6393 20.7423 20.1419 19.6298 22.2361 20.5985 19.5836 17.8456 27.1499 18.8605 33.8437 18.6114 19.3326 17.8211 20.3516 17.2187 16.6724 42.7877 39.8341 18.3217 17.5301 18.8835 17.0772 20.4348 16.4974 20.404
threshold=0.047826087102293975 -0.10582626610994338 -0.19988396763801572 -0.084556940943002687 1.0000000180025095e-35 1.0000000180025095e-35 1.0000000180025095e-35 0.0026086957077495758 0.025217391550540928 0.042608696967363364 -0.99999991059303273 0.01503618946298957 0.023478261195123199 -0.077141605317592607 -0.12143705040216445 1.0000000180025095e-35 1.0000000180025095e-35 -0.10382824763655661 0.21428572386503222 0.023913043551146988 0.018260869197547439 0.01304347859695554 0.0043478262377902874 -0.10118205100297926 0.01304347859695554 -0.11023294553160666 -0.10628499090671538 -0.090727761387824998 -0.13661559671163556 0.0043478262377902874
decision_type=2 2 2 2 2 2 2 2 2 2 2 2 2 2 2 2 2 2 2 2 2 2 2 2 2 2 2 2 2 2
left_child=2 7 4 6 5 -1 -4 8 10 -10 -2 13 15 -5 -15 -13 -17 -14 -19 -8 -9 22 -22 -24 25 -23 -26 -28 29 -12
right_child=1 -3 3 11 -6 -7 19 20 9 -11 28 12 17 14 -16 16 -18 18 -20 -21 21 24 23 -25 26 -27 27 -29 -30 -31
leaf_value=0.031460755383443215 -0.048580121378976882 -0.0037536334813275578 0.0035963123116742133 0.013124066874026234 0.0089091990314316104 0.014805376190508366 0.0098175455538576008 -0.0015234453486121713 -0.05011566436639972 0.015830447144156694 0.009041062926994213 -0.00088820817367570894 -0.021391468395225904 -0.026030873992497001 0.014789832811929216 -0.080423524239477392 0.053935620848435895 0.019430728352014408 -0.045180147405233809 0.035246246862737023 0.020210690098144961 -0.010424751784413662 0.00013014816959873709 0.031281186036114468 0.0016857077774179666 -0.087510263294208995 -0.012760004527778042 0.0040900330272602842 0.026977580073298393 -0.0004146691172197826
leaf_weight=252.58228702656925 15.63148435828043 21541.760887743199 6829.3951777605726 154.34893123200891 2587.7476792544257 729.67771497991635 341.18256218428724 7992.8419817776885 33.37048281749594 17.467580113647273 1357.9350990119856 13.382805912755428 123.67632284773208 126.70613573220908 83.448167997557903 31.723381461662939 2.2343172384425989 69.738423225557199 13.749189357025896 82.17541349070234 551.7511280925246 239.24783966160612 665.97790900393738 49.803421404212713 4737.432678448873 7.2468731747940174 473.34293618224183 289.26971373312699 88.297582288418198 983.1929286668892
leaf_count=2942 344 728248 466628 18942 108293 6310 4704 133120 1140 705 9925 107 80504 5523 28329 1251 13 12178 1614 4541 2853 4756 17000 591 334220 197 36810 19278 876 11778
internal_value=-5.52691e-12 -0.00174794 0.00596441 0.00335204 0.011722 0.0191158 0.00425369 0.000720662 0.0048256 -0.0275888 0.00551057 -0.00720226 -0.0173341 -9.99123e-05 -0.00982849 -0.0510971 -0.0702931 -0.00941028 0.00838145 0.0148248 3.76665e-05 0.00181659 0.0101278 0.00233823 -1.80952e-05 -0.0130355 0.000567566 -0.00637156 0.00587845 0.0050715
internal_weight=50486.3 39044.6 11441.8 7871.76 3570.01 982.26 7252.75 17502.8 2495.9 50.8381 2445.06 619.008 254.504 364.503 210.154 47.3405 33.9577 207.164 83.4876 423.358 15006.9 7014.07 1267.53 715.781 5746.54 246.495 5500.05 762.613 2429.43 2341.13
internal_count=2043720 1301841 741879 624334 117545 9252 475873 573593 24768 1845 22923 148461 95667 52794 33852 1371 1264 94296 13792 9245 548825 415705 20444 17591 395261 4953 390308 56088 22579 21703
is_linear=0
shrinkage=0.05


Tree=101
num_leaves=31
num_cat=0
split_feature=6 5 5 7 15 4 3 15 16 11 12 3 1 2 3 15 11 3 15 9 13 2 5 8 9 1 9 12 8 11
split_gain=208.165 103.916 34.9848 33.7378 28.5787 33.5319 26.107 26.9305 23.8303 20.7833 19.4931 19.606 21.5943 27.3789 29.292 32.8519 25.8601 21.3674 20.2008 17.8042 32.8804 24.8784 36.9496 29.163 24.1882 31.6277 23.7481 23.5765 37.2703 35.3368
threshold=-0.11793024465441702 0.0060869567096233377 0.053043477237224586 -0.10877612233161925 -0.14871873706579206 0.016521738842129711 -0.14955235272645948 -0.26118582487106318 0.0043478262377902874 -0.068975377827882753 1.0000000180025095e-35 -0.12744296342134473 0.0060869567096233377 -0.15052631497383115 -0.15471868962049481 -0.12897731363773343 -0.11016802489757536 -0.20184733718633649 -0.13851956278085706 0.0060869567096233377 0.0095652174204587954 -0.12793387472629544 0.74000000953674328 0.021739130839705471 0.020000000484287742 0.058260869234800346 0.0095652174204587954 0.018260869197547439 0.023478261195123199 -0.10466596111655234
decision_type=2 2 2 2 2 2 2 2 2 2 2 2 2 2 2 2 2 2 2 2 2 2 2 2 2 2 2 2 2 2
left_child=1 8 -3 4 5 6 7 -2 -1 10 11 12 -6 -14 15 18 -16 -17 -15 21 24 23 -23 -5 25 27 -27 28 -21 -30
right_child=3 2 -4 19 9 -7 -8 -9 -10 -11 -12 -13 13 14 16 17 -18 -19 -20 20 -22 22 -24 -25 -26 26 -28 -29 29 -31
leaf_value=0.016142160089291799 0.021174375150297808 0.0057962003235247127 0.0011018471138546019 -0.0017417146623164813 -0.0075825729967844008 -0.0044362807521195488 0.023777872535936828 0.0024382751642019157 0.002835603412233015 -0.020938398010879149 -0.00033863602571048671 0.0089624883286444773 -0.088838450774992528 -0.067763837791277259 0.018571607273229481 -0.003308786970624149 -0.066486140927743645 -0.11965843324174115 0.014079795563550693 -0.011479519301238103 -0.003614485414315824 0.012118610669544096 -0.099311741629202588 -0.047820576274702369 -0.027411236792852789 -0.027015892732053633 0.014382855540445293 -0.03185549272871796 0.033663920148302703 -0.040580323180919919
leaf_weight=1919.2094553021598 239.09666736895451 5818.749371086873 12481.487139891004 4027.1631198288014 266.32993016910041 636.52584242959711 256.16577642090851 954.95113617766765 408.52891921468836 135.75277399859624 5338.9510428293142 100.22720283658418 17.636763924674597 10.644385710533244 46.108125279250089 5.1225809352472451 10.029117790050803 17.071008539642207 20.650814974680543 1434.5205061846063 15120.703500258431 441.56999715711572 6.5754392418602938 33.634893920330796 186.97566984727746 40.311437383759767 214.90484862215817 125.78321873251116 83.194608328631148 18.90056145132985
leaf_count=23776 3463 280262 422842 31513 2109 100668 3657 13074 69898 83875 340813 654 201 131 247 35 115 254 121 14956 637699 4732 133 765 2281 578 2001 2302 403 162
internal_value=-2.96471e-11 0.00386077 0.0025947 -0.00267346 9.04871e-05 0.00512582 0.00932297 0.00620458 0.013809 -0.00167055 -0.0012186 -0.0107124 -0.0157326 -0.0325964 -0.0228269 -0.0489428 0.00247807 -0.0941039 -0.0149938 -0.00369781 -0.00442995 -0.000900492 0.0102662 -0.00213506 -0.0102843 -0.0086009 0.007764 -0.0111164 -0.00939919 0.019659
internal_weight=50417.5 20628 18300.2 29789.5 8055.26 2086.74 1450.21 1194.05 2327.74 5968.52 5832.77 493.82 393.593 127.263 109.626 53.4888 56.1372 22.1936 31.2952 21734.2 17225.3 4508.94 448.145 4060.8 2104.59 1917.62 255.216 1662.4 1536.62 102.095
internal_count=2043720 796778 703104 1246942 549417 120862 20194 16537 93674 428555 344680 3867 3213 1104 903 541 362 289 252 697525 660382 37143 4865 32278 22683 20402 2579 17823 15521 565
is_linear=0
shrinkage=0.05


Tree=102
num_leaves=31
num_cat=0
split_feature=6 5 5 5 15 6 1 27 0 3 4 3 17 9 14 7 4 10 11 2 4 18 9 17 0 23 13 18 6 9
split_gain=206.513 111.066 37.2724 24.693 31.5184 24.7487 24.4496 21.2346 19.3319 16.1132 19.7086 17.55 25.545 20.7003 16.5307 16.0773 25.5918 29.2702 21.3256 20.3736 24.1169 33.1536 28.0761 44.3953 26.9241 26.08 25.0814 22.2173 22.0112 18.5014
threshold=-0.11046976223587988 0.035652173683047302 1.0000000180025095e-35 0.12608695775270465 -0.28547438979148859 -0.078019876033067689 0.0026086957077495758 1.0000000180025095e-35 1.0000000180025095e-35 -0.15272963047027585 0.0026086957077495758 -0.15146320313215253 0.0058695652987807998 1.0000000180025095e-35 -0.12940240651369092 -0.043487630784511559 0.020000000484287742 -0.13672631978988645 -0.10301812738180159 -0.15956790745258329 0.0060869567096233377 0.00414756196551025 0.032173912972211845 0.036086959764361388 0.059999998658895499 0.35714286565780645 0.059999998658895499 0.012442686129361393 -0.12022472172975539 0.0043478262377902874
decision_type=2 2 2 2 2 2 2 2 2 2 2 2 2 2 2 2 2 2 2 2 2 2 2 2 2 2 2 2 2 2
left_child=1 2 8 4 -2 9 -3 -4 -1 -6 -11 12 -12 -13 -15 19 -17 18 -18 -8 21 29 24 27 25 -23 -25 -24 -29 -21
right_child=3 6 7 -5 5 -7 15 -9 -10 10 11 13 -14 14 -16 16 17 -19 -20 20 -22 22 23 26 -26 -27 -28 28 -30 -31
leaf_value=0.029381557325578608 0.015038848864171556 0.0057140148998259827 0.0065209962426448706 -0.0040890382330269091 -0.002544884502144535 -0.0055373667241944858 -0.0029924508643722984 0.018015072767352088 0.013361983630577827 0.010469418389743195 -0.081262804927549698 0.021776245753063316 0.033742715313693453 -0.03436284307568975 -0.00032214966803838533 -0.0053759593028763772 0.010962756509898535 -0.0013413562624562557 0.046981943604822489 0.0032607197412454292 0.00032217497189892185 0.0031899382114457444 0.042455426198111781 0.0099755337225381491 0.022061117180019497 0.017152324287980421 -0.071853870796225336 -0.053243019302952825 0.0029198747027216671 -0.010270495604830817
leaf_weight=274.93800243243459 300.15261181647656 2572.3624725407426 5478.2970281462367 17817.493698945334 2685.7331684262281 2557.1581166338947 2126.175822563222 433.10243282307056 605.41647975846354 649.21163497230737 4.2700091563165179 104.68601254845271 64.405242498469306 35.188187194355123 2465.661594918809 2438.0346455288236 277.54867163434392 824.91674681958102 47.488179880165262 755.813035847008 5183.8354804057599 922.64758887584321 8.3852867665700597 262.89087383914739 467.44012102251872 524.1496671900386 8.7168208371149358 67.776348129031248 23.240307283122092 378.21551872126292
leaf_count=3057 16837 26166 300636 584334 107277 225893 59136 7589 24558 3771 97 787 2756 1099 191626 33169 20579 64939 2808 5190 339828 7284 106 2216 3129 3375 133 1155 276 3914
internal_value=-3.86571e-11 0.00339852 0.0087978 -0.00301612 -0.000859838 -0.0014186 0.00122694 0.00736602 0.0183926 0.000334748 0.00266191 0.000763295 0.0255284 0.000101008 -0.000814663 0.000420412 -0.00247654 0.0036699 0.0163532 0.00138932 0.00247246 0.00573138 0.00919842 -0.00338261 0.0116373 0.00825662 0.0070954 -0.0317984 -0.0390264 -0.00125722
internal_weight=50365.4 23681.4 6791.75 26684 8866.47 8566.31 16889.6 5911.4 880.354 6009.16 3323.42 2674.21 68.6753 2605.54 2500.85 14317.3 3587.99 1149.95 325.037 10729.3 8603.11 3419.28 2285.25 371.01 1914.24 1446.8 271.608 99.4019 91.0167 1134.03
internal_count=2043720 909243 335840 1134477 550143 533306 573403 308225 27615 307413 200136 196365 2853 193512 192725 547237 121495 88326 23387 425742 366606 26778 17674 3886 13788 10659 2349 1537 1431 9104
is_linear=0
shrinkage=0.05


Tree=103
num_leaves=31
num_cat=0
split_feature=6 5 6 5 5 16 14 3 15 2 6 3 3 11 9 18 15 6 5 23 4 7 6 18 26 10 4 1 10 7
split_gain=204.522 74.0848 50.2013 29.8286 28.7786 21.5425 17.5301 45.489 37.9219 29.3729 23.6559 24.1405 21.3977 21.0021 20.8244 26.2246 24.8161 22.048 22.3728 17.1499 17.0387 19.391 16.7095 16.3936 16.131 22.5963 26.1254 24.6089 18.8648 22.8063
threshold=-0.13687722384929654 0.0043478262377902874 -0.08778089657425879 0.080869562923908248 0.094782605767250075 0.0043478262377902874 -0.12206529453396796 -0.17980888485908506 -0.1977766081690788 -0.11418303474783896 -0.10998130589723586 -0.12686609476804731 -0.29736512899398798 -0.25331346690654749 0.0043478262377902874 0.002749807084910572 -0.092700488865375505 -0.093576032668352113 0.018260869197547439 0.78571429848670971 0.0043478262377902874 -0.18488402664661405 -0.091534815728664384 0.0063155821990221747 1.0000000180025095e-35 -0.13672631978988645 0.018260869197547439 0.018260869197547439 -0.12567386776208875 -0.11076490208506583
decision_type=2 2 2 2 2 2 2 2 2 2 2 2 2 2 2 2 2 2 2 2 2 2 2 2 2 2 2 2 2 2
left_child=1 5 3 6 19 -1 7 8 -2 13 -9 14 23 -10 15 17 -16 -12 -19 -3 -15 -22 -23 -8 -5 27 28 -26 29 -27
right_child=2 4 -4 24 -6 -7 12 10 9 -11 11 -13 -14 20 16 -17 -18 18 -20 -21 21 22 -24 -25 25 26 -28 -29 -30 -31
leaf_value=0.017222360241479866 0.0067387955876579732 0.0055957889855700093 -0.0042640613575411603 -0.0018997259024571278 0.0010538397350027249 0.0015879627618506497 0.038990941136825927 0.011770158999009059 -0.070599620401665827 -0.10556570273464168 0.00092524060842757582 0.013672444729777293 0.0044211186070127568 -0.015923042380968876 -0.019415261969638768 0.02419614056677398 0.027238369381664906 0.013735649111974136 -0.06770610598184594 0.026965857048132581 0.0070488935750104903 -0.010634548552771168 -0.086678629032445886 0.0078797212067297697 -0.0016126748745224743 -0.040879177737675923 -0.011750716726426432 -0.074704386218091542 0.023921861235256952 0.010239306490769508
leaf_weight=1449.4511269720788 393.18695106726955 6857.3690197678479 14574.270581155095 15209.827689156606 5520.5948446990878 260.04762383312482 80.278544766093546 813.24323374856613 13.462827246534287 7.2421256542293113 187.98694367866847 231.43704654097382 2479.6732819989811 540.83325584164413 272.65337762633862 103.92629724967992 30.939426309108967 12.169760404067345 24.457105825364124 94.264475159492576 239.9736659517439 230.72981132214773 6.4876939272508016 89.732007192935271 37.349637623177841 25.039038281902322 110.54968955081131 15.678772313869556 255.07598152906576 133.69425160055107
leaf_count=18076 8617 302914 696715 449676 193984 40241 3793 14940 333 257 1689 4373 262129 5004 6836 860 618 110 281 941 6987 5006 248 10366 311 299 5101 404 1686 925
internal_value=2.63003e-11 0.00508791 -0.00199775 -0.000464603 0.00374929 0.0148464 0.00261552 6.83123e-05 -0.00647436 -0.0114776 0.00565596 -0.000108873 0.00560286 -0.0107154 -0.00516813 0.00355333 -0.0145869 -0.00606278 -0.0410001 0.0058894 -0.00985492 -0.00295858 -0.0130694 0.0227125 -0.00158818 0.0066079 0.00976427 -0.0242062 0.0155265 0.00197029
internal_weight=50301.6 14181.7 36119.9 21545.6 12472.2 1709.5 5758.41 3108.73 1431.92 1038.73 1676.81 863.57 2649.68 1031.49 632.133 328.54 303.593 224.614 36.6269 6951.63 1018.02 477.191 237.218 170.011 15787.2 577.387 524.359 53.0284 413.809 158.733
internal_count=2043720 556156 1487564 790849 497839 58317 332447 56159 26452 17835 29707 14767 276288 17578 10394 2940 7454 2080 391 303855 17245 12241 5254 14159 458402 8726 8011 715 2910 1224
is_linear=0
shrinkage=0.05


Tree=104
num_leaves=31
num_cat=0
split_feature=6 5 5 5 15 15 3 11 4 23 18 12 7 11 13 10 14 8 2 13 5 0 3 27 15 6 18 17 11 0
split_gain=199.827 106.465 35.3179 25.17 31.566 20.4363 20.0683 24.5035 20.823 19.0637 18.6118 23.1425 26.606 20.7354 23.3562 28.596 19.9798 18.6717 22.8793 19.0781 18.5966 18.4911 18.3547 18.3128 17.62 17.1572 17.0688 21.788 19.741 17.4416
threshold=-0.11046976223587988 0.035652173683047302 1.0000000180025095e-35 0.12608695775270465 -0.10965067148208617 -0.3283239603042602 -0.15471868962049481 -0.12630464881658551 1.0000000180025095e-35 0.78571429848670971 0.032405162230134017 0.070434782654047026 -0.17209623008966443 -0.12684071809053418 0.0043478262377902874 -0.12444541975855826 -0.10659185424447058 0.063478261232376113 -0.10089551284909247 0.10521738976240159 0.7017391324043275 1.0000000180025095e-35 -0.10053929314017294 1.0000000180025095e-35 -0.11350798979401587 -0.096389584243297563 0.028517230413854126 0.072608698159456267 -0.093956042081117616 0.0826086960732937
decision_type=2 2 2 2 2 2 2 2 2 2 2 2 2 2 2 2 2 2 2 2 2 2 2 2 2 2 2 2 2 2
left_child=1 2 21 4 5 -2 7 -7 -8 20 11 13 -13 14 -6 -16 26 22 19 -19 -3 -1 -12 -4 -10 -26 27 -15 29 -28
right_child=3 9 23 -5 10 6 8 -9 24 -11 17 12 -14 16 15 -17 -18 18 -20 -21 -22 -23 -24 -25 25 -27 28 -29 -30 -31
leaf_value=0.028996612187340533 0.017479773913042163 0.0014836552961304816 0.0064798287147185751 -0.0040528802655748234 -0.086792288655649419 -0.00084844823700816962 0.020191936456990942 -0.032899223534419646 0.0012275969925496255 0.039054391241814992 -0.050943084970096919 -0.027824049697422682 0.021740286774134115 -0.0032137961117549838 0.038290098952979218 -0.03876411984334148 -0.044308299944186225 0.028636404546023064 -0.017855478084889735 -0.012182588128265214 -0.0071080895923953131 0.013153620691480086 -0.013721288515403985 0.017196929288588677 0.028276735391931086 0.0028913423173032599 -0.092435271962334281 -0.057074264660836406 0.028168389313380639 0.00034700032293026286
leaf_weight=267.65644512606377 203.56823449198419 16171.217451074954 5457.7297243500871 17782.454966416277 13.730966059840283 2467.4870884260017 204.18697597977007 60.112564672868757 1486.1425675946703 32.236768451271928 55.317918355234724 31.405259077948358 166.51280619543468 3313.213288715393 16.406775791518157 38.477508478201344 28.327921748254084 64.23827691526094 175.69392552055979 50.225522115344575 654.35233954034629 598.03746660452452 83.018845971979317 429.53597091618576 128.13534104995051 137.88747274190246 5.3005509263457524 17.887908676282677 85.596553704497637 25.79602963780053
leaf_count=3057 10660 550123 300636 584334 189 112705 1004 2256 93986 199 5465 48990 54095 112043 210 1751 6614 4154 47143 25716 23081 24558 4497 7589 5185 8435 277 1629 2141 998
internal_value=4.26961e-11 0.00334913 0.00865347 -0.00296819 -0.000790626 0.00202467 0.00131928 -0.0016234 0.0051201 0.00122391 -0.00395417 -0.00282203 0.0137752 -0.00375235 -0.030774 -0.015457 -0.00321027 -0.0138132 -0.00656285 0.0107751 0.00114912 0.0180798 -0.0288643 0.00726454 0.0033532 0.0151788 -0.00285985 -0.00352007 0.0158564 -0.0178553
internal_weight=50251.9 23610.8 6752.96 26641.1 8858.67 4687.52 4483.95 2527.6 1956.35 16857.8 4171.15 3742.66 197.918 3544.74 68.6153 54.8843 3476.12 428.494 290.158 114.464 16825.6 865.694 138.337 5887.27 1752.17 266.023 3447.79 3331.1 116.693 31.0966
internal_count=2043720 909243 335840 1134477 550143 234231 223571 114961 108610 573403 315912 228937 103085 125852 2150 1961 123702 86975 77013 29870 573204 27615 9962 308225 107606 13620 117088 113672 3416 1275
is_linear=0
shrinkage=0.05


Tree=105
num_leaves=31
num_cat=0
split_feature=6 5 7 5 13 12 0 15 18 13 9 2 18 2 1 7 4 1 8 6 25 2 14 15 2 13 7 14 14 3
split_gain=195.288 82.5052 44.7796 31.8976 27.756 34.6049 27.5842 23.331 19.3959 30.375 20.8532 25.6385 19.4163 19.5313 18.8101 18.6862 18.6858 17.7314 31.3276 18.2215 20.6263 21.6682 20.1008 22.537 33.488 22.1751 21.9836 22.5378 20.3457 19.9018
threshold=-0.12802229076623914 0.030434782616794113 -0.10877612233161925 0.0026086957077495758 0.073913045227527632 0.058260869234800346 0.08782608807086946 -0.14871873706579206 0.028902417980134491 0.023478261195123199 0.0043478262377902874 -0.16162921488285062 0.0043260322418063888 -0.15272963792085645 0.18347825855016711 -0.12413705885410307 0.011304348241537811 0.047826087102293975 0.035652173683047302 -0.08215072005987166 1.0000000180025095e-35 -0.093731004744768129 -0.11650399491190909 -0.061109565198421471 -0.13416591286659238 0.020000000484287742 -0.010234041605144737 -0.11639566347002982 -0.11896521970629691 -0.12053626030683516
decision_type=2 2 2 2 2 2 2 2 2 2 2 2 2 2 2 2 2 2 2 2 2 2 2 2 2 2 2 2 2 2
left_child=1 3 4 -1 5 7 -7 8 10 -10 11 -2 15 -14 -11 -13 -6 19 -19 20 21 -4 23 28 -25 26 -24 -28 29 -21
right_child=2 -3 17 -5 16 6 -8 -9 9 14 -12 12 13 -15 -16 -17 -18 18 -20 22 -22 -23 25 24 -26 -27 27 -29 -30 -31
leaf_value=0.016252823389069578 -0.024673180404720312 0.0019989894227581085 -0.0011238956266388198 0.0072963256976993412 -0.082075604263847593 0.032289805655928087 0.002202640542319658 -0.00095880464767712629 0.024775498840039736 -0.0088090085363221101 -0.00088501402147886192 0.0030593795585213478 -0.030189096678855283 0.030119620531057652 0.032862522215294607 0.027370215825723632 -0.0082090395393301652 -0.0089173432031297069 -0.0029045461040891462 -0.0085219641541536464 0.013354743393024763 -0.049349687081204602 0.016454957979254139 0.0042442045544130681 -0.049905877775562137 -0.0028508632228741474 0.06992469941013589 -0.031629340869154747 -0.014307386039437341 -0.00019935537994313708
leaf_weight=1320.3795799701256 51.889594797743484 11550.668558527905 8308.8870974391175 4030.7412841700861 7.6892944663413791 158.34433258153149 146.26057291003599 6020.0839768146434 268.01183963364747 153.61523217999638 1452.0331652348978 500.94647774813347 13.775139389443209 170.35843935751473 31.832334483420709 92.929633602325339 662.7780476643311 3401.493580459166 5966.7842536744065 1396.8093328645264 247.65811502053111 22.357976573752239 287.86804946852499 47.478983109613182 70.071295511093922 1682.6570026724221 5.2715529368724665 43.674924364800972 608.22144103419851 1477.756877729742
leaf_count=44469 669 415247 170668 201415 237 36477 40146 192053 6146 11071 70806 4950 191 1834 1176 548 264997 84785 346026 18419 2127 980 5673 650 1426 88379 24 1146 12312 18673
internal_value=-9.69741e-12 0.00437707 -0.00222186 0.00950895 0.000631659 0.00135847 0.0178975 0.000781093 0.00460923 0.0140427 0.0027293 0.00904654 0.0113243 0.0254692 -0.00151814 0.00690315 -0.00917715 -0.00340002 -0.00508843 -0.00228574 -0.000835836 -0.00125922 -0.00449854 -0.0067376 -0.0281832 -0.00050536 0.011186 -0.0195109 -0.00600589 -0.00424503
internal_weight=50199.3 16901.8 33297.5 5351.12 9730.55 9060.08 304.605 8755.48 2735.39 453.459 2281.93 829.899 778.01 184.134 185.448 593.876 670.467 23567 9368.28 14198.7 8578.9 8331.25 5619.81 3600.34 117.55 2019.47 336.815 48.9465 3482.79 2874.57
internal_count=2043720 661131 1382589 245884 631301 366067 76623 289444 97391 18393 78998 8192 7523 2025 12247 5498 265234 751288 430811 320477 173775 171648 146702 51480 2076 95222 6843 1170 49404 37092
is_linear=0
shrinkage=0.05


Tree=106
num_leaves=31
num_cat=0
split_feature=7 6 5 1 4 18 13 5 6 10 13 4 12 5 12 10 18 1 3 18 6 3 15 9 7 0 2 11 10 16
split_gain=191.352 63.4495 56.2397 28.5692 35.5047 27.4767 24.9346 24.6366 24.383 26.3909 26.3731 23.3385 22.3887 21.0228 20.5687 19.8389 19.2424 17.9281 22.8507 21.1076 17.4375 17.4696 17.3496 24.8729 22.1703 32.8179 22.2923 20.7693 25.2771 23.8959
threshold=-0.15964195877313611 -0.10001972317695616 0.0026086957077495758 0.0026086957077495758 0.0078260868322104233 0.003104968811385334 0.025217391550540928 0.072173915803432478 -0.18940110504627225 -0.12278762087225913 0.089565217494964613 0.040869565680623061 0.044347826391458518 0.63565218448638927 1.0000000180025095e-35 -0.14553808420896527 1.0000000180025095e-35 0.0060869567096233377 -0.17015519738197324 0.0039610576350241908 -0.11735276132822035 -0.19152742624282834 -0.16159169375896451 0.018260869197547439 -0.053797140717506402 0.026956521905958656 -0.10712252929806708 -0.15516303479671475 -0.12116340175271033 0.01304347859695554
decision_type=2 2 2 2 2 2 2 2 2 2 2 2 2 2 2 2 2 2 2 2 2 2 2 2 2 2 2 2 2 2
left_child=2 3 6 4 5 -2 -1 -6 -4 11 -11 14 13 -9 17 -15 -16 19 20 -10 21 -19 23 24 26 27 -3 29 -29 -26
right_child=1 22 8 -5 7 -7 -8 12 9 10 -12 -13 -14 15 16 -17 -18 18 -20 -21 -22 -23 -24 -25 25 -27 -28 28 -30 -31
leaf_value=0.015576524789180108 0.007401429952917391 0.01510827962054123 0.0071214631692045408 -0.00038100996309259333 -0.034601043919893243 0.030693881817288091 -0.012831572324990749 -0.00098808971581699069 -0.0054554515497392646 0.0065629592504054535 -0.017141640355921667 -0.026712182247348105 0.047041269866402974 -0.007705641994751009 0.021430136896023456 -0.090423752963516152 0.0010639669634389727 -0.034923326655550514 0.0047250644943008903 0.033663625173749802 -0.0020559467659249293 -0.099230235683427079 -0.0042507199089180684 -0.0052080620450255504 -0.011835856164683521 0.018326551843763486 -0.033424463007813522 0.034462623367675825 -0.052203329452999825 0.024394596737908003
leaf_weight=1518.4651583004634 1589.4097271254286 500.82443780315225 4111.5776652461573 15307.810154138897 60.261322633945383 136.74951407909975 80.654456664597092 542.55382511994685 547.14778032644244 2961.3491661024018 121.23748954192342 83.052383037720574 22.033403643770725 16.798321029171351 120.31881459036958 12.032997188216539 2639.0778486315248 78.752952050766908 58.761243233282585 35.80427880975185 33.463912257109769 11.800853317603467 17556.582629471108 1141.6260023373034 523.12473609673907 182.11142936951364 23.908234995906241 53.767647549073445 9.0242172674552403 48.907681739598047
leaf_count=38842 11857 7291 149220 517309 1797 724 52260 7615 4536 277644 121489 30820 800 179 1396 285 78903 778 381 163 249 158 674739 53571 5571 2508 993 386 183 1073
internal_value=-2.70291e-12 -0.00177114 0.00538784 0.000411431 0.00550666 0.0092634 0.0141366 -0.0044127 0.00409153 0.00222881 0.00562541 -0.000673773 -0.00129404 -0.00323684 -5.29034e-05 -0.0441026 0.00195944 -0.00729771 -0.0209162 -0.00299927 -0.0330059 -0.044296 -0.00369745 0.000214244 0.00482853 -0.000325266 0.0128376 -0.0056963 0.0213842 -0.00870106
internal_weight=50129 37727.5 12401.5 17687.6 2379.84 1726.16 1599.12 653.68 10802.3 6690.77 3082.59 3608.18 593.419 571.385 3525.13 28.8313 2759.4 765.731 182.779 582.952 124.018 90.5538 20039.9 2483.29 1341.67 816.936 524.733 634.824 62.7919 572.032
internal_count=2043720 1286881 756839 540566 23257 12581 91102 10676 665737 516517 399133 117384 8879 8079 86564 464 80299 6265 1566 4699 1185 936 746315 71576 18005 9721 8284 7213 569 6644
is_linear=0
shrinkage=0.05


Tree=107
num_leaves=31
num_cat=0
split_feature=6 5 6 5 5 11 2 16 17 9 6 4 3 13 15 7 9 3 15 11 2 11 11 5 5 23 10 14 13 2
split_gain=189.305 88.4312 34.0668 30.0934 29.0641 20.3669 25.0348 22.4046 20.7802 21.8209 19.5213 18.8591 38.5719 24.263 20.3059 18.851 18.721 19.9998 20.02 18.2835 17.9117 17.6747 17.5195 17.0535 16.7698 18.1879 16.7293 16.3349 16.332 19.2581
threshold=-0.12082320079207419 0.028695652261376384 -0.081362813711166368 0.12956521660089496 1.0000000180025095e-35 -0.13685435056686399 -0.085247855633497224 0.020000000484287742 0.035000000149011619 0.051304347813129432 -0.023888124153017994 0.0026086957077495758 -0.12686609476804731 0.037391304969787605 -0.1831848546862602 -0.30478465557098383 0.059999998658895499 -0.1199500225484371 -0.17891181260347364 -0.36819262802600855 -0.092802464962005601 -0.19049297273159024 -0.13567072898149488 0.0078260868322104233 0.38521739840507513 0.78571429848670971 -0.13120228797197339 -0.12242091074585913 0.053043477237224586 -0.1277092173695564
decision_type=2 2 2 2 2 2 2 2 2 2 2 2 2 2 2 2 2 2 2 2 2 2 2 2 2 2 2 2 2 2
left_child=1 4 3 11 -1 6 7 16 -9 19 -8 12 13 14 -2 -13 17 -4 -19 -10 -18 23 -7 -16 25 -3 -14 -21 -11 -30
right_child=2 24 5 -5 -6 22 10 8 9 28 -12 15 26 -15 21 -17 20 18 -20 27 -22 -23 -24 -25 -26 -27 -28 -29 29 -31
leaf_value=0.017929222838323506 0.015896614479870983 0.0024405792063574901 0.0010361735921353059 -0.0027341404768767017 0.0077080959794829833 -0.041115304699182682 0.02491585848277475 -0.033605069278269138 -0.061688927671541771 -0.051194838804874243 -0.006880505974504761 -0.022027987576906282 -0.026254420464197625 -0.071231635919454847 0.014928161876812016 0.00032805337219677668 0.035225320340213848 -0.011553126945951611 -0.089967444724026721 -0.040057726095850239 -0.077740025435126495 0.00066359148090459777 -0.0055644400278039964 -0.066206162942057833 -0.0020397338951627861 0.043185635586870184 0.022630259794171204 0.0096962639753437625 -0.0381278531088311 -0.00021034331007792752
leaf_weight=816.65974455049945 232.10331994958688 11443.974119806073 1277.2859305694146 12106.228166465451 4691.1578010022968 33.815624192589894 159.37519950074056 84.133705981628736 9.411436110880457 32.442331619749893 68.534634473428014 94.864492805361806 17.605282743228599 10.240191981429232 9.2902482884237561 5756.1222031729321 55.819496452277235 27.882488184259273 10.715281916083766 16.842322172102286 2.8116597505868404 1016.4299677461968 8923.6784716344009 18.224929511430673 2422.0498516663938 26.458434568019584 351.36660721981207 220.35361173938873 48.451201114065043 103.76349594604835
leaf_count=24877 1389 414745 22341 344950 237181 1933 12410 3476 1388 1499 2284 36123 159 164 58 328768 2798 470 369 1187 86 7328 474720 242 79928 188 1676 16499 11141 13343
internal_value=4.71883e-11 0.0038659 -0.002444 -0.00119201 0.00922659 -0.00466076 -0.000250953 -0.00214139 -0.0110209 -0.00654754 0.0153661 0.00129521 0.00600542 0.00191166 0.00255395 -3.81167e-05 0.00119375 -4.79548e-05 -0.0350443 0.00318775 0.0285952 -0.000424938 -0.00570322 -0.0392491 0.00174008 0.00253832 0.0202331 0.0060101 -0.0194961 -0.0124499
internal_weight=50088.1 19400.3 30687.8 19612.5 5507.82 11075.3 2117.82 1889.91 515.398 431.264 227.91 7506.25 1655.26 1286.29 1276.05 5850.99 1374.51 1315.88 38.5978 246.607 58.6312 1043.95 8957.49 27.5152 13892.5 11470.4 368.972 237.196 184.657 152.215
internal_count=2043720 756919 1286801 720857 262058 565944 89291 74597 48533 45057 14694 375907 11016 9181 9017 364891 26064 23180 839 19074 2884 7628 476653 300 494861 414933 1835 17686 25983 24484
is_linear=0
shrinkage=0.05


Tree=108
num_leaves=31
num_cat=0
split_feature=5 6 6 1 1 27 0 11 23 2 12 1 18 18 13 9 3 15 3 5 17 0 7 6 10 18 9 2 18 10
split_gain=185.621 75.4777 51.2148 24.8695 22.9194 21.8772 20.8527 19.8278 18.2355 17.9503 17.7154 34.4439 39.5812 25.4246 20.7592 20.6762 19.8325 19.5492 21.768 24.5991 26.0524 51.7055 21.4451 18.2596 17.6048 17.4962 23.1014 17.5844 17.4691 16.8652
threshold=0.042608696967363364 -0.10582626610994338 -0.19988396763801572 1.0000000180025095e-35 0.0026086957077495758 1.0000000180025095e-35 0.032173912972211845 -0.082382984459400163 0.78571429848670971 -0.13661559671163556 0.011304348241537811 0.023478261195123199 0.01862981449812651 0.0053603604901582011 0.026956521905958656 0.0095652174204587954 -0.1643521189689636 -0.19408079236745832 -0.22658938169479367 0.01304347859695554 0.0039130437653511771 0.0043478262377902874 -0.10975478589534758 -0.10001972317695616 -0.12977186590433118 0.0065506615210324535 0.0043478262377902874 -0.14644771814346311 0.00075306560029275726 -0.11837456747889517
decision_type=2 2 2 2 2 2 2 2 2 2 2 2 2 2 2 2 2 2 2 2 2 2 2 2 2 2 2 2 2 2
left_child=2 4 3 8 9 7 -7 10 -1 28 11 16 15 -12 -14 -13 17 -4 19 -19 21 -21 -20 -18 -17 26 27 -22 -2 -6
right_child=1 -3 5 -5 29 6 -8 -9 -10 -11 13 12 14 -15 -16 24 23 18 22 20 25 -23 -24 -25 -26 -27 -28 -29 -30 -31
leaf_value=0.016107465533836112 0.012529890032060762 -0.0035229685823683268 0.0060133672972010497 0.008616036191193702 -0.00078848178156886546 0.0081640296768891642 0.034268109786621724 -0.0089083136314174385 0.040755740797124532 0.026666605044705433 0.017690456430094623 -0.00076995005671045105 0.015611781163896164 0.0043523647339422057 -0.047513756999448237 0.007187105680604081 0.014117527021965549 0.0012469813492893248 0.0016067435520218311 -0.028714856899905862 -0.067485061657081527 -0.13551312267723956 -0.053557730344421531 7.8270211026200035e-05 -0.032925518502600275 -0.04897301423699961 0.018996369246341113 0.0036738567923863259 0.0022463357283455175 0.0031349862574762827
leaf_weight=742.80024979410518 520.88197477028007 21795.562740524627 1076.6696164089662 2485.1310426850105 11834.016059152207 300.14711869423627 102.14037968316188 338.44566575949284 83.165016503175138 92.881424581930332 452.74955570249949 98.42223548371112 144.4904263424105 1685.8682762411263 13.334552532818632 30.945571327349171 658.99859103154449 160.49377971392823 1060.8232582120545 77.599543465068564 16.447335451259278 12.48115048126783 16.915066032554023 356.83092780564039 215.27859727095347 21.061857845867053 60.06652263875003 17.085906002321281 1982.1538455869741 3562.7614516994799
leaf_count=8228 4243 743267 17008 102775 345576 5070 3876 131270 1352 1116 66821 1254 1656 320608 294 831 9995 2607 15146 798 323 245 212 4964 5844 351 1173 184 20757 225876
internal_value=2.57461e-11 -0.0015444 0.00600725 0.0111203 0.000852415 0.00355853 0.0148604 0.00285849 0.0186355 0.00519749 0.00350459 0.0015551 -0.0106814 0.00718301 0.0100128 -0.0201594 0.00329671 0.000917686 -0.00288597 -0.0134172 -0.0248623 -0.0448377 0.000692093 0.00919088 -0.0278755 -0.00891724 0.000518529 -0.0321716 0.00439049 0.00011954
internal_weight=50016.6 39788.3 10228.4 3311.1 17992.7 6917.3 402.287 6515.01 825.965 2595.92 6176.56 4037.94 502.471 2138.62 157.825 344.646 3535.47 2519.64 1442.97 365.236 204.742 90.0807 1077.74 1015.83 246.224 114.662 93.5998 33.5332 2503.04 15396.8
internal_count=2043720 1340835 702885 112355 597568 590530 8946 581584 9580 26116 450314 62885 9879 387429 1950 7929 53006 38047 21039 5681 3074 1043 15358 14959 6675 2031 1680 507 25000 571452
is_linear=0
shrinkage=0.05


Tree=109
num_leaves=31
num_cat=0
split_feature=6 6 5 5 15 13 13 0 7 8 25 6 3 18 5 2 7 18 5 12 14 10 17 7 12 3 15 5 17 2
split_gain=183.956 58.8369 53.8606 31.0157 26.1318 23.6749 20.8057 30.8233 23.7538 22.1232 20.687 20.2187 19.6702 26.5003 24.0693 25.6885 19.4366 19.3918 19.3727 19.1762 20.5973 28.2462 22.8237 18.4139 17.8375 23.972 16.6138 16.2249 15.6305 15.6141
threshold=-0.15336318314075467 -0.097193207591772066 0.030434782616794113 0.31565217673778539 -0.1846310421824455 1.0000000180025095e-35 0.0095652174204587954 0.059999998658895499 -0.053797140717506402 0.016521738842129711 1.0000000180025095e-35 -0.063897233456373201 -0.16671095788478849 0.0049763147253543147 0.47913043200969702 -0.14760556071996686 -0.0083719333633780462 0.00075306577491574 0.50695651769638073 0.0060869567096233377 -0.12354066967964171 -0.13202507793903348 0.0015217391774058344 0.14397268742322925 0.047826087102293975 -0.072182331234216676 -0.095154847949743257 0.7017391324043275 0.039130436256527908 -0.15956790745258329
decision_type=2 2 2 2 2 2 2 2 2 2 2 2 2 2 2 2 2 2 2 2 2 2 2 2 2 2 2 2 2 2
left_child=2 3 5 -2 6 10 7 8 -3 11 -1 19 13 14 15 -13 -15 -16 -14 20 21 22 -10 -6 25 -8 -25 29 -26 -4
right_child=1 4 27 -5 23 -7 24 -9 9 -11 -12 12 18 16 17 -17 -18 -19 -20 -21 -22 -23 -24 26 28 -27 -28 -29 -30 -31
leaf_value=0.0124734108096555 0.0014268268843966138 0.014852742052691296 0.00020688220664759409 -0.0032317170144393705 -0.0040739448679331406 0.007881632608927833 -0.0053693655437058591 0.033582434213430178 0.022566854575419557 -0.054963852757904108 0.028110193449444744 -0.094534424482568963 -0.044922541533259364 -0.057119839378382144 -0.0055767562936790936 0.0048218255602706286 0.02467287415379299 -0.099759599446909555 0.038651161854143988 0.02981589085169567 -0.046946255623363957 0.024760407717216437 -0.046372208488834256 -0.074851503287615598 0.068884681548308055 -0.090482146999404975 0.006211888737023788 -0.0092979366670615723 0.0060088600311334131 0.0053865241127357966
leaf_weight=880.99526481192152 15171.445837798619 300.88811565775541 2334.2144420905679 4672.449295162718 17539.341442700006 3107.362472203924 783.99239142263832 103.48858609989111 17.612851366837276 19.128172816854203 279.11465794534888 7.3607064587267805 8.4951859430911991 8.4299187987926398 7.2555513740226187 28.931444549350999 30.714114233269356 22.786287676659413 25.265687084349338 69.749604955664836 20.62220374320168 77.181447536539054 33.682468421757221 16.274811156297805 9.2682458813069371 7.3665023627108885 9.7409191715269099 259.74167374806711 276.28783874810688 3862.1057570797639
leaf_count=7409 613147 3312 55703 135974 809496 164151 26114 1077 86 491 4279 123 138 178 56 196 237 334 146 524 188 366 270 1581 78 306 2485 9411 35903 169961
internal_value=-2.15037e-11 -0.00158503 0.0058037 0.000329817 -0.00354119 0.0101616 0.00209599 0.00830054 0.00439838 -0.00395782 0.0162565 -0.00108773 -0.0159193 -0.0264952 -0.0455194 -0.017324 0.0060742 -0.0779255 0.0169343 0.00837811 -0.00178246 0.00577351 -0.0227223 -0.00413772 -0.0024106 -0.00627485 -0.045393 0.00292199 0.00828288 0.00343565
internal_weight=49991.3 39267.8 10723.5 19843.9 19423.9 4267.47 1858.51 781.592 678.104 377.216 1160.11 358.087 139.239 105.478 66.334 36.2922 39.144 30.0418 33.7609 218.849 149.099 128.477 51.2953 17565.4 1076.91 791.359 26.0157 6456.06 285.556 6196.32
internal_count=2043720 1632806 410914 749121 883685 175839 70123 7722 6645 3333 11688 2842 1408 1124 709 319 415 390 284 1434 910 722 356 813562 62401 26420 4066 235075 35981 225664
is_linear=0
shrinkage=0.05


Tree=110
num_leaves=31
num_cat=0
split_feature=6 6 5 5 12 3 3 5 15 13 8 13 2 7 4 6 12 10 1 2 3 11 12 13 15 2 18 4 3 12
split_gain=180.325 57.8275 52.9032 30.4872 24.8521 27.999 26.9596 24.7945 23.7229 42.1871 32.6011 24.0392 23.9491 21.8856 21.8856 21.8813 21.7921 21.7233 21.541 21.3541 20.9313 20.7068 20.5223 20.2943 45.707 34.6345 30.3558 23.4742 20.2716 19.6389
threshold=-0.15336318314075467 -0.088631954044103609 0.0043478262377902874 0.042608696967363364 0.011304348241537811 -0.16671095788478849 -0.2139763534069061 0.12086956202983858 -0.11773850023746489 0.0095652174204587954 0.025217391550540928 0.032173912972211845 -0.10161339864134787 -0.40721328556537623 0.0043478262377902874 -0.076258584856986986 0.021739130839705471 -0.11038394644856452 0.025217391550540928 -0.098695784807205186 -0.33239342272281641 -0.097427710890769945 0.01304347859695554 0.011304348241537811 -0.99999991059303273 -0.16162921488285062 0.0039610585663467654 0.0043478262377902874 -0.077636715024709688 0.0026086957077495758
decision_type=2 2 2 2 2 2 2 2 2 2 2 2 2 2 2 2 2 2 2 2 2 2 2 2 2 2 2 2 2 2
left_child=2 3 -1 4 5 18 13 23 9 -3 12 15 20 -6 -7 28 -15 19 -2 -13 22 -22 -11 24 25 27 -26 -4 -12 -20
right_child=1 8 7 -5 6 14 -8 -9 -10 10 11 17 -14 16 -16 -17 -18 -19 29 -21 21 -23 -24 -25 26 -27 -28 -29 -30 -31
leaf_value=0.014408657843439763 -0.0012598345573520226 0.0060548853163333305 -0.045887367972701813 -0.00082779826238079236 -0.020270244413808949 0.013400570060116503 0.005370835016218432 0.00061363881454950685 -0.0052403815612802867 0.048097506914186038 0.019375502193696645 -0.010125471978839822 -0.071589244762018972 0.012644506514245847 -0.0032701726439737116 -0.001262314322399529 0.039144770095840248 0.0016102615398270244 -0.078228210730309208 -0.060575816073928784 -0.013634364167267982 0.068524483911733949 -0.021855099927574891 0.0014768449469366512 0.0058158365162440566 0.021095434994629861 0.014588156215136389 -0.0051703648557424641 -0.065553564598422362 -0.015662246568991071
leaf_weight=1514.0657341449551 1463.7054368434619 1457.1194349079451 80.428652493050322 20430.478971901328 27.826415520481532 616.68864481375385 996.01314575674587 3022.9630229389877 10845.234271358131 27.316458675719332 282.88217762041313 521.31594525137552 15.735734346555544 162.48385645481176 288.48617857208592 348.64617860263388 150.00170257327773 601.77484057523543 13.391354268998837 20.915266475982207 832.3821554040187 6.7653692684834814 15.904949441988718 1693.0337477899957 2747.1924209010176 46.619043200218584 1539.6629813987674 63.119622612372041 6.2480290465100543 105.62416381388903
leaf_count=48874 20957 14850 933 642522 8328 4590 194650 105882 549253 420 9902 37371 722 8385 9017 12547 28338 63286 244 1176 22426 69 932 187661 38022 785 27532 1225 435 2386
internal_value=-1.3668e-11 -0.00156946 0.00575102 -6.08075e-05 0.0040359 0.00108066 0.00953289 0.00432372 -0.00401165 -0.000790023 -0.00451264 -0.000595554 -0.0122746 0.0216628 0.00808973 0.007176 0.0254497 -0.00493063 -0.00293048 -0.0121794 -0.0111369 -0.0128912 0.0224437 0.00614105 0.00790415 -0.0160254 0.00896916 -0.0281433 0.0173206 -0.0232952
internal_weight=49944 39236.9 10707.1 24254.7 3824.22 2487.9 1336.33 9193.02 14982.2 4137.01 2679.89 1781.78 898.105 340.312 905.175 637.776 312.486 1144.01 1582.72 542.231 882.369 839.148 43.2214 6170.06 4477.02 190.167 4286.86 143.548 289.13 119.016
internal_count=2043720 1632806 410914 919417 276895 37194 239701 362040 713389 164136 149286 124717 24569 45051 13607 22884 36723 101833 23587 38547 23847 22495 1352 256158 68497 2943 65554 2158 10337 2630
is_linear=0
shrinkage=0.05


Tree=111
num_leaves=31
num_cat=0
split_feature=6 5 15 6 5 16 10 5 10 6 14 5 3 3 14 15 10 1 17 14 14 7 25 15 3 13 14 18 13 4
split_gain=178.873 82.4146 32.7817 32.9265 31.964 29.0478 24.7439 23.2874 22.942 20.1775 21.1925 34.0449 16.9703 18.6395 16.3941 15.9401 24.8014 15.9147 17.5113 25.248 19.199 23.01 15.4175 19.0995 15.2358 35.7232 26.3619 30.3962 29.0144 21.8993
threshold=-0.12022472172975539 0.0060869567096233377 -0.19959829747676847 -0.078019876033067689 0.079130433499813094 0.0043478262377902874 -0.12942156940698621 0.11565217375755311 -0.13047530502080915 -0.041121082380414002 -0.11725978180766104 0.51217389106750499 -0.31697201728820795 -0.28052918612956995 -0.12509360164403913 -0.34833675622940058 -0.12182851508259772 0.0095652174204587954 0.012173913884907963 -0.12464887276291846 -0.12834273278713224 -0.035934064537286751 1.0000000180025095e-35 -0.99999991059303273 -0.14589609950780866 0.011304348241537811 -0.11843036860227583 0.038216378539800651 0.084347829222679152 0.054782608523964889
decision_type=2 2 2 2 2 2 2 2 2 2 2 2 2 2 2 2 2 2 2 2 2 2 2 2 2 2 2 2 2 2
left_child=1 -1 5 7 22 6 8 24 -2 -8 11 15 -9 -14 -15 -11 -17 -7 19 20 21 -19 -3 -24 26 -26 27 -4 29 -28
right_child=2 4 3 -5 -6 17 9 12 -10 10 -12 -13 13 14 -16 16 -18 18 -20 -21 -22 -23 23 -25 25 -27 28 -29 -30 -31
leaf_value=0.01282749642833772 0.00039665076366719292 0.0043738283553254528 -0.0035172364469652851 -0.0054433383234020862 0.00069186061423541446 0.01171891083165911 0.018207555099315483 -0.051943051137589583 -0.067415285637558317 0.026732355744710803 0.020440212571054311 -0.1015955928744333 0.031403363622780074 -0.0061832949673373541 -0.0019934497452632044 0.024286012118812775 -0.068680601106341846 0.024355876779892802 -0.0016396715745394673 0.0021153498752487427 -0.085706411380449349 -0.055211705869208573 -0.056578913105779609 0.014095574356905833 0.0097375075471291192 -0.0013488494527914684 0.0049006654320451846 -0.076346843219366009 -0.026653572874594453 0.02660978007627491
leaf_weight=2207.4484933733584 272.30220488458872 6946.2534794925959 2683.3396448751118 8687.7746916798424 9813.8964333909098 198.97697316364065 605.36676280830579 16.673641012119333 12.070820825349072 20.15047725953627 43.441261885229324 10.719162145745939 38.464602967640531 3087.528919447519 9573.3907527759839 11.596280278870834 16.236092987383024 14.446860953117719 1133.3487180497614 52.777062928536907 18.902320094231982 21.573996306862682 8.7590101599926111 562.49030682159355 1257.1172760093068 1719.555497105026 610.79454269024427 13.406381993307148 60.615072944296116 142.65969224267974
leaf_count=91297 2396 336950 51759 469844 330325 7742 4779 1018 204 137 422 185 994 40583 332695 75 252 211 78968 879 366 245 195 6242 14369 184165 37682 371 21828 26542
internal_value=-2.20843e-11 0.00373064 -0.00240389 -0.00288934 0.00257132 0.00316264 0.00974233 -0.00173368 -0.00270792 0.0147433 -0.00576573 -0.0251765 -0.00297727 -0.00290889 -0.00301561 -0.00637917 -0.0304474 -0.00137303 -0.0034798 -0.0226506 -0.0460611 -0.0235037 0.00502449 0.0129149 0.00070394 0.00333487 -0.00152703 -0.00390746 0.00635368 0.00904091
internal_weight=49862.1 19538.8 30323.2 27891.3 17331.4 2431.91 991.883 19203.5 284.373 707.51 102.143 58.702 12716.1 12699.4 12660.9 47.9829 27.8324 1440.03 1241.05 107.7 54.9232 36.0209 7517.5 571.249 6487.49 2976.67 3510.82 2696.75 814.069 753.454
internal_count=2043720 765009 1278711 1181850 673712 96861 8450 712006 2600 5850 1071 649 375290 374272 373278 464 327 88411 80669 1701 822 456 343387 6437 336716 198534 138182 52130 86052 64224
is_linear=0
shrinkage=0.05


Tree=112
num_leaves=31
num_cat=0
split_feature=6 5 7 15 6 5 11 3 14 4 3 15 5 15 1 4 3 1 3 15 16 13 18 7 4 8 14 10 1 0
split_gain=175.86 61.7676 47.3133 26.5251 24.5071 24.4706 18.495 20.0091 19.8334 26.5923 26.4438 24.6554 24.1175 23.2806 21.7391 23.1331 21.7435 18.8295 24.6135 27.0782 24.4024 18.4614 30.5725 26.531 18.3785 17.8513 19.4647 21.5702 20.0606 18.0082
threshold=-0.13687722384929654 0.0060869567096233377 -0.10382824763655661 -0.099999997764825807 -0.096780635416507707 0.094782605767250075 -0.26998260617256159 -0.13683320581912992 -0.12206529453396796 0.025217391550540928 -0.31697201728820795 -0.10290300101041792 0.025217391550540928 -0.10404884442687033 0.065217390656471266 0.018260869197547439 -0.29155638813972468 0.098260872066020979 -0.14531248807907102 -0.21838362514972684 0.0078260868322104233 0.011304348241537811 0.0125711583532393 -0.11590388417243956 0.01304347859695554 0.044347826391458518 -0.11993613466620444 -0.11912156268954276 0.11565217375755311 0.072173915803432478
decision_type=2 2 2 2 2 2 2 2 2 2 2 2 2 2 2 2 2 2 2 2 2 2 2 2 2 2 2 2 2 2
left_child=1 -1 3 6 -5 -3 -2 8 9 10 12 13 -8 -12 16 17 -10 18 19 -16 -21 22 23 -9 -19 26 27 -23 -28 -27
right_child=2 5 -4 4 -6 -7 7 21 14 -11 11 -13 -14 -15 15 -17 -18 24 -20 20 -22 25 -24 -25 -26 29 28 -29 -30 -31
leaf_value=0.012907714473159346 0.011075504364649933 0.0054632100318976118 -0.0031573057696277617 0.0046542126789821774 -0.0077285895279345347 0.00093493983140417931 0.00059609477474322663 0.010809654107431862 0.023496949824307903 -0.029312820900032451 -0.0013161782241265553 0.02587911670643871 -0.041689564525543447 -0.058430211748776141 0.020096334689222971 0.00089678619941686876 0.0037044476082065628 0.012218440847202822 0.014751747710821994 -0.091122132488096905 -0.033597270736185091 -0.0041591284523968776 0.025159775327205616 -0.014630488189799463 -0.045363726412184391 0.024590210958023353 -0.0092890741229071285 0.023104256199161628 -0.055589651287506571 0.0036263305510235259
leaf_weight=1989.1121792583981 503.46082996861151 6539.1937760189139 23701.949147232277 541.02956642125173 1521.1941213443115 5486.9404130619732 59.54705845436547 421.44996836930659 145.59425332997489 88.722105082615599 3624.9018050404848 82.516169720911421 76.660833720001392 16.931208276655525 14.682999890035715 467.87564156296685 2616.3140223500614 63.331685793818906 23.264860309718642 26.932544563955162 60.886247675691266 236.89525298884837 269.16278761690774 134.36655384121696 16.661419959680643 124.68746765810101 285.22647464822512 103.43050456099445 24.57178545325587 556.57029789032276
leaf_count=75020 30326 287152 755856 44242 197994 193984 874 5336 9654 10931 49029 756 1346 327 279 58829 174733 852 502 530 1737 9497 3092 1427 693 20169 25560 1995 1656 79342
internal_value=-1.08623e-11 0.004748 -0.00185841 0.000684539 -0.00447925 0.00339743 0.00174504 0.00125158 1.40661e-05 -0.00240244 -0.00177656 -0.000982118 -0.0233336 -0.00159767 0.00279181 -0.00525623 0.00475594 -0.0191842 -0.0311704 -0.0416351 -0.0520665 0.0054877 0.0113602 0.00464437 -0.000187114 0.00184306 -0.00408056 0.00417007 -0.0131285 0.00749367
internal_weight=49824.1 14015.2 35808.8 12106.9 2062.22 12026.1 10044.6 9541.18 7384.82 3949.28 3860.56 3724.35 136.208 3641.83 3435.54 673.635 2761.91 205.76 125.767 102.502 87.8188 2156.36 824.979 555.817 79.9931 1331.38 650.124 340.326 309.798 681.258
internal_count=2043720 556156 1487564 731708 242236 481136 489472 459146 311072 63263 52332 50112 2220 49356 247809 63422 184387 4593 3048 2546 2267 148074 9855 6763 1545 138219 38708 11492 27216 99511
is_linear=0
shrinkage=0.05


Tree=113
num_leaves=31
num_cat=0
split_feature=6 5 15 13 6 2 11 5 5 5 2 3 0 2 13 23 10 12 14 9 10 4 1 10 12 0 3 7 3 1
split_gain=172.784 84.6976 29.0919 31.9696 28.1179 27.6932 28.406 26.2133 19.4789 19.4165 19.5143 20.7412 22.6944 23.052 20.3588 17.5998 16.6392 16.2954 40.4821 27.3023 20.3851 32.4157 23.6402 23.3946 21.4879 27.3986 20.5777 21.5336 19.4493 19.4375
threshold=-0.11464518308639525 0.026956521905958656 -0.1846310421824455 0.018260869197547439 -0.081362813711166368 -0.14789474010467527 -0.14831205457448957 1.0000000180025095e-35 0.22000000625848773 0.065217390656471266 -0.14372638612985608 -0.18663989752531049 0.0095652174204587954 -0.15235781669616696 0.01304347859695554 0.78571429848670971 -0.1059928499162197 0.025217391550540928 -0.12435967847704886 0.039130434393882758 -0.14441070705652234 0.0060869567096233377 0.032173912972211845 -0.15347044914960858 0.0078260868322104233 0.0026086957077495758 -0.16755617409944532 -0.070820715278387056 -0.15972666442394254 0.0043478262377902874
decision_type=2 2 2 2 2 2 2 2 2 2 2 2 2 2 2 2 2 2 2 2 2 2 2 2 2 2 2 2 2 2
left_child=1 7 3 5 9 -2 -7 -1 15 10 11 12 13 -4 -15 -3 -5 19 -19 20 21 23 -23 -10 26 -26 29 28 -28 -22
right_child=2 8 4 16 -6 6 -8 -9 17 -11 -12 -13 -14 14 -16 -17 -18 18 -20 -21 24 22 -24 -25 25 -27 27 -29 -30 -31
leaf_value=0.016912817967771294 -0.0031694845076018401 0.0027092627915502126 -0.0080390835310187089 -0.0090151848462071294 -0.0052032725971330367 0.011317798563892582 -0.082343132953448098 0.0072603795967962504 -0.0079723933367413912 -0.0026226347131810689 0.0048469587640050894 0.00022670500458504803 0.0045447073229924022 -0.06064291861257342 0.0027610233184780673 0.042632337861203677 0.0044630699292678364 0.01737536073234219 -0.0013897699029409797 -0.017963770282069073 0.021839445698006624 -0.0056725069261805332 0.017562686118372757 -0.029839866743778001 -0.035280760266743004 -0.0025488175991930503 -0.074440568250252401 0.0025918795935287015 -0.01225059551780629 0.0043273669324956545
leaf_weight=827.72585658609933 515.76393385931442 10388.639167132798 71.631636210324359 699.08424080791519 9818.2030943081281 1187.060843666055 7.1640229399199589 4685.0453918677686 331.30452036089264 12761.580246433152 1909.5462905555942 721.25112681177052 78.854579344304511 60.244038208053098 15.853400991967645 26.684334449266316 339.54195125429396 395.25362329285417 1045.8528679727824 262.83890661114128 260.45815560709161 347.21692807797808 158.67607306590071 193.90229795395862 66.812975274864584 1121.9394816245185 13.276422727270981 961.65020579902921 111.48645954934182 403.862245192111
leaf_count=26420 6152 393455 1235 47021 522453 19907 280 247185 2833 379816 158774 23616 3502 1001 713 197 34718 25311 85004 7161 1770 7710 3853 1977 1405 26844 183 8183 1130 3911
internal_value=-1.54079e-11 0.00336441 -0.00257863 0.00230744 -0.00310667 0.00650858 0.0106875 0.00871247 0.0015316 -0.00178848 0.00193663 -0.00392558 -0.0170859 -0.0285847 -0.0475695 0.00281563 -0.00460889 -0.000825243 0.00376544 -0.00238848 -0.00135319 -0.00739855 0.00163561 -0.0160871 0.000769169 -0.0044166 0.00429083 4.99371e-05 -0.0194077 0.0112158
internal_weight=49788.4 21602.6 28185.8 2748.61 25437.2 1709.99 1194.22 5512.77 16089.9 15619 2857.38 947.835 226.584 147.729 76.0974 10415.3 1038.63 5674.53 1441.11 4233.42 3970.59 1031.1 505.893 525.207 2939.49 1188.75 1750.73 1086.41 124.763 664.32
internal_count=2043720 844532 1199188 108078 1091110 26339 20187 273605 570927 568657 188841 30067 6451 2949 1714 393652 81739 177275 110315 66960 59799 16373 11563 4810 43426 28249 15177 9496 1313 5681
is_linear=0
shrinkage=0.05


Tree=114
num_leaves=31
num_cat=0
split_feature=6 5 7 1 15 18 13 12 1 18 23 5 13 6 3 13 3 9 8 27 2 9 13 2 13 16 0 0 6 2
split_gain=172.929 59.7522 44.5551 25.6659 22.5247 22.3373 39.8829 21.9574 21.3449 19.7602 18.8822 18.0671 17.8941 18.5624 18.1571 21.5678 18.2132 18.0516 17.8867 22.3348 17.5973 17.4568 16.8255 16.6782 20.4259 19.6762 19.2615 21.0985 22.4299 16.6102
threshold=-0.13269815593957898 0.030434782616794113 -0.10382824763655661 1.0000000180025095e-35 -0.10965067148208617 0.028902417980134491 0.023478261195123199 0.051304347813129432 0.021739130839705471 0.050031181424856193 0.78571429848670971 0.202608697116375 0.150434784591198 -0.082931101322174058 -0.12626870721578595 0.049565218389034278 -0.12347878143191336 0.061739129945635803 0.0060869567096233377 1.0000000180025095e-35 -0.061263831332325928 0.150434784591198 0.068695649504661574 -0.15312801301479337 0.0026086957077495758 1.0000000180025095e-35 1.0000000180025095e-35 0.011304348241537811 -0.070711143314838396 -0.086467266082763658
decision_type=2 2 2 2 2 2 2 2 2 2 2 2 2 2 2 2 2 2 2 2 2 2 2 2 2 2 2 2 2 2
left_child=1 3 4 10 5 7 -7 8 -2 11 -1 -6 13 20 15 23 -16 -14 -5 -20 21 -4 -9 24 26 -26 -15 28 -28 -17
right_child=2 -3 12 18 9 6 -8 22 -10 -11 -12 -13 17 14 16 29 -18 -19 19 -21 -22 -23 -24 -25 25 -27 27 -29 -30 -31
leaf_value=0.01334199715069476 0.002430527719534047 0.0022359957552169473 -0.0021485995652950596 0.0035208362314210215 -0.0022148322917900981 0.019280676368636361 4.1215339929542411e-05 0.021752355017826758 -0.0032935228480567846 -0.02698228636919392 0.035752189900489624 -0.075743682220264716 -0.079056852544075421 0.027198709440046154 -0.023010903243256473 -0.012496981602671733 -0.0061114596783853033 0.0075565631786583699 0.0089162291383007262 0.030984480534079758 -0.019043070746875033 0.019981130279055868 0.0001084293383165347 0.0019734230872087808 -0.064583057339629199 -0.01480961069201755 -0.0024208222185433921 0.050277376590911416 -0.077091727878574531 0.023016167647718945
leaf_weight=1093.3670265595538 4371.5142975509734 10187.188392600903 12818.203257430236 1941.6718388543086 2925.9154439946506 484.127082105304 605.65742864893218 215.98115733089071 2594.3572543092414 83.289852081634308 102.38302607066726 7.3793659912626017 5.1003846714738748 53.470283702903544 162.58772119644709 547.4672204719609 6517.8223779104628 462.98599277720859 1778.7492295667435 121.79891351429978 152.17980895601431 88.747568389284424 153.19851362342706 2026.3804508603935 22.010207448969595 154.1759881588514 27.081855709780935 9.0699403155595046 15.061544569151012 34.125188581529073
leaf_count=12762 90618 372925 335893 27386 259368 13984 92869 38888 119574 37569 1755 466 381 261 5294 38597 187219 116071 185462 3450 9006 4753 46885 37111 398 3038 157 31 213 1336
internal_value=3.38989e-11 0.00443916 -0.00195696 0.0088928 0.000594556 0.00192204 0.00859802 0.00092914 0.000298505 -0.0031123 0.0152891 -0.00242556 -0.00322089 -0.00342114 -0.00509404 -0.00178121 -0.00652614 0.00644628 0.00689873 0.0103461 -0.00219501 -0.0019949 0.0127953 0.000389183 -0.011007 -0.021357 0.00644961 -0.0153199 -0.0302756 -0.0103773
internal_weight=49763 15225.2 34537.9 5037.97 11441.4 8424.84 1089.78 7335.05 6965.87 3016.58 1195.75 2933.29 23096.5 22628.4 9569.25 2888.84 6680.41 468.086 3842.22 1900.55 13059.1 12907 369.18 2307.25 280.87 176.186 104.684 51.2133 42.1434 581.592
internal_count=2043720 603740 1439980 230815 700221 402818 106853 295965 210192 297403 14517 259834 739759 623307 273655 81142 192513 116452 216298 188912 349652 340646 85773 41209 4098 3436 662 401 370 39933
is_linear=0
shrinkage=0.05


Tree=115
num_leaves=31
num_cat=0
split_feature=6 5 7 3 5 6 11 7 15 13 12 5 1 14 3 16 3 10 11 12 12 6 16 2 11 4 3 2 1 14
split_gain=170.303 78.4311 29.7044 25.2509 24.6679 17.6535 17.3056 32.7283 22.886 27.4938 21.5941 24.1185 25.7228 24.8093 21.1491 20.2863 19.8785 19.7785 19.5938 19.1796 18.7772 22.5895 18.4038 24.2062 17.4892 22.1376 17.3885 28.6721 22.5403 20.6845
threshold=-0.11735276132822035 0.026956521905958656 -0.11796893551945685 -0.172964371740818 1.0000000180025095e-35 -0.2238461300730705 -0.1311325058341026 -0.023494898341596123 -0.15685614198446271 0.0060869567096233377 0.049565218389034278 0.50695651769638073 0.10173913091421129 -0.14554249495267865 -0.11013175547122954 0.0095652174204587954 -0.14185427874326703 -0.12977186590433118 -0.14831205457448957 0.0060869567096233377 0.0026086957077495758 -0.065662261098623262 0.011304348241537811 -0.14171927422285077 -0.19358348101377484 0.040869565680623061 -0.16755617409944532 -0.13864457607269284 0.023478261195123199 -0.12980295717716214
decision_type=2 2 2 2 2 2 2 2 2 2 2 2 2 2 2 2 2 2 2 2 2 2 2 2 2 2 2 2 2 2
left_child=1 4 -2 -4 -1 -3 7 8 9 17 11 20 -13 -14 -15 16 -11 19 -18 -5 21 -9 -22 -24 -12 -26 27 29 -29 -10
right_child=2 5 3 6 -6 -7 -8 10 26 15 24 12 13 14 -16 -17 18 -19 -20 -21 22 -23 23 -25 25 -27 -28 28 -30 -31
leaf_value=0.016699578359682457 0.00055344703762397575 0.0057975732450477966 0.0010388125003408853 -0.040675892684158832 0.0072444470447893539 0.0009430233729100573 -0.0033070188546486402 -0.096958341948409382 -0.083558261164232484 -0.038592493032573158 0.033786440553404594 -0.0067990349549962572 0.042259990600516828 -0.065490638645941721 -0.017437315623907542 0.0040016405313270838 0.010987760169947007 0.027600790194325625 -0.050622755404457903 0.037482704380137996 -0.012374209919548755 0.001126996350887506 0.0044203540549711739 -0.048160717240710062 -0.061322620988232594 0.0017669408876911518 -0.009722009892433707 -0.064434853426001401 -1.4155362434082575e-05 0.031371482393787807
leaf_weight=812.49248538950087 6414.0847700057857 2189.2771341731277 2924.7321816247422 22.253082062408794 4573.2674961082685 12921.329350811215 16802.728652587768 18.775864972674757 3.1548009859397999 64.277334901358699 34.027782424309407 500.04023587860866 8.834785472834481 46.493195333168842 46.121359824493993 360.63639625889482 63.866869097109884 153.80419766149134 15.110254651750436 10.926187320612369 148.8118367906427 8.3154595360574586 27.055136211332865 110.180883939669 14.891894813510588 110.78776302248298 1128.6934857982124 16.789017193746986 57.367587829619879 86.949286358911195
leaf_count=25714 492736 66707 83403 201 238701 473677 573404 238 68 1246 1308 9533 171 1626 1218 16374 602 1027 331 66 1939 88 750 3710 603 11806 32622 515 2031 1305
internal_value=6.271e-12 0.00349349 -0.00245225 -0.00329833 0.00867368 0.0016467 -0.00393704 -0.0073964 -0.00358671 0.0037565 -0.0144214 -0.0173807 -0.0114907 -0.0343234 -0.0420023 -0.002327 -0.0181763 0.0200757 -0.00128542 -0.0145941 -0.028622 -0.0678835 -0.02468 -0.0378377 0.00252915 -0.00613366 -0.00751033 0.0076538 -0.0152623 0.0264745
internal_weight=49696.1 20496.4 29199.7 22785.6 5385.76 15110.6 19860.9 3058.16 1983.83 690.874 1074.34 914.629 601.49 101.449 92.6146 503.891 143.254 186.983 78.9771 33.1793 313.139 27.0913 286.048 137.236 159.707 125.68 1292.95 164.261 74.1566 90.1041
internal_count=2043720 804799 1238921 746185 264415 540384 662782 89378 56388 19847 32990 19273 12548 3015 2844 18553 2179 1294 933 267 6725 326 6399 4460 13717 12409 36541 3919 2546 1373
is_linear=0
shrinkage=0.05


Tree=116
num_leaves=31
num_cat=0
split_feature=6 5 23 15 13 1 7 11 6 6 11 11 11 5 2 5 24 10 10 0 9 3 6 1 17 3 8 12 11 18
split_gain=167.334 88.6324 28.6522 23.6973 23.5065 34.45 29.3477 24.922 23.2458 22.3525 20.9659 38.2665 37.2274 22.0083 22.0803 21.3288 25.8338 20.9611 20.7672 28.6322 21.6892 25.2595 28.6218 22.5664 33.8559 23.7793 21.2595 20.7175 19.7668 37.6014
threshold=-0.10898523777723311 0.049565218389034278 0.78571429848670971 -0.1284573748707771 0.028695652261376384 0.18347825855016711 -0.029219835996627804 -0.10903285443782805 -0.078872337937355028 -0.19988396763801572 -0.089176505804061876 -0.092209897935390459 -0.093368384987115846 0.3191304355859757 -0.074150260537862764 0.16956522315740588 1.0000000180025095e-35 -0.12155555561184882 -0.10832978785037993 0.0026086957077495758 0.0043478262377902874 -0.18785294145345685 -0.1041445955634117 0.037391304969787605 0.0039130437653511771 -0.17386306822299954 0.0043478262377902874 0.075652174651622786 -0.10629060491919516 0.002749807084910572
decision_type=2 2 2 2 2 2 2 2 2 2 2 2 2 2 2 2 2 2 2 2 2 2 2 2 2 2 2 2 2 2
left_child=1 2 9 4 5 6 7 -2 27 -1 11 12 13 14 -10 16 -14 -11 20 -20 21 26 -23 24 25 -24 -8 -5 -15 -30
right_child=3 -3 -4 8 -6 -7 18 -9 10 17 -12 -13 15 28 -16 -17 -18 -19 19 -21 -22 22 23 -25 -26 -27 -28 -29 29 -31
leaf_value=0.0098170652753862709 0.0028373294336275462 0.00079652299553778126 0.024222062517299744 -0.0026669756763493106 -0.0047541905292456076 0.035090410319628632 -0.014553057594268119 0.04343232087006426 -0.0054241635617490692 0.0020915725232414735 -0.0037836249060249128 -0.025297892564284209 0.019283027655193297 -0.0088641123520375367 -0.063781039662431857 0.027208776029623752 -0.053373280224859501 0.0091603441522375186 0.067737071006457025 -0.042553873889770548 -0.00016124908651772666 -0.094865529837922097 -0.064384696522311685 0.038923517301944918 -0.059171239746451658 0.0013847377829200539 0.021756296015561716 0.0096879821617765552 -0.079834633541491826 -0.020262851393148984
leaf_weight=3330.5402043910435 3684.7741578909918 15682.641109304113 238.97415064171946 10264.297351204765 2204.1278647239451 73.796112884730974 105.21372045532917 37.205974585012882 1836.9605510651427 3127.9966778901507 4664.2974479039121 326.02321837048021 27.604175483495055 351.91188093424716 15.363948495175462 117.07186518717208 20.461225493549136 1577.3417836419176 5.6110409703105679 60.482221242622472 1024.1790339088475 13.674406712059861 15.48598145280266 13.252361641294554 52.466135796334129 82.37140816754254 63.97737372998381 349.9438576591383 28.892142341210274 248.11566063419741
leaf_count=117038 75658 527473 3093 301528 178007 1722 890 412 76702 104975 293207 15047 1331 19856 4977 2862 1406 180985 17 1686 14662 200 157 95 725 503 522 104977 480 12527
internal_value=-2.69673e-11 0.00300577 0.00719216 -0.00280334 -0.000424156 0.00140038 0.000911733 0.00325469 -0.00377269 0.00668277 -0.00587632 -0.00915781 -0.00716061 -0.00869197 -0.00594235 0.0157623 -0.0121039 0.00446264 -0.00515601 -0.0323206 -0.00382349 -0.0146185 -0.0277531 -0.0216004 -0.0271581 -0.00956931 -0.000775995 -0.00225877 -0.016768 -0.0267411
internal_weight=49645.1 23957.5 8274.85 25687.6 7436.62 5232.49 5158.69 3721.98 18250.9 8035.88 7636.7 2972.4 2646.38 2481.24 1852.32 165.137 48.0654 4705.34 1436.71 66.0933 1370.62 346.441 177.25 163.576 150.324 97.8574 169.191 10614.2 628.92 277.008
internal_count=2043720 933564 406091 1110156 275256 97249 95527 76070 834900 402998 428395 135188 120141 114542 81679 5599 2737 285960 19457 1703 17754 3092 1680 1480 1385 660 1412 406505 32863 13007
is_linear=0
shrinkage=0.05


Tree=117
num_leaves=31
num_cat=0
split_feature=6 6 5 5 15 4 1 10 11 4 23 5 11 2 11 9 6 2 6 2 15 17 2 7 6 4 11 13 3 15
split_gain=165.107 54.8178 45.6013 27.081 22.2801 24.9083 19.8328 17.9678 28.6856 19.2921 17.9583 14.703 16.4372 26.0997 27.2806 19.3737 18.1556 17.828 17.115 39.6133 14.6983 14.2389 13.9772 19.25 18.8777 13.9455 17.7041 15.9087 15.8834 15.4436
threshold=-0.15336318314075467 -0.091112308204174028 0.030434782616794113 0.084347829222679152 -0.15867823362350461 0.0078260868322104233 1.0000000180025095e-35 -0.12250000238418578 -0.14295394718647 0.025217391550540928 0.78571429848670971 0.30521738529205328 -0.20782949775457379 -0.11251590400934218 -0.26522585749626154 0.0026086957077495758 -0.070205487310886369 -0.13042313605546949 -0.081777758896350847 -0.14398449659347531 -0.2656803280115127 0.0039130437653511771 -0.13819750398397443 -0.1864608824253082 -0.098790775984525667 0.058260869234800346 -0.093368384987115846 0.0060869567096233377 -0.16355226933956143 -0.16573033481836316
decision_type=2 2 2 2 2 2 2 2 2 2 2 2 2 2 2 2 2 2 2 2 2 2 2 2 2 2 2 2 2 2
left_child=2 3 6 7 5 11 10 8 -2 22 -1 -3 13 14 17 16 -16 20 19 21 -13 -14 24 -24 -10 27 -27 28 29 -9
right_child=1 4 -4 -5 -6 -7 -8 25 9 -11 -12 12 18 -15 15 -17 -18 -19 -20 -21 -22 -23 23 -25 -26 26 -28 -29 -30 -31
leaf_value=0.013540844727174654 -0.0032736948711464941 0.014325495624777144 0.0028778882476060831 -0.0010672809478040409 -0.0044790363814351348 -0.0028853023767241104 0.0076187111151991976 0.012183688650229917 0.0078181917360267365 -0.018052315588938581 0.0368752157122475 -0.0091285891729694212 -0.023882938283312279 0.024282775456741602 0.018263710838970673 -0.089899816044110903 -0.074374664100988808 -0.062941678994260508 0.016882139710947236 -0.082990305264826564 0.051012209437778594 0.042925254690654113 -0.0069019129353046441 0.026183926600401326 -0.0116395306982647 0.022291705512416472 -0.025018859061452993 0.0023981378422507056 0.018867665348598982 -0.0063284372410146355
leaf_weight=937.31246748224657 2226.4633489413827 429.71131318956031 6423.067916397682 15860.924852799806 13918.38105221267 1484.6846609412751 3168.2029754967225 271.86733103299048 840.2377781857067 77.076486807676702 89.936145761937951 31.814573632087555 13.054056907538326 32.946179641410708 12.061118445708418 20.8149124532938 8.0209927454125118 9.3054906087927503 158.43572123302147 14.486467499984427 13.769305286929013 17.692724610678852 57.175469272391638 184.19628349159029 145.42652460443787 194.2713668128672 21.171893449347408 2403.0424279460749 332.84259442909388 191.06404953199672
leaf_count=10995 58259 3374 235075 480453 676044 80280 163213 3755 12928 14918 1631 229 91 184 69 267 126 114 1023 169 53 68 1574 2445 2444 82771 19946 184700 3987 2535
internal_value=-1.73351e-11 -0.001506 0.00552679 7.28282e-05 -0.00373328 0.000886473 0.00958049 0.00267644 0.000175211 0.0060614 0.0156177 0.00822848 0.000327259 -0.0135973 -0.0267427 -0.0571292 -0.0205097 -0.00348511 0.00915198 -0.0177035 0.00974294 0.0147019 0.00758957 0.0183505 0.00493848 0.00526207 0.0175483 0.00442935 0.0105524 0.00454607
internal_weight=49589.5 38970.9 10618.5 22805.8 16165.2 2246.8 4195.45 6944.84 3530.58 1304.11 1027.25 762.113 332.402 128.733 95.7864 40.897 20.0821 54.8894 203.669 45.2332 45.5839 30.7468 1227.04 241.372 985.664 3414.26 215.443 3198.82 795.774 462.931
internal_count=2043720 1632806 410914 870715 762091 86047 175839 390262 92568 34309 12626 5767 2393 1042 858 462 195 396 1351 328 282 159 19391 4019 15372 297694 102717 194977 10277 6290
is_linear=0
shrinkage=0.05


Tree=118
num_leaves=31
num_cat=0
split_feature=6 5 6 5 7 12 13 2 7 3 18 14 1 15 18 23 2 18 3 1 15 8 2 5 3 17 13 9 10 15
split_gain=163.093 63.3819 38.4414 20.8991 20.7761 22.8851 21.5713 26.7201 20.8448 20.5499 23.1627 25.1613 23.6628 20.7659 19.9199 16.512 38.5076 21.7147 26.0202 19.5856 19.8422 19.4959 25.1069 26.7419 22.432 24.1023 20.2417 19.7495 18.426 26.6325
threshold=-0.12929385900497434 0.028695652261376384 -0.08778089657425879 0.0026086957077495758 -0.13156066834926602 0.021739130839705471 0.020000000484287742 -0.10295863077044486 -0.30478465557098383 -0.16840297728776929 0.0045183927286416301 -0.11960507929325102 0.026956521905958656 -0.1846310421824455 0.0039610585663467654 0.35714286565780645 -0.10974046587944029 0.00086956520681269478 -0.17482455074787137 0.10695651918649675 -0.069836162030696855 0.0026086957077495758 -0.1343867555260658 0.64260870218276989 -0.10833431035280226 0.0028260869439691309 0.0078260868322104233 0.0026086957077495758 -0.12883074581623075 -0.15867823362350461
decision_type=2 2 2 2 2 2 2 2 2 2 2 2 2 2 2 2 2 2 2 2 2 2 2 2 2 2 2 2 2 2
left_child=1 3 4 -1 5 6 7 9 -7 13 14 12 -12 -2 -11 17 28 18 -6 20 -20 22 23 24 25 -19 -27 -26 -17 -30
right_child=2 -3 -4 -5 15 8 -8 -9 -10 10 11 -13 -14 -15 -16 16 -18 21 19 -21 -22 -23 -24 -25 27 26 -28 -29 29 -31
leaf_value=0.014351593148382561 0.0059012618288296747 0.0020204564250270608 -0.0039513356260961014 0.0069060071132301245 0.020161679907479187 -0.016836488559557793 -0.010598176185340877 0.034041647802211659 0.0088363215594810026 0.0010060002079524215 0.022728469656334988 -0.020734790876517438 0.0027444549499026816 -0.0062537661914266497 -0.037361178084955628 -0.0039856127117241418 0.053366458047222544 -0.059776416127513103 -0.040896149351903208 0.054453364918190174 0.063557713173036143 -0.002127385385148508 -0.067547897170800411 0.037456918165356415 0.055183504051446092 0.0036026352058571467 -0.056999927615727752 -0.024074634772813672 0.014813289918994608 0.00092634126928619351
leaf_weight=1260.2236780845669 488.23694328527199 11249.617268525861 14397.703277307653 3750.0532363316161 28.920844511128962 82.847272566363245 419.41786264466646 60.670377984644801 1411.5781649383971 698.04908340649854 374.12804979851353 53.193608643807238 245.29774763618479 1246.7042653214885 34.551360263954848 1556.2738462656125 33.654448702582158 41.238803781569004 108.51499237550888 5.3444151523290193 3.8772760062001899 8679.1037430805009 21.87455086002592 22.981393930967897 15.821661343798043 53.674530536984093 17.488598732510582 13.939569254405795 393.46970505674835 2768.6169521503325
leaf_count=43863 8877 410938 696715 190233 388 38483 19056 729 204144 10565 5143 2662 3528 18705 1137 15993 163 435 1942 43 10 331814 336 190 55 509 468 165 4577 31854
internal_value=-4.31742e-12 0.00410413 -0.00200542 0.00878127 -0.000521313 0.00219944 5.0069e-05 0.00144823 0.00740278 0.000807859 0.00530027 0.0119924 0.0148318 -0.00283174 -0.000851959 -0.00153237 0.000852448 -0.00278972 -0.0218074 -0.0321996 -0.036764 -0.00247272 -0.0184024 -0.0115254 -0.0196499 -0.029821 -0.0118742 0.0184847 0.000466655 0.00265848
internal_weight=49537.1 16259.9 33277.2 5010.28 18879.5 5114.67 3620.25 3200.83 1494.43 3140.16 1405.22 672.619 619.426 1734.94 732.6 13764.8 4752.01 9012.78 146.658 117.737 112.392 8866.12 187.019 165.145 142.163 112.402 71.1631 29.7612 4718.36 3162.09
internal_count=2043720 645034 1398686 234096 701971 313029 70402 51346 242627 50617 23035 11333 8671 27582 11702 388942 52587 336355 2383 1995 1952 333972 2158 1822 1632 1412 977 220 52424 36431
is_linear=0
shrinkage=0.05


Tree=119
num_leaves=31
num_cat=0
split_feature=6 5 5 5 15 14 15 9 11 3 6 4 1 18 6 10 17 6 17 5 4 10 3 7 5 5 14 10 11 13
split_gain=161.224 78.8737 27.209 23.0933 15.4967 15.2677 26.9996 19.4033 18.5652 22.4075 18.3598 18.3261 27.4107 21.5768 17.4301 16.3518 14.934 22.4302 33.2788 27.2404 25.8424 21.1375 24.5532 30.5593 29.5001 23.7039 20.3318 24.3385 19.0596 25.3303
threshold=-0.11046976223587988 0.047826087102293975 0.0060869567096233377 0.063478261232376113 -0.3283239603042602 -0.12149319052696227 -0.069063622504472719 0.040869565680623061 -0.071451611816883073 -0.092836603522300706 -0.021885402500629422 0.0095652174204587954 0.070434782654047026 0.0076797858346253642 -0.0058566315565258256 -0.1220877133309841 0.01108695659786463 -0.092785041779279695 0.012608696240931751 0.6495652198791505 0.0026086957077495758 -0.12169017642736434 -0.20347093790769574 -0.15705109387636182 0.8286956548690797 0.07739130407571794 -0.12509360164403913 -0.11736048385500907 -0.1920199170708656 0.0078260868322104233
decision_type=2 2 2 2 2 2 2 2 2 2 2 2 2 2 2 2 2 2 2 2 2 2 2 2 2 2 2 2 2 2
left_child=1 2 -1 4 -2 6 -6 10 -8 -10 11 -7 13 -13 -9 -12 21 -18 19 20 -19 22 -5 25 -25 -24 -22 28 -28 -30
right_child=3 -3 -4 16 5 7 8 14 9 -11 15 12 -14 -15 -16 -17 17 18 -20 -21 26 -23 23 24 -26 -27 27 -29 29 -31
leaf_value=0.011705342451847216 0.01645553029148664 0.00093445542422572253 0.0052255721141736466 0.0083663344472686071 -0.0025366969273242323 0.017816769398330604 -0.10871553582569732 -0.0033717308778292059 0.043669534416303141 -0.061155022830961893 0.060771684429626931 -0.0027644746659736064 -0.034399216241097937 0.012987977013111805 0.038008246023492259 -0.036856284985424155 -0.0013243781476129457 0.012301415154149842 -0.00481240229181414 0.03940565389410762 -0.056986074968231062 0.0052979924342856132 -0.1057366405198986 -0.003191209360368832 -0.083812128762297489 -0.018769149556783719 0.027077975859199896 -0.070849524472461567 -0.048719940667566915 -0.011904489567230121
leaf_weight=2268.0718319219523 148.73666302908168 15274.095329475007 5677.7770618383765 458.78214476679568 1827.0771625942361 339.04391682747519 8.4984635393702792 1012.1361146535055 7.3245999068458358 12.438693184929432 3.9360633306205264 383.93725867582543 42.762873873019998 499.22800644482777 25.107311220668635 36.250846643408295 5048.4267550359109 46.666917958762497 10958.074970143571 17.846032065106556 48.315708099864423 1047.1511410792446 11.495273707550949 4005.7165695993754 10.380678001558406 22.525660890503787 21.124149229493923 22.519319278770126 62.553469856677111 180.37648479791824
leaf_count=101939 8695 517794 289510 3771 32711 3693 351 264186 63 278 28 24768 5089 45387 9320 2010 199300 343 482191 163 912 10221 266 35939 210 307 176 444 878 2777
internal_value=2.10895e-11 0.00303644 0.00707641 -0.00267999 0.000649795 8.59713e-05 -0.00330124 0.00276913 -0.0509519 -0.0220732 0.00682376 0.00788791 0.004237 0.00614455 -0.00233445 -0.0260509 -0.00333899 -0.00409772 -0.00533025 -0.0194906 -0.0223411 -0.00109826 -0.00258458 -0.00382681 -0.00342041 -0.0503346 -0.0271908 -0.0219866 -0.0175679 -0.0215452
internal_weight=49528.4 23219.9 7945.85 26308.4 4346.48 4197.74 1855.34 2342.4 28.2618 19.7633 1305.16 1264.97 925.928 883.165 1037.24 40.1869 21962 16405.9 11357.5 399.402 381.556 5556.05 4508.9 4050.12 4016.1 34.0209 334.889 286.573 264.054 242.93
internal_count=2043720 909243 391449 1134477 396579 387884 33403 354481 692 341 80975 78937 75244 70155 273506 2038 737898 687184 487884 5693 5530 50714 40493 36722 36149 573 5187 4275 3831 3655
is_linear=0
shrinkage=0.05


Tree=120
num_leaves=31
num_cat=0
split_feature=6 5 5 5 15 13 3 6 13 10 10 3 4 11 13 7 4 16 1 0 2 15 7 3 5 10 13 0 6 16
split_gain=158.335 83.9244 27.2873 21.2422 17.0552 18.2546 18.2275 16.2063 16.9462 17.3574 16.2137 22.183 16.886 15.3928 19.2286 15.0571 14.7486 14.2321 14.1686 16.8888 14.4078 13.9668 16.4928 18.206 13.5962 18.0629 18.2705 17.7174 22.6739 17.3529
threshold=-0.1067078374326229 0.049565218389034278 0.0026086957077495758 0.065217390656471266 -0.12949436157941815 0.035652173683047302 -0.13192164152860639 -0.19988396763801572 0.058260869234800346 -0.12912335991859433 -0.12155555561184882 -0.16755617409944532 0.025217391550540928 -0.36819262802600855 0.018260869197547439 -0.1864608824253082 0.47739130258560186 0.0026086957077495758 0.0026086957077495758 0.0095652174204587954 -0.15088935196399686 -0.19095176458358762 -0.078383293002843843 -0.16840297728776929 0.22000000625848773 -0.11520034447312354 0.011304348241537811 0.072173915803432478 -0.17732784152030942 0.033913042396306999
decision_type=2 2 2 2 2 2 2 2 2 2 2 2 2 2 2 2 2 2 2 2 2 2 2 2 2 2 2 2 2 2
left_child=1 2 17 4 5 6 -2 8 13 -10 11 -9 15 -4 -15 -13 -6 -1 19 -3 21 -21 23 -23 25 29 -27 28 -28 -20
right_child=3 18 7 -5 16 -7 -8 10 9 -11 -12 12 -14 14 -16 -17 -18 -19 24 20 -22 22 -24 -25 -26 26 27 -29 -30 -31
leaf_value=0.016158205073144326 0.0045687832403637123 0.0030051034271268741 0.0021322225068833851 -0.0035167731870200088 -0.0021612972787385027 -0.0085199643830101059 0.02180011873893704 -0.00096102642428943803 -0.0079997760772105003 0.056277840818453301 0.0079655607886723028 0.0044320465974931472 -0.01973522214549182 0.012238592170397191 -0.0055483003803259217 0.019594272102594599 0.10243631737873732 0.0044860861559882685 0.001027625296648555 0.021327447715459649 0.026924698240332969 -0.051962609985194065 -0.0788602368171816 0.03121123999323951 -0.0016151126148215792 0.022699787567199342 0.05667812649132279 0.00044516260761978091 0.010125032195345725 -0.01082224539088804
leaf_weight=1048.4379875328923 1097.262848136852 2133.9120560281954 756.86669659516338 20397.107494210326 2580.8958211691388 222.14719199005413 177.62439019371232 2176.5297096303111 14.565226931103096 34.666058769944357 1488.286159415482 364.36291756137507 46.139881011615216 1660.848636171766 166.66744453374849 297.53212893751333 2.374905703807598 348.9730224922605 6406.0554443450164 34.024004131206311 141.10495402231754 9.954212502576409 8.6763983551936672 15.47766704997048 6201.000190952589 159.21293798118131 27.474995217824471 785.34443801935413 333.89756289315119 323.6004675307413
leaf_count=11942 37576 20775 22152 692904 279223 51033 6416 66555 2952 5448 169309 9420 14541 37559 30105 4725 3151 43834 177274 487 1949 271 282 207 207506 2608 4601 58140 38335 42440
internal_value=-5.19711e-12 0.0028001 0.00687017 -0.00285801 0.00043516 0.00467983 0.00698475 0.0055963 0.00869465 0.0374804 0.00372872 0.00154072 0.0092217 0.00813201 0.0106143 0.011267 -0.00202554 0.0132486 0.000736792 0.00433877 0.0178613 -0.00102747 -0.0232995 -0.00207783 0.000143692 0.00150098 0.00687995 0.00466562 0.0138111 0.000456292
internal_weight=49461 24983.6 8403.88 24477.4 4080.31 1497.03 1274.89 7006.46 2633.61 49.2313 4372.85 2884.56 708.035 2584.38 1827.52 661.895 2583.27 1397.41 16579.7 2343.15 209.237 68.1323 34.1083 25.4319 14236.6 8035.59 1305.93 1146.72 361.373 6729.66
internal_count=2043720 973417 418542 1070303 377399 95025 43992 362766 98216 8400 264550 95241 28686 89816 67664 14145 282374 55776 554875 23971 3196 1247 760 478 530904 323398 103684 101076 42936 219714
is_linear=0
shrinkage=0.05


Tree=121
num_leaves=31
num_cat=0
split_feature=6 6 5 5 5 12 3 7 17 7 1 15 3 15 2 4 10 17 13 2 2 1 2 9 10 9 18 13 13 2
split_gain=157.77 49.7069 43.4241 26.8612 21.6327 21.379 31.2706 36.459 20.9026 29.9797 25.152 20.3298 19.4002 21.046 25.145 21.9933 18.6459 18.4809 17.2641 18.0225 16.4431 15.8266 48.0519 15.2572 20.7585 15.9796 14.6345 16.1459 14.52 44.8463
threshold=-0.14703661203384397 -0.08778089657425879 0.0060869567096233377 0.042608696967363364 0.12608695775270465 0.020000000484287742 -0.22220037877559659 -0.38855776190757746 0.0095652178861200827 -0.16092754900455472 0.039130434393882758 -0.19959829747676847 -0.20850637555122373 -0.19408079236745832 -0.17667682468891141 0.011304348241537811 -0.13435129821300504 0.0028260869439691309 0.0060869567096233377 -0.17105020582675931 -0.16090878844261167 0.0078260868322104233 -0.13239863514900205 0.0043478262377902874 -0.13806150108575818 0.021739130839705471 0.0028510604752227668 0.020000000484287742 0.011304348241537811 -0.16162921488285062
decision_type=2 2 2 2 2 2 2 2 2 2 2 2 2 2 2 2 2 2 2 2 2 2 2 2 2 2 2 2 2 2
left_child=2 3 -1 5 28 12 7 -7 9 17 23 -12 13 -2 -15 16 -16 -6 19 -14 -19 22 -5 24 -11 26 27 -25 29 -4
right_child=1 -3 4 21 8 6 -8 -9 -10 10 11 -13 18 14 15 -17 -18 20 -20 -21 -22 -23 -24 25 -26 -27 -28 -29 -30 -31
leaf_value=0.012202791651934605 0.0041854065513908627 -0.0038821967385664759 0.00049987414735652984 0.00064924486488670142 -0.097853800071978969 -0.04240681670561762 0.0061063139752608724 0.03834212803782433 0.0039362368912942555 -0.0056197405318693869 0.0032953138686413795 -0.071116868933234212 -0.040465824339425659 -0.11303149707038307 0.031788146839318181 0.012133753741059928 -0.01715951139690047 -0.063788009225260553 -0.001631238771922412 0.0092237360528711048 0.0051981924284831491 -0.0016628708543364294 0.02711381513344685 -0.0040654401773557239 0.0094439226051814089 0.059107140681876426 -0.019890095716759672 0.071336106840855659 0.0017309878832850172 0.010811856959966873
leaf_weight=1816.6603444455104 412.94605341320857 14344.708902276412 1667.0595871445257 4677.6864674129756 10.857214059738906 14.635550581282585 661.19530275272882 144.95554527439526 1961.8467963354124 441.61730054570944 14.806609119754283 22.788454292574897 17.576262089191005 4.9771468364051534 19.576226487872191 92.623439182934817 389.69807329621108 14.001895185094321 675.99348094184825 1134.1151750143563 20.038216082495641 15058.455823014327 177.0536376681921 229.33866077766288 472.31077733228449 7.4628733317367724 209.78439153742511 6.3260916839353731 1816.5491741251681 2868.1010584189062
leaf_count=66858 9589 696715 21732 53282 205 6568 173853 23135 104322 4235 146 419 238 179 169 4178 5242 299 27758 12469 231 567697 3345 3374 3928 71 3499 50 202841 47093
internal_value=-5.44445e-11 -0.00156332 0.00510649 -0.000146622 0.0037849 0.0038477 0.0109235 0.030719 0.000572977 -0.00397918 -0.00267766 -0.042484 0.00173068 -0.00418885 -0.0110061 -0.00977158 -0.0147465 -0.0437466 0.00471047 0.00843096 -0.0241889 -0.000862531 0.0016198 -0.00155252 0.00216685 -0.00904607 -0.0103177 -0.00174852 0.0055095 0.00702227
internal_weight=49405.7 37826.2 11579.5 23481.5 9762.89 3568.29 820.786 159.591 3411.18 1449.33 1404.44 37.5951 2747.51 919.821 506.875 501.898 409.274 44.8973 1827.68 1151.69 34.0401 19913.2 4854.74 1366.84 913.928 452.912 445.449 235.665 6351.71 4535.16
internal_count=2043720 1584417 459303 887702 392445 263378 203556 29703 120779 16457 15722 565 59822 19357 9768 9589 5411 735 40465 12707 530 624324 56627 15157 8163 6994 6923 3424 271666 68825
is_linear=0
shrinkage=0.05


Tree=122
num_leaves=31
num_cat=0
split_feature=6 6 5 5 15 4 10 13 17 4 4 4 13 3 5 1 11 5 4 10 11 6 15 13 23 10 6 7 4 7
split_gain=155.504 52.9984 40.9184 28.8063 21.2049 26.7243 19.8863 23.2668 21.832 20.3883 18.8965 18.1235 23.1268 21.2632 17.2901 16.9479 20.9585 25.8067 26.0559 20.1264 17.6708 16.8466 16.6296 16.0841 14.9115 14.6192 20.0252 17.2344 14.6181 14.4843
threshold=-0.15336318314075467 -0.095215164124965654 0.026956521905958656 0.15739130228757861 -0.15867823362350461 0.0078260868322104233 -0.12477415800094603 0.065217390656471266 0.0089130434207618254 0.025217391550540928 0.056521739810705192 0.0026086957077495758 0.039130434393882758 -0.13302610814571378 0.15217391401529315 0.018260869197547439 -0.13511412590742108 0.11565217375755311 0.0026086957077495758 -0.16105771064758298 -0.24661782383918759 -0.021885402500629422 -0.33787432312965388 0.079130433499813094 0.92857143282890331 -0.12942156940698621 -0.099186036735773073 -0.11695803701877593 1.0000000180025095e-35 0.036711553111672408
decision_type=2 2 2 2 2 2 2 2 2 2 2 2 2 2 2 2 2 2 2 2 2 2 2 2 2 2 2 2 2 2
left_child=2 3 24 6 5 21 7 8 15 -10 11 12 13 14 -8 16 -2 25 -19 -17 22 -3 -21 -12 -1 26 27 -18 -28 -7
right_child=1 4 -4 -5 -6 29 10 -9 9 -11 23 -13 -14 -15 -16 19 17 18 -20 20 -22 -23 -24 -25 -26 -27 28 -29 -30 -31
leaf_value=0.0090457749961453306 -0.0052406012769152651 0.0096503125234088452 0.0029919775873114229 -0.0016423835024692484 -0.0041180670792863036 -0.001314376166875417 0.0048525181999643516 -0.044526436252317628 0.0082646271477196751 -0.0092449279780861034 0.021685173811915769 0.0017430435277586394 -0.050830249311602661 0.022174323198735343 0.046861254846136569 0.052279546378914535 0.0070997856554134466 0.0063008844510861394 -0.031925890934335101 0.0090745476578924858 -0.017145418343407919 -0.018009371769424097 -0.12661872823715997 -5.3785141384891385e-05 0.033942717318501112 0.015266132400447736 0.0014012272763605147 -0.052853187192206753 -0.10532322153759539 -0.016370686246373622
leaf_weight=3849.4527183161117 1563.6544281888055 826.50520770382718 6649.691634724848 10042.721553274823 15656.328139935191 1493.7700720349712 982.01446667368873 29.244802063149109 951.10079277589102 200.55570022258325 255.56375140117598 5185.570719750438 15.292032012483103 250.38282776805499 24.140603232721332 8.9232337675057334 166.93853106902679 93.399497722857632 83.804909600934479 3.1045008738292381 172.86453690542839 58.064921849305392 6.2017604720313084 127.29789449863165 60.24317893893749 400.53832312085433 5.447695175331317 11.911073563853277 6.7165001623798162 177.89518010678876
leaf_count=164336 16972 6137 245667 295496 745705 84369 7071 10299 25476 28863 58119 270778 232 1270 92 43 1700 569 977 25 2245 553 165 64727 911 3657 43 147 175 6901
internal_value=1.9299e-12 -0.00146408 0.00537933 0.000274013 -0.00342872 0.000793292 0.00209917 -0.000851284 -0.000491725 0.00521004 0.0036969 0.00305567 0.00840201 0.00916271 0.00590596 -0.00309488 -0.00191832 0.00483726 -0.0118553 -0.0173708 -0.0210493 0.00781639 -0.0848641 0.0144759 0.00943798 0.00984923 -0.00152987 0.00283535 -0.0610514 -0.00292547
internal_weight=49359.3 38800 10559.4 20587.4 18212.6 2556.24 10544.7 3704.41 3675.16 1151.66 6840.26 6457.4 1271.83 1256.54 1006.16 2523.5 2332.41 768.757 177.204 191.094 182.171 884.57 9.30626 382.862 3909.7 591.552 191.014 178.85 12.1642 1671.67
internal_count=2043720 1632806 410914 789141 843665 97960 493645 91356 81057 54339 402289 279443 8665 8433 7163 26718 24240 7268 1546 2478 2435 6690 190 122846 165247 5722 2065 1847 218 91270
is_linear=0
shrinkage=0.05


Tree=123
num_leaves=31
num_cat=0
split_feature=6 5 5 5 15 4 11 1 7 5 0 17 3 7 8 0 13 1 11 11 1 13 0 15 7 6 6 2 18 2
split_gain=154.03 72.8084 22.1026 21.1555 27.9077 20.8496 17.0842 16.2234 16.687 16.659 16.4199 15.2247 14.915 16.8303 16.9898 15.9866 16.2479 20.1652 15.5271 21.1612 28.3182 25.3752 25.1378 40.5461 18.13 17.9119 28.7679 17.9793 20.2659 19.4127
threshold=-0.11046976223587988 0.035652173683047302 1.0000000180025095e-35 0.19217391312122348 -0.21838362514972684 0.018260869197547439 -0.1920199170708656 0.0026086957077495758 -0.043487630784511559 0.34000000357627874 0.0095652174204587954 1.0000000180025095e-35 -0.11765601485967635 -0.072752412408590303 1.0000000180025095e-35 0.43565216660499578 0.14869565516710284 0.091304346919059767 -0.10301812738180159 -0.10790702700614928 0.025217391550540928 0.014782608952373268 0.0095652174204587954 -0.092082113027572618 -0.08025288954377173 -0.098790775984525667 -0.097193207591772066 -0.16495393961668012 0.0025722092250362043 -0.14245002716779706
decision_type=2 2 2 2 2 2 2 2 2 2 2 2 2 2 2 2 2 2 2 2 2 2 2 2 2 2 2 2 2 2
left_child=1 2 11 4 5 6 -2 10 -9 -10 -3 -1 18 14 -14 16 -15 -18 19 -5 22 -22 23 24 -21 -26 -27 -28 -29 -30
right_child=3 7 -4 12 -6 -7 -8 8 9 -11 -12 -13 13 15 -16 -17 17 -19 -20 20 21 -23 -24 -25 25 26 27 28 29 -31
leaf_value=0.030608668810433171 0.011085277459801503 0.0036225407224301735 0.0063394025518479172 -0.0024018395194368796 -0.0017085477285157511 -0.0059348275581929226 0.04184236564911234 0.0015470844312481778 -0.016645790615606264 -0.0015912130352708201 0.017640696617967532 0.012093246223608412 -0.070010485024715616 -0.0052041253169435309 -0.012852549373278274 -0.03634585614987898 0.024413261207049657 -0.0041472288814420775 0.0042013090959045962 0.014004665970581294 -0.095928104730959946 -0.026119830810638286 0.01657013082908244 0.03467982437373842 -0.088843143361310731 0.039320247295291759 0.02440295848951898 -0.086499843867216111 -0.058641313477315007 0.027206567427670428
leaf_weight=132.78161467760583 419.1154123559827 2284.9198672633356 5751.1516029611084 5074.2791523847991 12116.863435749459 170.75614982041225 49.860884057405201 10521.477342784096 193.41070077495533 3361.8795488110045 229.0533218072087 675.5827250058428 12.423573906824457 6400.3782088303415 487.22549648353743 39.204984007534222 104.48292914079502 148.67187573574483 816.61839042227075 16.65559171087807 14.379115800373254 96.339370070279983 82.739888132346096 27.295754841194139 15.935842065431642 11.494465283583848 7.5855130368145174 25.085001552477479 14.382750391261649 10.715398096130233
leaf_count=2264 6665 22541 308225 149236 639144 33179 568 425742 7504 113991 3625 25351 132 184916 22116 6911 22487 26199 31952 147 332 7106 1929 268 290 58 56 300 340 146
internal_value=4.32412e-12 0.00297061 0.00742962 -0.0026286 -0.00117091 0.00899891 0.0144374 0.00120729 0.000546392 -0.00241464 0.00490627 0.0151686 -0.00401549 -0.00556555 -0.0144108 -0.00490315 -0.00471244 0.00769003 -0.00222063 -0.00319295 -0.0155903 -0.0359634 -0.00482587 -0.0185552 -0.03302 -0.0422686 -0.030441 -0.0447546 -0.0554807 -0.0223514
internal_weight=49312.7 23150.3 6559.52 26162.5 12756.6 639.732 468.976 16590.7 14076.8 3555.29 2513.97 808.364 13405.9 7192.39 499.649 6692.74 6653.53 253.155 6213.51 5396.89 322.609 110.718 211.89 129.15 101.855 85.199 69.2631 57.7687 50.1832 25.0981
internal_count=2043720 909243 335840 1134477 679556 40412 7233 573403 547237 121495 26166 27615 454921 262761 22248 240513 233602 48686 192160 160208 10972 7438 3534 1605 1337 1190 900 842 786 486
is_linear=0
shrinkage=0.05


Tree=124
num_leaves=31
num_cat=0
split_feature=6 5 6 5 15 16 6 12 16 14 5 5 18 17 13 5 17 3 0 17 5 15 18 18 8 18 17 12 7 0
split_gain=152.592 69.2524 28.2015 25.5834 21.4569 22.8482 19.2129 16.7204 19.7909 18.5781 18.403 23.5268 16.7661 19.3969 18.588 28.5188 30.4888 20.128 21.157 18.3444 15.6956 20.5839 25.2163 23.7557 22.6126 16.0754 18.3179 16.85 19.702 15.471
threshold=-0.11464518308639525 0.0060869567096233377 -0.20253870636224744 0.13130434602499011 -0.20958945155143735 0.0043478262377902874 -0.081362813711166368 0.0095652174204587954 0.0060869567096233377 -0.1248183213174343 0.065217390656471266 0.051304347813129432 0.0018951733945868912 0.050434784963727004 0.023478261195123199 0.12086956202983858 0.014782609883695843 -0.13740313053131101 0.13999999314546588 0.0089130434207618254 0.11391304433345796 -0.072087127715349184 0.0058332213666290053 0.0095256105996668356 0.039130434393882758 0.030743773095309738 0.045217392966151244 0.065217390656471266 -0.08025288954377173 0.08782608807086946
decision_type=2 2 2 2 2 2 2 2 2 2 2 2 2 2 2 2 2 2 2 2 2 2 2 2 2 2 2 2 2 2
left_child=1 -1 -3 4 5 -2 -6 8 -8 -10 11 -11 13 -9 15 19 -17 18 -16 -14 25 22 -22 -23 -25 27 -27 -19 -29 -21
right_child=3 2 -4 -5 6 -7 7 12 9 10 -12 -13 14 -15 17 16 -18 20 -20 29 21 23 -24 24 -26 26 -28 28 -30 -31
leaf_value=0.011581803532626875 0.01775249774757166 0.005793047503790635 0.0011871717687212029 -0.0035493293101376898 0.00060376255281839402 -0.00051462227108627914 -0.0084047052405264323 -0.054538069147456618 0.026847368917347843 -0.051384674735874082 -0.083548582783259329 0.047408271296211751 -0.063054337318560735 0.043454241505329359 -0.020509366885933421 0.027117269330597212 -0.063479131788669277 -0.0041616510198223189 0.030301753223706474 0.012006579420894024 -0.073467507504787366 0.024511867397426213 0.028842424417393986 -0.085244766821303206 -0.010219821239236699 -0.081177119213658055 -0.012057248274274866 0.021250949776035269 -0.033829840664018201 -0.013449649800740968
leaf_weight=2198.3105215007236 324.56883172102971 4276.3916081092029 14905.426535325994 18107.407358585133 6069.0451882976158 360.85974947372597 685.70476781146863 26.889036899316125 8.4838038372108695 18.376457443780968 22.04530749208061 7.8403436810476697 7.9255743664689353 5.3786281134453011 262.26740831794086 13.03753177076578 27.71689881576458 659.1282730851417 21.340705899976456 539.47817628221674 5.4054767354391506 36.156523923622444 117.20052977634623 11.841263240086844 47.754370755141281 8.9719831639522436 279.0878688618177 129.80909790232909 17.624982021356118 66.260026353716967
leaf_count=97180 2844 147729 599623 601723 300152 42526 8117 1047 164 810 602 134 143 1071 30365 134 745 35144 4475 12884 369 616 4480 648 3534 436 72604 67534 3226 2661
internal_value=-3.8968e-11 0.00317792 0.00221425 -0.00243639 -0.000375711 0.00814861 -0.00101897 -0.004273 -0.010786 -0.0389176 -0.0507885 -0.0211835 -0.00215137 -0.0373887 -0.00162987 0.00546157 -0.0345416 -0.00453815 -0.0165929 0.00817012 -0.00192363 0.0102866 0.0237739 -0.00705034 -0.0262876 -0.00436653 -0.0144835 -0.000739864 0.0144828 0.00920442
internal_weight=49267.7 21380.1 19181.8 27887.6 9780.2 685.429 9094.77 3025.73 742.451 56.7459 48.2621 26.2168 2283.27 32.2677 2251.01 654.418 40.7544 1596.59 283.608 613.664 1312.98 218.358 122.606 95.7522 59.5956 1094.62 288.06 806.562 147.434 605.738
internal_count=2043720 844532 747352 1199188 597465 45370 552095 251943 9827 1710 1546 944 242116 2118 239998 16567 879 223431 34840 15688 188591 9647 4849 4798 4182 178944 73040 105904 70760 15545
is_linear=0
shrinkage=0.05


Tree=125
num_leaves=31
num_cat=0
split_feature=6 5 6 5 5 15 7 13 14 12 16 12 9 15 6 9 15 17 4 15 14 17 8 14 3 12 2 10 1 2
split_gain=149.221 47.8117 42.4792 21.0823 20.5977 16.8531 18.6844 39.31 18.2633 16.2664 33.7872 32.9597 39.159 50.6285 28.3355 23.1771 24.0946 22.165 21.2931 18.3193 17.8656 22.9721 21.8922 19.4925 17.0532 16.9285 18.4103 18.6665 16.0194 15.763
threshold=-0.13687722384929654 0.0060869567096233377 -0.088189937174320207 0.094782605767250075 0.079130433499813094 -0.1284573748707771 -0.060459844768047326 0.028695652261376384 -0.13428228348493573 0.084347829222679152 0.014782608952373268 0.08782608807086946 0.053043477237224586 -0.080028906464576707 -0.062505159527063356 0.047826087102293975 -0.089561291038990007 0.15956521779298785 0.10173913091421129 -0.045289771631360047 -0.11562499776482581 0.12065217271447183 0.10000000149011613 -0.11360127478837966 -0.12913373112678525 0.12434782832860948 -0.10657355934381484 -0.1105472184717655 0.0095652174204587954 -0.16955570131540296
decision_type=2 2 2 2 2 2 2 2 2 2 2 2 2 2 2 2 2 2 2 2 2 2 2 2 2 2 2 2 2 2
left_child=1 -1 4 29 -2 6 7 -4 -7 17 11 -11 13 -13 15 -12 -17 18 19 -10 -21 22 23 -22 28 26 27 -14 -20 -3
right_child=2 3 5 -5 -6 8 -8 -9 9 10 14 12 25 -15 -16 16 -18 -19 24 20 21 -23 -24 -25 -26 -27 -28 -29 -30 -31
leaf_value=0.011724997659336163 0.0023352879964014983 0.00034080613887477087 0.0096974455887280809 0.00094057300602797987 -0.0012192584212533802 -0.064575916845451414 -0.0036600900707183036 -0.0096456020519588483 -0.0051395054078047092 0.028592914606692822 0.048957712573250184 0.010013088679651568 0.0099153033136211884 -0.086171990593199146 -0.0023793807044646584 -0.011345559533074565 0.020661349933093587 -0.068514955406553446 0.052991387362239732 0.059944019590876918 -0.085991314828583687 0.057617476257807013 -0.084383541952101404 0.0098979126806006019 -0.040765882036828238 0.011452703551714573 0.062586602322696153 -0.067897622288366585 -0.027863493265380398 0.0064300487463314245
leaf_weight=1919.5722381379528 5551.46091857387 1342.6639754548232 905.814698622984 5471.2504285411705 15321.816393666497 11.729827277828006 1982.1124839166296 368.85049879997496 10118.91246384033 31.789203711974551 48.056480036149878 19.469601012358908 10.993890270678092 43.535566204533097 411.81756817030509 80.957543910200911 208.77176781258095 12.815229157655265 10.072415047186952 17.240712746279314 4.6893303676333735 17.07518928409263 6.7758761679579029 76.696766779525205 70.629244584120897 56.003881253061991 3.7659244555979958 23.091063062045578 12.766242638339461 5099.9904735997261
leaf_count=75020 325552 33278 22260 193984 457190 517 52866 54063 296082 552 4845 625 1012 801 136176 32698 78683 970 316 237 187 448 386 3059 8936 4512 27 2144 2420 253874
internal_value=-4.56156e-11 0.00440373 -0.0017196 0.00322324 -0.000273824 -0.00379291 -0.000623743 0.00409696 -0.00470635 -0.00463841 0.00166395 -0.0171943 -0.0265959 -0.0567572 0.00642651 0.0171377 0.0117096 -0.00520997 -0.00512485 -0.00490636 0.0142415 0.00626046 -0.00422101 0.00339624 -0.0287596 -0.00596355 -0.031364 -0.0432323 0.00852259 0.00516129
internal_weight=49261.2 13833.5 35427.7 11913.9 20873.3 14554.4 3256.78 1274.67 11297.7 11285.9 938.252 188.649 156.86 63.0052 749.603 337.786 289.729 10347.7 10334.9 10241.4 122.478 105.237 88.162 81.3861 93.4679 93.8548 37.8509 34.085 22.8387 6442.65
internal_count=2043720 556156 1487564 481136 782742 704822 129189 76323 575633 575116 262075 9673 9121 1426 252402 116226 111381 313041 312071 300399 4317 4080 3632 3246 11672 7695 3183 3156 2736 287152
is_linear=0
shrinkage=0.05


Tree=126
num_leaves=31
num_cat=0
split_feature=6 6 5 18 12 5 4 15 13 12 2 3 1 15 12 0 1 2 23 15 4 17 7 7 17 4 14 4 18 9
split_gain=146.816 50.4177 38.7401 27.6239 24.507 24.0033 23.1529 20.3868 18.5083 18.3235 17.5741 17.3262 16.7358 16.4754 16.2218 19.6882 15.3286 26.915 30.3412 18.1249 19.0375 15.2007 22.2848 21.6194 20.0427 14.5318 14.2279 14.2439 14.2094 19.4545
threshold=-0.15336318314075467 -0.097193207591772066 0.030434782616794113 0.0012297509820200505 0.0826086960732937 0.15739130228757861 0.18347825855016711 -0.16259030252695081 0.0078260868322104233 0.13999999314546588 -0.16817409545183179 -0.053116217255592339 1.0000000180025095e-35 -0.064861066639423356 0.054782608523964889 0.30521738529205328 0.0043478262377902874 -0.15524160116910932 0.35714286565780645 -0.17029023915529248 0.0026086957077495758 0.0063043478876352319 -0.026427911594510075 -0.010234041605144737 0.0071739130653440961 0.14695652574300769 -0.10152623802423476 0.016521738842129711 0.0049763147253543147 0.01304347859695554
decision_type=2 2 2 2 2 2 2 2 2 2 2 2 2 2 2 2 2 2 2 2 2 2 2 2 2 2 2 2 2 2
left_child=2 5 12 -3 7 10 9 8 16 25 -2 -11 -1 14 15 -7 -5 18 -18 -19 -21 22 -10 -24 -23 -6 -16 -28 -14 -30
right_child=1 3 -4 4 6 13 -8 -9 21 11 -12 -13 28 -15 26 -17 17 19 -20 20 -22 24 23 -25 -26 -27 27 -29 29 -31
leaf_value=0.014661544111787054 -0.0079113036691312345 0.0039728311060686699 0.0028028005948958906 0.018519246772215371 0.0085110800592143737 -0.0018294870606776594 -0.0079568502440520387 -0.0049252660338104338 -0.083166473747989439 0.038362807443623387 0.0024905999381044583 -0.030553260840452897 0.0044389215055555863 -0.052172056826158698 0.0092585838792667158 -0.064154588206575922 0.012836864467274396 0.0081590635064979957 -0.083016522575658808 0.014788777750724794 -0.062221062790973697 0.042332084975459525 0.049389878240194009 -0.055386142207527723 -0.0028823682839275821 -0.0077889000088743974 -0.091223051468700619 -0.0073936823816774869 0.016731339361174234 0.004179168591771097
leaf_weight=996.77945555635233 422.85346552185365 1238.6154756747892 6393.2073351048602 203.79917611561723 636.23185208524774 8787.6856193528802 343.66423546988335 14506.677039892786 13.373635805211963 71.237788199738134 9692.405059036977 9.6813518719245604 1862.945294570447 14.983200881142691 550.29609909294231 11.690513772948178 14.271215426502748 417.73468472121749 17.848691478196997 13.159940228797497 18.360640434140805 23.938082837034017 9.5508779389783758 8.2307061566971225 1433.7721210901182 173.2471324969265 4.4463256599265142 77.059838626231794 715.39452313559741 543.92673131158517
leaf_count=12626 11221 11490 235075 1819 112856 198906 158772 459852 268 25449 459635 11650 63333 2768 58471 382 130 4019 300 69 355 185 51 119 61634 34667 181 17557 20725 79155
internal_value=-1.98581e-11 -0.00142289 0.00523988 -0.00324629 -0.00374561 0.000362562 0.0030515 -0.00424862 0.000266592 0.00730452 0.00205502 0.0298452 0.00902089 -0.00144981 -0.0013637 -0.00191957 0.00706127 0.00218198 -0.0413262 0.00537751 -0.0306031 -0.00286295 -0.0368696 0.000524629 -0.00211136 0.0050172 0.00636888 -0.013017 0.007216 0.0113174
internal_weight=49227.1 38714.8 10512.3 19153.4 17914.8 19561.4 1234.06 16680.7 2174.04 890.398 10115.3 80.9191 4119.05 9446.16 9431.18 8799.38 685.174 481.375 32.1199 449.255 31.5206 1488.87 31.1552 17.7816 1457.71 809.479 631.802 81.5062 3122.27 1259.32
internal_count=2043720 1632806 410914 883685 872195 749121 343394 528801 68949 184622 470856 37099 175839 278265 275497 199288 6692 4873 430 4443 424 62257 438 170 61819 147523 76209 17738 163213 99880
is_linear=0
shrinkage=0.05


Tree=127
num_leaves=31
num_cat=0
split_feature=6 5 5 6 15 5 15 4 15 12 9 7 5 14 15 14 0 13 7 2 0 3 18 18 2 13 2 2 3 9
split_gain=146.088 73.3578 24.0877 19.956 15.8764 16.1852 14.99 20.4056 28.2533 24.9627 37.9358 23.7306 17.9522 18.3286 20.1377 17.8701 17.0159 16.1168 15.971 32.5584 17.1293 24.3376 30.9091 21.6004 18.6837 19.098 16.4067 17.7712 14.5145 19.072
threshold=-0.10898523777723311 0.049565218389034278 0.0026086957077495758 -0.081362813711166368 -0.053918723016977303 0.11565217375755311 -0.10795936733484267 0.061739129945635803 -0.10687584429979323 0.053043477237224586 0.06695652008056642 -0.12517067044973371 0.014782608952373268 -0.1202651485800743 -0.080692134797573076 -0.11312971264123915 1.0000000180025095e-35 0.014782608952373268 -0.087586183100938783 -0.10017720237374304 0.11043478548526765 -0.092143449932336793 0.022953062318265442 0.036050269380211837 -0.045168543234467499 0.25130434334278112 -0.11744151636958121 -0.11967961862683295 -0.14362060278654096 0.0043478262377902874
decision_type=2 2 2 2 2 2 2 2 2 2 2 2 2 2 2 2 2 2 2 2 2 2 2 2 2 2 2 2 2 2
left_child=1 2 -1 4 5 28 -5 8 -8 12 -11 -12 13 14 16 -13 -10 -9 19 -17 21 -20 26 -22 -25 -26 27 -23 -2 -30
right_child=3 -3 -4 6 -6 -7 7 17 9 10 11 15 -14 -15 -16 18 -18 -19 20 -21 23 22 -24 24 25 -27 -28 -29 29 -31
leaf_value=0.012747516426945497 -0.0014890362408933155 0.00081183639783238306 0.0054507284354345818 -0.0015785864398617207 0.033111079249785645 -0.0026794970618913578 -0.043707834488966105 -0.052463812270538007 0.032487962877116978 -0.049110237516588814 0.046338454751507399 -0.044041981332312442 -0.0051050087109974565 -0.0051155360639183831 -0.099790190263849554 -0.086862323179746959 -0.046053059867917322 0.00019458350257873719 0.044433939316973897 -0.007734432767464096 -0.038363271357643225 -0.072709731232874858 0.072323654873864232 0.0038280753648305744 -0.053437278050044695 0.027485862443163207 -0.073253614286467289 0.056886401982992552 0.013931765443689466 0.0017020958957585175
leaf_weight=1357.2684694336094 2791.7053527657299 15564.687270468741 6789.1501009698513 3554.5044846978526 32.218305354324912 9657.9787548740496 50.6018657589957 13.674302651430478 8.3159251367906091 77.257686006349104 16.227815299549547 42.347133863018826 5199.9144738167379 50.122952847743363 12.807079622347372 18.522703594469931 27.391330102429492 1482.9100222102588 35.535846970044076 39.58285658954992 57.192620061512571 3.2215335059445351 6.7568173678591839 160.83468484107289 29.601248569524614 8.879888092982581 14.735972686321475 6.1197623452171719 393.3034866140224 1666.626623967275
leaf_count=54426 116729 527473 351665 147472 7141 281113 1723 549 56 2499 2228 1242 115113 6736 779 930 917 271125 462 2208 1507 171 56 7094 1896 427 699 55 3412 135817
internal_value=3.05188e-11 0.00282398 0.00666786 -0.00263012 -0.00141705 -0.001496 -0.00424569 -0.00553292 -0.00686229 -0.00653422 -0.0170148 -0.011275 -0.00550894 -0.0265381 -0.0481207 -0.0135875 -0.0273748 -0.000321268 -0.010096 -0.0340014 -0.00570229 0.0167699 -0.0155068 -0.0115594 -0.00371501 -0.0345403 -0.0420558 0.00948344 0.00086002 0.00404274
internal_weight=49170 23711.1 8146.42 25458.9 14541.8 14509.6 10917.1 7362.55 5865.97 5815.37 516.817 439.559 5298.55 98.6373 48.5143 423.331 35.7073 1496.58 380.984 58.1056 322.878 66.3699 30.8341 256.508 199.316 38.4811 24.0773 9.3413 4851.64 2059.93
internal_count=2043720 933564 406091 1110156 544212 537071 565944 418472 146798 145075 21474 18975 123601 8488 1752 16747 973 271674 15505 3138 12367 1443 981 10924 9417 2323 925 226 255958 139229
is_linear=0
shrinkage=0.05


Tree=128
num_leaves=31
num_cat=0
split_feature=6 6 5 5 14 23 7 4 3 5 2 16 15 13 3 10 1 14 2 4 0 3 12 4 3 9 3 15 1 14
split_gain=142.804 46.331 39.7635 23.9656 26.9024 19.3246 17.0635 14.6113 14.5795 13.8084 15.0561 39.863 31.9725 17.7201 19.3504 14.8931 14.8283 14.581 14.2662 13.9942 13.4919 13.0824 20.8944 19.3788 15.1438 13.2816 13.4387 12.9896 12.9014 15.8238
threshold=-0.14610304683446881 -0.08778089657425879 0.075652174651622786 0.035652173683047302 -0.12160713970661162 0.78571429848670971 -0.34581650793552393 0.018260869197547439 -0.092836603522300706 0.0043478262377902874 -0.17450958490371701 0.0026086957077495758 -0.99999991059303273 0.0095652174204587954 -0.14185427874326703 -0.12942156940698621 0.016521738842129711 -0.12242091074585913 -0.16495393961668012 0.0060869567096233377 0.0095652174204587954 -0.12626870721578595 0.025217391550540928 0.0095652174204587954 -0.21999999880790708 0.025217391550540928 -0.13847672939300534 -0.29113769531249994 0.026956521905958656 -0.12229925766587256
decision_type=2 2 2 2 2 2 2 2 2 2 2 2 2 2 2 2 2 2 2 2 2 2 2 2 2 2 2 2 2 2
left_child=2 3 5 4 28 9 7 -6 -4 -1 11 12 19 14 -12 16 20 18 -15 -11 -14 22 25 -23 -24 -8 -27 -3 -2 -30
right_child=1 27 8 -5 6 -7 21 -9 -10 10 13 -13 15 17 -16 -17 -18 -19 -20 -21 -22 23 24 -25 -26 26 -28 -29 29 -31
leaf_value=0.011301925337098281 0.0019895902091987255 0.0051424847136344043 0.00069751432702208507 -0.0007361592205842437 0.0081877341125103677 0.022896560810832526 0.012779351830159725 -0.029756679619010729 0.012417361814343325 -0.059556018264898584 0.008021529670602278 0.011896381207021196 -0.002499433799817439 0.012418276919617138 0.026209095745251661 -0.027688009303925839 -0.045211953780957298 0.0069073812199252045 -0.0071307316481904089 -0.0013024102144453317 0.028861997347545611 0.019107308485823121 0.044676266541977122 -0.011970215685881178 0.01892944414852336 -0.001286206875319759 -0.059513889226874651 -0.0039966869025349003 -0.0056064835424335883 -0.044973101291848894
leaf_weight=1375.1161561065201 1637.3298428022463 399.15784469760183 4577.6774308705426 20218.495238055199 54.776532298928942 192.1512299362148 370.8138247412935 45.736785037001027 280.70281137281563 41.586094152531587 2903.3840266395564 366.86443858632992 301.84047672778252 113.28984684101306 153.26742074415961 61.929255494702375 17.246307275694562 714.27410271505869 508.74030331350514 13.662571083172223 37.675168238638435 85.436171804440164 75.602166709082667 118.53480679262793 239.02638546108574 83.41234973599785 10.252442303724818 13903.726260244224 196.78051736283305 28.407526504546695
leaf_count=50778 31758 14640 161178 645004 3471 2740 15318 31769 15619 551 44732 15502 3189 7500 2263 866 240 112371 49039 240 202 1240 14121 57040 63043 5308 929 682075 9082 1912
internal_value=-2.10466e-11 -0.00150382 0.00483223 -0.000122196 0.00409012 0.00729989 0.0103503 -0.00920124 0.00137707 0.00684303 0.00566957 -0.000459873 -0.0100294 0.00684257 0.00894177 -0.00526107 -0.00130153 0.00203778 -0.00355607 -0.0454296 0.0010552 0.0123566 0.0153045 0.00107676 0.0252381 0.00853593 -0.0082211 -0.00374129 0.00044443 -0.0107495
internal_weight=49126.9 37467.5 11659.4 23164.6 2946.11 6801.03 1083.59 100.513 4858.38 6608.88 5233.76 840.804 473.94 4392.96 3056.65 418.691 356.762 1336.3 622.03 55.2487 339.516 983.078 779.107 203.971 314.629 464.479 93.6648 14302.9 1862.52 225.188
internal_count=2043720 1576710 467010 879995 234991 290213 192239 35240 176797 287473 236695 20790 5288 215905 46995 4497 3631 168910 56539 791 3391 156999 98719 58280 77164 21555 6237 696715 42752 10994
is_linear=0
shrinkage=0.05


Tree=129
num_leaves=31
num_cat=0
split_feature=6 5 5 5 5 5 4 6 14 2 16 2 1 15 9 11 11 4 18 7 11 23 12 4 16 9 15 10 11 6
split_gain=141.242 66.5935 20.1813 19.4808 16.6093 24.043 38.8995 19.0053 16.8861 16.5635 16.3776 37.5762 18.7998 16.7159 20.2126 18.5928 32.4317 17.087 21.9438 16.3225 16.7713 16.2633 14.8785 23.9069 25.8543 24.309 22.4223 26.0143 18.6768 25.8376
threshold=-0.11046976223587988 0.035652173683047302 0.065217390656471266 1.0000000180025095e-35 0.44782608747482305 0.46173912286758428 0.023478261195123199 -0.14610304683446881 -0.12558683753013608 -0.14760556071996686 0.0060869567096233377 -0.13682855665683744 0.030434782616794113 -0.10854390263557433 0.037391304969787605 -0.098020270466804491 -0.093956042081117616 1.0000000180025095e-35 0.00075306560029275726 -0.16092754900455472 -0.33080293238162989 0.78571429848670971 0.030434782616794113 0.023478261195123199 0.018260869197547439 0.032173912972211845 -0.13442293554544446 -0.12064090743660925 -0.10903285443782805 -0.14343849569559095
decision_type=2 2 2 2 2 2 2 2 2 2 2 2 2 2 2 2 2 2 2 2 2 2 2 2 2 2 2 2 2 2
left_child=1 3 9 -1 10 6 7 8 -6 -2 11 13 -13 14 21 -15 17 -17 -19 -12 -21 -3 23 24 28 -25 -26 -28 29 -22
right_child=2 4 -4 -5 5 -7 -8 -9 -10 -11 19 12 -14 15 -16 16 -18 18 -20 20 22 -23 -24 25 26 -27 27 -29 -30 -31
leaf_value=0.014476440902316163 -0.0064219987692689558 0.00084120439160246478 -0.0031520737572673964 0.0061178427457552857 -0.047412065898317368 -0.0015440072420944183 0.013352697684471527 -0.073720192663581735 0.020858792501038458 0.001882233787522034 0.004186030168861786 0.015960223303947429 0.0054008123971530176 0.020512410115816167 -0.052263516393619626 0.0035726318844436361 0.010057926923596982 0.016672883650811827 -0.096649496288503445 -0.024939621382373902 0.0034164332541160615 0.04538992702573031 0.0023708955947988938 -0.0050401728794855771 0.025174521696178932 -0.026411497508930709 0.012014217683469754 -0.042234018495065008 0.0090164517280939185 -0.0098985683327429668
leaf_weight=794.07588874066641 714.58416946759098 5789.7429750336014 21616.03370455802 5702.8548627940872 22.528731190541293 2336.164916968708 41.050037655950291 34.253303196746856 13.980937486747278 3731.9401664085308 1622.5851978599349 726.47438735319884 1006.1509216022678 231.91772470176511 16.86731506268552 12.070284850778988 127.67533259728225 5.2943714197026592 16.56893714366015 75.065405470864789 561.08734149654629 19.560240845108638 1723.8346914897047 382.09272967727156 160.23895520786755 203.67136242594279 70.632985387754161 30.97505637165159 268.19951358385151 1035.8854906328488
leaf_count=27615 22695 65707 733201 308225 478 74287 2797 737 241 378581 145875 6106 9254 2297 1228 58 1311 23 376 7003 18447 151 165968 21740 5335 13494 1908 1538 5192 21852
internal_value=-4.77367e-12 0.00285283 -0.00252106 0.00714153 0.00116733 -0.00263337 -0.0251785 -0.0474053 -0.0214095 0.000546548 0.00182796 0.00332518 0.00983493 0.00151046 0.000835846 0.0114708 -0.00155084 -0.0442665 -0.0696786 -0.000113218 -0.00165999 0.000998989 -0.00126058 -0.00356821 -0.00110282 -0.0125034 0.0135794 -0.00477371 -0.00317019 -0.00522121
internal_weight=49094.1 23031.5 26062.6 6496.93 16534.6 2447.98 111.813 70.763 36.5097 4446.52 14086.6 7952.32 1732.63 6219.7 5826.17 393.527 161.609 33.9336 21.8633 6134.27 4511.68 5809.3 4436.62 2712.78 2127.02 585.764 261.847 101.608 1865.17 1596.97
internal_count=2043720 909243 1134477 335840 573403 78540 4253 1456 719 401276 494863 86511 15360 71151 67086 4065 1768 457 399 408352 262477 65858 255474 89506 54272 35234 8781 3446 45491 40299
is_linear=0
shrinkage=0.05


Tree=130
num_leaves=31
num_cat=0
split_feature=6 5 6 7 8 1 2 13 12 5 10 2 11 16 15 0 1 6 4 7 10 4 1 9 10 6 3 3 6 1
split_gain=142.407 62.1595 27.8211 25.3924 19.2444 21.2313 30.0314 16.9732 25.205 16.5139 17.4226 17.9011 17.3398 21.515 16.3973 18.8842 15.9908 15.8319 15.4649 14.4032 14.2915 14.1783 33.0986 18.2249 17.2702 29.9172 17.5165 22.3631 14.7606 14.5535
threshold=-0.11464518308639525 0.0060869567096233377 -0.20253870636224744 -0.12935487926006314 1.0000000180025095e-35 0.0060869567096233377 -0.13108955323696134 0.084347829222679152 0.032173912972211845 0.22000000625848773 -0.11862916871905325 -0.083968635648488985 -0.11287590116262435 0.0078260868322104233 -0.18932979553937909 1.0000000180025095e-35 0.01304347859695554 -0.093576032668352113 0.054782608523964889 -0.083061397075653062 -0.11812228336930274 0.014782608952373268 0.018260869197547439 0.16956522315740588 -0.13672631978988645 -0.11625758558511733 -0.10229256376624106 -0.16514054685831067 -0.12316543236374854 0.01304347859695554
decision_type=2 2 2 2 2 2 2 2 2 2 2 2 2 2 2 2 2 2 2 2 2 2 2 2 2 2 2 2 2 2
left_child=1 -1 20 4 5 -2 -7 8 14 10 11 12 -4 -14 -6 17 -10 -16 -12 -11 -3 22 24 -24 -21 26 27 28 -26 -29
right_child=3 2 9 -5 7 6 -8 -9 16 19 18 -13 13 -15 15 -17 -18 -19 -20 21 -22 -23 23 -25 25 -27 -28 29 -30 -31
leaf_value=0.011099478894150047 -0.004173623326644023 0.0048028283008195215 0.00070806660871200119 -0.0030149870499385262 0.010151785368404179 -0.049823118807388836 0.040030387976563421 -0.011696952526710727 0.032456339025112128 -0.016264807042068129 0.0049025504050258534 -0.064653850552290101 0.018724687905778883 -0.0048433741939715976 0.0033302282180700613 -0.0016526090683068612 0.0083619402067241604 0.039616203291956621 0.019272910121710535 -0.0042029057037623798 0.014798935904030872 0.0026147150584762517 -0.0081725316198565448 -0.076931100437725636 0.020948169993535815 -0.032452327512150887 0.037977561297266531 -0.0041326472079992209 -0.00793506362516949 0.018369175791994766
leaf_weight=2168.3374117455569 309.44429889565799 3866.7115039160126 7207.2611538011261 23359.486670686732 400.42986968986952 55.392250446719117 10.354016203113131 209.83934300992769 74.966441756503627 152.70301249864133 1989.9689500015666 9.3039781159823161 292.60237939449871 143.97179380428861 73.166100293106865 2487.6251419459877 757.8944792289476 50.266416640399257 205.88396910980737 654.50345496227965 393.3881847266457 1923.2734293604008 1334.8240829395363 8.7234078948385996 289.99032005717163 46.033381199842552 46.681106121279299 400.1128979162313 51.619906535604969 86.53973130218219
leaf_count=97180 2629 116435 215964 787415 12412 688 57 179377 13841 6221 146835 1471 3702 13342 1004 73461 127803 501 58464 6450 31294 121409 17780 295 2327 426 264 3419 437 817
internal_value=-4.77808e-11 0.0030788 0.00216791 -0.00235685 0.00111388 -0.00970468 -0.0352849 0.00211722 0.0028741 0.00114555 0.00233313 0.0012063 0.00129491 0.0109592 0.00074373 -0.000702417 0.010567 0.0183069 0.00625808 -0.00119608 0.00572915 -0.000717625 -0.00291336 -0.00867585 0.00200319 0.00641341 0.00849296 0.00678741 0.0165733 -0.000101764
internal_weight=49061.3 21272.4 19104.1 27788.9 4429.38 375.191 65.7463 4054.19 3844.35 14844 9848.99 7653.14 7643.84 436.574 3011.49 2611.06 832.861 123.433 2195.85 4995 4260.1 4842.3 2919.03 1343.55 1575.48 920.977 874.944 828.263 341.61 486.653
internal_count=2043720 844532 747352 1199188 411773 3374 745 408399 229022 599623 439778 234479 233008 17044 87378 74966 141644 1505 205299 159845 147729 153624 32215 18075 14140 7690 7264 7000 2764 4236
is_linear=0
shrinkage=0.05


Tree=131
num_leaves=31
num_cat=0
split_feature=6 5 7 6 15 10 10 1 13 0 18 13 17 27 13 14 2 7 5 7 11 4 6 3 7 13 10 11 11 3
split_gain=146.303 47.6064 37.059 20.2639 16.2919 17.3375 16.0934 15.972 21.1441 20.4618 21.2735 17.0207 16.8892 16.361 24.3753 22.8408 16.2649 14.5515 27.6533 14.5621 14.4713 21.2084 20.1611 16.3687 17.0722 23.3195 15.2559 20.545 15.8496 20.6607
threshold=-0.12679309397935865 0.0060869567096233377 -0.10877612233161925 -0.20253870636224744 -0.14871873706579206 -0.14047730714082715 -0.13806150108575818 0.056521739810705192 0.0043478262377902874 0.0095652174204587954 0.0014420108054764571 0.028695652261376384 0.0019565217080526058 1.0000000180025095e-35 0.011304348241537811 -0.11820954084396361 -0.16238458454608914 -0.16362159699201581 0.063478261232376113 -0.15705109387636182 -0.15516303479671475 0.044347826391458518 -0.099597904831171022 -0.18902437388896939 -0.15832623839378354 0.014782608952373268 -0.13334935903549192 -0.14620355516672132 -0.14295394718647 -0.2139763534069061
decision_type=2 2 2 2 2 2 2 2 2 2 2 2 2 2 2 2 2 2 2 2 2 2 2 2 2 2 2 2 2 2
left_child=1 -1 4 -3 5 -2 -7 8 9 10 -8 -9 -10 -14 -15 -16 -12 18 -18 -19 21 23 -22 -6 25 -25 27 -24 29 -28
right_child=2 3 -4 -5 20 6 7 11 12 -11 16 -13 13 14 15 -17 17 19 -20 -21 22 -23 26 24 -26 -27 28 -29 -30 -31
leaf_value=0.010979152233120792 -0.025380437005672437 0.0057048632116173965 -0.0030613570377131653 0.0016224235788374773 -0.0086050772565851481 0.037565894333085693 0.011068890418919975 0.022301663919163682 -0.065986247350946312 0.017853878301017232 -0.080636358595559704 0.0041997032419538788 -0.0028065783068953205 0.039738318884135045 -0.058879315772184332 0.03070635917129258 -0.011440841959011424 0.047017099914073969 -0.096707049751693752 -0.0022021610010044333 0.0030730119484787721 0.016416316786882167 0.050532832417482458 -0.080501950275554554 -0.054069237392583014 0.027556502217706981 0.034752173622549641 -0.046472739841895871 -0.0013582834984761142 -0.020344325903577896
leaf_weight=2014.9926701909681 48.703293567810761 4258.3140524239279 22857.453682346608 10619.683995305797 398.54768749854702 35.156513955091214 276.30132616581977 220.88965065580487 9.1946676050138176 333.72749136528 6.8116425995831369 314.51960961039731 1232.4470961739753 53.180476392124547 14.464289246549017 12.313331787256173 100.78597913206613 17.214456232381053 9.5527710884343815 85.44825675834727 2853.2847349090844 72.705969998016371 5.5619395977191735 5.795638272335057 42.220449113112409 17.821124235721072 17.752915121243859 35.764984266297688 2936.5128581462704 192.2952291475267
leaf_count=84438 4388 147729 745184 445029 9687 777 2293 7278 142 3127 137 46878 85067 522 558 1207 1135 77 166 671 141688 11881 122 212 1360 771 684 1712 287806 10994
internal_value=-2.64384e-12 0.00376844 -0.00197669 0.00279119 0.00067529 0.00389069 0.00442355 0.00397608 0.00205047 0.00830082 0.00185166 0.0116955 -0.00187748 -0.00137844 0.0203972 -0.0180621 -0.00973189 -0.00709821 -0.0196252 0.00642486 -0.000679397 -0.00853661 2.04468e-05 -0.0124702 -0.0353892 -0.00115441 -0.00271183 -0.0325319 -0.00230996 -0.0155451
internal_weight=49099.4 16893 32206.4 14878 9348.97 2770.71 2722.01 2686.85 2151.44 829.842 496.114 535.409 1321.6 1312.41 79.9581 26.7776 219.813 213.001 110.339 102.663 6578.26 537.091 6041.17 464.385 65.8372 23.6168 3187.89 41.3269 3146.56 210.048
internal_count=2043720 677196 1366524 592758 621340 154423 150035 149258 95102 7606 4479 54156 87496 87354 2287 1765 2186 2049 1301 748 466917 23911 443006 12030 2343 983 301318 1834 299484 11678
is_linear=0
shrinkage=0.05


Tree=132
num_leaves=31
num_cat=0
split_feature=6 5 6 5 5 12 2 6 2 13 2 14 15 6 1 3 15 5 10 5 14 6 2 4 2 10 8 12 10 2
split_gain=143.647 55.0995 26.5469 21.9085 16.2864 16.3256 16.1155 15.3011 18.7482 15.3993 21.1383 15.8839 15.3344 14.58 14.4702 14.2136 13.9454 17.0473 19.6648 15.1824 14.8103 13.5691 13.4429 16.737 14.5081 20.266 13.1235 16.9412 20.2703 15.914
threshold=-0.12082320079207419 0.026956521905958656 -0.08215072005987166 0.12956521660089496 1.0000000180025095e-35 1.0000000180025095e-35 -0.17954419553279874 -0.1944840922951698 -0.16817409545183179 0.0026086957077495758 -0.15355309098958966 -0.12421382591128348 -0.37672021985054011 -0.2238461300730705 0.0060869567096233377 -0.098661791533231721 -0.34833675622940058 0.47913043200969702 -0.13083139806985852 0.90869563817977916 -0.13824202865362165 -0.0098878121934831125 -0.16019693017005918 0.0095652174204587954 -0.12998241931200025 -0.12236040458083151 0.037391304969787605 0.086086958646774306 -0.10098077356815337 -0.13864457607269284
decision_type=2 2 2 2 2 2 2 2 2 2 2 2 2 2 2 2 2 2 2 2 2 2 2 2 2 2 2 2 2 2
left_child=1 4 3 -2 15 6 14 12 -9 -10 -11 -12 -8 22 -6 -1 17 20 -19 21 -4 -20 -3 -24 25 -25 27 -18 -29 -28
right_child=2 13 16 -5 5 -7 7 8 9 10 11 -13 -14 -15 -16 -17 26 18 19 -21 -22 -23 23 24 -26 -27 29 28 -30 -31
leaf_value=0.015316257498646364 0.0011629777153656503 0.0015790935980574362 -0.063569903987250945 -0.0023461850186116862 -0.012284445503750317 0.0083711060768740485 -0.0084110916601296687 -0.043903490861036544 0.002712341628509266 -0.07928447440714731 0.011003779079517084 -0.058379445685926783 0.012893439214621752 0.0010753966975786701 -0.078577533555556731 -0.052856205625412649 -0.0058569415948150185 0.031223083332734006 -0.043310956710757832 0.055848680639529559 0.01984290790854612 0.052995370125328234 0.013266755253864141 -0.0013119094692092949 -0.015573754027277693 0.036796429759039594 0.0081989034086496944 0.053051340498519173 -0.059022526432124058 -0.003055283189782093
leaf_weight=746.93050216334086 7232.8558365731878 1079.9075324963997 4.5537906984536667 11548.077472789286 75.604808593256166 3322.6146793069311 104.73434293644095 26.729749020625604 330.99923912178201 12.876314141904002 30.207488248473961 10.233740953262897 422.93103716429323 11708.600614191408 8.3322972684982215 6.7718025268404736 6698.1367039787092 18.215956067011575 44.694331928549218 4.0616601830115533 155.31646334398465 3.1383462533995035 789.94505962711992 152.34573320194613 104.30801051866729 44.225094385794364 339.71793297395925 21.775266187964011 4.0345932942000209 4028.60263516952
leaf_count=23585 368263 25253 175 336729 749 219519 977 337 2686 176 212 119 3412 437032 116 1292 147975 222 1122 38 5895 59 8626 14176 14413 4239 34464 458 304 391097
internal_value=2.75399e-11 0.00340662 -0.00214772 -0.000994757 0.00785098 0.00667125 0.00114561 0.00302971 -0.00419742 -0.00132904 -0.0260062 -0.00753885 0.00865687 0.00177341 -0.0197129 0.0146345 -0.00405995 0.008103 -0.0123341 -0.0279248 0.0170866 -0.0360364 0.00553615 0.00944857 -0.000586642 0.00740467 -0.00431283 -0.00569898 0.0339839 -0.00217839
internal_weight=49081.5 18978.3 30103.2 18780.9 5098.97 4345.26 1022.65 938.712 411.047 384.317 53.3175 40.4412 527.665 13879.3 83.9371 753.702 11322.2 229.981 70.1103 51.8943 159.87 47.8327 2170.73 1090.82 300.879 196.571 11092.3 6723.95 25.8099 4368.32
internal_count=2043720 756919 1286801 704992 253180 228303 8784 7919 3530 3193 507 331 4389 503739 865 24877 581809 7511 1441 1219 6070 1181 66707 41454 32828 18415 574298 148737 762 425561
is_linear=0
shrinkage=0.05


Tree=133
num_leaves=31
num_cat=0
split_feature=6 5 5 6 15 6 4 12 18 2 11 5 10 16 0 12 15 9 4 11 18 5 13 18 17 13 6 13 9 7
split_gain=141.282 59.2667 25.9193 25.8863 13.6092 13.7528 14.7561 13.9942 20.9185 29.6 13.2061 12.9421 14.1088 16.3321 15.3156 20.1212 16.6768 15.9938 18.1135 14.8581 14.8544 14.7054 14.685 20.8397 14.6223 13.9711 13.4549 12.9073 15.0202 23.0708
threshold=-0.11464518308639525 0.0060869567096233377 0.086086958646774306 -0.20253870636224744 -0.3283239603042602 -0.077575184404849992 0.46521739661693579 1.0000000180025095e-35 0.0028840218437835578 -0.1230662204325199 -0.099671263247728334 0.22000000625848773 -0.11862916871905325 0.033913042396306999 0.073913045227527632 0.033913042396306999 -0.13791122287511823 0.026956521905958656 0.0078260868322104233 -0.11287590116262435 0.022148325107991699 0.12608695775270465 0.0060869567096233377 0.025273551233112816 0.041521739214658744 0.049565218389034278 -0.11625758558511733 0.046086955815553672 0.032173912972211845 -0.12103668227791785
decision_type=2 2 2 2 2 2 2 2 2 2 2 2 2 2 2 2 2 2 2 2 2 2 2 2 2 2 2 2 2 2
left_child=1 -1 4 -3 -2 -6 7 8 10 -10 -7 12 13 19 15 24 21 18 -18 -5 -20 -16 -21 -24 25 26 27 28 -14 -30
right_child=2 3 -4 11 5 6 -8 -9 9 -11 -12 -13 14 -15 16 -17 17 -19 20 22 -22 -23 23 -25 -26 -27 -28 -29 29 -31
leaf_value=0.010924712193755194 0.014315367846030928 0.0056223579607023386 -0.0031811894511608405 0.0010106034994934955 0.0014705726034036888 0.0059433888599651269 0.090383751844524948 -0.003072538432076501 -0.12448014554013652 0.0020879110734249354 -0.046613489624696525 -0.00087885275194469917 0.0058441337499124529 -0.015162164700866763 0.0010096577159612041 0.018295044650258874 0.037468774329810869 -0.014580528339437324 0.053651540070218974 0.020562330201034318 -0.062249124943825722 0.016103478729304035 -0.0039931800222481042 0.041767027254020518 0.04723425499585962 -0.025842525462424489 0.03174037148624325 0.041666731947199782 -0.00023652887363255376 -0.048719868215759299
leaf_weight=2156.631562277078 171.01511044322979 4249.3028995281711 21393.942964907714 7072.3647006597967 4587.9534805850817 39.812113011546899 3.1468223899828436 1583.8305714256749 9.8728241718490626 7.9751631722319862 15.969100459224135 4987.0397289046086 454.55492308791145 148.03661700154044 597.68899312615031 432.63794225671154 32.009555180266034 226.38810934399953 2.9319959430576992 197.59565486403881 9.1799953803856607 220.12582527093764 194.50327949770872 27.51046532496548 18.511130793034681 37.752908277063398 43.075615264213411 19.932817436390906 86.522789043534431 33.254885512404144
leaf_count=97180 10453 147729 714962 187100 280083 282 3914 188922 271 102 199 159845 18712 34220 62755 68994 217 30086 351 1568 889 10451 10342 1249 1100 3029 1073 842 5378 1422
internal_value=-2.85947e-11 0.00306978 -0.00234512 0.00218191 0.000441248 5.93008e-05 -0.00383832 -0.0040716 -0.0252333 -0.0708145 -0.00965859 0.00119656 0.00224683 0.00122789 0.00575991 0.00984477 0.00152757 -0.00921275 0.0180421 0.00155373 -0.0322406 0.00508707 0.0106838 0.00183898 0.00455515 0.00331675 0.00508178 0.00309934 0.00169072 -0.0139893
internal_weight=49061.1 21247.6 27813.5 19090.9 6419.58 6248.56 1660.61 1657.46 73.6292 17.848 55.7812 14841.6 9854.58 7640.01 2214.57 1126.24 1088.32 270.51 44.1215 7491.97 12.112 817.815 419.609 222.014 693.605 675.094 637.341 594.265 574.333 119.778
internal_count=2043720 844532 1199188 747352 484226 473773 193690 189776 854 373 481 599623 439778 234479 205299 100550 104749 31543 1457 200259 1240 73206 13159 11591 31556 30456 27427 26354 25512 6800
is_linear=0
shrinkage=0.05


Tree=134
num_leaves=31
num_cat=0
split_feature=6 5 7 11 3 4 15 12 12 1 18 9 14 7 6 2 8 17 6 15 11 11 1 16 14 5 16 16 1 8
split_gain=139.437 47.9691 32.7784 16.4789 15.53 25.7579 20.526 20.2438 19.9535 21.1164 21.7154 17.9717 22.8359 21.4012 20.5605 20.3817 18.5417 18.2455 17.282 18.0451 39.4566 16.2855 15.861 22.0578 17.3725 21.8189 15.8849 21.801 15.8087 19.0673
threshold=-0.12929385900497434 0.028695652261376384 -0.10382824763655661 -0.093368384987115846 -0.13414342701435086 0.025217391550540928 -0.1390978395938873 0.051304347813129432 1.0000000180025095e-35 0.023478261195123199 0.0028510604752227668 0.014782608952373268 -0.12393795326352118 -0.13156066834926602 -0.12679309397935865 -0.14951908588409421 0.0043478262377902874 0.029782608151435856 -0.12742477655410764 -0.12303799390792845 -0.13337357342243192 -0.13855831325054166 0.037391304969787605 0.040869565680623061 -0.12206529453396796 0.10347826033830644 0.0095652174204587954 0.028695652261376384 0.07739130407571794 0.058260869234800346
decision_type=2 2 2 2 2 2 2 2 2 2 2 2 2 2 2 2 2 2 2 2 2 2 2 2 2 2 2 2 2 2
left_child=1 -1 3 4 8 6 -6 -7 9 18 -11 17 -13 15 -15 -14 -17 -10 -2 -20 -21 -19 24 -24 25 -16 -26 -28 29 -9
right_child=2 -3 -4 -5 5 7 -8 28 11 10 -12 12 13 14 22 16 -18 21 19 20 -22 -23 23 -25 26 -27 27 -29 -30 -31
leaf_value=0.007950574952849716 -0.047863010610938561 0.0020121370031657058 -0.0029500314692017418 -0.0055080561021244026 0.019346147805177828 -0.0097275159921722167 0.0052949153652689478 0.0031642906257834912 0.0024153041907354995 0.018994323175805544 -0.089234220668606132 -0.014932666430543712 0.022264994752207681 0.025969203846219032 -0.016454335343630843 -0.082464979307681777 0.0018488686351403806 0.025087159768182217 -8.5314047142960275e-05 -0.099967474300175829 -0.011653951311190224 -0.010590464428907865 0.0023452887270748813 -0.020588494400886812 0.0046943018896918806 -0.087858636276531066 -0.026994116419108333 0.0024696489283379157 -0.0032501469929913638 0.043306468287494848
leaf_weight=4893.5909667367523 23.196660339424852 11144.593741344892 22301.328102586242 1057.0152759978646 327.69944385637064 446.30815944830829 1248.6997142133187 66.31877766963953 3264.7656816374292 6.2416239324957159 14.127077535260467 303.07831943436395 126.83542867284268 47.864473265552078 29.399591155204689 5.5484703425026956 1552.4667450180223 159.11921196156982 526.07249616908666 12.649563501996452 179.24396382794657 39.365493376375525 524.55259638743883 129.98911124546066 113.8764828851854 16.383025231945794 190.91765825056063 93.073009736850508 148.29685561778024 52.65332475226387
leaf_count=234096 288 410938 725340 186724 8289 42316 22914 10974 51749 43 286 12857 12260 1901 812 238 179022 9971 3964 193 1474 2177 20339 11710 3078 641 10850 7635 57441 13200
internal_value=-5.10755e-11 0.00382446 -0.00185837 0.000415746 0.0010652 0.00466013 0.00822628 -0.00321852 -5.39881e-05 -0.00771176 -0.0567327 0.000830998 -0.00191202 -0.000513238 -0.00578161 0.00307168 0.0014959 0.00331306 -0.00628994 -0.00488206 -0.0179636 0.0179936 -0.00718783 -0.00223372 -0.0144755 -0.0433378 -0.0110539 -0.0173631 0.00764649 0.0211429
internal_weight=49045.3 16038.2 33007.1 10705.8 9648.74 2289.98 1576.4 713.577 7358.77 761.531 20.3687 6597.24 3133.98 2830.91 1146.06 1684.85 1558.02 3463.25 741.163 717.966 191.894 198.485 1098.19 654.542 443.65 45.7826 397.867 283.991 267.269 118.972
internal_count=2043720 645034 1398686 673346 486622 155134 31203 123931 331488 6248 329 325240 261343 248486 56966 191520 179260 63897 5919 5631 1667 12148 55065 32049 23016 1453 21563 18485 81615 24174
is_linear=0
shrinkage=0.05


Tree=135
num_leaves=31
num_cat=0
split_feature=6 5 6 5 10 3 16 15 7 13 13 15 6 13 11 6 1 15 23 10 5 5 15 6 9 13 2 15 4 2
split_gain=135.85 65.6313 21.6479 19.9569 14.7466 19.0781 17.5115 17.713 15.6638 15.459 13.9845 17.7518 15.4903 14.6264 14.3547 13.8282 13.2386 17.4791 15.8202 13.1253 13.0351 12.553 14.8456 20.7174 12.3591 12.318 12.2698 12.963 13.9992 14.5898
threshold=-0.1067078374326229 0.049565218389034278 -0.19988396763801572 0.063478261232376113 -0.12155555561184882 -0.21594060212373731 1.0000000180025095e-35 -0.19095176458358762 -0.14674156159162519 0.0026086957077495758 1.0000000180025095e-35 -0.19095176458358762 -0.23885913938283918 0.058260869234800346 -0.43715696036815638 -0.14256002753973004 1.0000000180025095e-35 -0.19587332010269162 0.5000000149011613 -0.12912335991859433 1.0000000180025095e-35 0.72956520318984996 -0.10057229548692702 -0.10898523777723311 0.0026086957077495758 0.011304348241537811 -0.14760556071996686 -0.11075947806239127 0.47739130258560186 -0.13595369458198545
decision_type=2 2 2 2 2 2 2 2 2 2 2 2 2 2 2 2 2 2 2 2 2 2 2 2 2 2 2 2 2 2
left_child=1 2 10 26 5 6 7 9 -9 -4 12 13 14 -12 20 16 -11 18 -18 -15 -1 -3 23 -23 -7 -13 -2 -28 29 -29
right_child=3 21 4 -5 -6 24 -8 8 -10 15 11 25 -14 19 -16 -17 17 -19 -20 -21 -22 22 -24 -25 -26 -27 27 28 -30 -31
leaf_value=0.031513436452302465 -0.0060745250868347424 0.0010405830826271309 0.0028463006808114506 -0.0032856805312118085 0.0079344724466559897 0.010274445112711911 0.0022869421303791482 -0.017961732351585904 -0.085113145076867888 0.0096611985321471069 0.0048222208935651666 0.021373191323093132 0.0043417171966975768 -0.010446930883601328 0.022603589200815326 0.0084195840264196138 -0.093469600854865165 0.029623551097709807 -0.027120032018687009 0.049085645982691321 -0.0069749977549518382 -0.0073787351457309793 0.020616492597302659 -0.070205742368533317 0.0019177924039363626 0.0019622492459579742 0.0046525938913998966 0.0057018773642637036 0.094443871806813573 -0.004911972956402934
leaf_weight=28.581470223114593 585.68841729439737 15876.197827238397 288.33595136621443 20348.52010577036 1669.6988649643354 786.27438023792638 870.51597136392229 185.23142711764376 8.2184259925561474 12.189720310270785 2012.5599911108948 328.46830354913254 253.99360690830508 12.260379794817707 507.63106956688716 25.504319695726736 17.986361157090869 5.6023470670916131 19.261153972707689 33.2921097637809 84.90416436571104 496.08420112272142 45.008190005697543 12.499138747982213 1011.4689972666711 108.98240908831212 1800.4085241377707 457.12865975632485 2.7876373583421801 1103.3641469139402
leaf_count=402 19113 533982 2400 697206 190917 7923 40020 2044 124 137 77183 6580 2634 2625 5401 255 352 35 254 3038 869 18153 2052 688 54970 20379 128933 22335 3112 199604
internal_value=-4.9659e-11 0.00261112 0.00624336 -0.00265441 0.00412048 0.00214741 -0.00215572 -0.00902504 -0.0212376 -0.00258036 0.00932747 0.00741505 0.0147664 0.00546573 0.0190156 -0.0218037 -0.035709 -0.0485417 -0.0607655 0.0331823 0.00290895 0.000782342 -0.00661215 -0.00905754 0.0055764 0.0165528 0.000598088 0.00176139 -0.00156922 -0.00180111
internal_weight=48998.6 24700.8 8270.96 24297.9 4900.29 3230.59 1432.85 562.33 193.45 368.88 3370.67 2495.56 875.11 2058.11 621.117 80.5439 55.0396 42.8499 37.2475 45.5525 113.486 16429.8 553.592 508.583 1797.74 437.451 3949.38 3363.69 1563.28 1560.49
internal_count=2043720 973417 418542 1070303 299431 108514 45621 5601 2168 3433 119111 109805 9306 82846 6672 1033 778 641 606 5663 1271 554875 20893 18841 62893 26959 373097 353984 225051 221939
is_linear=0
shrinkage=0.05


Tree=136
num_leaves=31
num_cat=0
split_feature=6 5 5 6 15 4 6 10 5 10 16 11 4 2 2 12 5 9 1 0 23 4 12 11 3 17 3 7 15 11
split_gain=134.153 56.7963 25.0657 24.8678 22.2878 15.9388 15.3025 12.9766 12.6999 12.4566 14.6025 15.4512 13.9328 12.3671 12.2602 12.7544 23.0495 22.924 20.413 24.5604 20.1991 19.5934 18.2259 18.0839 17.7114 24.3366 27.0067 19.7363 19.8428 18.702
threshold=-0.11464518308639525 0.0060869567096233377 0.14347826689481738 -0.20253870636224744 -0.21838362514972684 0.044347826391458518 -0.093975905328989015 -0.11812228336930274 0.22000000625848773 -0.11862916871905325 0.033913042396306999 -0.11287590116262435 0.061739129945635803 -0.17271210998296735 -0.087636198848485933 0.0095652174204587954 0.033913042396306999 0.044347826391458518 0.0043478262377902874 0.0095652174204587954 0.21428572386503222 0.014782608952373268 0.0078260868322104233 -0.17793200910091397 -0.16840297728776929 0.0028260869439691309 -0.17482455074787137 -0.17076143622398374 -0.16362153738737104 -0.17095449566841123
decision_type=2 2 2 2 2 2 2 2 2 2 2 2 2 2 2 2 2 2 2 2 2 2 2 2 2 2 2 2 2 2
left_child=1 -1 4 7 5 -2 13 -3 9 10 11 14 -11 -6 15 17 20 18 19 22 -17 -18 -5 -24 25 26 27 28 -20 -29
right_child=2 3 -4 8 6 -7 -8 -9 -10 12 -12 -13 -14 -15 -16 16 21 -19 24 -21 -22 -23 23 -25 -26 -27 -28 29 -30 -31
leaf_value=0.010707071150635348 0.01111378790943944 0.0046181656416376341 -0.0034674894800411707 0.002514844343456629 -0.045132029527012091 -0.017906931142809203 -0.0026507074322051289 0.014156433576921236 -0.00090120870187791388 0.0043889548421997106 -0.014450891027686817 0.010874588971910527 0.019771864980527593 0.0014599721163930516 -0.057242480351552473 -0.023833955139049075 0.0089902819585450273 -0.088152407637948127 -0.018551667141795045 0.019507881593892107 0.019578774448060707 -0.0018462335393077398 -0.00076471489796022852 -0.058405344326695065 0.0025138588074384381 -0.003314105225135078 -0.072716712909218426 -0.018394559055032685 -0.066849084496956687 0.018867745551298516
leaf_weight=2144.8582478542085 577.71268453342964 3841.7659716530325 17162.912918309172 1837.1741375615748 13.290863537142284 50.632931355150504 5688.9895158382096 392.46274676627218 4964.9099385371446 2075.8960171755243 144.51113796511709 417.69071058923146 157.57343433416827 4272.725059436134 8.0279659962543501 28.386876244556333 644.66971154237399 6.4236535916570565 129.03866654864396 213.84497801665566 321.02374870225322 1177.7445101841731 30.301766706747003 23.738509561808314 943.95479765202617 1516.468049818679 20.607101114001125 68.975062007782981 24.860735778347589 63.910161500651157
leaf_count=97180 22219 116435 574539 17467 760 19477 386047 31294 159845 155644 34220 13159 49655 196146 790 4271 13790 215 1277 2042 34640 74925 633 667 11486 23290 227 651 337 392
internal_value=-5.08108e-11 0.00299515 -0.00228674 0.00212652 -0.000375398 0.00875052 -0.000951077 0.00550538 0.00116081 0.00219966 0.00123699 0.00154209 0.0054826 0.001305 0.000988424 0.00106283 0.00424928 -0.000356071 -0.000222271 0.0034876 0.0159939 0.00198996 0.00166679 -0.0266859 -0.00304405 -0.0059204 -0.0187257 -0.0146069 -0.0267348 -0.000466459
internal_weight=48965.1 21198.8 27766.3 19054 10603.4 628.346 9975.01 4234.23 14819.7 9854.82 7621.35 7476.84 2233.47 4286.02 7059.15 7051.12 2171.82 4879.3 4872.87 2105.06 349.411 1822.41 1891.21 54.0403 2767.81 1823.86 307.392 286.785 153.899 132.885
internal_count=2043720 844532 1199188 747352 624649 41696 582953 147729 599623 439778 234479 200259 205299 196906 187100 186310 127626 58684 58469 20809 38911 88715 18767 1300 37660 26174 2884 2657 1614 1043
is_linear=0
shrinkage=0.05


Tree=137
num_leaves=31
num_cat=0
split_feature=6 6 5 5 5 2 17 1 5 15 10 3 13 9 27 7 1 13 2 10 17 8 9 6 10 18 1 4 15 2
split_gain=133.932 37.4685 36.8539 20.8799 16.8847 13.5064 24.3788 29.5656 29.8815 26.3026 20.0267 14.8215 13.7537 15.7102 12.8724 12.8847 11.7285 12.7159 16.215 17.5392 12.6855 14.1708 13.4866 11.9081 11.6825 11.633 20.8552 30.1485 15.7839 14.1725
threshold=-0.13926603645086286 -0.088189937174320207 0.0060869567096233377 0.079130433499813094 0.094782605767250075 -0.17450958490371701 0.0034782608272507791 0.0060869567096233377 0.080869562923908248 -0.99999991059303273 -0.1338526830077171 -0.15540903061628339 1.0000000180025095e-35 0.0060869567096233377 1.0000000180025095e-35 -0.23047929257154462 0.040869565680623061 0.020000000484287742 -0.13351088762283322 -0.12646783143281934 0.01108695659786463 0.0060869567096233377 0.020000000484287742 -0.14610304683446881 -0.13012435287237165 0.0022591965971514587 0.0043478262377902874 1.0000000180025095e-35 -0.25728204846382136 -0.16162921488285062
decision_type=2 2 2 2 2 2 2 2 2 2 2 2 2 2 2 2 2 2 2 2 2 2 2 2 2 2 2 2 2 2
left_child=2 3 -1 -2 5 6 7 9 -9 24 -11 14 13 -7 -8 -16 17 23 19 -19 21 -18 -22 25 -4 26 -14 29 -27 -28
right_child=1 -3 4 -5 -6 12 11 8 -10 10 -12 -13 16 -15 15 -17 20 18 -20 -21 22 -23 -24 -25 -26 28 27 -29 -30 -31
leaf_value=0.010892154624890522 0.0023149839830401597 -0.0035425938522789346 -0.073825181035506837 -0.0012000203846981876 0.0011172485568791163 0.012067763005987194 0.008343020919020696 -0.066974920282649286 0.034083249971469526 0.0064755201779816314 -0.024422481202310633 -0.045590307637372131 0.0074079625092065074 -0.046209660992145386 -0.054652347988287719 0.021106681482411405 0.0062118606624030305 -0.013995951527414965 -0.027940595374850049 0.010537138164205324 0.026699388065567334 -0.096485687550590254 0.0082086165361254845 -0.0054478459241788955 0.0068322103624969517 0.001823158080154512 -0.10999140969812471 -0.0030070678509466499 0.011736494867542904 -0.032646963163602785
leaf_weight=1839.6194601754869 5789.7350065466926 14477.877596646584 17.869002252351496 15623.465062604675 5059.5965072324907 962.36482714497834 569.72503939446324 37.113447620300576 8.3927356544882041 217.4767622545769 68.009324133221526 12.804219153906159 577.03818633686751 10.743882549810222 15.233348664361985 7.9101115317316717 7.538060770602895 130.836562865421 64.630739317537518 161.8355004500263 112.58110686454165 4.9008160000084899 766.60808004891805 273.00042453259812 5.6814698807429513 644.94965996560495 6.9485891973599783 389.39579479655367 1064.6905890658891 29.975374294095673
leaf_count=73013 337357 704822 273 470107 182217 7640 18389 496 42 1793 750 1172 7295 111 396 105 115 20899 18257 24630 3289 151 91772 7363 40 24154 94 12519 34225 234
internal_value=-2.34359e-11 -0.00157798 0.00433387 -0.000249564 0.00325845 0.00501434 -0.000434234 -0.0108299 -0.0480046 -0.0052187 -0.000944647 0.00565891 0.0060188 0.0113776 0.00684064 -0.0289572 0.00478506 0.00342431 -0.00547894 -0.000440484 0.00987784 -0.0384189 0.010604 0.00449114 -0.0548812 0.00549291 0.00121731 -0.00715969 0.00800001 -0.0497187
internal_weight=48958.5 35891.1 13067.5 21413.2 11227.9 6168.25 960.215 354.543 45.5062 309.037 285.486 605.673 5208.04 973.109 592.868 23.1435 4234.93 3343.3 357.303 292.672 891.628 12.4389 879.189 2986 23.5505 2713 1003.36 426.32 1709.64 36.924
internal_count=2043720 1512286 531434 807464 458421 276204 23456 3394 538 2856 2543 20062 252748 7751 18890 501 244997 149670 63786 45529 95327 266 95061 85884 313 78521 20142 12847 58379 328
is_linear=0
shrinkage=0.05


Tree=138
num_leaves=31
num_cat=0
split_feature=6 5 6 5 5 15 6 2 12 10 1 15 17 3 13 17 0 1 10 6 18 18 5 11 15 18 6 17 4 16
split_gain=131.789 37.5868 35.007 24.3376 18.2291 14.3154 13.8279 13.395 23.5981 25.3057 26.7384 23.0282 15.509 14.9909 14.8464 17.2934 14.3641 13.5355 15.7278 13.1728 18.5792 13.7903 14.9821 12.8342 16.1133 13.1996 12.4559 17.1999 12.3741 12.1604
threshold=-0.13687722384929654 0.0060869567096233377 -0.081362813711166368 0.15739130228757861 0.094782605767250075 -0.34833675622940058 -0.13474491983652112 -0.16955570131540296 0.0078260868322104233 -0.12567386776208875 0.037391304969787605 -0.99999991059303273 0.0052173917647451171 -0.15209447592496869 0.0043478262377902874 0.0078260875307023543 0.0095652174204587954 0.014782608952373268 -0.14677836000919339 -0.19183738529682157 0.0045183927286416301 0.0017391304136253896 0.046086955815553672 -0.28577341139316553 -0.26118582487106318 0.0018951733945868912 -0.18102804571390149 0.0071739130653440961 0.039130434393882758 0.070434782654047026
decision_type=2 2 2 2 2 2 2 2 2 2 2 2 2 2 2 2 2 2 2 2 2 2 2 2 2 2 2 2 2 2
left_child=1 -1 3 6 7 -4 28 8 9 10 11 12 -3 -10 16 -16 26 -14 -19 20 21 -13 -23 24 -8 -26 -9 -28 -2 -5
right_child=2 4 5 29 -6 -7 23 14 13 -11 -12 19 17 -15 15 -17 -18 18 -20 -21 -22 22 -24 -25 25 -27 27 -29 -30 -31
leaf_value=0.01074645579078249 -0.012664847008078586 -0.039214331205164689 0.008350879449251487 -0.0021232170072611987 0.00098932561223477556 -0.0042401804571374864 0.015129768355322577 0.010129392272663171 0.011738090160727051 -0.033536446896988932 -0.084116926924486246 0.0083637223183031656 0.024827875870634571 -0.043973487654574206 -0.0045879854978049936 0.0055414460178459307 0.014610751484961057 0.018139432345402953 -0.089566954571250953 -0.0079254999196722818 0.031724781658881471 -0.023602934577679726 0.011970954219029627 0.0010978637816797742 0.020342025382871762 -0.041600125693955478 0.0021326689057858859 -0.055404173130701485 0.020802742822310108 0.037697525543930292
leaf_weight=1870.2765914587471 276.72693632981463 59.427851961343549 229.73206900580044 12787.041155141229 5431.8907823736954 10663.359176196373 287.91873712937013 871.31444095319603 418.15916009662033 66.358680520323105 8.7278177354601194 333.03025907336269 22.921503829886205 11.46803555399674 518.09629477577982 2240.4919953916651 776.88731470098719 6.0094331584987231 6.023153906920923 223.66613127305754 63.292916537087876 81.822315739525948 45.282803916372359 10894.487269230796 12.53558255043208 23.370091687698732 628.68776322974009 12.262806362588888 29.764713050488353 18.203485877587809
leaf_count=75020 8906 746 7401 370268 193984 558543 16258 8406 21221 1010 253 3342 248 1455 10934 219691 8723 45 145 2598 462 1233 520 513709 180 1840 5728 392 6754 3705
internal_value=-4.28827e-11 0.00416166 -0.00161828 -0.000563505 0.00311944 -0.0039739 0.00110337 0.00492862 0.000496612 -0.00403551 -0.00169626 -0.000742561 -0.0238789 0.0101523 0.00611026 0.00363804 0.00908657 0.00255951 -0.0385108 0.00220831 0.00654544 0.00302067 -0.0109348 0.00138998 0.0111839 -0.0200093 0.00624089 0.00094727 -0.00935758 -0.00206367
internal_weight=48919.2 13696.1 35223.1 24330 11825.8 10893.1 11524.8 6393.93 1346.19 916.563 850.204 841.476 94.3819 429.627 5047.74 2758.59 2289.15 34.9541 12.0326 747.094 523.428 460.135 127.105 11218.3 323.824 35.9057 1512.27 640.951 306.492 12805.2
internal_count=2043720 556156 1487564 921620 481136 565944 547647 287152 33278 10602 9592 9339 1184 22676 253874 230625 23249 438 190 8155 5557 5095 1753 531987 18278 2020 14526 6120 15660 373973
is_linear=0
shrinkage=0.05


Tree=139
num_leaves=31
num_cat=0
split_feature=6 5 6 5 11 13 4 10 15 15 7 12 15 0 17 5 6 0 15 2 6 15 5 8 8 8 12 18 10 10
split_gain=129.769 46.0602 30.2687 19.4975 18.3013 15.3177 17.9631 29.5528 18.8941 21.9128 20.4009 15.0577 18.4276 14.7127 16.0459 14.187 13.1 13.0613 12.9313 12.7978 24.6872 23.6756 19.1113 30.9265 18.8008 17.6285 20.1643 17.5218 25.9342 24.7906
threshold=-0.12929385900497434 0.028695652261376384 -0.077141605317592607 0.19217391312122348 -0.05865781940519809 0.072173915803432478 0.053043477237224586 -0.11684539541602133 -0.10173304006457327 -0.11988433450460433 -0.10182033851742743 0.080869562923908248 -0.13057792186737058 0.051304347813129432 0.057391306385397918 1.0000000180025095e-35 -0.10627269744873045 0.10521738976240159 -0.34833675622940058 -0.14951908588409421 -0.063897233456373201 -0.083907917141914354 0.35391303896903997 0.023478261195123199 0.032173912972211845 0.033913042396306999 0.072173915803432478 0.011295983102172615 -0.12129380926489829 -0.12064090743660925
decision_type=2 2 2 2 2 2 2 2 2 2 2 2 2 2 2 2 2 2 2 2 2 2 2 2 2 2 2 2 2 2
left_child=1 15 3 4 5 6 -2 8 9 -8 -10 -5 16 -9 -15 -1 -13 -16 -4 20 22 -22 23 27 -23 -25 -27 29 -29 -20
right_child=2 -3 18 11 -6 -7 7 13 10 -11 -12 12 -14 14 17 -17 -18 -19 19 -21 21 24 -24 25 -26 26 -28 28 -30 -31
leaf_value=0.014257942995030568 0.00036510070890186851 0.0019164170658376957 0.0077518866944987289 -0.002714425751617238 0.03229412568650937 -0.0062359721726679522 -0.014364901630835456 0.021147542740599823 -0.0042679916247129494 0.030085490155500529 -0.069036327650445248 0.012706657492732885 0.015205857695274917 -0.041315472389128617 0.022174740637405224 0.0066240705363857068 -0.036138666073144358 -0.02450425006239413 0.0074603880790647427 -0.005090232902820329 -0.0055169134411722854 -0.089318439595344218 0.022003585112360446 -0.0773023001986827 -0.0080791639864351908 0.01670366646176133 -0.061689539099210405 -0.033291591038982396 0.056012354733154905 -0.047495723413954721
leaf_weight=713.22290656464975 11380.783969540404 11137.566180061935 218.38384931722248 10630.095475338647 44.000522334474226 824.45601696621816 72.987300404838606 332.78401598462369 26.129238210851327 43.350044300015725 21.970508391823387 22.21977280054125 228.44945678995282 18.873872628610115 52.967090019174066 4162.4858548423108 33.270715075130283 19.822291101285373 204.25889654552884 8216.0020962242561 183.10173091379329 15.483223907067442 164.30357846648985 15.645514940690189 12.921850744631227 20.57142502759234 12.312442136542812 9.8015105912345444 34.630844341299962 21.801862874242943
leaf_count=22823 318929 410938 6752 270648 11435 172580 13891 37772 3271 3636 1033 4091 42310 2505 10688 211273 7594 12769 2330 461404 5580 355 3413 721 2139 649 1232 269 315 375
internal_value=5.37046e-12 0.003691 -0.00179758 -0.000857006 0.000463832 0.000351849 0.000806093 0.00931364 -0.00864446 0.00231361 -0.0346557 -0.0024106 0.00893354 0.0162748 -0.00145286 0.00774345 -0.0167011 0.00930312 -0.00424438 -0.00453922 0.00197418 -0.0122368 0.00820544 0.00105254 -0.0538932 -0.0352852 -0.0136028 0.00767787 0.0360133 0.00197445
internal_weight=48894.7 16013.3 32881.4 23752.2 12838.1 12794.1 11969.7 588.884 164.437 116.337 48.0997 10914 283.94 424.447 91.6633 4875.71 55.4905 72.7894 9129.22 8910.83 694.833 211.507 483.326 319.022 28.4051 48.5294 32.8839 270.493 44.4324 226.061
internal_count=2043720 645034 1398686 913152 588509 577074 404494 85565 21831 17527 4304 324643 53995 63734 25962 234096 11685 23457 485534 478782 17378 8074 9304 5891 2494 2602 1881 3289 584 2705
is_linear=0
shrinkage=0.05


Tree=140
num_leaves=31
num_cat=0
split_feature=6 6 5 10 0 27 7 1 12 23 8 5 5 1 0 3 5 7 15 18 18 15 12 6 11 7 2 15 4 2
split_gain=127.455 45.0933 30.6273 18.812 16.5709 21.7834 24.9502 17.1188 16.5707 17.8767 16.5073 15.9534 15.7089 14.7244 24.9082 19.3834 21.3828 19.5309 24.2988 19.2412 21.2119 17.8538 14.6302 25.7242 32.7452 26.7595 22.9336 24.3416 20.5931 34.1653
threshold=-0.15336318314075467 -0.10245272889733313 0.0078260868322104233 -0.12444541975855826 0.020000000484287742 1.0000000180025095e-35 -0.0083719333633780462 1.0000000180025095e-35 1.0000000180025095e-35 0.35714286565780645 0.035652173683047302 0.12086956202983858 0.063478261232376113 0.0026086957077495758 0.011304348241537811 -0.21594060212373731 0.72956520318984996 0.014923982322216036 -0.27528950572013849 0.0043260322418063888 0.0039610585663467654 -0.085829418152570711 0.0026086957077495758 -0.11793024465441702 -0.18047480285167691 -0.020374637097120282 -0.1567176282405853 -0.19408079236745832 1.0000000180025095e-35 -0.15524160116910932
decision_type=2 2 2 2 2 2 2 2 2 2 2 2 2 2 2 2 2 2 2 2 2 2 2 2 2 2 2 2 2 2
left_child=2 3 -1 13 10 7 -7 -6 9 -9 -5 -4 -3 14 15 17 21 18 -2 20 -20 -17 23 24 -15 26 -25 -28 29 -26
right_child=1 12 11 4 5 6 -8 8 -10 -11 -12 -13 -14 22 -16 16 -18 -19 19 -21 -22 -23 -24 25 28 -27 27 -29 -30 -31
leaf_value=0.010595424859574902 0.016147780437210497 0.00027985623613451378 0.0052215169222624702 0.0048475833721867388 0.042954522770973537 0.020966942686268756 -0.07381291510255672 -0.08562832317346103 0.00023425035073725326 -0.0027807685299095154 0.03144303400482136 0.00067775927092132823 -0.003387913373980029 -0.01777587602737769 0.028248052077858705 0.0055522372988717743 -0.073215556736861948 0.035355102309949558 -0.01684422043543957 -0.060413122100311051 0.045971534372397982 -0.060161731769636621 -0.00093985884159567424 -0.036272081792921892 -0.033352396743886778 -0.049828873882224532 0.03180584305493319 -0.010979394056855798 0.010020511845980939 0.0044079527761119817
leaf_weight=1930.8211918234592 64.950404964969493 3465.6023414994816 5468.3608719551776 2708.1286665139378 22.347849451674847 182.19870519548567 6.2535332330153315 10.687091229949148 5874.4682489641782 14.860345070657784 58.67243172700546 2987.2560219695224 18514.193013460394 245.01982989560929 90.700157864586799 1236.7296871770959 7.8014421356783705 22.938670952687971 255.27250501041271 23.048770815250464 13.235231824684886 9.4290160608798015 4451.547580092094 78.425929232267663 85.787380487599876 51.681521709950175 36.184164026984945 314.69678343340638 443.84113752277335 192.77323946772958
leaf_count=75157 631 344231 229875 68572 414 5005 349 165 381533 89 7253 105882 645757 2258 1175 11460 149 124 2850 725 56 219 150804 706 706 586 188 2517 3222 1062
internal_value=9.48081e-12 -0.00132663 0.0049148 0.000648717 0.00221308 0.0007592 0.0174488 0.000225273 5.61735e-05 -0.0393578 0.00542272 0.00361654 -0.00280962 -0.00117291 0.00289074 0.00146628 0.00446256 -0.00842131 -0.011329 -0.0174843 -0.0135888 0.00500717 -0.0023607 -0.00672384 -0.00201989 -0.0161612 -0.0120017 -0.00648937 0.00334131 -0.00729868
internal_weight=48867.9 38481.5 10386.4 16501.7 8877.62 6110.82 188.452 5922.36 5900.02 25.5474 2766.8 8455.62 21979.8 7624.06 1724.11 1633.41 1253.96 379.446 356.507 291.557 268.508 1246.16 5899.96 1448.41 967.422 480.988 429.307 350.881 722.402 278.561
internal_count=2043720 1632806 410914 642818 463380 387555 5354 382201 381787 254 75825 335757 989988 179438 17389 16214 11828 4386 4262 3631 2906 11679 162049 11245 7248 3997 3411 2705 4990 1768
is_linear=0
shrinkage=0.05


Tree=141
num_leaves=31
num_cat=0
split_feature=6 5 6 7 3 4 15 5 11 10 7 13 15 5 5 11 9 3 16 13 1 17 12 6 12 26 11 17 16 12
split_gain=129.851 60.9688 19.0924 18.51 14.2279 35.9777 22.6573 22.6294 21.8994 22.2255 21.6503 18.728 16.079 14.9322 13.7579 13.5315 13.1307 12.9628 12.904 16.0844 12.8153 22.532 17.072 16.4018 12.5776 12.305 12.2374 18.5456 12.0579 12.3067
threshold=-0.10582626610994338 0.049565218389034278 -0.19988396763801572 -0.10975478589534758 -0.20347093790769574 0.011304348241537811 -0.19095176458358762 0.039130434393882758 -0.1920199170708656 -0.11709957197308539 -0.33445703983306879 0.0078260868322104233 -0.1861179322004318 0.026956521905958656 1.0000000180025095e-35 -0.184602215886116 1.0000000180025095e-35 -0.3415707647800445 1.0000000180025095e-35 0.0060869567096233377 0.011304348241537811 0.014565217308700086 0.0095652174204587954 -0.15231799334287641 0.035652173683047302 1.0000000180025095e-35 -0.20195924490690229 0.018260871060192588 0.056521739810705192 0.0026086957077495758
decision_type=2 2 2 2 2 2 2 2 2 2 2 2 2 2 2 2 2 2 2 2 2 2 2 2 2 2 2 2 2 2
left_child=1 2 14 -2 5 6 25 10 9 18 -7 13 17 26 16 -14 -1 -13 19 -8 -20 23 -23 -22 -9 -4 -12 -28 29 -5
right_child=3 -3 4 28 -6 7 8 24 -10 -11 11 12 15 -15 -16 -17 -18 -19 20 -21 21 22 -24 -25 -26 -27 27 -29 -30 -31
leaf_value=0.026414729602363404 -0.00010085177282603586 0.00077456705570278991 0.00040796639782146246 0.00019902130822604133 0.0065541306613985653 -0.00039888099824786165 -0.025748189567570412 -0.013656053772588536 -0.0024338280461311292 -0.094152571088430503 0.033127846677454512 0.041565350203268556 0.053888181565275008 -0.036950304556067619 0.0076080973330405165 0.0217579784870605 0.00965826255127363 0.0034733587892258871 0.0033634313524145082 -0.098669247588289807 -0.0098067135167872327 0.037953914889193169 -0.033537333483813915 -0.081713917710516101 0.023221107244133697 0.018722196167317413 -0.059521754936568944 0.058552791900605278 0.013076173961170338 -0.0039679580037400653
leaf_weight=202.4983671117152 5486.9120029381156 16783.727406797901 998.67667859424546 1989.5586613744963 2632.6200174121332 117.43182674389027 84.873021087551024 105.26156404579524 410.36650791668217 9.0564813968376239 30.465016482077772 31.852506932009419 88.236817714525387 17.99051756663539 2871.6195333434152 55.104968041443499 279.34000649851805 70.409639409048395 88.51277137408033 7.5319037253502747 13.311126784945367 16.812976930290464 14.734156517253721 19.793209612020295 28.590616885281634 99.995969120485825 9.3872373535996285 3.9675580036710008 109.25934529598453 16188.052226694541
leaf_count=2975 434207 566048 16591 15344 198545 29613 859 5735 5508 223 1302 5227 7590 652 107740 8392 8396 14247 1224 220 270 172 369 533 5184 1130 487 224 35935 568778
internal_value=-1.6488e-11 0.00250877 0.00601149 -0.00264789 0.00403835 0.00118488 -0.00231898 0.01223 -0.0095961 -0.0210845 0.0178682 0.0248249 0.0309934 0.000211122 0.00892488 0.0417727 0.0167405 0.0156258 -0.0180188 -0.0326847 -0.00901622 -0.025758 0.00455925 -0.0539357 -0.00566536 0.00209035 0.015952 -0.0228079 -0.00341207 -0.00351189
internal_weight=48866 25092.2 8308.44 23773.8 4954.98 2322.36 1763.66 558.698 664.992 254.626 424.846 307.414 245.604 61.8103 3353.46 143.342 481.838 102.262 245.569 92.4049 153.164 64.6515 31.5471 33.1043 133.852 1098.67 43.8198 13.3548 18286.9 18177.6
internal_count=2043720 989456 423408 1054264 304297 105752 27099 78653 9378 3870 67734 38121 35456 2665 119111 15982 11371 19474 3647 1079 2568 1344 541 803 10919 17721 2013 711 620057 584122
is_linear=0
shrinkage=0.05


Tree=142
num_leaves=31
num_cat=0
split_feature=6 5 5 23 6 6 12 27 4 12 7 2 7 1 5 4 13 18 14 7 9 2 13 6 3 16 14 11 17 15
split_gain=126.087 54.7834 18.9563 18.4107 15.2497 13.7989 15.7225 15.2626 12.9878 19.9819 38.5961 17.4427 17.2503 18.2853 13.371 12.8584 10.9546 12.4446 14.0887 12.9167 22.0533 15.0253 12.1963 10.9196 16.0957 26.8149 14.7766 25.6904 46.1877 31.4346
threshold=-0.11046976223587988 0.026956521905958656 0.065217390656471266 0.78571429848670971 -0.20892685651779172 -0.31424054503440851 1.0000000180025095e-35 1.0000000180025095e-35 1.0000000180025095e-35 1.0000000180025095e-35 -0.25443989038467402 -0.16162921488285062 -0.17515529692173001 0.016521738842129711 0.040869565680623061 0.46521739661693579 1.0000000180025095e-35 0.0048219726886600265 -0.12354066967964171 -0.37296603620052332 0.0026086957077495758 -0.16495393961668012 0.0026086957077495758 -0.077141605317592607 -0.24569869786500928 0.016521738842129711 -0.12903224676847455 -0.098557692021131502 0.0078260875307023543 -0.092700488865375505
decision_type=2 2 2 2 2 2 2 2 2 2 2 2 2 2 2 2 2 2 2 2 2 2 2 2 2 2 2 2 2 2
left_child=1 5 15 4 8 -1 16 -8 11 10 -10 12 13 -3 -15 -2 -7 18 19 -18 -21 -22 -20 24 25 -4 27 -26 29 -29
right_child=2 3 23 -5 -6 6 7 -9 9 -11 -12 -13 -14 14 -16 -17 17 -19 22 20 21 -23 -24 -25 26 -27 -28 28 -30 -31
leaf_value=0.012727502585370335 0.00049513390491712727 -0.007115946889896984 0.015429839554633541 0.038668416227732233 0.00063458414516057117 0.0053161279625773003 0.0066267776607914905 0.019382926838379916 -0.06877118614820521 0.0041128270601189718 -0.0013079908643204808 0.018153518635968591 0.014984047345594215 -0.0067079339143272486 -0.13069730235995611 0.081689126152283978 0.0075251548051764056 0.01514352114147648 -0.017204484521960325 -0.0011235072048187056 -0.083558126379991035 -0.023369876087728302 -0.068769096343592157 -0.004489382679367806 -0.0048981222432394542 -0.016601378851009246 -0.0019749573798475517 -0.10898409405963186 -0.00030279192868735061 -0.034602335916480036
leaf_weight=899.55724880832713 4445.258236829206 106.76543607679196 285.40552451933581 31.958445734766428 14741.003844733274 557.49333532909077 3282.3077513174139 251.93390663333412 26.634609484346583 1954.5046525825164 91.233694472583011 358.52123705012491 103.37879257544409 3.8048966359347087 4.4543710837606341 3.8815893383143694 141.09879393177107 65.503104544361122 51.265417046379298 145.68004535796354 12.426422673743216 52.23362856626045 14.215448949835261 7833.6238808616472 788.10473762729816 83.757912673405372 12360.653861752233 19.525344254914671 75.564276581208105 51.648048465827742
leaf_count=26017 397319 829 3999 236 535498 6504 247517 5177 337 80527 710 1846 654 34 108 3957 877 390 337 899 150 432 164 306966 11882 8042 399816 291 1689 516
internal_value=-4.55566e-12 0.00270433 -0.00238631 0.00133326 0.00126243 0.00706728 0.00595159 0.00754131 0.00475425 0.00290423 -0.0170029 0.0113832 0.000237285 -0.0130313 -0.080471 0.000584311 0.000546759 -0.00496437 -0.00815224 -0.00414662 -0.0119748 -0.0360333 -0.0292648 -0.00300109 -0.00214762 0.0081372 -0.00243378 -0.00849181 -0.0276291 -0.0562351
internal_weight=48843.4 22896 25947.4 17422.3 17390.3 5473.72 4574.16 3534.24 2649.3 2072.37 117.868 576.925 218.403 115.025 8.25927 4449.14 1039.92 482.423 416.92 351.439 210.34 64.6601 65.4809 21498.3 13664.7 369.163 13295.5 934.842 146.738 71.1734
internal_count=2043720 909243 1134477 620779 620543 288464 262447 252694 85045 81574 1047 3471 1625 971 142 401276 9753 3249 2859 2358 1481 582 501 733201 426235 12041 414194 14378 2496 807
is_linear=0
shrinkage=0.05


Tree=143
num_leaves=31
num_cat=0
split_feature=6 6 5 5 5 15 4 6 17 13 23 2 6 16 5 2 14 5 6 16 2 13 1 4 15 14 6 18 3 18
split_gain=124.223 44.4537 29.3313 17.7648 16.6704 14.5015 23.5704 17.6819 15.4321 21.132 15.7577 18.5968 16.8813 16.677 19.8639 16.3019 16.1982 15.1234 22.0949 19.2763 13.2819 31.461 20.8589 20.0492 42.4975 22.5841 20.4192 18.5763 16.7687 17.4845
threshold=-0.15336318314075467 -0.098388288170099245 0.12086956202983858 0.19043477624654773 1.0000000180025095e-35 -0.15867823362350461 0.01304347859695554 -0.0058566315565258256 0.0089130434207618254 0.0043478262377902874 0.35714286565780645 -0.13042313605546949 -0.048954164609313004 0.028695652261376384 0.51217389106750499 -0.11066980287432669 -0.13428228348493573 0.29826086759567266 -0.096780635416507707 1.0000000180025095e-35 -0.16162921488285062 0.011304348241537811 0.037391304969787605 0.011304348241537811 -0.99999991059303273 -0.12435967847704886 -0.18102804571390149 0.0043260322418063888 -0.19152742624282834 0.0015061312005855145
decision_type=2 2 2 2 2 2 2 2 2 2 2 2 2 2 2 2 2 2 2 2 2 2 2 2 2 2 2 2 2 2
left_child=2 3 4 -2 -1 6 7 17 9 -8 11 12 -10 14 15 -12 -16 -3 19 -19 23 28 -23 24 -6 26 -26 -28 -22 -30
right_child=1 5 -4 -5 20 -7 8 -9 10 -11 13 -13 -14 -15 16 -17 -18 18 -20 -21 21 22 -24 -25 25 -27 27 -29 29 -31
leaf_value=0.014357124341836298 0.001707170389734813 0.010465131932597425 0.00067097226981811657 -0.0014175135764702804 -0.024002615638520741 -0.0035201559664800931 0.010592234220143376 -0.067010707665871333 -0.010138062087222012 -0.072851605004301975 0.014559940904897473 -0.0011897967337996544 -0.038721196409345966 0.050795310827103868 0.043126748689369346 -0.073288954064243822 -0.033693334440137994 0.0046099472994682276 0.0014799422632657282 -0.096221523633792883 0.0077118999396389139 -0.0071247432599313961 0.0063055105894982456 0.01084112324469684 0.0077729180446855358 -0.012938457589699524 -0.0016583956614415109 -0.036805644976610957 0.0038316418692344607 0.019660735336019721
leaf_weight=624.97380804322893 11110.001613266337 726.2281386872346 2980.1424003314023 7700.7030655169619 163.50126763118897 16900.665017468476 12.454914350295441 7.4387647610656122 328.05524066156431 17.552752873045392 175.72665625515219 740.46507335450769 60.647111526752269 19.849665317917243 7.1665750688407561 4.4632119216985293 45.534401304728817 8.1656972416094522 581.90410980362503 10.016449346789157 2250.3713362496783 509.76106013892422 665.21656421344233 589.36556513318646 1163.1737482187746 202.82589287680457 240.49674291908741 43.583074498572387 233.34184358420316 696.93668078107294
leaf_count=18054 495521 7849 105882 229050 2601 800491 110 112 23313 412 5877 59423 3497 1039 77 373 859 45 4616 142 42178 78124 89617 37623 14451 3227 2833 698 2950 12676
internal_value=-4.50884e-13 -0.00130931 0.00485819 0.000427984 0.00654791 -0.00297266 0.000397479 0.00516196 -0.00410372 -0.0389929 -0.00331846 -0.00584447 -0.0146857 0.00794552 0.0040918 0.0119915 -0.0226383 0.00561693 -0.000258036 -0.053058 0.00582377 0.00747 0.000477725 0.00283791 0.000232543 0.00264701 0.00483867 -0.00716082 0.0100521 0.0156987
internal_weight=48820.7 38457 10363.7 18810.7 7383.55 19646.3 2745.67 1333.75 1411.92 30.0077 1381.91 1129.17 388.702 252.741 232.891 180.19 52.701 1326.31 600.086 18.1821 6758.57 4355.63 1174.98 2402.95 1813.58 1650.08 1447.25 284.08 3180.65 930.279
internal_count=2043720 1632806 410914 724571 305032 908235 107744 12764 94980 522 94458 86233 26810 8225 7186 6250 936 12652 4803 187 286978 225545 167741 61433 23810 21209 17982 3531 57804 15626
is_linear=0
shrinkage=0.05


Tree=144
num_leaves=31
num_cat=0
split_feature=6 6 5 5 12 13 7 5 17 7 3 11 9 4 9 10 15 3 6 3 14 5 7 8 8 13 10 13 14 2
split_gain=122.778 38.2923 30.7986 21.512 18.0116 26.1955 17.2714 15.5439 16.132 27.5486 15.9322 20.4965 15.3757 15.158 17.4122 16.3174 14.6937 15.2777 16.2257 21.0212 20.0815 19.0711 26.5863 24.4489 21.7906 20.5051 16.973 15.9087 19.627 41.1877
threshold=-0.14173722267150876 -0.090279757976531969 0.0043478262377902874 0.021739130839705471 0.053043477237224586 0.07739130407571794 -0.1337710842490196 0.12608695775270465 0.0095652178861200827 -0.15964195877313611 -0.1643521189689636 -0.14489519596099851 0.0078260868322104233 0.0095652174204587954 0.0060869567096233377 -0.16927990317344663 -0.15867823362350461 -0.15080287307500836 -0.082931101322174058 -0.14770639687776563 -0.12699570506811139 0.21652173250913623 -0.094087783247232423 0.0043478262377902874 1.0000000180025095e-35 1.0000000180025095e-35 -0.12264150753617285 0.044347826391458518 -0.1230373978614807 -0.15161642432212827
decision_type=2 2 2 2 2 2 2 2 2 2 2 2 2 2 2 2 2 2 2 2 2 2 2 2 2 2 2 2 2 2
left_child=2 3 -1 -2 5 -5 -6 -4 9 -9 11 13 -12 -11 15 -15 -3 27 19 -19 21 22 24 26 -20 -25 -23 28 -18 -30
right_child=1 16 7 4 6 -7 -8 8 -10 10 12 -13 -14 14 -16 -17 17 18 20 -21 -22 23 -24 25 -26 -27 -28 -29 29 -31
leaf_value=0.011038083764717148 0.0052627824595932035 0.00050083937010836203 0.0047724439985584437 -0.00072163650019532516 0.016227534543112366 -0.01479165743722018 0.0021974497242032696 -0.040227382129353909 0.0035549927578622416 0.0019315267377482317 -0.0048322944247889124 0.027246427818978541 -0.026919855247904245 0.030227437189401109 0.0032353012900100011 -0.055718242347259264 -0.0032984035387231647 0.022313875650836729 -0.10296484778697144 -0.00078423322995553536 -0.0039574643682554886 -0.067369687530820788 0.020043524613895344 0.057520253370415733 -0.0092127627142003562 -0.021589738420011061 0.015275243183986929 4.6656330559986375e-06 -0.061090103021023849 -0.013216985932780298
leaf_weight=1488.8556945562596 1734.5629841624213 2137.4085426549682 7046.3710235701947 17354.786004020563 268.4998581847467 336.24160171636322 1181.2992377324263 47.180530380923301 2261.4480636144799 842.24034878850216 478.07144197088201 73.280106643098406 93.511872125149239 5.8603241570526725 39.138647074287292 35.201214218803216 475.94567530346103 101.43998552276207 8.0990608965512383 2561.3288869631506 8810.2188945775433 46.127306167094503 55.455653239434469 8.1220484853256476 20.156305177864851 82.300262710195966 6.7758339368738225 416.57057157281088 47.04491669946583 720.03114514758272
leaf_count=55301 158646 83779 312551 408183 65965 28861 129456 773 120624 8013 4834 564 1911 82 1283 938 5644 2665 116 102903 475399 576 536 23 398 1951 33 50855 1128 19729
internal_value=-1.14744e-11 -0.00146526 0.00429391 -6.74292e-05 -0.000550709 -0.000989877 0.00480519 0.00337366 0.00083012 -0.00298651 -0.00184052 0.00197926 -0.00848656 -5.53323e-05 -0.0206876 -0.043025 -0.0033481 -0.00396389 -0.00332653 0.000103751 -0.00433714 -0.0189887 -2.61081e-06 -0.030001 -0.0386866 -0.0139324 -0.0566975 -0.00845249 -0.0112844 -0.0162288
internal_weight=48783.6 36372.4 12411.2 20875.4 19140.8 17691 1449.8 10922.3 3875.93 1614.48 1567.3 995.721 571.583 922.441 80.2002 41.0615 15497 13359.6 11700 2662.77 9037.26 227.036 83.711 143.325 28.2554 90.4223 52.9031 1659.59 1243.02 767.076
internal_count=2043720 1536846 506874 791111 632465 437044 195421 451573 139022 18398 17625 10880 6745 10316 2303 1020 745735 661956 584600 105568 479032 3633 1050 2583 514 1974 609 77356 26501 20857
is_linear=0
shrinkage=0.05


Tree=145
num_leaves=31
num_cat=0
split_feature=6 6 5 5 12 7 5 3 13 4 15 13 2 3 10 10 11 18 8 1 0 18 18 3 12 18 2 15 2 5
split_gain=121.8 43.3412 28.6326 20.2393 16.7381 20.3699 20.7705 17.6415 23.2189 17.6425 20.0058 18.7044 16.5384 16.1532 14.3641 20.597 17.7761 20.0673 18.5401 16.2478 14.1239 19.1524 13.8827 13.6862 20.4803 19.0497 14.1472 17.3575 13.4943 13.4691
threshold=-0.15336318314075467 -0.095215164124965654 0.014782608952373268 0.079130433499813094 0.028695652261376384 -0.38855776190757746 0.030434782616794113 -0.16671095788478849 0.0060869567096233377 0.011304348241537811 -0.2656803280115127 0.044347826391458518 -0.16090878844261167 -0.13192164152860639 -0.12444541975855826 -0.11595840379595755 -0.084912013262510286 0.0039848492015153178 0.0043478262377902874 1.0000000180025095e-35 0.021739130839705471 0.010461921337991955 0.0032536153448745613 -0.30962729454040522 0.0026086957077495758 0.0058169949334114799 -0.13372802734374997 -0.17891181260347364 -0.16495393961668012 0.72956520318984996
decision_type=2 2 2 2 2 2 2 2 2 2 2 2 2 2 2 2 2 2 2 2 2 2 2 2 2 2 2 2 2 2
left_child=2 3 -1 4 7 -6 13 9 -9 10 -2 23 14 -7 16 19 -3 -18 -19 28 -21 -22 -8 24 26 -26 27 -12 -16 -4
right_child=1 12 29 -5 5 6 22 8 -10 -11 11 -13 -14 -15 15 -17 17 18 -20 20 21 -23 -24 -25 25 -27 -28 -29 -30 -31
leaf_value=0.0092077792371478371 0.010245339584888987 0.0029186677147371221 0.0035931672038555258 -0.00075619461324821574 -0.026341854508588936 0.027953239445666411 -0.020402292716278178 0.010718039584185497 -0.00025014636693699563 0.0052921592739375647 -0.029311315946303935 -0.077308904668990916 -0.0033470019170728869 0.0031019031674844469 -0.086788178283280365 -0.040452568267390264 -0.08361663495350849 0.054300474277461611 -0.051247574323416305 0.031346213856126542 -0.07097380279602937 0.042961256602541575 0.0068935874032244882 -0.002902157659959285 0.0078504405218844144 -0.02849079044215292 0.022375168176169285 -0.089154169865888852 0.0061513451556092051 -0.0092021818604400823
leaf_weight=2727.033306912228 248.59334751247661 324.52985182365956 7423.6621863675973 14201.769786789097 39.960934161710611 216.36363203301516 48.969356902642176 963.09763363243474 965.87871519242617 853.61000262285233 66.21726762020262 7.84700809046626 17506.085976836337 93.911139074221865 4.8091728191357133 13.564618359283484 12.136907491716558 7.2892985839862359 7.3538566460192669 140.42733821961156 7.3635590306657814 5.7078213245622464 693.80798311362378 1791.6664791884104 105.11227656091796 53.658111340191681 9.2327640835428593 14.478143731364979 11.557349646725923 210.59883069274656
leaf_count=117864 3545 5818 285063 442250 22867 62434 4847 10094 41931 43722 711 218 832635 47278 107 1752 175 40 344 1990 287 380 83353 23185 1470 914 59 263 137 7987
internal_value=2.11725e-11 -0.00129764 0.00481071 0.000282741 0.00267291 0.00828296 0.00962064 0.00146431 0.00522876 -0.000841554 -0.00312247 -0.00474914 -0.00308233 0.0204656 0.00557237 0.016872 -0.00035864 -0.0387496 0.00140624 0.0216596 0.0267173 -0.0217048 0.00506903 -0.00443234 -0.0154003 -0.00453291 -0.0343261 -0.041008 -0.0245831 0.00323904
internal_weight=48776.3 38415 10361.3 20374.2 6172.4 1093.01 1053.05 5079.39 1928.98 3150.42 2296.81 2048.21 18040.8 310.275 534.74 183.43 351.31 26.7801 14.6432 169.865 153.499 13.0714 742.777 2040.37 248.699 158.77 89.9282 80.6954 16.3665 7634.26
internal_count=2043720 1632806 410914 789141 346891 220779 197912 126112 52025 74087 30365 26820 843665 109712 11030 4653 6377 559 384 2901 2657 667 88200 26602 3417 2384 1033 974 244 293050
is_linear=0
shrinkage=0.05


Tree=146
num_leaves=31
num_cat=0
split_feature=6 5 15 16 2 9 1 3 8 12 1 6 2 1 17 13 12 14 14 14 3 8 13 2 13 15 0 3 11 13
split_gain=120.661 46.8424 24.7126 18.3662 17.6668 31.4244 35.1204 27.2577 24.3946 17.7067 25.1146 19.3189 17.5044 28.3872 22.8516 17.2489 21.6949 16.9036 16.8299 22.8035 28.0868 16.5283 19.4205 21.6783 24.3206 23.6101 23.2282 19.6406 19.268 20.2837
threshold=-0.12082320079207419 0.026956521905958656 -0.10232752934098242 0.0026086957077495758 -0.13730415701866147 0.0095652174204587954 0.016521738842129711 -0.096153866499662385 0.01304347859695554 0.0060869567096233377 0.075652174651622786 -0.1120304763317108 -0.14347255229949948 0.0060869567096233377 0.0019565217080526058 0.037391304969787605 0.018260869197547439 -0.12206529453396796 -0.11906481161713599 -0.11371619626879691 -0.23158057779073712 0.044347826391458518 0.073913045227527632 -0.11375055462121962 0.0095652174204587954 -0.13057792186737058 0.028695652261376384 -0.13628706336021421 -0.14228104054927823 0.068695649504661574
decision_type=2 2 2 2 2 2 2 2 2 2 2 2 2 2 2 2 2 2 2 2 2 2 2 2 2 2 2 2 2 2
left_child=1 -1 3 4 7 8 -7 12 18 10 -8 -12 14 -14 -2 -11 -17 -9 -6 20 -20 -5 23 24 -23 -26 -27 28 -25 -30
right_child=2 -3 -4 21 5 6 9 17 -10 15 11 -13 13 -15 -16 16 -18 -19 19 -21 -22 22 -24 27 25 26 -28 -29 29 -31
leaf_value=0.0072530307359857729 -0.0039752435936967036 0.0016249844986662482 -0.0036754234468286996 -0.0029099973767419927 0.011176271890225395 -0.052176624403714317 -0.0046726628279875398 -0.074096555213661944 0.032481912132633815 0.010550130220933623 0.016198383848833372 -0.0902258041718908 0.0031977337922653687 -0.017088647782019111 0.0053626499041309426 -0.10047160177536801 -0.0060235031379998125 0.014219767174386401 -0.0073985959856861629 0.047788093298385431 -0.10785582362084994 0.052099999270316381 -0.005531541708169007 -0.0031770313443234693 -0.001040294415166707 0.053886101971517324 0.012127219247022399 0.0040102765862721473 -0.034183163272629831 0.03454811014720513
leaf_weight=5048.1301586391783 1024.3883443195155 13810.370671584769 12463.748244977367 9026.0020835827017 614.09672610199777 31.451510275757755 221.30051730503328 18.779118925769584 134.98835410911124 380.80209142895183 5.4916261648759273 14.622030291706322 346.35605747676163 341.91807057862752 1814.0187747423915 6.5363375558517864 32.240075355337467 7.0687581292295354 20.052558746188879 8.0742790261429018 9.7896445147926006 31.213409930755006 814.6168919823649 489.85128258509576 408.76245653628939 35.043650276580593 460.57407059898833 1032.5952326406732 94.669444455426856 11.27984282480247
leaf_count=253180 7577 503739 634916 291788 4055 603 1949 232 550 2115 43 261 2899 3383 18153 210 283 41 222 67 273 504 148009 37125 40465 2889 24987 57008 5650 544
internal_value=-5.06515e-11 0.00313183 -0.00197532 -0.000759941 0.00178765 0.00637656 -0.00139254 -0.000124648 0.0132053 0.00109905 -0.00966565 -0.0617779 0.000257361 -0.00689023 0.00199237 0.00730102 -0.0240698 -0.0503142 0.00917079 -0.0227627 -0.0427818 -0.00179344 0.00118943 0.0033261 0.00938711 0.00785702 0.0151824 -0.000159867 -0.00738184 -0.0266111
internal_weight=48758.8 18858.5 29900.3 17436.6 5031.97 1479.45 692.444 3552.53 787.002 660.993 241.414 20.1137 3526.68 688.274 2838.41 419.579 38.7764 25.8479 652.013 37.9165 29.8422 12404.6 3378.61 2563.99 935.594 904.38 495.618 1628.4 595.801 105.949
internal_count=2043720 756919 1286801 651885 42916 10631 5464 32285 5167 4861 2253 304 32012 6282 25730 2608 493 273 4617 562 495 608969 317181 169172 68845 68341 27876 100327 43319 6194
is_linear=0
shrinkage=0.05


Tree=147
num_leaves=31
num_cat=0
split_feature=6 5 6 7 3 17 5 17 1 15 12 4 14 0 9 15 2 0 13 7 1 1 18 10 18 5 14 3 6 15
split_gain=119.796 57.3537 18.7313 16.7989 15.5862 16.9392 19.1799 16.3046 33.7924 22.7502 29.2248 28.0034 19.217 23.3046 17.7037 20.7366 16.5376 15.0949 17.233 14.7021 14.6756 15.1553 19.0824 22.1606 18.8749 25.8037 19.2522 18.1952 20.0569 17.7679
threshold=-0.10582626610994338 0.049565218389034278 -0.19988396763801572 -0.10975478589534758 -0.13847672939300534 0.0071739130653440961 0.025217391550540928 0.010000001173466446 1.0000000180025095e-35 -0.11403380334377287 0.0095652174204587954 0.021739130839705471 -0.12291480228304862 0.011304348241537811 0.01304347859695554 -0.20323033630847928 -0.14917908608913419 0.60956519842147838 0.150434784591198 -0.081166651099920259 0.16782609373331073 0.014782608952373268 0.003790346323512495 -0.1229293830692768 0.0033396283397451047 0.32260869443416601 -0.12229925766587256 -0.29736512899398798 -0.069699730724096284 -0.12249740213155745
decision_type=2 2 2 2 2 2 2 2 2 2 2 2 2 2 2 2 2 2 2 2 2 2 2 2 2 2 2 2 2 2
left_child=1 2 -1 -2 5 6 -5 8 -7 10 12 -11 13 -10 15 -15 -12 18 -6 -16 21 22 -9 -24 25 26 -23 -27 -29 -26
right_child=3 -3 -4 4 17 7 -8 20 9 11 16 -13 -14 14 19 -17 -18 -19 -20 -21 -22 24 23 -25 29 27 -28 28 -30 -31
leaf_value=0.0087127162732572577 -0.00011546408887512742 0.0007262146517212696 0.0038650207928373616 -0.051223690206302422 -0.0044933896033202683 0.036225438552669652 0.0044343197982844073 0.019839993230630307 0.0093035619638629687 -0.047051726710254559 -0.083318340068046781 0.064227670925240607 0.015065332252733533 -0.0089530806100671274 0.042051992860355901 -0.071330720001568176 -0.01892524603543751 -0.064084989120935978 0.005698539217601978 -0.044850381555277173 0.042626886219337343 0.019828038292669881 -0.014181922571836123 0.0054981023412084499 -0.0058730970112873373 0.030916149271061455 -0.017139747126957892 -0.031439772240610418 -0.091797974734757148 0.0030804919757209557
leaf_weight=3328.3489142953331 5460.0926682743557 16732.506334655591 4971.2157925267602 14.662052832640255 12551.593873745665 31.633715434989426 1355.1062270571565 151.95534385580686 56.889241646713344 79.11381931125652 17.620216366136447 5.2270858680130905 91.061230327934027 22.31842695036903 11.631470705615358 33.284776595421135 23.157808003132232 9.5211638151813514 428.10168827317102 6.9442599392496041 17.662227309578157 52.509790088806767 191.28621319818194 557.58758136272081 1425.4623593850847 7.9715449805371454 102.15963489981368 64.187074336688966 17.349116290220991 905.21586386088529
leaf_count=119111 434207 566048 304297 202 367299 243 9866 2022 721 1150 358 32 983 172 70 410 334 3590 95325 138 588 1016 5511 16055 63123 128 3362 1720 559 45080
internal_value=3.71039e-11 0.00241191 0.00580989 -0.0025484 -0.003277 -0.000975445 0.00380162 -0.00266584 -0.0125037 -0.0170341 -0.00971001 -0.0394833 -0.00248262 -0.014696 -0.0329807 -0.0468936 -0.0480779 -0.00420568 -0.00415682 0.00893328 -0.00159557 -0.00183249 0.00374663 0.000458989 -0.00378508 -0.0169822 -0.00454255 -0.0381902 -0.0452393 -0.00239577
internal_weight=48723.4 25032.1 8299.56 23691.3 18231.2 5242 1369.77 3872.23 378.882 347.248 262.907 84.3409 222.129 131.068 74.1789 55.6032 40.778 12989.2 12979.7 18.5757 3493.35 3475.68 900.829 748.874 2574.86 244.177 154.669 89.5077 81.5362 2330.68
internal_count=2043720 989456 423408 1054264 620057 153843 10068 143775 4611 4368 3186 1182 2494 1511 790 582 692 466214 462624 208 139164 138576 23588 21566 114988 6785 4378 2407 2279 108203
is_linear=0
shrinkage=0.05


Tree=148
num_leaves=31
num_cat=0
split_feature=6 6 5 5 12 7 3 13 18 9 12 1 5 11 14 4 0 3 5 18 0 8 17 4 4 3 3 3 7 6
split_gain=117.304 43.4802 27.6736 19.2287 18.3973 17.4012 15.9684 18.2553 16.4142 20.2499 18.9285 18.2113 17.0219 15.5985 14.2118 13.9316 13.8333 13.3995 22.1115 18.3636 15.0909 19.9187 13.7898 12.8065 16.1577 25.679 17.7572 22.4977 13.2679 22.0176
threshold=-0.15336318314075467 -0.08778089657425879 0.014782608952373268 0.059999998658895499 0.016521738842129711 -0.40721328556537623 -0.16671095788478849 0.011304348241537811 0.0045183927286416301 0.0078260868322104233 0.0060869567096233377 0.028695652261376384 0.01304347859695554 -0.11885119602084158 -0.12654911726713178 0.0060869567096233377 0.014782608952373268 -0.21205265820026395 0.039130434393882758 0.0025722085265442733 0.040869565680623061 0.011304348241537811 0.014130434952676298 0.018260869197547439 0.0078260868322104233 -0.11705758795142172 -0.14017137885093686 -0.14416527748107907 -0.17837619781494138 -0.12929385900497434
decision_type=2 2 2 2 2 2 2 2 2 2 2 2 2 2 2 2 2 2 2 2 2 2 2 2 2 2 2 2 2 2
left_child=2 3 -1 4 6 -6 13 8 9 15 12 -10 -11 -2 -13 -8 -12 18 20 -20 21 -7 -19 24 25 26 27 28 29 -9
right_child=1 -3 -4 -5 5 17 7 23 11 10 16 14 -14 -15 -16 -17 -18 22 19 -21 -22 -23 -24 -25 -26 -27 -28 -29 -30 -31
leaf_value=0.0090569859904376573 -0.0022422107444658892 -0.0034713258677319414 0.0031804563066853558 -0.00073774709956463081 -0.021676174026714824 -0.05043764818788371 0.0088705042904553225 -0.093855539322661344 0.021053072952185455 0.0030114836695742139 0.022630219898702258 -0.054336687729519308 -0.090912847461024571 0.040394997392223721 0.0041408008358906224 -0.0096538456386620619 -0.057557859289549367 -0.061581631619484205 -0.060323869436712169 0.0060907815897091461 0.011754089785930542 0.04120502651099648 0.005707477006043433 -0.04150210398094982 0.010430322862249522 0.021430455071465321 -0.06169592652142384 0.040050055418946205 -0.055127937013859776 0.027912473840625174
leaf_weight=2718.3161863969508 2295.2823347641388 14190.431736744049 7617.7366517421542 18761.13300295244 50.275873602300635 5.4039458120823829 484.59587567468407 3.8107412532554035 333.75721097755013 6.8815906629897681 18.836515920935202 10.327713425329419 14.655717800778801 20.655093848356046 124.52108087699162 127.43430998708936 6.3792093859810839 6.66861742043693 10.15715040170471 154.15249395199498 110.84153804611196 123.73013026886474 1203.6030676894388 23.634619071628549 107.82674204703653 32.14817825803766 28.873005331668537 13.745642242312895 24.26310312689748 15.258507417369396
leaf_count=117864 40645 696715 293050 593713 23879 488 4199 128 4315 143 670 181 329 205 1544 3353 392 353 834 11520 17177 13841 207060 3394 5968 340 599 134 501 186
internal_value=-3.09081e-12 -0.00127537 0.00472667 1.67172e-05 0.00265827 0.00702027 0.000690419 0.00495252 0.00766058 0.00256478 -0.0288023 0.0148037 -0.0621002 -0.00184467 -0.000704847 0.00500399 0.000922089 0.00792672 0.0157989 0.00164514 0.0254428 0.0370119 0.00528618 -0.00726288 -0.00351393 -0.016226 -0.0303951 -0.0137718 -0.0313632 0.000114626
internal_weight=48645.3 38309.3 10336.1 24118.9 5357.72 1664.83 3692.89 1376.95 1127.39 658.783 46.753 468.606 21.5373 2315.94 134.849 612.03 25.2157 1614.56 404.285 164.31 239.976 129.134 1210.27 249.561 225.926 118.099 85.951 57.078 43.3324 19.0692
internal_count=2043720 1632806 410914 936091 342378 275152 67226 26376 15126 9086 1534 6040 472 40850 1725 7552 1062 251273 43860 12354 31506 14329 207413 11250 7856 1888 1548 949 815 314
is_linear=0
shrinkage=0.05


Tree=149
num_leaves=31
num_cat=0
split_feature=6 5 7 23 5 12 1 9 15 6 13 3 4 7 11 3 9 10 11 15 22 7 9 1 12 16 2 12 17 18
split_gain=116.98 47.8894 22.9589 15.1468 14.3198 15.845 14.1504 23.5668 29.9165 24.0363 20.765 18.6057 17.9845 21.2058 19.0925 16.9921 16.6094 17.5126 15.749 19.7114 18.3452 17.41 19.3618 26.7486 34.8606 16.6737 16.1735 16.1393 17.9909 17.7009
threshold=-0.11464518308639525 0.026956521905958656 -0.11796893551945685 0.78571429848670971 1.0000000180025095e-35 1.0000000180025095e-35 0.070434782654047026 0.0826086960732937 -0.04295846447348594 -0.021885402500629422 0.19217391312122348 -0.070996798574924455 0.18869564682245257 -0.032086377963423722 -0.13223140686750409 -0.10053929314017294 0.049565218389034278 -0.1059928499162197 -0.068975377827882753 -0.052399860695004456 1.0000000180025095e-35 -0.037258787080645554 0.065217390656471266 0.046086955815553672 0.011304348241537811 0.044347826391458518 -0.14674097299575803 0.086086958646774306 0.070869568735361113 0.028902417980134491
decision_type=2 2 2 2 2 2 2 2 2 2 2 2 2 2 2 2 2 2 2 2 2 2 2 2 2 2 2 2 2 2
left_child=1 4 -2 -3 -1 -6 7 8 12 15 11 -10 18 -14 -15 -9 -13 -18 20 -20 27 22 23 24 -21 26 -22 28 29 -4
right_child=2 3 6 -5 5 -7 -8 9 10 -11 -12 16 13 14 -16 -17 17 -19 19 21 25 -23 -24 -25 -26 -27 -28 -29 -30 -31
leaf_value=0.01331686358367869 0.00062198079124300574 0.0013581655439719299 -0.0020706955109174711 0.037557308607144672 0.00040738237695117988 0.0074631555860749836 -0.004945480089709668 -0.0027589426714837721 -0.093412795633460222 0.048246927926904867 0.045326297236342294 -0.075619618500900224 -0.0014955736324062075 -0.014051906129365863 -0.078437884448391254 0.022018942798689951 0.043063777556306894 -0.041118449711590094 -0.012113025298215811 0.039526280314139059 0.015415268422549836 0.031261384454465628 0.034596447797575605 0.031555705119126677 -0.05654215561607983 0.038564057827620242 -0.063839102823826543 0.0090909383033748285 -0.023789623032724132 0.0078648654712675774
leaf_weight=750.679237297074 5888.5921698699458 15797.03726045055 13291.185865878251 27.952223993270309 1029.687343791782 3502.1457241513417 6075.9724511085406 191.62380643375218 15.461964346497551 37.360585949474626 5.7359317792288484 10.703586819943665 52.364193994326342 22.737040911306394 23.482711702396045 107.13094517833815 10.496521581051635 12.357770811184313 713.04723576724064 11.354359554534311 7.7966961024940238 51.016451182722449 22.797944502686732 19.569112002616748 41.618766401996254 5.9614371347415718 28.533851474669063 342.30017264584603 92.107619251124561 462.96101626442396
leaf_count=26420 470817 570706 271600 221 9074 238111 303227 43279 667 6460 97 396 5093 2371 1676 18648 207 319 20062 141 259 1101 1019 574 1673 542 2405 26651 6361 13543
internal_value=6.55081e-12 0.00280068 -0.00214622 0.00142447 0.00692237 0.00586044 -0.00289894 -0.00210053 -0.00238957 0.0109763 -0.038949 -0.0495193 -0.00225522 -0.0234348 -0.0477326 0.00617001 -0.0271772 -0.00227075 -0.00211531 -0.00868453 -0.00171801 0.00798789 -0.00466096 -0.0173011 -0.0355998 -0.0342176 -0.0468734 -0.00161874 -0.00188413 -0.00173572
internal_weight=48651.8 21107.5 27544.3 15825 5282.51 4531.83 21655.7 15579.7 15243.6 336.115 54.7558 49.0198 15188.8 98.5839 46.2198 298.755 33.5579 22.8543 15090.3 859.404 14230.8 146.357 95.3402 72.5422 52.9731 42.292 36.3305 14188.6 13846.3 13754.1
internal_count=2043720 844532 1199188 570927 273605 247185 728371 425144 356757 68387 1686 1589 355071 9140 4047 61927 922 526 345931 24570 321361 4508 3407 2388 1814 3206 2664 318155 291504 285143
is_linear=0
shrinkage=0.05


Tree=150
num_leaves=31
num_cat=0
split_feature=6 6 5 5 16 5 7 12 9 9 25 3 14 11 3 2 3 9 13 14 3 11 2 10 5 8 13 13 1 15
split_gain=115.659 36.4922 28.9204 24.4206 16.5127 14.6753 13.7139 13.7089 20.9968 27.1239 25.0947 17.3454 16.7005 16.5343 20.2658 16.3673 15.6871 23.8815 18.1353 17.5453 15.6754 18.7075 17.2088 17.6368 16.7093 16.9537 16.6671 15.7973 15.4023 14.3015
threshold=-0.14173722267150876 -0.08215072005987166 0.0043478262377902874 0.021739130839705471 0.065217390656471266 0.12608695775270465 -0.048040486872196191 0.037391304969787605 0.039130434393882758 0.035652173683047302 1.0000000180025095e-35 -0.22658938169479367 -0.11337612941861151 -0.093368384987115846 -0.094170227646827684 -0.11605423688888548 -0.17877134680747983 0.01304347859695554 0.049565218389034278 -0.1431341469287872 -0.086334683001041398 -0.084267627447843538 -0.077193941920995698 -0.10271837189793585 0.89304345846176159 0.13999999314546588 0.030434782616794113 0.042608696967363364 0.29826086759567266 -0.12303799390792845
decision_type=2 2 2 2 2 2 2 2 2 2 2 2 2 2 2 2 2 2 2 2 2 2 2 2 2 2 2 2 2 2
left_child=2 3 -1 -2 6 -4 -5 8 9 12 11 -10 16 14 -11 29 17 -8 19 -18 22 -22 23 26 25 -23 -17 -28 -9 -13
right_child=1 -3 5 4 -6 -7 7 28 10 13 -12 15 -14 -15 -16 20 18 -19 -20 -21 21 24 -24 -25 -26 -27 27 -29 -30 -31
leaf_value=0.010723458823438241 0.0050365336026998182 -0.0037871776901164272 0.0046430212161937328 -0.0001218487124625084 0.032992398179468647 0.00080944777251367762 0.007909585782864088 0.0028553389251154866 -0.074646046045330289 0.01249145349101824 -0.10382562327029031 0.0066783401161094411 -0.045272810866358017 0.042439152423583447 -0.072400017506552311 -0.057504087609962673 -0.038266066024970416 -0.012787820258932015 0.046551752439751799 -0.0047198091088212456 0.0071329233327493196 -0.047484266198985298 -0.095189733799919199 0.023224627653655912 0.037080108003037376 0.06420224005496826 0.002480009421792783 -0.040961955067727013 -0.018723854956047888 -0.011503452582262151
leaf_weight=1482.1170976719986 1933.3770195526849 11267.145836241198 7023.6589342573061 16783.964865567643 35.068416769205214 3873.4673762562998 595.08783241767378 1308.8255488780051 9.5394977709220239 108.34587542689405 6.3507128800265482 185.74818718478491 22.834399166375078 45.764290097693447 6.5213037158537182 41.705780818243511 38.503299319039797 180.9368787034764 16.064463432179764 3065.6192620550646 87.974677050486207 46.43166714409017 8.7454349705949408 15.593946641107321 7.377988480962812 2.8061427995562545 42.876562885125168 39.679492037888849 87.267854599602288 256.24976894748397
leaf_count=55301 189225 581809 312551 571020 9132 139022 5347 96289 382 2700 99 5888 1381 755 250 977 843 4900 432 43592 1921 1708 227 234 84 15 1256 1957 6155 8268
internal_value=5.45932e-11 -0.00142509 0.00417245 -0.000359544 -0.000812433 0.00328055 -0.000865383 -0.00286918 -0.00413019 -0.00271424 -0.0118074 -0.0108846 -0.00354127 0.0173604 0.00708869 -0.00995696 -0.00328514 0.00307356 -0.00486709 -0.0051481 -0.0190968 -0.00729848 -0.0304512 -0.0257559 -0.0294579 -0.0399678 -0.0320389 -0.0186401 0.00149402 -0.00386479
internal_weight=48625.7 36246.4 12379.2 24979.3 23045.9 10897.1 23010.8 6226.85 4830.76 4079.68 751.08 744.729 3919.05 160.631 114.867 735.19 3896.21 776.025 3120.19 3104.12 293.192 144.59 148.601 139.856 56.6158 49.2378 124.262 82.5561 1396.09 441.998
internal_count=2043720 1536846 506874 955037 765812 451573 756680 185660 83216 60200 23016 22917 56495 3705 2950 22535 55114 10247 44867 44435 8379 3728 4651 4424 1807 1723 4190 3213 102444 14156
is_linear=0
shrinkage=0.05


Tree=151
num_leaves=31
num_cat=0
split_feature=6 5 6 5 6 15 12 6 1 2 1 9 7 5 16 24 2 11 11 2 6 17 10 10 13 5 1 10 18 12
split_gain=115.943 43.7564 23.1208 18.1921 16.6106 13.7697 14.5066 14.8888 17.4192 19.0547 17.3731 27.0556 15.4056 14.8292 14.9191 19.2102 14.3557 15.6762 17.2132 14.3919 14.1454 22.4293 15.607 17.1736 19.6146 13.8716 13.7902 13.6524 13.177 17.684
threshold=-0.11848525702953337 0.014782608952373268 -0.081362813711166368 0.1278260871767998 -0.19183738529682157 -0.1284573748707771 0.084347829222679152 -0.063897233456373201 0.0095652174204587954 -0.14423077553510663 0.023478261195123199 0.075652174651622786 -0.11180977895855902 0.27391304075717932 0.016521738842129711 1.0000000180025095e-35 -0.085247855633497224 -0.10848161950707434 -0.10301812738180159 -0.091850772500038133 -0.044039873406291001 0.075652178376913085 -0.1073363460600376 -0.10472972318530081 0.063478261232376113 0.16608695685863498 0.040869565680623061 -0.10240446403622626 0.0582340955734253 0.054782608523964889
decision_type=2 2 2 2 2 2 2 2 2 2 2 2 2 2 2 2 2 2 2 2 2 2 2 2 2 2 2 2 2 2
left_child=1 -1 3 -2 -3 16 -7 13 9 -9 11 12 -10 14 15 -8 17 19 -19 -4 21 26 -22 -24 27 -17 -12 -25 29 -21
right_child=2 4 5 -5 -6 6 7 8 10 -11 20 -13 -14 -15 -16 25 -18 18 -20 28 22 -23 23 24 -26 -27 -28 -29 -30 -31
leaf_value=0.0080048930147686645 0.0011017842064254973 0.0045929694769087969 -0.001988668447984334 -0.0021583005185242263 0.00091709252858108807 -0.0054946493772988179 -0.068745082231048582 -0.052881473490944436 0.054710551078393649 0.025492912699809696 0.058686776932250051 0.017655957154030458 -0.052005375912108333 -0.003456490382342458 0.024633159370504552 -0.053080883306434401 0.0093886737473535577 0.045608835007145548 -0.023462487058859144 -0.055293628259706865 -0.045202035516874434 -0.022618254715974753 0.043512967153158055 0.02246005283972214 0.0067933043651414102 0.041332703734174178 -0.024736985537465287 -0.080082772947791064 0.038409020972160174 0.020836560220608966
leaf_weight=3532.7208457223387 6909.1882178367814 4133.9122756584766 2012.9844076040445 11238.875300925087 11973.019990836729 7555.264419254705 9.4883883028815053 7.7047833160904693 2.80561819646391 74.513832579827067 14.222058098934214 22.619784072789116 55.319708131282823 122.22637512073561 160.88026489330514 4.4132993711282351 317.11007428286575 32.331999082271068 11.653277265202631 33.514799508528085 13.911129634523602 130.33435002328952 28.116639201562066 4.0252255413215599 192.82730263341909 13.183126849631661 6.6602793291967819 10.379227569599605 5.5163733467197735 9.2139255957063124
leaf_count=183610 354905 142808 73538 333762 462691 232016 1113 384 507 2342 573 3812 2459 22485 62785 672 21177 413 276 1530 1877 68561 891 86 64831 404 1131 694 146 1241
internal_value=1.29634e-11 0.00296629 -0.00200894 -0.000917154 0.00186075 -0.00383464 -0.00478937 0.00130929 -0.00353342 0.0176012 -0.00717337 -0.0281814 -0.0460162 0.0100888 0.0188685 -0.0150309 -0.000511899 -0.00200698 0.0271946 -0.00264301 -0.00287803 -0.0148914 0.0044404 0.00755354 0.00248912 0.0160721 0.0321648 -0.05183 -0.0293499 -0.038776
internal_weight=48638.9 19639.7 28999.3 18148.1 16106.9 10851.2 8428.9 873.631 563.44 82.2186 481.221 80.7451 58.1253 310.191 187.965 27.0848 2422.32 2105.21 43.9853 2061.23 400.476 151.217 249.26 235.348 207.232 17.5964 20.8823 14.4045 48.2451 42.7287
internal_count=2043720 789109 1254611 688667 605499 565944 467623 235607 148148 2726 145422 6778 2966 87459 64974 2189 98321 77144 689 76455 138644 70265 68379 66502 65611 1076 1704 780 2917 2771
is_linear=0
shrinkage=0.05


Tree=152
num_leaves=31
num_cat=0
split_feature=6 5 7 12 18 16 1 12 2 5 23 6 17 3 1 17 3 5 12 15 2 4 5 13 9 1 17 16 13 6
split_gain=114.687 46.9421 20.4379 16.6739 18.0892 17.4521 18.0754 16.4002 15.2949 15.0055 14.9826 13.9076 13.8382 13.8309 13.8181 17.2537 14.5783 13.176 15.7114 12.6329 11.9325 11.7377 11.6745 11.6731 11.5298 17.1598 11.2623 11.2606 14.3333 13.9889
threshold=-0.11254706606268881 0.026956521905958656 -0.10975478589534758 0.11565217375755311 0.050888145342469222 0.026956521905958656 0.0043478262377902874 0.11043478548526765 -0.13864457607269284 0.01304347859695554 0.78571429848670971 -0.20892685651779172 0.0058695652987807998 -0.16514054685831067 0.0078260868322104233 0.10173912718892099 -0.098029468208551393 1.0000000180025095e-35 1.0000000180025095e-35 -0.24004322290420529 -0.17954419553279874 0.016521738842129711 0.094782605767250075 0.023478261195123199 0.084347829222679152 0.033913042396306999 1.0000000180025095e-35 0.028695652261376384 0.17304348200559619 -0.03744897618889808
decision_type=2 2 2 2 2 2 2 2 2 2 2 2 2 2 2 2 2 2 2 2 2 2 2 2 2 2 2 2 2 2
left_child=1 17 19 5 8 7 -7 9 -5 12 11 -3 -4 -11 16 24 22 26 20 21 -19 -2 -6 -14 25 -16 -1 -17 -29 -30
right_child=2 10 3 4 14 6 -8 -9 -10 13 -12 -13 23 -15 15 27 -18 18 -20 -21 -22 -23 -24 -25 -26 -27 -28 28 29 -31
leaf_value=0.027249537759875448 0.015170456183453838 0.0046257171625882073 0.0060467402395173418 0.057802602023478991 -0.066660494340252452 0.046180563433835781 -0.0059910418375761429 -0.055492655588825684 0.013048925951765687 0.0012069311392018159 0.037333316462481461 0.00066820487258563985 -0.093857833025977735 -0.0029336817247722176 -0.081850816031716664 0.012026110608731561 -0.041431065841161373 -0.017534604257466564 0.0073197723827863482 -0.0003132642430204441 0.0019361675219252269 -0.0059269445116161314 0.033956532439460736 -0.016827988293551432 0.0010872807484292538 0.0067250109865175812 0.010254723461000837 -0.023977531128571775 -0.013310618664298585 0.026577819794167935
leaf_weight=114.81835918939032 248.26852710204548 2642.0168143307383 12.212472005805465 20.909982181612577 2.1328800132541792 15.670821893363607 4910.1256943756816 13.516830532069433 158.38021010751254 2421.7415296445724 27.902640839878586 13872.664678914531 10.708236851642143 12045.847987433062 17.27246463838674 106.42752970419679 7.5156406191381384 84.752473088359693 3566.4464105497827 6392.8143822466536 954.11553670557623 89.016568736931731 54.30391253587004 9.3893660593166697 13.690669238509143 7.5983042004227164 638.43994813223617 79.115072992652131 46.219389122517896 40.183792158561118
leaf_count=2261 4077 85045 137 3088 118 461 261412 1788 39800 43360 229 510237 923 238848 1087 15045 330 870 244995 470037 8300 23138 1638 1204 3211 360 24704 15370 24800 16847
internal_value=-1.33883e-11 0.00268225 -0.00219829 -0.00300051 0.00554787 -0.0032443 -0.00581572 -0.00237123 0.01856 -0.00231788 0.0013646 0.00130157 -0.0358405 -0.00224055 -0.000715156 -0.00508749 0.0202653 0.00674901 0.00574397 0.000184968 0.000332377 0.00960135 0.0290596 -0.0603738 -0.0359395 -0.0555759 0.0128779 -0.000597079 -0.00873721 0.00533226
internal_weight=48624.2 21901.2 26723.1 19993 553.75 19439.2 4925.8 14513.4 179.29 14499.9 16542.6 16514.7 32.3101 14467.6 374.46 310.507 63.9524 5358.57 4605.31 6730.1 1038.87 337.285 56.4368 20.0976 38.5614 24.8708 753.258 271.946 165.518 86.4032
internal_count=2043720 876641 1167079 669827 121694 548133 261873 286260 42888 284472 595511 595282 2264 282208 78806 76720 2086 281130 254165 497252 9170 27215 1756 2127 4658 1447 26965 72062 57017 41647
is_linear=0
shrinkage=0.05


Tree=153
num_leaves=31
num_cat=0
split_feature=6 5 6 12 11 11 5 10 1 13 7 14 3 7 6 17 2 16 15 3 3 3 18 13 7 15 18 5 5 1
split_gain=112.877 31.8808 31.5319 17.5102 21.2459 31.8593 17.1135 23.2405 17.5115 17.1546 17.025 26.0459 21.1854 15.8979 15.6627 29.3056 17.9782 15.083 14.9986 17.9492 15.1858 30.4528 27.4379 19.6097 18.5777 18.4463 18.2444 15.3944 25.0197 16.2852
threshold=-0.13269815593957898 0.047826087102293975 -0.085720360279083238 0.084347829222679152 -0.13280992954969403 -0.13058552891016004 0.47913043200969702 -0.17621984332799909 0.23565217107534411 0.07739130407571794 -0.14432308822870252 -0.12160713970661162 -0.13683320581912992 -0.12103668227791785 -0.065662261098623262 0.062173916026949889 -0.14984495937824246 1.0000000180025095e-35 -0.15965052694082257 -0.18663989752531049 -0.14770639687776563 -0.16671095788478849 0.0049763147253543147 0.0095652174204587954 0.067309424281120314 -0.16362153738737104 0.0025722092250362043 0.50695651769638073 0.564347803592682 0.021739130839705471
decision_type=2 2 2 2 2 2 2 2 2 2 2 2 2 2 2 2 2 2 2 2 2 2 2 2 2 2 2 2 2 2
left_child=1 -1 10 4 6 13 8 -8 -4 -10 11 12 -2 -6 15 -5 -16 -18 20 -20 21 22 26 -22 -23 -25 27 -9 -29 -30
right_child=2 -3 3 14 5 -7 7 18 9 -11 -12 -13 -14 -15 16 -17 17 -19 19 -21 23 24 -24 25 -26 -27 -28 28 29 -31
leaf_value=0.0063750417745317214 -0.002915160628635591 0.0016708532794226822 0.0018577826231770654 -0.089530561798789585 0.0031919751917730225 -0.0048509519637969529 0.028337919090255015 0.022424046114550632 0.045045219303771755 -0.066519309894505343 -0.0011258758007796493 0.0067300963831514356 0.010033128691454592 -0.047301452442991929 -0.050047599464959569 0.01194560093867 -0.084124646272162484 -6.8923457599077639e-05 0.0058270103884987138 -0.038315181797496795 0.0057904310890238581 0.028013961707106783 0.0014513006099406908 -0.042339133285751063 -0.050064957077313302 0.02618710957582765 -0.062132085195841305 -0.10245769739964659 -0.033275296478009204 0.047529644174111117
leaf_weight=6197.2119562722328 2131.0444641307258 8599.7963762624531 1767.001677504275 6.2516574939145348 20.258221784824855 9506.8159092255319 43.131756706454325 18.065843452350236 36.186370990581054 2.9163102011043511 16140.301356373426 1932.5260147416648 369.85884118569811 64.919479732270702 17.973118923118818 406.50556673091342 4.3784143618249791 692.51928894606681 31.895453905686736 79.665580627581221 47.776833792333491 98.635178523196373 187.69297193593229 76.843013940917444 7.3430350106791584 10.555659408157224 31.66356261871988 8.6076532386068703 18.851025032170586 8.1115466579794866
leaf_count=289956 42189 313784 57634 180 1081 287580 700 107 771 257 478549 254428 9295 2368 4371 113222 193 172454 675 3349 402 1304 4269 2878 236 215 748 200 232 93
internal_value=-1.79661e-11 0.00364134 -0.00159567 -0.00350344 -0.00406024 -0.00512584 7.00677e-05 -0.0067563 0.00260036 0.0352734 -0.000372042 0.00237199 -0.000996992 -0.0353947 0.00245328 0.010196 -0.00202525 -0.000716806 -0.0092168 -0.0257552 -0.00558522 -0.000438053 -0.00927007 -0.0199064 0.0221866 -0.0338602 -0.0326048 -0.0143554 -0.0331378 -0.00813517
internal_weight=48565.3 14797 33768.3 13194.6 12066.9 9591.99 2474.94 668.839 1806.1 39.1027 20573.7 4433.43 2500.9 85.1777 1127.63 412.757 714.871 696.898 625.707 111.561 514.146 378.971 272.993 135.176 105.978 87.3987 85.2996 53.6361 35.5702 26.9626
internal_count=2043720 603740 1439980 655519 365099 291029 74070 15408 58662 1028 784461 305912 51484 3449 290420 113402 177018 172647 14708 4024 10684 7189 5649 3495 1540 3093 1380 632 525 325
is_linear=0
shrinkage=0.05


Tree=154
num_leaves=31
num_cat=0
split_feature=6 5 6 5 5 15 5 15 10 13 4 9 9 5 9 26 0 17 10 13 2 3 2 4 27 10 10 6 4 3
split_gain=111.523 41.7645 23.5125 16.5721 16.4147 15.0863 14.9183 13.7355 12.9552 25.4811 13.7695 15.8671 20.8063 13.6881 12.9685 12.6992 18.4024 21.6871 18.3219 18.2188 19.366 23.8614 15.7017 14.6134 14.0119 20.0538 16.7495 13.6057 20.3739 13.8284
threshold=-0.12022472172975539 0.014782608952373268 -0.078019876033067689 0.1278260871767998 0.38521739840507513 -0.079387508332729326 0.37826086580753332 -0.34833675622940058 -0.11116258054971694 0.023478261195123199 0.056521739810705192 0.063478261232376113 0.07739130407571794 0.091304346919059767 0.10347826033830644 1.0000000180025095e-35 0.11913043260574342 0.028260868974030021 -0.12533215433359143 0.014782608952373268 -0.138881079852581 -0.20022395998239514 -0.14476040750741956 0.016521738842129711 1.0000000180025095e-35 -0.1099167689681053 -0.12977186590433118 -0.10851661860942839 0.0043478262377902874 -0.14829440414905545
decision_type=2 2 2 2 2 2 2 2 2 2 2 2 2 2 2 2 2 2 2 2 2 2 2 2 2 2 2 2 2 2
left_child=1 -1 3 8 6 -6 -3 -4 14 -10 11 -11 -13 -14 -2 -5 17 18 19 20 21 -17 27 -21 25 26 -19 -23 29 -29
right_child=2 4 7 15 5 -7 -8 -9 9 10 -12 12 13 -15 -16 16 -18 24 -20 23 -22 22 -24 -25 -26 -27 -28 28 -30 -31
leaf_value=0.0079359139248484437 0.00027016931745437492 0.0024329790546519215 0.0084772917958588299 -0.0023819874300156927 -0.0015707705950573231 -0.048527381732612729 0.022448557887672534 -0.0042677668931396266 0.020305313145760909 -0.015434832324311344 0.013716529157641986 0.021371655987386357 0.0033483999499255078 -0.022088199071481518 -0.030705127739886137 0.031547658613944506 0.039189548187980663 0.023966257483831004 0.018074991856952379 0.049742877087628042 0.017901654068096337 0.0045315289823077047 -0.092542274839793562 -0.024282620471601891 0.029217733660799213 0.022373958901595672 -0.064115022339878633 0.026504157953355423 -0.088865816591900473 -0.050099357142351725
leaf_weight=3482.659642093764 6687.3819914584637 13009.988525265537 215.44709150236667 12026.945099693359 2402.9680294989012 16.229532052035211 92.782222274836386 9242.4932299174507 242.55717874272523 163.48672077182709 171.04140622727209 109.32036571007484 163.94174788413147 76.930844321836048 32.962327594803355 13.471162529109277 37.75883564252581 5.8422714184562201 193.33151655762049 21.64631559280679 32.012226862367243 20.471549296307785 10.806101618771207 8.7368472882080805 9.5562543105334026 11.457134650336227 34.009938556104316 10.451464940240834 14.963870513718573 11.264040747046243
leaf_count=179566 227718 502229 6881 370566 79169 1873 2172 494712 11936 19402 96877 7607 21584 5895 8625 104 1316 238 1510 138 164 179 158 252 175 713 1581 68 179 133
internal_value=2.89986e-11 0.0029883 -0.00192073 -0.00095371 0.00187777 -0.00190571 0.00257641 -0.00397658 0.000878503 0.00641527 0.0014724 -0.0026233 0.00338466 -0.00483338 0.000113694 -0.00207801 0.00629767 0.00308694 0.00805928 -0.00543596 -0.0146566 -0.0275183 -0.0395147 0.028361 -0.0241416 -0.0344482 -0.0509319 -0.0280692 -0.0459018 -0.0136871
internal_weight=48572.9 19004.6 29568.3 20110.3 15522 2419.2 13102.8 9457.94 7647.62 927.278 684.721 513.68 350.193 240.873 6720.34 12462.7 435.78 398.021 337.155 143.824 113.44 81.4282 67.957 30.3832 60.8656 51.3093 39.8522 57.1509 36.6794 21.7155
internal_count=2043720 765009 1278711 777118 585443 81042 504401 501593 399644 163301 151365 54488 35086 27479 236343 377474 6908 5592 2885 1375 985 821 717 390 2707 2532 1819 559 380 201
is_linear=0
shrinkage=0.05


Tree=155
num_leaves=31
num_cat=0
split_feature=6 5 6 13 12 2 16 3 4 1 2 15 4 12 1 8 9 0 18 5 18 3 6 9 6 9 6 6 14 5
split_gain=111.318 54.2637 20.1053 18.6778 17.912 18.0492 14.74 14.3093 13.8438 15.7724 14.0711 13.8405 17.2611 16.3366 18.3655 16.2517 29.7425 17.193 21.1525 16.2565 16.7893 15.9731 24.263 26.2745 25.955 19.096 16.3154 15.7735 27.986 31.5457
threshold=-0.10001972317695616 0.047826087102293975 -0.23885913938283918 1.0000000180025095e-35 1.0000000180025095e-35 -0.16817409545183179 0.051304347813129432 -0.13962371647357938 1.0000000180025095e-35 0.0078260868322104233 -0.1512406915426254 -0.15867823362350461 0.018260869197547439 0.084347829222679152 0.37999999523162847 0.072173915803432478 0.046086955815553672 0.046086955815553672 0.028517230413854126 0.16434781998395923 0.043685374781489379 -0.073396351188421236 -0.063897233456373201 0.089565217494964613 -0.0058566315565258256 0.063478261232376113 -0.030688317492604252 -0.023888124153017994 -0.1202651485800743 0.29478260874748236
decision_type=2 2 2 2 2 2 2 2 2 2 2 2 2 2 2 2 2 2 2 2 2 2 2 2 2 2 2 2 2 2
left_child=1 2 3 -1 5 -4 -5 8 -7 10 -10 12 27 -13 15 17 -17 18 -15 -20 -21 22 -18 26 -25 -23 -24 -2 -29 -30
right_child=11 -3 4 6 -6 7 -8 -9 9 -11 -12 13 -14 14 -16 16 21 -19 19 20 -22 25 23 24 -26 -27 -28 28 29 -31
leaf_value=0.017040495297436682 0.0049222545075942627 0.00058290134607433806 -0.017623139176518622 0.0061678104429902063 0.0051558107849157282 0.0025014118699292053 0.049357082405760935 0.022321787482522004 -0.019518967664881638 -0.044489759486723235 0.0075056756558942216 -0.0037386394434502502 -0.0042311755755365752 0.027715255899606103 -0.026996624411721085 0.033509997162629958 0.011686144967041944 -0.03181465993255967 -0.024256699491055606 0.012501876325516002 -0.011868527345215693 -0.062186607778111795 -0.014273963814256569 -0.0080546204943723453 0.050304861943580872 0.026460670104759988 -0.059059631891751924 0.014373311607075957 -0.0070010605000723775 -0.078277498924818112
leaf_weight=590.13547703494987 1583.8311097002297 19512.890432875825 153.80862646183232 1650.229645207859 5192.8960948827898 703.85515548208787 19.019171698120772 70.237878915710098 97.669048009905964 30.681832136469893 93.315846370183863 16410.558936235953 1180.8638586100678 57.756117222079411 49.807741316930333 102.13315631467776 216.67262923451926 46.63816906469583 80.700423291156767 149.62873786588898 132.14452632753091 5.5217922199699379 48.094269700453879 110.30581893213457 21.987991467911343 101.77686245855148 35.381673691268588 47.677662867237814 38.70670253795106 25.166990437777713
leaf_count=6643 18130 652661 1533 64210 365508 6282 3040 442 821 447 732 510353 93523 6195 43848 9025 84705 9795 14439 12425 12240 390 6947 54322 5154 56452 2008 405 555 490
internal_value=3.0025e-11 0.00204145 0.00534963 0.0093992 0.0039058 -0.00174041 0.00668916 0.000728118 -0.000932949 -0.0118003 -0.00634432 -0.00280719 0.000407908 -0.00333353 0.00240308 0.00374693 0.00890399 -0.00334714 -0.000119719 -0.00461896 0.00107122 0.00419453 -0.000105718 -0.0119462 0.00194969 0.0213666 -0.033731 0.0036397 -0.0144522 -0.0358585
internal_weight=48560.1 28114.7 8601.85 2259.38 6342.46 1149.57 1669.25 995.76 925.522 221.667 190.985 20445.4 2876.25 17569.1 1158.55 1108.74 641.874 466.868 420.23 362.474 281.773 539.741 432.442 215.77 132.294 107.299 83.4759 1695.38 111.551 63.8737
internal_count=2043720 1102319 449658 73893 375765 10257 67250 8724 8282 2000 1553 941401 113103 828298 317945 274097 219003 55094 45299 39104 24665 209978 153136 68431 59476 56842 8955 19580 1450 1045
is_linear=0
shrinkage=0.05


Tree=156
num_leaves=31
num_cat=0
split_feature=6 5 6 5 5 12 15 26 2 9 1 2 18 18 3 2 23 12 8 12 13 2 18 24 4 8 12 5 17 11
split_gain=109.85 37.7828 28.6411 18.8405 17.2335 14.2041 18.461 12.1526 18.5714 16.1535 35.2844 21.7945 28.1333 18.1223 14.031 16.5896 16.2384 12.1231 11.9089 14.5217 21.3837 17.922 20.8957 15.035 11.8108 11.7026 22.5832 24.0741 21.6655 22.4894
threshold=-0.12929385900497434 0.075652174651622786 -0.081362813711166368 0.0026086957077495758 0.15739130228757861 0.11391304433345796 -0.10346825048327445 1.0000000180025095e-35 -0.081429008394479738 0.014782608952373268 0.032173912972211845 -0.12508091330528257 0.0086411335505545157 0.050031181424856193 -0.13359632343053815 -0.11569639667868613 0.35714286565780645 0.014782608952373268 1.0000000180025095e-35 0.0043478262377902874 0.014782608952373268 -0.15088935196399686 0.0015061312005855145 1.0000000180025095e-35 0.014782608952373268 1.0000000180025095e-35 0.0026086957077495758 0.42695651948452001 0.0071739130653440961 -0.07296449318528174
decision_type=2 2 2 2 2 2 2 2 2 2 2 2 2 2 2 2 2 2 2 2 2 2 2 2 2 2 2 2 2 2
left_child=1 3 4 -1 -2 6 -4 -6 9 11 -11 12 18 14 15 -12 17 -16 -9 -20 21 -21 -23 24 -24 -8 27 -27 29 -28
right_child=2 -3 5 -5 7 -7 25 8 -10 10 13 -13 -14 -15 16 -17 -18 -19 19 20 -22 22 23 -25 -26 26 28 -29 -30 -31
leaf_value=0.011650734389902093 0.00088631509106297925 0.00089115587037247649 -0.0013763807464569869 0.0047943314402410994 -0.0022443412252008336 0.0038006629275383983 -0.016485647145432367 -0.018928682739975985 0.053464095659763247 -0.056961290140089695 -0.04730154727833593 0.049685076137654202 -0.071125364207439007 -0.085474186797658183 -0.085629505263384378 0.025093897946208022 0.033259439746009929 0.0019221588039985762 0.028545112927319878 -0.053844963044665239 0.045671722070239999 0.052191649978332491 -0.022538194319963845 -0.059607638394247056 0.043253231656423467 0.0032932134469537441 -0.013795029704603065 0.049918812499323589 -0.0053752882103820293 -0.054667957918295255
leaf_weight=1168.4794754754548 10200.697425728096 7673.8746369334804 3724.1062426900371 7027.2856046995257 11184.526821331179 587.55913223743482 245.17670750606158 29.636908126427443 18.982951768921339 29.59024304599734 19.761744934876337 31.820638262084685 10.245404149696695 4.478176687276572 3.9267472307547022 11.982209593872538 56.169674537843093 19.813465415223618 93.018317042202398 18.114694531541318 19.372876028297469 14.292863970156757 15.228798022726552 12.444773143390192 10.786826400202697 253.47982505956315 222.63445414282614 30.105010547675192 5760.4266914425825 38.949823811883107
leaf_count=43863 489248 271549 124025 329622 337179 211392 2498 300 587 856 697 137 193 85 50 320 594 1298 432 229 112 62 132 145 86 2766 2294 222 222227 520
internal_value=3.48982e-11 0.00341264 -0.0016579 0.00577316 -0.000612886 -0.00375537 -0.00418778 -0.00193073 0.00641287 0.00405621 -0.00918353 0.0116296 0.00600535 0.00337254 0.00766307 -0.020043 0.0187809 -0.0154351 0.0100324 0.0147933 0.000460687 -0.012362 0.00261936 -0.0166587 0.00533212 -0.0057856 -0.00536701 0.00840095 -0.00601665 -0.020066
internal_weight=48537 15869.6 32667.3 8195.77 21804.9 10862.4 10274.9 11604.2 419.667 400.684 145.722 254.962 223.141 116.132 111.654 31.744 79.9099 23.7402 212.896 183.259 90.2408 70.868 52.7533 38.4604 26.0156 6550.77 6305.6 283.585 6022.01 261.584
internal_count=2043720 645034 1398686 373485 832742 565944 354552 343494 6315 5728 3900 1828 1691 3044 2959 1017 1942 1348 1498 1198 766 654 425 363 218 230527 228029 2988 225041 2814
is_linear=0
shrinkage=0.05


Tree=157
num_leaves=31
num_cat=0
split_feature=6 5 5 23 6 12 0 9 0 17 6 15 7 5 5 10 3 17 2 16 2 9 4 6 12 27 6 0 5 18
split_gain=109.716 45.9032 17.2469 16.2441 14.17 13.6631 17.0662 15.9724 19.0932 27.164 22.8573 15.8648 15.0115 24.5955 21.7818 19.609 32.3477 33.5509 26.4824 25.7515 14.019 13.8944 15.058 13.6036 14.2546 13.8624 13.5604 13.5407 13.3562 13.2414
threshold=-0.10760913044214247 0.026956521905958656 0.063478261232376113 0.78571429848670971 -0.2238461300730705 0.0826086960732937 0.43565216660499578 0.0060869567096233377 0.018260869197547439 0.025217390619218353 -0.019907175563275811 -0.058957017958164208 -0.082119248807430253 0.098260872066020979 0.2286956533789635 -0.12169017642736434 -0.10773311555385588 0.028260868974030021 -0.14050374180078504 0.016521738842129711 -0.11251590400934218 1.0000000180025095e-35 0.020000000484287742 -0.31424054503440851 1.0000000180025095e-35 1.0000000180025095e-35 -0.078872337937355028 1.0000000180025095e-35 0.92434781789779674 0.0080051976256072539
decision_type=2 2 2 2 2 2 2 2 2 2 2 2 2 2 2 2 2 2 2 2 2 2 2 2 2 2 2 2 2 2
left_child=1 23 -2 4 -3 6 7 8 9 11 12 20 13 -10 -14 18 19 21 -16 -17 -4 -18 -23 -1 -25 -26 -9 -11 -28 -13
right_child=2 3 5 -5 -6 -7 -8 26 10 27 -12 29 14 -15 15 16 17 -19 -20 -21 -22 22 -24 24 25 -27 28 -29 -30 -31
leaf_value=0.01207368492615676 0.00063550550194992278 0.0049729350732413517 -0.0010585350816780627 0.037077838444966829 0.00064296955092463281 0.0022213075684777961 -0.074294217522739001 -0.0027183317423629776 0.019749964201994874 0.017795976161152239 -0.065283804612726981 -0.097472438501080366 0.035193469981904361 -0.019837269088362003 -0.029955690274673371 0.023168946546805486 0.00073795091966505615 0.015877217847295687 0.031691194906681437 -0.067157996526032979 -0.061856207289127121 -0.10154634148657569 -0.0037959125079815494 0.00017402038166328826 0.0059507906765393359 0.018101696365639516 -0.005869751084277593 -0.074061713581599867 0.037982130318476554 0.018058159042500875
leaf_weight=886.20501091402548 4034.7251739803251 2136.2468857245403 3506.4279704295477 30.506967365130549 16302.819085554624 1205.6922038040211 7.4548090036550994 8886.4277783888538 67.598640705429716 4.6582361790351596 9.3257170980505162 6.6977409599239746 100.39283942975453 90.69515324299573 19.978187889035325 73.227806234470336 6.0016377910506007 18.506171982211526 106.20115225802874 7.857605511439032 8.5077091685379838 20.439799552550543 4.9242147020995608 1045.7691008089805 3348.2125528342131 251.77990319038508 6295.7180030025302 17.971515822398942 16.429114052036311 3.2538460828363895
leaf_count=26017 379120 66629 28744 243 591367 194899 510 293761 585 39 275 157 723 1166 229 442 54 244 603 264 253 279 87 9936 257772 5331 182917 581 449 44
internal_value=2.40527e-11 0.00240306 -0.00235234 0.00120621 0.00114486 -0.00294085 -0.00326379 -0.00323246 -0.000451565 -0.00176939 0.00843714 -0.00141081 0.0098937 -0.00291387 0.0155565 0.00778304 -0.00575815 -0.037049 0.0217717 0.0137043 -0.00122324 -0.0678019 -0.0834327 0.00639805 0.00531303 0.0068054 -0.00397756 -0.0552003 -0.00574962 -0.061498
internal_weight=48520.7 24001.5 24519.1 18469.6 18439.1 20484.4 19278.7 19271.2 4072.67 3547.52 525.149 3524.89 515.823 158.294 357.529 257.137 130.957 49.8718 126.179 81.0854 3514.94 31.3657 25.364 5531.97 4645.76 3599.99 15198.6 22.6298 6312.15 9.95159
internal_count=2043720 957295 1086425 658239 657996 707305 512406 511896 34769 29818 4951 29198 4676 1751 2925 2202 1370 664 832 706 28997 420 366 299056 273039 263103 477127 620 183366 201
is_linear=0
shrinkage=0.05


Tree=158
num_leaves=31
num_cat=0
split_feature=6 5 6 5 1 15 5 8 15 8 14 6 1 18 10 17 0 24 5 6 9 17 11 17 3 7 5 9 0 15
split_gain=108.053 50.9133 18.2067 15.314 18.2804 18.2148 17.6747 16.3765 14.58 13.8078 15.8763 13.7008 13.683 16.4141 15.7653 17.2816 15.3789 13.7699 17.419 15.968 20.6626 16.8586 17.185 15.9422 13.7206 13.3338 12.6688 12.6247 17.9791 20.6019
threshold=-0.1041445955634117 0.049565218389034278 -0.19988396763801572 0.17478261142969134 0.22173913568258288 -0.21838362514972684 0.62869566679000866 0.037391304969787605 -0.2161074951291084 0.063478261232376113 -0.1008310168981552 -0.097193207591772066 0.01304347859695554 0.039294341579079635 -0.11038394644856452 0.068260867148637785 0.11391304433345796 1.0000000180025095e-35 0.17130435258150103 -0.071760576218366609 0.079130433499813094 0.089565221220254912 -0.033880043774843209 0.070000004023313536 -0.15612789988517758 -0.08401221781969069 1.0000000180025095e-35 0.093043476343154921 0.10695651918649675 -0.085829418152570711
decision_type=2 2 2 2 2 2 2 2 2 2 2 2 2 2 2 2 2 2 2 2 2 2 2 2 2 2 2 2 2 2
left_child=1 2 26 5 -5 -2 7 -6 -7 10 27 -8 -11 14 15 16 -14 18 19 24 -21 22 -22 -19 25 -15 -1 28 -10 -30
right_child=3 -3 -4 4 6 8 11 -9 9 12 -12 -13 13 17 -16 -17 -18 23 -20 20 21 -23 -24 -25 -26 -27 -28 -29 29 -31
leaf_value=0.015960936260687366 0.0082318275281466884 0.00066878113839304325 0.00354324115459018 -0.0032266079221496833 -0.071487866892849722 -0.060837693235029404 -0.08361771883328363 -0.0075024411226759556 -0.0020726145292433479 0.028883692242028542 -0.031844864097608561 -0.024763003494750368 -0.051899275026729474 -0.055114514133276331 0.011754341929624419 0.011798939547699226 0.018836061361281412 0.027493939155628977 0.049232991483521234 -0.070630777363792571 -0.070577723790499799 0.0012258339786595323 0.053268997315796401 -0.0022381486774124657 0.0015374306741809335 0.051392407428970423 0.0070489398155381307 0.0092119672255753012 -0.013984063096594744 -0.079113572617390632
leaf_weight=464.33277949839976 501.60890956443473 17307.15120029324 5118.7273557067456 12123.948049664545 9.2072403331694641 9.3540826844528038 10.921602401329435 540.61975202176109 7932.320064660631 50.46122796876989 43.856283307639387 70.143853010165913 30.406274337437935 19.272518259404027 486.30361544805237 37.632762640290821 9.593532985498312 55.038175855966983 9.9239785692225251 24.163907329828362 17.645064888445635 43.185566403693883 2.5429995863232753 230.05688011740494 121.46805608491559 2.6291438879561602 2829.9066517336032 242.04072045786779 99.283902120383573 12.96310598511627
leaf_count=11371 33332 587594 314400 408854 481 870 640 29679 251646 6035 10742 6172 1969 3237 139232 8015 219 1043 486 2839 991 24122 19 48195 18204 74 107740 20889 3842 788
internal_value=-2.39652e-11 0.00221988 0.00541035 -0.00251116 -0.00365905 -0.00104416 -0.011951 -0.00870176 -0.00153579 -0.0014708 -0.00217721 -0.0336145 0.00368715 0.00249512 0.00841394 -0.0123943 -0.0348885 -0.00385538 -0.0126331 -0.0154928 -0.032194 -0.0166688 -0.0531995 0.00357773 -0.00514314 -0.0406433 0.00830957 -0.00201637 -0.0023553 -0.0221379
internal_weight=48456.7 25720.1 8412.97 22736.6 12754.8 9981.75 630.892 549.827 9480.14 9470.79 8330.46 81.0655 1140.32 1089.86 563.936 77.6326 39.9998 525.926 240.831 230.907 87.5375 63.3736 20.1881 285.095 143.37 21.9017 3294.24 8286.61 8044.57 112.247
internal_count=2043720 1021105 433511 1022615 445826 576789 36972 30160 543457 542587 287907 6812 254680 248645 149435 10203 2188 99210 49972 49486 27971 25132 1010 49238 21515 3311 119111 277165 256276 4630
is_linear=0
shrinkage=0.05


Tree=159
num_leaves=31
num_cat=0
split_feature=6 5 6 4 3 7 3 15 26 18 5 8 18 5 7 9 7 11 15 26 13 14 3 10 18 4 10 14 6 9
split_gain=106.518 51.3377 16.4594 18.6745 25.8306 22.0452 21.5399 16.2601 21.965 15.4955 15.5605 20.081 15.9899 16.1079 14.7609 17.3018 14.4165 14.146 13.5284 21.0509 14.6437 14.0071 13.7329 20.1788 13.3469 29.2332 26.981 33.7894 23.8724 37.3258
threshold=-0.10001972317695616 0.035652173683047302 -0.20253870636224744 0.011304348241537811 -0.20347093790769574 -0.33445703983306879 -0.17672017216682431 -0.19408079236745832 1.0000000180025095e-35 0.0022591975284740333 0.094782605767250075 0.072173915803432478 0.027475714683532718 0.028695652261376384 -0.23047929257154462 0.026956521905958656 -0.048040486872196191 -0.076549205929040895 -0.083245169371366487 1.0000000180025095e-35 0.042608696967363364 -0.10184857249259947 -0.16926486790180204 -0.12278762087225913 0.0028510604752227668 0.0078260868322104233 -0.137398786842823 -0.12160713970661162 -0.078019876033067689 0.0043478262377902874
decision_type=2 2 2 2 2 2 2 2 2 2 2 2 2 2 2 2 2 2 2 2 2 2 2 2 2 2 2 2 2 2
left_child=1 2 -1 4 7 -5 -7 8 -4 -2 11 18 13 -13 -9 -16 -3 -14 -11 21 -21 22 23 -20 25 26 -12 28 -28 -30
right_child=9 16 3 5 -6 6 -8 14 -10 10 24 12 17 -15 15 -17 -18 -19 19 20 -22 -23 -24 -25 -26 -27 27 -29 29 -31
leaf_value=0.008702988538168005 0.00046070446984509505 0.0015465954028365389 -0.0013870354923162607 -0.005356879953615913 0.0060741953152936333 0.02027736324047583 0.0040231169101491038 -0.0021184761185087751 0.024187088994335484 7.4811466449101931e-05 0.042859514885452143 0.0080387485819218753 0.0095522211396315334 0.046716178493942107 -0.015660996271034976 -0.088818671132623733 -0.0014312417492638497 -0.012417045377596549 0.032233661050181869 -0.088380609077018876 0.01658119013646937 -0.041758957096835352 -0.0041067198905653688 -0.088921300667346742 -0.0038500679559774855 -0.0046433276067614519 -0.071069621321576473 0.013687326715765412 -0.082648439903922621 0.02059000098187581
leaf_weight=2777.2689052470523 3180.1631904329442 15559.304599165636 804.55178912107658 198.27064938323929 1688.9500378154735 466.15426554144142 362.65125656663258 319.79157431796193 92.731491918937536 2435.1018381290287 10.123853948782196 59.726537104421368 290.81738447005409 48.78370206906402 262.60354998552066 7.4016014436492688 5500.517597918868 96.899512946136383 4.4012185718020183 11.879552575119304 4.0995694299708694 25.486188105453039 937.20574407645836 9.877349897491511 12855.206336640531 337.40527518899762 60.748596017248929 23.839398649754003 13.114537102868779 22.285074989777058
leaf_count=100768 40493 545794 14612 72342 26494 58262 102480 5068 1027 125956 53 76357 61361 5053 3391 250 171831 50446 41 309 204 7198 45745 386 519389 7130 683 167 234 196
internal_value=1.9312e-11 0.00200062 0.00571638 0.00374133 0.00184473 0.0095987 0.0131786 -0.00295975 0.00127996 -0.00274619 -0.0033375 -0.000570114 0.00882042 0.025695 -0.00940104 -0.0179868 0.000768797 0.00404377 -0.00193162 -0.00684729 -0.0620613 -0.00588168 -0.00487785 -0.0519111 -0.00415255 -0.0124438 -0.0324823 -0.0391409 -0.0522455 -0.0188767
internal_weight=48467.4 28040.2 6980.38 4203.11 3176.03 1027.08 828.806 1487.08 897.283 20427.2 17247 3924.28 496.227 108.51 589.797 270.005 21059.8 387.717 3428.05 992.95 15.9791 976.971 951.484 14.2786 13322.7 467.517 130.111 119.988 96.1482 35.3996
internal_count=2043720 1102319 384694 283926 50842 233084 160742 24348 15639 941401 900908 373056 193217 81410 8709 3641 717625 111807 179839 53883 513 53370 46172 427 527852 8463 1333 1280 1113 430
is_linear=0
shrinkage=0.05


Tree=160
num_leaves=31
num_cat=0
split_feature=6 6 5 26 27 5 11 4 7 14 3 15 15 4 7 7 17 7 18 2 7 5 15 6 6 8 0 16 15 10
split_gain=106.061 41.1833 25.22 20.037 20.8435 17.2596 17.3145 19.2365 23.9674 22.4479 16.899 17.9612 16.2406 21.7421 22.4181 28.1428 16.22 14.9187 17.3422 14.8272 15.6764 14.7249 14.6535 15.0108 14.5996 14.3881 14.0918 17.9362 14.0632 13.2573
threshold=-0.15336318314075467 -0.090279757976531969 0.12086956202983858 1.0000000180025095e-35 1.0000000180025095e-35 0.079130433499813094 -0.14761446416378018 0.020000000484287742 -0.19487725943326947 -0.1248183213174343 -0.1089373081922531 -0.078763764351606355 -0.16684342175722119 0.0095652174204587954 -0.032086377963423722 -0.11900167912244795 0.0034782608272507791 -0.18488402664661405 0.0033396290382370357 -0.13416591286659238 -0.12413705885410307 1.0000000180025095e-35 -0.10290300101041792 -0.12375725805759429 -0.13269815593957898 0.0060869567096233377 0.014782608952373268 1.0000000180025095e-35 -0.16796874254941938 -0.12753134220838544
decision_type=2 2 2 2 2 2 2 2 2 2 2 2 2 2 2 2 2 2 2 2 2 2 2 2 2 2 2 2 2 2
left_child=2 3 21 5 10 6 7 8 9 -2 12 24 -5 -14 15 -15 -6 18 26 20 29 -1 23 -17 -12 -20 27 -10 -19 -9
right_child=1 -3 -4 4 16 -7 -8 19 17 -11 11 -13 13 14 -16 22 -18 28 25 -21 -22 -23 -24 -25 -26 -27 -28 -29 -30 -31
leaf_value=0.013564462841194594 -0.0059494076681097172 -0.0032015556056843118 0.00062860483141814803 0.013133241586799571 -0.0092755578464708294 -0.0010639987429848575 0.004990242216235439 -0.010084944623709942 -0.024650257930855051 0.0066337973038540325 -0.044876135953201529 -0.073095264866858772 0.0033932700244526828 -0.043339462695469427 -0.078223509263980029 -0.03123225709249693 0.030561904266477265 0.0009184637207145397 0.024753910706511936 -0.00077291756115849416 -0.021407126227936592 0.0054201249789221362 -0.051385450914614987 0.021215742375394336 0.032165150492641341 -0.020838254196859141 0.020364428491016873 -0.083529522092420663 -0.010572416761087368 0.018443558355176665
leaf_weight=604.93592370096303 566.34205952251796 15471.619375486844 2965.6474205037375 190.9901234124336 30.867814156736131 15468.000554032216 2779.1869301524821 45.207122872856417 30.169382604188286 943.62586005481717 5.7311605444047009 3.7341266731746137 315.80774563964223 49.005667128327332 13.736692369566297 16.257900053198682 136.98879646971182 477.26087386650033 23.664528966037324 382.70376516959368 30.500154488829139 6679.3733184614466 9.8380232568306365 65.023597201929078 91.103554632238229 57.28211950455443 7.2724381085718042 23.391276618698612 600.86157650497626 363.49988847736313
leaf_count=18054 9358 745735 105882 4183 392 494497 196305 10303 288 25334 331 360 2530 2866 681 553 1418 7218 240 78241 1870 286978 381 1303 1904 1369 174 707 9553 34712
internal_value=7.09694e-13 -0.00121182 0.00451592 0.000142723 0.0073298 -0.000163917 0.00203501 -0.000278147 -0.00229743 0.00191341 0.00379903 0.0227867 0.000878567 -0.00412209 -0.01947 -0.0131968 0.0232245 -0.00750681 -0.0227008 0.00642327 0.0126812 0.00609825 0.00330896 0.010473 0.0271934 -0.00737009 -0.0426513 -0.051424 -0.00548952 0.0152711
internal_weight=48449.6 38199.7 10250 22728.1 929.085 21799 6330.97 3551.78 2729.87 1509.97 761.229 100.569 660.66 469.67 153.862 140.125 167.857 1219.9 141.78 821.911 439.207 7284.31 91.1195 81.2815 96.8347 80.9466 60.8331 53.5607 1078.12 408.707
internal_count=2043720 1632806 410914 887071 16902 870169 375672 179367 54241 34692 15092 2595 12497 8314 5784 5103 1810 19549 2778 125126 46885 305032 2237 1856 2235 1609 1169 995 16771 45015
is_linear=0
shrinkage=0.05


Tree=161
num_leaves=31
num_cat=0
split_feature=6 5 5 6 26 0 1 18 8 17 14 2 6 2 2 9 12 13 11 5 11 9 0 1 2 8 0 16 8 2
split_gain=105.62 42.3936 19.2003 17.7584 17.292 17.5642 15.854 19.0097 19.4038 25.9652 20.9116 22.7412 18.5951 25.4035 34.728 26.0241 28.8677 19.8379 20.0262 19.5768 21.8451 17.3025 17.2129 24.767 24.5197 16.8729 16.8396 16.5215 22.1284 15.8308
threshold=-0.11046976223587988 0.080869562923908248 0.0026086957077495758 -0.077141605317592607 1.0000000180025095e-35 0.10000000149011613 0.011304348241537811 0.017583179287612442 0.011304348241537811 0.018695653416216377 -0.11768357083201407 -0.11066980287432669 -0.061057787388563149 -0.12386830896139144 -0.1120588295161724 0.0026086957077495758 0.049565218389034278 0.028695652261376384 -0.19519554823637006 0.032173912972211845 -0.19837179034948346 1.0000000180025095e-35 0.061739129945635803 0.040869565680623061 -0.12087110430002211 0.10173913091421129 0.072173915803432478 0.047826087102293975 0.07739130407571794 -0.15197485685348508
decision_type=2 2 2 2 2 2 2 2 2 2 2 2 2 2 2 2 2 2 2 2 2 2 2 2 2 2 2 2 2 2
left_child=1 2 -1 4 -2 -6 -5 12 10 -10 11 -9 25 21 15 -15 19 18 -16 -17 22 -14 23 24 -21 -8 -20 -11 -29 -23
right_child=3 -3 -4 6 5 -7 7 8 9 27 -12 -13 13 14 17 16 -18 -19 26 20 -22 29 -24 -25 -26 -27 -28 28 -30 -31
leaf_value=0.010561660114916665 -0.0015319687261607254 0.00047416607987971459 0.004015352185615031 -0.0001507236801264752 0.0041421835599538956 0.031877642270044283 -0.010679607705888468 0.02361318737498877 -0.078695539880256987 -0.0012702708607162318 0.049022927941035813 -0.0699831116660726 -0.0847872970706081 0.040325938318275696 0.015779288723895678 0.020019842714965746 0.0033002640837336335 0.01350788361817405 -0.048235875726945626 -0.081426005021392273 -0.037606724552497861 -0.031729436916166948 0.063575695982093963 -0.075192375864261904 0.033820309370876704 0.041702206693600204 0.025116319060091444 -0.033202223974932728 -0.0054777512063882931 0.0053744847005601937
leaf_weight=1273.7491853339052 16034.8484452741 12150.453418290173 9268.217196468253 2099.2178981719026 542.37399882412137 62.863009204105765 2284.5794396805868 18.15092788706534 10.252661273349075 2824.6190375133428 36.468116060510511 8.8344044226687384 4.5416344110853961 16.879902839078568 30.151101281444426 18.763948630967207 90.925056363495969 179.82770331103347 41.78322305981419 4.7592145476955912 249.25800043251365 28.953971255104989 7.7041622969554728 10.677372047386596 22.483396195282698 14.516912975499507 8.9141336312604817 94.220735076791243 297.05747732207419 719.77724600698275
leaf_count=53505 637598 407953 447785 35996 8560 2785 75795 186 177 174673 652 159 140 140 742 1185 3894 28073 2035 164 7009 970 65 336 317 13588 218 11352 110571 17097
internal_value=3.87972e-11 0.00248726 0.00480725 -0.00219079 -0.00121866 0.00707076 -0.00396354 -0.00510285 -0.00233036 -0.00287221 0.024836 -0.00843398 -0.00754377 -0.00307556 -0.0100585 -0.0189151 -0.0214802 0.00427804 -0.0161657 -0.0286516 -0.0318059 0.00325283 1.26484e-05 -0.0142031 0.0115168 -0.0103309 -0.035102 -0.00260609 -0.0122215 0.00389924
internal_weight=48455.8 22692.4 10542 25763.4 16640.1 605.237 9123.32 7024.1 3289.6 3226.15 63.4534 26.9853 3734.5 1435.4 682.127 421.451 404.571 260.676 80.8485 313.646 294.882 753.273 45.6241 37.92 27.2426 2299.1 50.6974 3215.9 391.278 748.731
internal_count=2043720 909243 501290 1134477 648943 11345 485534 449538 297770 296773 997 345 151768 62385 44178 13110 12970 31068 2995 9076 7891 18207 882 817 481 89383 2253 296596 121923 18067
is_linear=0
shrinkage=0.05


Tree=162
num_leaves=31
num_cat=0
split_feature=6 5 6 26 5 5 5 6 15 2 1 2 15 17 10 16 15 11 5 10 15 12 10 8 18 7 2 12 7 5
split_gain=104.459 34.9949 27.6416 23.4159 17.6794 16.3024 15.8656 16.7464 15.7711 15.5019 27.3764 15.3069 17.2732 18.5133 18.1043 17.5136 17.1161 19.2744 15.0495 16.0869 14.882 14.2806 18.0497 13.9126 14.4107 16.8392 13.6847 12.8696 17.0552 17.7668
threshold=-0.12929385900497434 0.075652174651622786 -0.093975905328989015 1.0000000180025095e-35 0.15739130228757861 0.0026086957077495758 0.16086956113576892 -0.10948980227112769 -0.31130492687225336 -0.089856881648302064 0.10173913091421129 -0.1258270591497421 -0.1113082207739353 0.0078260875307023543 -0.12155555561184882 0.025217391550540928 -0.15600813180208203 -0.14228104054927823 0.2060869559645653 -0.13288283348083493 -0.15867823362350461 0.021739130839705471 -0.12308038398623465 1.0000000180025095e-35 0.0043478261213749656 -0.084904287010431276 -0.15355309098958966 0.11391304433345796 0.14397268742322925 0.89304345846176159
decision_type=2 2 2 2 2 2 2 2 2 2 2 2 2 2 2 2 2 2 2 2 2 2 2 2 2 2 2 2 2 2
left_child=1 5 3 4 -2 -1 7 21 -8 10 11 12 13 23 -14 16 -15 -18 -19 -20 -4 22 -6 24 25 -5 -9 28 29 -22
right_child=2 -3 20 9 6 -7 8 26 -10 -11 -12 -13 14 15 -16 -17 17 18 19 -21 27 -23 -24 -25 -26 -27 -28 -29 -30 -31
leaf_value=0.011104573770175338 0.0012872275008376575 0.0009033946124989067 0.0006637676886088853 -0.0090276201504427313 -0.022722024905629586 0.0047010784730097087 -0.025875250192979555 0.014727993584870964 -0.0016972760108309049 0.042439780977440486 -0.049101405633710196 0.026704983285969291 0.029579440285475201 0.0043760148255850484 -0.024399679979237417 0.037430401738473784 -0.074349352808016161 -0.0027420908792269746 0.014511308772026109 -0.085914635082505991 -0.0039083851195456506 -0.043243906148500433 0.044318566098037096 0.016328944262023994 0.046142992652627515 -0.088441313924005838 -0.05847193556211281 0.0035014964457657487 -0.062815281408018189 0.033186944962664958
leaf_weight=1158.2043532324788 7230.7889447297566 7644.8753979185785 2408.7995510899746 28.408415716432501 18.248403776844498 7008.4975898406083 67.088028994432534 7.3512875179949324 7234.6299445839577 32.63071166044756 19.643699593190831 104.88885658275831 104.64528659716962 47.07614150516747 17.432685599567776 14.074784821343199 20.37176904331136 44.039865680366347 5.3262993604876128 12.30140992742963 14276.634642429461 15.080278195142453 20.13976742484374 161.06201312018675 6.9837551170494399 7.8408526384155257 34.59017672650225 615.91842293031732 11.267509638579211 31.362111989197729
leaf_count=43863 345053 271549 94306 361 280 329622 2339 139 217790 1215 1071 2140 903 938 505 807 588 644 73 326 496236 1254 191 1118 31 134 1802 226257 1150 1035
internal_value=2.59759e-11 0.00333481 -0.00161756 -6.50587e-05 -0.00047082 0.00561047 -0.00218928 -0.0223409 -0.00192294 0.00939114 0.00750768 0.00952542 0.00563933 -6.17387e-05 0.0217356 -0.0137931 -0.0196217 -0.033279 -0.0187415 -0.0564204 -0.00298296 -0.00359571 0.012682 0.00958285 -0.0153503 -0.0281183 -0.0455976 -0.00357112 -0.00387556 -0.00382476
internal_weight=48410.2 15811.6 32598.6 15254.6 14627.9 8166.7 7397.13 95.4099 7301.72 626.727 594.096 574.452 469.563 347.485 122.078 143.19 129.115 82.0393 61.6676 17.6277 17344 53.4684 38.3882 204.295 43.233 36.2493 41.9415 14935.2 14319.3 14308
internal_count=2043720 645034 1398686 579702 568848 373485 223795 3666 220129 10854 9639 8568 6428 5020 1408 3376 2569 1631 1043 399 818984 1725 471 1644 526 495 1941 724678 498421 497271
is_linear=0
shrinkage=0.05


Tree=163
num_leaves=31
num_cat=0
split_feature=6 5 6 5 5 26 4 14 6 17 13 12 2 1 12 15 14 14 15 18 11 6 7 7 3 14 15 1 1 16
split_gain=103.517 36.4847 22.2563 15.4889 14.5432 19.2697 15.5615 18.1375 19.846 16.1852 14.8771 13.6834 18.7946 20.5907 13.5376 21.1446 15.8641 13.0844 12.2492 11.7322 11.1775 15.2317 14.2512 12.6632 11.9504 17.4819 11.2645 10.8974 14.6664 14.1317
threshold=-0.12022472172975539 0.053043477237224586 -0.08253807574510573 0.0026086957077495758 0.12956521660089496 1.0000000180025095e-35 0.018260869197547439 -0.1230373978614807 -0.11625758558511733 0.019130435772240165 0.021739130839705471 1.0000000180025095e-35 -0.17667682468891141 0.0060869567096233377 0.0078260868322104233 -0.089561291038990007 -0.12464887276291846 -0.12834273278713224 -0.1284573748707771 0.0046625242102891215 -0.47942514717578882 -0.17071482539176938 -0.20827303826808927 -0.37296603620052332 -0.17015519738197324 -0.12723297625780103 -0.14463997632265088 0.23217391222715381 0.26000000536441809 0.072173915803432478
decision_type=2 2 2 2 2 2 2 2 2 2 2 2 2 2 2 2 2 2 2 2 2 2 2 2 2 2 2 2 2 2
left_child=1 3 4 -1 -2 -6 7 8 -7 -8 -11 12 13 17 15 16 -10 -5 -4 -12 -14 -22 23 -23 25 -24 -25 29 -29 -20
right_child=2 -3 18 11 5 6 9 -9 14 10 19 -13 20 -15 -16 -17 -18 -19 27 -21 21 22 24 26 -26 -27 -28 28 -30 -31
leaf_value=0.010775080579619628 0.0010236982019650163 0.0011062597374404636 -0.00050632735815159171 -0.00044239913936354241 -0.0023035597645488584 0.044455546025744308 -0.064178685827926907 0.027048035033223394 0.0019507507126395299 0.028095100893773862 -0.077915113154118365 0.005750021287946952 -0.019119012894837115 -0.0607766250697424 0.016787868612518266 -0.088019449554389714 -0.053414355189983491 -0.039791799151114471 -0.0042254642851244405 -0.0077073630942052929 0.0080922248686132094 0.01604256539859111 0.018815993425812721 -0.012379508491690373 0.021834168908873561 -0.022822984020198545 -0.045876081647533838 -0.029346237622715706 -0.0071950070980010931 0.019828436079058872
leaf_weight=1210.233919402177 7011.0400240945728 11404.35385329173 2535.6699431922661 99.058840147146839 10578.642433365798 24.041773657954764 10.819636859290766 143.05369640204299 78.883821851020912 26.96818793087732 5.8877993861678979 5055.9379620096151 57.48775400253362 21.638065669103526 52.876517234370112 7.8653765571070826 14.462315900367683 25.860777568625053 8447.2967600944103 46.031741680562845 640.17374722175009 31.512518530216767 43.590852070599794 157.19396023391164 71.243926346302032 57.05813923876849 29.231712227279786 95.967714702976991 330.63844979402074 60.534329989099206
leaf_count=48349 359591 402126 103062 848 323126 129 305 773 589 408 332 304280 509 227 392 98 155 304 354904 2915 5025 253 286 1505 385 596 316 11917 78816 41199
internal_value=4.34543e-11 0.00288777 -0.00185245 0.0055961 -0.000755539 -0.00189064 0.0087201 0.0138545 0.00316707 -0.00961283 -0.00141931 0.00459808 -0.000122279 -0.0168678 -0.00352013 -0.0141902 -0.00710232 -0.0088398 -0.00357368 -0.016991 0.00214788 0.00335224 -0.00443246 -0.0128972 0.00631227 -0.00478154 -0.0178485 -0.00444406 -0.012235 -0.00405201
internal_weight=48375.3 18904.6 29470.7 7500.22 18000.6 10989.5 410.891 321.184 178.13 89.7074 78.8877 6289.99 1234.05 146.558 154.088 101.212 93.3461 124.92 11470.1 51.9195 1087.49 1030 389.831 217.938 171.893 100.649 186.426 8934.44 426.606 8507.83
internal_count=2043720 765009 1278711 362883 688813 329222 6096 2136 1363 3960 3655 314534 10254 1379 1234 842 744 1152 589898 3247 8875 8366 3341 2074 1267 882 1821 486836 90733 396103
is_linear=0
shrinkage=0.05


Tree=164
num_leaves=31
num_cat=0
split_feature=6 5 5 15 2 17 15 23 6 2 4 6 10 6 12 3 1 3 16 7 14 10 11 7 17 18 17 11 18 14
split_gain=101.822 40.2245 19.7159 18.1635 15.1678 15.2657 14.7732 13.855 13.1206 16.2024 17.9279 13.0295 12.6137 12.3373 13.3073 11.4814 17.8254 17.2566 29.8216 27.1185 23.565 23.6268 20.5667 19.1008 16.4072 15.401 17.4396 16.7968 14.8237 16.9515
threshold=-0.11254706606268881 0.026956521905958656 0.19217391312122348 -0.21838362514972684 -0.16592116653919217 0.013478261884301903 -0.083907917141914354 0.78571429848670971 -0.096780635416507707 -0.16400831192731855 0.0043478262377902874 -0.2238461300730705 -0.11962615698575972 -0.31424054503440851 1.0000000180025095e-35 -0.099282454699277864 0.070434782654047026 -0.10530323535203932 0.020000000484287742 -0.10877612233161925 -0.12576300650835034 -0.12278762087225913 -0.079829361289739595 -0.095955029129981981 0.026956521905958656 0.0125711583532393 0.065000001341104521 -0.07513799890875815 0.013036231044679882 -0.11714801192283629
decision_type=2 2 2 2 2 2 2 2 2 2 2 2 2 2 2 2 2 2 2 2 2 2 2 2 2 2 2 2 2 2
left_child=1 13 3 -2 5 6 -5 11 -6 10 -10 -3 -7 -1 -15 16 17 25 19 -19 -21 23 24 -22 -20 26 27 -11 29 -27
right_child=2 7 -4 4 8 12 -8 -9 9 15 -12 -13 -14 14 -16 -17 -18 18 22 20 21 -23 -24 -25 -26 28 -28 -29 -30 -31
leaf_value=0.011721298223016499 0.0074069937201192209 0.0049049955235049977 -0.0034190794929945707 -0.015229143183101982 0.0013095355608335796 -0.070995816993148886 0.050753172598350271 0.03729107531960834 -0.049398279804798585 -0.0032461956284756638 0.043214154404455488 0.00071011795752300762 -0.00039215902816251442 0.00017823773731551345 0.0067180085954701534 0.00086362801249443254 -0.0097602214638793979 0.0056623055183183495 0.054641228054034333 -0.093219360675595331 -0.065131288936144754 -0.040510011856323198 0.028571868049646273 0.012549018512515046 -0.025084927642507745 -0.0013118625820971017 0.041872935571780914 -0.064001128873696772 0.0019377714267440197 0.04644209656546372
leaf_weight=879.70954574838106 656.02816438087029 2125.7500628759735 13474.58370237194 79.249708538263803 4218.5594640187046 20.023584021993887 8.5056708991578471 25.71584444923792 5.2955902215726374 3381.3521713109076 33.568844434976199 14285.809592009056 9.0646656453900487 1005.1321064528929 3440.0687533639284 2131.9660283721205 931.6860172945353 61.635148683397347 6.5334334939834653 13.935761280299628 8.4888402837095764 108.15360265262279 58.594711108933552 46.667297637526644 45.572236807838635 33.812283849998494 20.361735304024478 10.418003041638256 1180.2066375328814 40.116272913619468
leaf_count=26017 42592 66629 465941 1046 175193 1731 45 229 65 82583 476 528653 453 9654 245459 204295 82477 2276 125 244 207 2768 3299 507 4268 664 3677 390 90160 1597
internal_value=1.60003e-11 0.00253606 -0.00207606 -0.000695511 -0.00112289 -0.0189762 -0.00833405 0.00131238 -0.000952274 -0.0021276 0.0296724 0.00125374 -0.0497381 0.00631245 0.00523963 -0.00228422 -0.00341256 -0.00223178 -0.0129305 -0.0228418 -0.0327299 -0.0270322 0.00847004 -0.000353347 -0.0142475 -0.00142767 -0.00316896 -0.00345162 0.00330862 0.0248751
internal_weight=48346.6 21762.2 26584.4 13109.8 12453.8 116.844 87.7554 16437.3 12336.9 8118.36 38.8644 16411.6 29.0882 5324.91 4445.2 8079.5 5947.53 5015.85 349.581 238.881 177.246 163.31 110.7 55.1561 52.1057 4666.27 3412.13 3391.77 1254.14 73.9286
internal_count=2043720 876641 1167079 701138 658546 3275 1091 595511 655271 480078 541 595282 2184 281130 255113 479537 275242 192765 13694 6002 3726 3482 7692 714 4393 179071 86650 82973 92421 2261
is_linear=0
shrinkage=0.05


Tree=165
num_leaves=31
num_cat=0
split_feature=6 5 7 5 18 12 13 13 15 6 8 14 3 0 9 5 7 6 18 11 12 16 13 14 13 16 18 1 3 18
split_gain=100.697 31.613 27.1222 18.2166 16.5859 15.578 19.8395 17.5836 19.292 21.5186 17.3958 17.755 17.6637 15.4908 14.7981 14.4462 16.8355 14.317 21.9076 14.7725 13.8667 21.3096 13.6939 13.1845 13.1095 19.8713 20.5061 21.3545 27.8992 21.8457
threshold=-0.12802229076623914 0.094782605767250075 -0.10382824763655661 0.0026086957077495758 0.0039610585663467654 0.051304347813129432 0.072173915803432478 0.047826087102293975 -0.082636713981628404 -0.080542445182800279 0.0026086957077495758 -0.12509360164403913 -0.13302610814571378 0.061739129945635803 0.0026086957077495758 0.075652174651622786 -0.28042797744274134 -0.14173722267150876 0.0022591965971514587 -0.14980880171060559 0.035652173683047302 0.033913042396306999 0.0060869567096233377 -0.11153136193752287 0.018260869197547439 0.023478261195123199 0.01286838995292783 0.044347826391458518 -0.095500171184539781 0.01736410986632109
decision_type=2 2 2 2 2 2 2 2 2 2 2 2 2 2 2 2 2 2 2 2 2 2 2 2 2 2 2 2 2 2
left_child=1 3 5 -1 15 7 13 8 20 -10 12 -12 -11 -7 -6 -5 -17 -18 -19 -20 -2 -22 -23 -9 25 -4 -27 -28 29 -29
right_child=2 -3 24 4 14 6 -8 23 9 10 11 -13 -14 -15 -16 16 17 18 19 -21 21 22 -24 -25 -26 26 27 28 -30 -31
leaf_value=0.010990471672391295 0.00048319054127038278 0.00068764466856401226 -0.0016755715903985426 0.0030293770763261353 0.016323714581802286 0.019579752809148931 -0.0013603985732157323 -0.0048072680416737928 0.00064664374108609497 0.022004711610294755 0.037025167660490431 -0.024781083030365855 -0.10729691501379057 0.0034012338634401961 0.0056739491988850796 -0.038099985412116039 0.0019692457075080865 -0.048264734738087622 -0.026882953770976187 0.038805359508078417 0.015409870293181711 0.056614116507829382 -0.0084949675347962897 -0.026046932743525038 -0.0037170255256050279 0.019749218963768946 -0.037262121224479271 -0.045300000788945992 -0.031249530548772903 0.043966819201104027
leaf_weight=1163.4084131469062 7446.7131475392525 7016.8898189668689 9304.4363883811857 3838.2793681783805 359.63706191281381 325.97554511287035 484.27446774244618 885.2622120967535 177.78530136024347 3.0686127908411427 11.875386538158635 129.25020679476438 10.130925079920415 271.15936420450271 3457.2761063020189 38.778073849942302 253.09327989065787 38.569259361800505 15.697539862754637 16.606810609402601 376.44855976197141 7.4785542661848003 172.17666842029575 78.743264518299839 12125.693366020016 217.34642038820311 36.657366616258514 7.2754494675027663 27.535536241732189 43.095061257830821
leaf_count=44469 170474 245276 104326 94353 4437 43887 256457 64687 6545 24 124 6180 277 56494 264471 1147 5334 848 463 333 22278 168 20833 14654 605874 4795 1759 276 1476 1001
internal_value=5.75876e-11 0.00321449 -0.00162 0.00514536 0.00429596 0.000482964 0.00615997 -0.000177829 0.000561878 -0.0112281 -0.0248241 -0.0193563 -0.0778043 0.012251 0.0066814 0.00212755 -0.00739697 -0.00361596 -0.0233109 0.0070369 0.00105249 0.00866142 -0.00548628 -0.00656739 -0.00262307 -0.00124628 0.010757 -0.00632617 0.00851797 0.0304424
internal_weight=48340.6 16198.2 32142.4 9181.35 8017.94 10380.3 1081.41 9298.93 8334.93 332.11 154.325 141.126 13.1995 597.135 3816.91 4201.02 362.745 323.967 70.8736 32.3044 8002.82 556.104 179.655 964.005 21762 9636.35 331.91 114.563 77.906 50.3705
internal_count=2043720 661131 1382589 415855 371386 663082 356838 306244 226903 13150 6605 6304 301 100381 268908 102478 8125 6978 1644 796 213753 43279 21001 79341 719507 113633 9307 4512 2753 1277
is_linear=0
shrinkage=0.05


Tree=166
num_leaves=31
num_cat=0
split_feature=6 6 5 4 9 8 11 5 10 3 4 13 17 1 0 18 9 12 7 2 10 23 0 14 8 15 1 11 0 2
split_gain=98.9837 46.7608 21.3961 20.3175 23.3295 29.14 22.8103 16.356 15.0842 14.9189 23.9594 18.3814 22.5651 30.8989 15.0285 15.0131 17.5749 14.8954 25.2157 28.4061 25.3681 17.6357 21.127 17.5446 18.5149 18.6174 17.6474 17.0161 15.9733 14.444
threshold=-0.10245272889733313 -0.20253870636224744 0.19913043826818469 0.0026086957077495758 0.021739130839705471 0.0095652174204587954 -0.079829361289739595 1.0000000180025095e-35 -0.14047730714082715 -0.16671095788478849 0.014782608952373268 0.053043477237224586 0.016086957417428497 0.040869565680623061 0.018260869197547439 0.030743773095309738 0.16782609373331073 0.025217391550540928 -0.15302141010761258 -0.12747908383607862 -0.12367256358265875 0.21428572386503222 0.1278260871767998 -0.1193900555372238 0.042608696967363364 -0.15867823362350461 0.033913042396306999 -0.15516303479671475 0.068695649504661574 -0.13481961935758588
decision_type=2 2 2 2 2 2 2 2 2 2 2 2 2 2 2 2 2 2 2 2 2 2 2 2 2 2 2 2 2 2
left_child=1 7 9 4 5 8 -6 -1 -4 17 11 12 13 -11 -15 -13 -17 21 19 20 -19 22 23 24 25 -3 -27 -20 -25 -16
right_child=-2 2 3 -5 6 -7 -8 -9 -10 10 -12 15 -14 14 29 16 -18 18 27 -21 -22 -23 -24 28 -26 26 -28 -29 -30 -31
leaf_value=0.015368095053587418 -0.002501292737834154 -0.0075224593919276696 -0.018821797236903123 0.00010818563707565731 -0.030808462448629548 0.012137329494822074 0.02930616739988608 0.0053997955159712412 -0.0044324764131132054 0.0054626028493881627 -0.00011242281521302847 0.036574253670670381 0.012795792337434629 -0.0707866915155142 0.0028599715377242998 -0.071670212075842996 0.028794672142909008 -0.00078733989747044797 -0.0082605860064429697 0.0009085648475879543 0.028829166228663074 0.00045112807310875887 0.022798226457414875 -0.0060873833101129076 0.015625285763957907 0.0054610464024762492 -0.061979838954297012 0.010495426670454097 -0.057208833802780225 -0.035690074155092628
leaf_weight=449.04310468272888 21743.330960498948 140.55627196874411 236.74555559092551 6294.9189022473001 144.46104491699953 222.76363501814194 16.906061398796737 4858.7175429393392 782.95395105070202 2334.0449171378577 2090.1456041426354 5.5699529282283065 1126.3064723815478 12.67994030806585 53.746441674884409 18.305053779680751 5.0195658706070381 96.872219203847635 371.5751819073339 309.2647808757647 283.48257953189386 6265.0366452901726 39.860707630316028 24.544827736382103 56.554213470197283 13.167196422058622 34.283792207279475 178.06456854128919 40.655520924017765 43.14395001414232
leaf_count=11042 989988 3794 2193 233063 1329 1104 77 172296 5509 27694 263985 103 21199 383 804 808 167 24332 31409 56553 45793 133208 737 1127 804 215 993 10159 2160 692
internal_value=-2.82138e-11 0.00204852 0.00099946 -0.00110514 -0.00654203 -0.00420902 -0.0243687 0.00624586 -0.00778844 0.00219586 0.00414552 0.00661782 0.006943 0.00424121 -0.0215906 -0.0324465 -0.0497548 0.000783281 0.00581161 0.012172 0.0213039 -0.000159515 -0.011072 -0.0154898 -0.00926475 -0.0167949 -0.0435392 -0.00217625 -0.0383467 -0.0144951
internal_weight=48292.7 26549.4 21241.6 7698.75 1403.83 1242.46 161.367 5307.76 1019.7 13542.9 5688.96 3598.82 3569.92 2443.62 109.57 28.8946 23.3246 7853.92 1239.26 689.62 380.355 6614.66 349.623 309.762 244.561 188.007 47.451 549.64 65.2003 96.8904
internal_count=2043720 1053732 870394 243275 10212 8806 1406 183338 7702 627119 315835 51850 50772 29573 1879 1078 975 311284 168246 126678 70125 143038 9830 9093 5806 5002 1208 41568 3287 1496
is_linear=0
shrinkage=0.05


Tree=167
num_leaves=31
num_cat=0
split_feature=6 6 5 14 4 15 15 5 2 6 7 11 6 2 8 3 0 15 6 18 15 14 15 10 15 18 13 17 11 4
split_gain=101.123 31.2738 24.001 17.839 22.4594 24.9565 16.4117 16.3264 14.8437 14.0259 13.8285 15.272 14.9556 20.9549 12.6227 18.1137 20.9324 19.7881 18.3317 21.9003 18.2618 16.735 15.8453 29.1218 22.1714 15.3594 13.4399 15.4483 15.9372 14.0587
threshold=-0.12316543236374854 -0.20892685651779172 0.16956522315740588 -0.13351880013942716 0.0026086957077495758 -0.12040686607360838 -0.10404884442687033 1.0000000180025095e-35 -0.14096125960350034 -0.086541291326284395 -0.020374637097120282 -0.13916399329900739 -0.16068266332149503 -0.18295404314994809 0.0043478262377902874 -0.10833431035280226 0.018260869197547439 -0.069836162030696855 -0.05944943614304065 0.00086956520681269478 -0.052399860695004456 -0.12266759201884268 -0.085829418152570711 -0.12236040458083151 -0.082636713981628404 0.0045183927286416301 0.020000000484287742 0.064347829669713988 -0.12792446464300153 1.0000000180025095e-35
decision_type=2 2 2 2 2 2 2 2 2 2 2 2 2 2 2 2 2 2 2 2 2 2 2 2 2 2 2 2 2 2
left_child=1 7 6 4 5 10 -2 -1 -7 -4 11 12 -3 -14 15 16 17 21 -17 -20 -21 -8 23 -23 -24 -25 27 28 -16 -28
right_child=2 3 9 -5 -6 8 14 -9 -10 -11 -12 -13 13 -15 26 18 -18 -19 19 20 -22 22 24 25 -26 -27 29 -29 -30 -31
leaf_value=0.015763043970690015 0.0011217806673879309 -0.0018969631440814419 -0.0016184565381301202 0.0024216064006195707 0.0006057393530938146 -0.10055269437668163 -0.0067026913856639211 0.0054972314933131898 -0.0068273299096846263 -0.0045218584874249399 -0.025522623733045847 0.022398514047230287 -0.082092977000071732 -0.015592583600158553 -0.090179881256701941 0.011530548251286427 -0.090032583885807732 -0.094097768258415149 0.046776433214857166 -0.084935393302025819 0.016633290735285907 -0.091540682816255159 0.031957809385384464 -0.043922512953212846 -0.038220477876941515 0.034857591906880279 -0.056600485721202687 -0.053963961399629924 0.0033423390339023373 -0.0031040523035140849
leaf_weight=423.31238995351305 8651.9234867950654 229.25901159644127 8568.034975403194 11227.650802559037 1207.1364553260973 11.397998822212687 469.41710624723055 4489.8018944453543 6.6417990550398818 8086.7663605177349 106.92009614636481 43.358813239261508 12.973849665140731 83.422210356191499 3.5711233779438762 159.95156206964748 7.6615083300275719 6.1904472213354884 5.8682999052862241 14.645359211484905 5.7679681037552628 21.478206422791118 18.571525864768773 13.822519540553914 25.56645175741869 9.6789523565676046 11.336005363613365 10.986050010978941 1416.0421010424179 2965.7526254072045
leaf_count=10311 403817 1965 251649 513564 39862 171 4346 156957 44 310805 1057 276 213 749 124 1524 208 159 29 491 92 447 149 228 412 139 404 833 24556 318139
internal_value=-1.22282e-11 0.00298935 -0.0017503 0.00169866 -0.00307157 -0.012041 -0.00020973 0.00638476 -0.0682163 -0.0030284 -0.00977314 -0.00515315 -0.00887881 -0.0252938 -0.00243937 -0.00839237 -0.0127939 -0.0115888 0.00513191 -0.0328058 -0.0567997 -0.0105077 -0.0302537 -0.0508153 -0.00863839 -0.0113789 -0.00141311 0.00256859 0.00304376 -0.00332669
internal_weight=48314.9 17841.9 30473 12928.8 1701.11 493.974 13818.2 4913.11 18.0398 16654.8 475.934 369.014 325.655 96.3961 5166.31 758.62 572.387 564.725 186.233 26.2816 20.4133 558.535 89.1177 44.9797 44.138 23.5015 4407.69 1430.6 1419.61 2977.09
internal_count=2043720 725169 1318551 557901 44337 4475 756097 167268 215 562454 4260 3203 2927 962 352280 8224 6088 5880 2136 612 583 5721 1375 814 561 367 344056 25513 24680 318543
is_linear=0
shrinkage=0.05


Tree=168
num_leaves=31
num_cat=0
split_feature=6 5 6 5 7 26 5 4 13 10 15 17 15 6 9 17 1 2 17 13 18 2 14 3 13 9 7 16 16 8
split_gain=99.9051 29.6132 27.9642 16.1062 14.8806 16.3562 33.9345 15.3613 16.9764 15.233 14.1439 13.847 20.8054 18.4677 15.6154 17.6345 15.1032 13.4438 17.6651 13.2825 18.6087 16.4221 14.6843 13.8052 14.2027 20.5845 14.3072 13.1585 16.0918 21.8059
threshold=-0.13129129260778424 0.096521738916635527 -0.090279757976531969 0.0026086957077495758 -0.041074030101299279 1.0000000180025095e-35 0.31565217673778539 0.073913045227527632 0.091304346919059767 -0.11321585997939108 -0.1924590393900871 0.0078260875307023543 -0.99999991059303273 -0.18102804571390149 0.0043478262377902874 0.0019565217080526058 0.014782608952373268 -0.16238458454608914 0.0052173917647451171 0.07739130407571794 0.018214226700365547 -0.11333137378096579 -0.11453286930918692 -0.084719981998205171 0.033913042396306999 0.059999998658895499 -0.044622506946325295 0.053043477237224586 0.037391304969787605 0.040869565680623061
decision_type=2 2 2 2 2 2 2 2 2 2 2 2 2 2 2 2 2 2 2 2 2 2 2 2 2 2 2 2 2 2
left_child=1 3 4 -1 5 7 -7 19 10 -10 -9 12 16 14 -14 -16 17 18 -5 23 22 -22 -21 -2 26 -26 -25 28 -4 -30
right_child=2 -3 27 11 -6 6 -8 8 9 -11 -12 -13 13 -15 15 -17 -18 -19 -20 20 21 -23 -24 24 25 -27 -28 -29 29 -31
leaf_value=0.010794418059920532 -4.0765608366924796e-05 0.00074871753598600458 -0.0026645361412958707 -0.032319705797234734 -0.0029219490712102292 0.0054765649150486512 0.053246740636136818 -0.021889459188912542 -0.029540703301867095 0.0074028280976895762 0.023079545441239413 0.006550835708843736 0.0084181388590455191 -0.0010591677669045767 -0.035878382715467734 0.00090568040313726962 -0.067820432719655696 0.020017904613040632 0.014986791616453443 -0.036425357197777251 0.027477559350653942 -0.0054297539003959703 -0.0092422699081719691 0.021744353673605228 -0.037692457619678134 0.0077388995561167399 -0.071805018412259849 0.0059198766393443094 -0.029473671238063454 -0.0061941899147503528
leaf_weight=1135.0825297214178 12146.757259963006 6301.6374194303244 12883.665413550172 72.5232969171484 3876.4988958363156 558.53033678201245 38.860051836891216 18.391034704331105 38.625952676991801 93.420483950983908 197.65801756641667 3818.5110196183123 1635.1396658337835 1596.154034883526 34.000474092783406 471.03590697303298 12.14303851360455 26.203617284190841 26.295882373058703 76.790187435017287 46.942747786612017 180.26327130756545 140.27744138272101 178.0063115282428 29.488715578059782 135.8232976750769 3.2287416997151004 393.62239545818011 104.95093966072454 2027.8542195238824
leaf_count=42897 356710 222698 386774 881 116927 10255 268 9610 16305 53265 42495 307437 17240 18944 352 9279 246 237 354 8447 3331 21189 17512 5445 2845 12693 123 172844 6646 179471
internal_value=-5.50574e-12 0.00336705 -0.00153577 0.00523598 -0.000183395 0.000581434 0.00866779 0.000217206 0.010567 -0.00354463 0.0191684 0.00441445 0.00230723 0.00301107 0.00604574 -0.00163673 -0.0167479 -0.0112885 -0.0197074 -6.20576e-05 -0.00854783 0.0014598 -0.0189815 0.000240365 0.010066 -0.000543153 0.0196929 -0.00309423 -0.00333089 -0.007353
internal_weight=48298.4 15128.7 33169.7 8827.09 17759.6 13883.1 597.39 13285.7 348.095 132.046 216.049 7692.01 3873.5 3736.33 2140.18 505.036 137.166 125.023 98.8192 12937.6 444.274 227.206 217.068 12493.3 346.547 165.312 181.235 15410.1 15016.5 2132.81
internal_count=2043720 620565 1423155 397867 677420 560493 10523 549970 121675 69570 52105 354970 47533 45815 26871 9631 1718 1472 1235 428295 50479 24520 25959 377816 21106 15538 5568 745735 572891 186117
is_linear=0
shrinkage=0.05


Tree=169
num_leaves=31
num_cat=0
split_feature=6 5 7 12 13 14 15 27 11 10 12 10 14 10 1 14 12 18 7 5 7 14 14 6 8 15 17 27 6 7
split_gain=98.479 29.6964 25.3175 14.5055 21.5368 14.4587 13.8998 16.6702 15.8292 15.7233 14.993 14.2823 13.6279 12.6569 12.0767 14.9702 15.889 12.4573 20.0311 14.3841 11.3118 17.6617 13.3598 11.2194 16.0086 18.1612 21.5764 20.1909 25.213 18.1296
threshold=-0.12802229076623914 0.026956521905958656 -0.10382824763655661 0.080869562923908248 0.15913043171167376 -0.10495983064174651 -0.14803422242403028 1.0000000180025095e-35 -0.17095449566841123 -0.14047730714082715 0.033913042396306999 -0.13806150108575818 -0.1248183213174343 -0.13672631978988645 0.18173912912607196 -0.11530286446213721 0.054782608523964889 0.035577865317463882 -0.10975478589534758 0.096521738916635527 -0.10684106126427649 -0.12633714824914929 -0.12806788831949231 -0.08903340250253676 0.0078260868322104233 -0.28020834922790522 0.019565218128263954 1.0000000180025095e-35 -0.061057787388563149 -0.10282687470316886
decision_type=2 2 2 2 2 2 2 2 2 2 2 2 2 2 2 2 2 2 2 2 2 2 2 2 2 2 2 2 2 2
left_child=1 -1 3 5 -5 6 7 9 10 -2 -8 -11 -9 -13 15 17 -17 20 19 -19 22 -22 -15 -4 29 -26 27 -27 -29 -25
right_child=2 -3 23 4 -6 -7 8 12 -10 11 -12 13 -14 14 -16 16 -18 18 -20 -21 21 -23 -24 24 25 26 -28 28 -30 -31
leaf_value=0.0065426579847506668 -0.025652642787168209 0.0018154976594001106 -0.0013018261789482053 0.018319959859398174 -0.013507665224487809 -0.022374878222373273 -0.030625166700403741 -0.0068220132302047962 -0.00065823721761285774 0.033525514828232537 0.013355888443592624 -0.054621194537416373 0.026083167577714741 0.0159192424387395 0.025477463911711476 -0.014114643031896235 0.010605395179727447 0.0094732678603414219 -0.083146183710245347 0.041628992559952206 -0.057954650366388617 0.03188563720140658 0.00064710601296551987 -0.059057286719425443 0.0088426510403871953 -0.011749690572285532 -0.0038686932567737562 0.032740862135705096 -0.063645569496740981 0.00019139082853940944
leaf_weight=4665.1503284887112 48.788634316577372 11540.570412708592 9605.1299186248907 235.37594231675303 67.774585064174062 70.053220778283503 79.826497236645082 40.912353898354922 6929.7594318418433 36.076366370514734 24.849169846234872 8.7402726947620959 130.3022446278701 153.68049878081365 54.925610055302968 252.76811614309554 86.567670017851924 114.11310642926765 3.9307205130899083 49.580981131613953 5.1372804183920371 55.692064347589621 1930.6515521340771 11.976376165635882 245.98204145084674 1367.1803930233909 7825.9249958358632 46.655141212628223 6.9645441090688101 2575.9661328376642
leaf_count=230186 4306 430945 280514 113053 116918 26080 2155 584 282726 756 2018 556 2452 1873 2561 29920 16310 2981 131 596 111 879 56116 227 7125 22504 382282 509 141 26205
internal_value=5.73129e-12 0.00317663 -0.00160551 0.000425245 0.0111833 0.000100508 0.000260076 0.00312655 -0.000951209 0.00219727 -0.0201568 0.00270016 0.0182264 0.00227849 0.00248231 0.00199665 -0.0077957 0.00343615 0.0165228 0.0194065 0.00240632 0.0234836 0.00178023 -0.00257747 -0.00359152 -0.00454178 -0.00489875 -0.0105657 0.0192854 -0.000105503
internal_weight=48271 16205.7 32065.3 10379.5 303.151 10076.4 10006.3 2971.87 7034.44 2800.65 104.676 2751.86 171.215 2715.79 2707.05 2652.12 339.336 2312.79 167.625 163.694 2145.16 60.8293 2084.33 21685.8 12080.6 9492.71 9246.73 1420.8 53.6197 2587.94
internal_count=2043720 661131 1382589 663082 229971 433111 407031 120132 286899 117096 4173 112790 3036 112034 111478 108917 46230 62687 3708 3577 58979 990 57989 719507 438993 412561 405436 23154 650 26432
is_linear=0
shrinkage=0.05


Tree=170
num_leaves=31
num_cat=0
split_feature=6 5 6 5 5 8 1 14 9 5 12 16 12 5 5 13 1 9 15 1 13 9 15 18 6 7 14 6 2 17
split_gain=96.9013 28.7017 26.8412 16.8785 15.7835 14.4039 23.1413 16.9246 24.0305 20.6896 18.4608 14.5775 20.5264 21.3399 20.2079 19.8566 16.4797 16.0602 14.5635 22.1005 14.1927 14.0636 13.6071 26.1963 13.4455 25.3985 13.3186 13.3035 13.1194 12.8991
threshold=-0.13129129260778424 0.096521738916635527 -0.081362813711166368 0.18347825855016711 0.0026086957077495758 0.044347826391458518 0.094782605767250075 -0.11430350691080092 0.1086956523358822 0.18869564682245257 0.039130434393882758 0.032173912972211845 0.033913042396306999 0.27739129960536962 0.30173912644386297 0.035652173683047302 0.16782609373331073 0.037391304969787605 -0.1726448982954025 0.22695652395486834 0.030434782616794113 0.039130434393882758 -0.079387508332729326 0.0079101766459643858 -0.10204263404011725 -0.073638599365949617 -0.117579098790884 -0.08778089657425879 -0.17667682468891141 0.0034782608272507791
decision_type=2 2 2 2 2 2 2 2 2 2 2 2 2 2 2 2 2 2 2 2 2 2 2 2 2 2 2 2 2 2
left_child=1 4 3 28 -1 -5 22 9 -9 -8 -10 12 13 21 -15 17 -17 26 19 -14 -12 -11 -7 -24 25 -23 -16 -26 -2 -6
right_child=2 -3 -4 5 29 6 7 8 10 11 20 -13 18 14 15 16 -18 -19 -20 -21 -22 24 23 -25 27 -27 -28 -29 -30 -31
leaf_value=0.010663635684030689 -0.02211393878300014 0.00073615856537212639 -0.0035615449426948179 -0.0029450296979861117 0.0011435066316254478 0.010229760246747845 -0.079110681055407542 -0.018629423188673371 -0.044539908262139348 -0.041292933611138893 0.055626683257282067 -0.0052515800756447011 -0.081704038294289905 -0.086315509191363451 -0.079694796986581495 -0.073369164036288223 -0.0094356305122903703 0.017143107485417208 0.025126593558863264 0.035791158201483729 0.0019994474361975842 -0.074808959948803655 -0.062019919336034436 0.0026532844652398641 0.058017888366162451 0.03194579268518203 0.0064161557069016446 -0.021642484514359153 0.0008832400014803319 0.0056520124116857815
leaf_weight=1132.6148741999496 61.344238015604788 6298.3534604836786 10795.899497938855 8255.655795564242 2236.7954026350853 768.20461560135664 6.615647653467021 302.67065998906764 19.650640904408647 7.2640940755372858 11.914015700545859 267.18197104172577 7.3158945724717324 7.8160054680192834 7.8619927749969092 16.299977312562987 24.986914403503761 66.976483793521766 182.04198166404967 6.889597198140109 278.85662736298036 7.0551256831386153 18.024408268276602 88.07225347138592 33.322552907746285 17.071147591283079 8.8243106089648773 5.6483363157603881 11828.934123825809 5460.7764582507334
leaf_count=42897 1823 222698 565944 174374 20760 60455 377 18440 921 137 155 13764 324 270 167 741 711 886 3993 108 23150 294 778 10869 381 255 72 233 543533 334210
internal_value=3.65205e-11 0.00331502 -0.00151509 -0.000524536 0.00515417 -0.00199392 0.00164002 -0.00262589 -0.00862911 0.00284623 0.00115003 0.00377695 0.00981508 -0.00133471 -0.0131075 -0.00787918 -0.0358146 0.00616691 0.021304 -0.0261132 0.00437989 0.020752 0.00791181 -0.00881034 0.0284277 -0.00100685 -0.0363683 0.0462195 0.000762743 0.00434223
internal_weight=48230.9 15128.5 33102.4 22306.5 8830.19 10416.2 2160.57 1286.26 613.092 673.172 310.421 666.556 399.374 203.127 132.766 124.95 41.2869 83.6628 196.247 14.2055 290.771 70.3613 874.301 106.097 63.0972 24.1263 16.6863 38.9709 11890.3 7697.57
internal_count=2043720 620565 1423155 857211 397867 311855 137481 65379 42666 22713 24226 22336 8572 4147 2847 2577 1452 1125 4425 432 23305 1300 72102 11647 1163 549 239 614 545356 354970
is_linear=0
shrinkage=0.05


Tree=171
num_leaves=31
num_cat=0
split_feature=6 6 5 3 4 7 4 9 2 5 4 15 3 9 13 15 5 2 3 26 2 0 14 10 1 3 13 2 2 9
split_gain=97.7107 45.9927 16.6055 17.1078 18.1833 23.9121 17.6784 16.0921 15.8819 15.5572 15.4009 15.2986 17.6847 18.0772 39.2761 14.5708 19.3448 14.689 15.4369 13.704 21.0422 14.7553 15.6539 26.6861 13.8851 18.0754 18.5947 16.8435 17.2827 18.0884
threshold=-0.10001972317695616 -0.1944840922951698 0.11565217375755311 -0.15902716666460034 0.011304348241537811 -0.14553457498550412 0.0060869567096233377 1.0000000180025095e-35 -0.12747908383607862 1.0000000180025095e-35 0.01304347859695554 -0.3283239603042602 -0.20850637555122373 0.01304347859695554 0.0095652174204587954 -0.21838362514972684 0.0026086957077495758 -0.1350404620170593 -0.30962729454040522 1.0000000180025095e-35 -0.16019693017005918 0.0043478262377902874 -0.13428228348493573 -0.12883074581623075 0.058260869234800346 -0.12913373112678525 0.018260869197547439 -0.12435756623744963 -0.13283579796552655 0.025217391550540928
decision_type=2 2 2 2 2 2 2 2 2 2 2 2 2 2 2 2 2 2 2 2 2 2 2 2 2 2 2 2 2 2
left_child=1 9 3 4 11 8 -5 -7 -6 -1 -9 -3 13 15 -15 -13 -17 -18 -19 -4 21 22 -21 -24 27 -26 -27 28 29 -22
right_child=-2 2 19 6 5 7 -8 10 -10 -11 -12 12 -14 14 -16 16 17 18 -20 20 24 -23 23 -25 25 26 -28 -29 -30 -31
leaf_value=0.014599473593881139 -0.0026394255233751201 0.0099123833145940404 -0.00071047352437964765 0.0096428419910394789 0.010077611532440084 -0.080766204155573687 0.0020713264550561977 0.020591483788464426 -0.0011041771394706354 0.0051017209698481858 -0.0057301513400801344 0.0033235504841163839 0.001577450408169983 -0.051340361525754469 -0.0073012042966581828 0.01376402064097043 -0.010363424749373972 -0.037930199943002785 0.015194896139842399 0.040572675201954567 0.010775364216089666 -0.044916244735867111 -0.086113950199369627 0.022861787455793928 -0.040683803483617498 0.040954643286197419 -0.018541105207822709 0.044912375013214628 -0.030352461667334796 0.051393275060973458
leaf_weight=468.25586423782079 20304.601039244091 305.70411188690923 11599.390473323354 1391.7982046343459 1359.673105467592 5.7436706302396479 1728.278389937228 60.7944357265078 413.98633108525337 5367.0610097903445 552.29803733727385 616.20586246978201 2115.2183259514495 61.440775928233052 270.14173198767821 109.1881183400692 934.37223838325008 14.767199691035783 103.39763619098812 14.984567096340468 222.16645732073812 27.915931501338491 8.8250604991626442 12.381912797078259 25.022291488880001 24.494220078340732 26.213778132318112 45.291265195468441 21.073892456784961 30.444933959370246
leaf_count=12004 941401 4678 375343 12373 127559 130 209706 1117 71385 195097 27748 8425 27874 1043 6480 1599 11205 201 1033 80 2208 527 168 78 983 146 1462 524 481 662
internal_value=5.73153e-11 0.00191839 0.000875835 0.00237748 0.000991772 0.004517 0.00545082 -0.00394089 0.00746854 0.00586624 -0.00309081 -0.000870464 -0.00165288 -0.00489115 -0.0155913 -0.00288795 -0.00618269 -0.00826302 0.0082932 -0.000374943 0.00809079 -0.0182836 0.00291454 -0.024323 0.0124098 -0.00676594 0.0104342 0.0169694 0.0121985 0.015854
internal_weight=48241.1 27936.5 22101.2 10043 6922.93 2392.5 3120.08 618.836 1773.66 5835.32 613.092 4530.44 4224.73 2109.51 331.583 1777.93 1161.73 1052.54 118.165 12058.2 458.814 64.1075 36.1915 21.207 394.707 75.7303 50.708 318.977 273.685 252.611
internal_count=2043720 1102319 895218 512556 290477 227939 222079 28995 198944 207101 28865 62538 57860 29986 7523 22463 14038 12439 1234 382662 7319 853 326 246 6466 2591 1608 3875 3351 2870
is_linear=0
shrinkage=0.05


Tree=172
num_leaves=31
num_cat=0
split_feature=6 5 6 5 4 2 1 2 15 17 3 7 0 3 8 13 2 1 15 18 15 3 0 6 13 3 6 0 1 15
split_gain=95.4812 41.2559 15.974 14.611 12.2088 11.5317 11.1672 15.889 14.3706 12.4591 12.3095 14.0299 10.9483 16.1347 13.3445 18.4191 28.2679 22.5912 20.4314 15.7229 21.7923 18.4803 15.7987 19.6355 15.7276 22.5771 20.5712 15.1715 16.4581 14.6806
threshold=-0.1067078374326229 0.049565218389034278 -0.19988396763801572 0.063478261232376113 0.47739130258560186 -0.15779148787260053 1.0000000180025095e-35 -0.16955570131540296 -0.19095176458358762 0.0010869565594475719 -0.21205265820026395 -0.46827469766139979 0.025217391550540928 -0.1199500225484371 0.014782608952373268 0.016521738842129711 -0.16817409545183179 0.032173912972211845 -0.19095176458358762 0.0022591965971514587 -0.081998769193887697 -0.095500171184539781 0.0060869567096233377 -0.10286307707428931 0.0078260868322104233 -0.11821279302239417 -0.093975905328989015 0.0026086957077495758 0.0026086957077495758 -0.087107252329587923
decision_type=2 2 2 2 2 2 2 2 2 2 2 2 2 2 2 2 2 2 2 2 2 2 2 2 2 2 2 2 2 2
left_child=1 2 6 4 -2 12 7 -1 9 -8 -9 -12 14 -14 15 18 -17 -18 -5 20 22 -21 23 -20 25 -25 -27 -16 -29 -24
right_child=3 -3 -4 5 -6 -7 8 10 -10 -11 11 -13 13 -15 27 16 17 -19 19 21 -22 -23 29 24 -26 26 -28 28 -30 -31
leaf_value=0.0015571505116350082 0.00044406849997002311 0.00073969435647310369 0.0032991924091618375 -0.015703850178531167 0.08035340191470193 -0.0030908497902658108 -0.0058621739233899401 0.021825782780731481 0.014430697859884664 0.0059324987848020788 -0.022301527641914877 0.01522707876727257 -0.04667766015747387 0.0081663770309508034 0.041212935509826347 0.022617212541032973 -0.040378115731739037 0.038502150432193294 -0.029237511424821984 0.017490128631624434 -0.065410108380904317 -0.053035347104617742 -0.040247533376315182 0.013879389666181692 0.046913818246206426 0.013445014025345337 -0.056269921930869875 -0.076486542029986448 0.010431503737545781 0.039666139090175884
leaf_weight=208.83537328588136 3924.5728181819632 16172.334560820575 4922.4914138924323 118.14458951947745 3.7857765398966867 18815.54565346468 254.36017722205725 414.33615345927683 439.90155817639607 1825.9911417152398 35.840022349890205 75.930317815917078 26.543561355494603 25.639732144642039 41.087727012993128 31.564614340852131 80.540607891613035 9.4178579735744261 33.814699647075031 287.59538471247652 11.449171931120871 8.6474791564978641 33.419400036800653 188.87730336579261 25.994589189998806 18.039960650872672 23.542096326127648 4.6328091639879849 170.93206978788476 6.0636522949207565
leaf_count=2763 369736 554875 299431 1243 3361 675368 1891 5653 26722 80662 467 953 2958 1319 724 616 1768 156 331 2699 153 138 445 1112 133 127 252 266 7368 30
internal_value=4.65154e-11 0.0022033 0.00509731 -0.00224574 0.000541507 -0.00279426 0.00781458 0.0132369 0.00622872 0.00448827 0.0178614 0.00310219 0.00207392 -0.0200837 0.00314844 0.000398087 -0.0175871 -0.0317875 0.00331011 0.00685326 -0.000469005 0.01526 0.00197673 0.00603881 0.0107857 0.00652552 -0.0264193 0.0142302 0.00771771 -0.027298
internal_weight=48239.9 24350 8177.69 23889.9 3928.36 19961.5 3255.19 734.942 2520.25 2080.35 526.106 111.77 1145.95 52.1833 1093.76 877.111 121.523 89.9585 755.588 637.444 341.201 296.243 329.752 290.269 256.454 230.459 41.5821 216.653 175.565 39.4831
internal_count=2043720 973417 418542 1070303 373097 697206 119111 9836 109275 82553 7073 1420 21838 4277 17561 9203 2540 1924 6663 5420 2583 2837 2430 1955 1624 1491 379 8358 7634 475
is_linear=0
shrinkage=0.05


Tree=173
num_leaves=31
num_cat=0
split_feature=6 6 6 5 4 13 3 10 5 7 5 26 15 14 1 10 3 13 6 15 11 6 0 13 7 2 0 18 9 14
split_gain=94.4086 29.9485 22.8355 16.6923 24.0158 27.5939 21.8098 17.2249 14.9966 14.9492 14.4218 15.2633 16.1693 13.6978 13.3463 30.1437 25.0991 22.4571 15.8522 13.3481 13.7541 12.6171 13.0397 13.5964 12.7225 13.6035 14.7274 17.0141 14.2235 22.8575
threshold=-0.12316543236374854 -0.20892685651779172 -0.08215072005987166 0.21304347366094592 0.0026086957077495758 0.026956521905958656 -0.16275701671838758 -0.14441070705652234 0.0078260868322104233 -0.086691495031118379 0.1278260871767998 1.0000000180025095e-35 -0.078763764351606355 -0.12834273278713224 0.0043478262377902874 -0.15347044914960858 -0.18902437388896939 0.0095652174204587954 -0.14912782609462735 -0.24641830474138257 -0.19837179034948346 -0.1722694709897041 0.0078260868322104233 0.025217391550540928 -0.090306796133518205 -0.15479729324579236 0.011304348241537811 0.0072100593242794284 0.0060869567096233377 -0.12676180154085157
decision_type=2 2 2 2 2 2 2 2 2 2 2 2 2 2 2 2 2 2 2 2 2 2 2 2 2 2 2 2 2 2
left_child=1 8 10 6 5 7 -3 14 -1 13 -2 -12 -13 -9 -5 17 -17 19 -18 -16 -21 22 -8 -24 25 26 28 -28 -23 -30
right_child=2 3 -4 4 -6 -7 21 9 -10 -11 11 12 -14 -15 15 16 18 -19 -20 20 -22 24 23 -25 -26 -27 27 -29 29 -31
leaf_value=0.011016822705789842 0.00107138247791132 0.0011494797326419891 -0.0034889445702896574 -0.0055738517406421712 0.00086073751437418158 -0.071007034143262093 -0.0010541964954433019 -0.00043849772127102672 0.004620940220610774 -0.0018152207247385196 -0.0020989406563171418 0.0089989501733212032 -0.047811632840533996 -0.077649465599288287 0.0043747232772344356 -0.021379168228253326 -0.14495868456555772 0.044096079834808129 -0.044450713515844981 -0.10625448820067468 -0.027665659279824534 -0.0054528923876472207 0.023629200172597647 0.0025700403076689554 0.015349831488664931 0.0056385629486759544 -0.034816974985511333 0.0078451096964240619 -0.031392822975302596 0.031254204787806703
leaf_weight=1221.3591667881265 7457.3861693161216 6220.7908078659348 11199.474089849933 76.792576264822856 3099.6381942346052 16.520220894599333 116.88059150885965 10.4973747713957 3676.9368582509087 569.22416574654926 11273.248691104463 430.09860256225511 11.917412384085763 11.716895050136371 19.745285307057198 15.440121020306831 11.048571562627329 12.868150502908973 7.6264522736892131 6.7700439314357928 23.964526637806564 235.09961308597121 284.69818386992847 105.10584158034908 256.98622554223402 1634.1634113751716 69.226126942572591 34.551932861522801 17.570486540673301 68.254335136232839
leaf_count=39137 383646 250122 581809 683 126244 233 2142 66 128131 4073 346576 5979 541 150 117 144 208 75 122 105 248 2421 9382 23204 8858 119061 3717 3614 677 2235
internal_value=7.76339e-12 0.00288868 -0.00169522 0.00162671 -0.00111564 -0.00893842 0.00280386 -0.00750839 0.00621764 -0.00342244 -0.000647313 -0.00174135 0.00736279 -0.0427539 -0.0212778 -0.0334689 -0.0706667 -0.0126496 -0.108259 -0.0276906 -0.0477795 0.00644836 0.0135896 0.017972 0.00488074 0.00356718 -0.0043976 -0.0206737 0.000913517 0.0182149
internal_weight=48195.6 17823.5 30372.1 12925.2 3881.85 782.214 9043.33 765.694 4898.3 591.438 19172.7 11715.3 442.016 22.2143 174.256 97.4632 34.1151 63.348 18.675 50.4799 30.7346 2822.54 506.685 389.804 2315.85 2058.87 424.702 103.778 320.924 85.8248
internal_count=2043720 725169 1318551 557901 132468 6224 425433 5991 167268 4289 736742 353096 6520 216 1702 1019 474 545 330 470 353 175311 34728 32586 140583 131725 12664 7331 5333 2912
is_linear=0
shrinkage=0.05


Tree=174
num_leaves=31
num_cat=0
split_feature=6 5 6 5 5 18 17 1 13 17 8 6 7 4 4 7 15 3 18 7 2 11 14 14 5 9 0 10 5 14
split_gain=95.6275 29.2321 25.5067 12.9717 12.6358 13.5827 28.9129 35.1803 16.7645 16.4305 27.1388 16.6576 12.7295 12.5052 24.8324 11.8548 14.396 17.1098 15.9115 28.1621 23.3316 21.4677 30.9593 21.2233 17.285 19.085 34.6442 18.4557 17.2643 22.0488
threshold=-0.12929385900497434 0.065217390656471266 -0.08778089657425879 0.0026086957077495758 0.19391304999589923 0.0012297509820200505 0.0034782608272507791 0.014782608952373268 0.0043478262377902874 0.0019565217080526058 1.0000000180025095e-35 -0.084113158285617814 -0.1337710842490196 0.0043478262377902874 0.0060869567096233377 -0.032086377963423722 -0.31130492687225336 -0.19566454738378522 0.0025722092250362043 0.067309424281120314 -0.14984495937824246 -0.1619465425610542 -0.13965915143489835 -0.12777181714773175 0.44434782862663275 0.035652173683047302 0.0043478262377902874 -0.12264150753617285 0.41652174293994909 -0.12980295717716214
decision_type=2 2 2 2 2 2 2 2 2 2 2 2 2 2 2 2 2 2 2 2 2 2 2 2 2 2 2 2 2 2
left_child=1 3 15 -1 5 -4 7 8 9 12 -11 -12 -7 -13 -15 -2 -17 -18 19 20 28 22 -22 -23 -25 26 -26 -28 -19 -30
right_child=2 -3 4 -5 -6 6 -8 -9 -10 10 11 13 -14 14 -16 16 17 18 -20 -21 21 23 -24 24 25 -27 27 -29 29 -31
leaf_value=0.010358914910480958 0.00028686420003913398 0.0011337366947291349 0.0074178207867569741 0.0045657868043050172 -0.0045326091603522852 -0.05730045255437527 -0.0014091871014767746 -0.091763662982240313 0.0095810629311883586 -0.081074194101580066 -0.08466981024434736 0.010998182853562811 -0.00071370897848821815 -0.098978200269024763 0.02541324722963469 -0.030443670684156432 0.0079820803179327573 -0.020564185303289323 -0.0020529997553704903 -0.083837581785859802 0.057909410662107912 0.0071093307428233337 -0.081123447417377648 -0.046266013545317508 0.017832324778556168 0.028880712672104316 -0.070783674335195126 -0.002375279162543451 -0.014591346971338463 0.018529592468750446
leaf_weight=1138.345003430597 14885.168651385338 8243.6914491135649 397.19374023494584 6399.3796240975971 7620.5377288222953 10.280064424208829 5841.4780547065211 14.571795236086471 56.429040564922616 24.458459058310837 6.9994275985518462 32.322851791919675 83.787483061838429 7.8069892020430398 6.7631201539188623 46.060340144642396 342.60530109514366 74.874713005003287 2464.1385003740761 12.104560623760333 3.9981114696711328 72.203128519933671 24.818129798135487 60.586622276303387 29.832922575791599 21.135476822033525 32.299377678427845 14.107742790831251 75.98485728178639 144.06036303172004
leaf_count=43863 596989 294528 4161 306643 295960 105 394390 231 485 357 95 221 543 126 41 1588 7597 798 88643 267 23 747 567 1158 183 568 676 218 762 1187
internal_value=3.2962e-11 0.00319168 -0.00155434 0.00544192 -0.00315236 -0.00152924 -0.00211439 -0.0189626 -0.0139479 -0.0216593 -0.0384275 -0.0179484 -0.00743541 -0.0064294 -0.0433147 -0.000323014 -0.00297767 -0.00259367 -0.00379166 -0.0113441 -0.0096116 -0.0205314 -0.0605381 -0.0152824 -0.0254979 -0.0122371 -0.0238622 -0.0504763 1.4514e-05 0.00707817
internal_weight=48188 15781.4 32406.6 7537.72 14102.6 6482.09 6084.9 243.419 228.847 172.418 78.3508 53.8924 94.0675 46.893 14.5701 18304 3418.81 3372.75 3030.14 566.006 553.901 258.982 28.8162 230.165 157.962 97.3755 76.24 46.4071 294.92 220.045
internal_count=2043720 645034 1398686 350506 696715 400755 396594 2204 1973 1488 840 483 648 388 167 701971 104982 103394 95797 7154 6887 4140 590 3550 2803 1645 1077 894 2747 1949
is_linear=0
shrinkage=0.05


Tree=175
num_leaves=31
num_cat=0
split_feature=6 6 5 5 3 12 4 5 7 0 5 1 9 7 8 9 4 17 5 7 8 1 17 3 5 3 6 3 15 4
split_gain=95.3086 42.9442 15.9673 14.7121 14.1674 16.4329 15.8494 15.7397 19.7393 15.1654 13.0631 15.6187 14.6856 16.036 21.6425 13.1473 16.0119 13.9533 15.0075 16.0569 20.2441 16.1402 15.1966 13.079 16.1554 14.0047 21.0144 13.6021 12.9964 17.4684
threshold=-0.10001972317695616 -0.1944840922951698 0.11565217375755311 1.0000000180025095e-35 -0.15902716666460034 0.025217391550540928 0.0060869567096233377 0.040869565680623061 -0.34581650793552393 0.16086956113576892 0.17478261142969134 0.047826087102293975 0.0060869567096233377 -0.032086377963423722 0.042608696967363364 0.084347829222679152 0.18347825855016711 0.09304348006844522 0.53826087713241588 -0.018725441768765446 0.080869562923908248 0.028695652261376384 0.094130434095859541 -0.2520423531532287 0.75913041830062877 -0.16591799259185788 -0.094390474259853349 -0.16125461459159848 -0.13278809934854505 0.040869565680623061
decision_type=2 2 2 2 2 2 2 2 2 2 2 2 2 2 2 2 2 2 2 2 2 2 2 2 2 2 2 2 2 2
left_child=1 3 4 -1 5 -3 -6 8 -7 -9 28 15 13 14 -13 16 17 -12 19 20 22 -22 -19 24 -14 26 -25 -27 29 -2
right_child=10 2 -4 -5 6 7 -8 9 -10 -11 11 12 23 -15 -16 -17 -18 18 -20 -21 21 -23 -24 25 -26 27 -28 -29 -30 -31
leaf_value=0.014243473494491688 0.0045255941390505748 4.9386571203965723e-05 -0.0003396925497679401 0.0049753189445902839 0.0091258244176743841 -0.0086000441700929062 0.0019593914785054904 0.0040935015104303536 0.020209292890151942 -0.027085116280035623 -0.002444627009000938 -0.069034752811395109 -0.059462557603437605 0.035599614272280755 0.060706775837934594 0.014229059878977716 -0.023902083963562651 0.04185070629439816 -0.050617925281470105 0.051642306360278084 0.041999407233759278 -0.024751355050557894 -0.06851967820071489 -0.032523717613663759 0.026796576102015787 -0.037019227609855522 0.010231811240633402 -0.0063659666809101362 -0.0021502078851333346 -0.0094174076144861434
leaf_weight=464.87475234311933 1595.2952067491042 5846.6068902686948 12031.847155031592 5349.7302172498094 1391.9255394201919 72.627476630359524 1731.0064775171522 660.27248435931142 315.1881875844665 40.45176035185068 6407.4157719634823 8.7073708965908718 21.821366329786546 39.801422959950287 3.8989690528251222 119.39679449446339 84.822374442534056 3.4182502101903074 6.7031714180047848 29.775365611247253 32.005863780330401 11.720751269866012 11.357667711810789 31.688706147011544 6.4750193987420053 35.533162719086249 237.82664889617081 4468.1805546010419 6868.8367120469738 260.47190597426379
leaf_count=12004 44481 130888 382662 195097 12373 28975 209706 66092 59695 4827 130867 216 1648 322 16 23421 7312 103 749 821 1357 1072 865 1866 209 2381 11676 230942 419151 61926
internal_value=1.39242e-12 0.00189585 0.000889394 0.00571863 0.00235956 0.0011 0.00515545 0.00673765 0.0148058 0.00225757 -0.00260793 -0.00371014 -0.00587023 0.0202175 -0.027395 -0.00214614 -0.00244506 -0.00216153 0.016763 0.022389 0.00688264 0.0239538 -0.0419523 -0.00615912 -0.0394831 -0.00595334 0.00510311 -0.00661598 -0.00114717 0.00256456
internal_weight=48189.7 27904.5 22089.9 5814.6 10058.1 6935.15 3122.93 1088.54 387.816 700.724 20285.2 11560.5 4853.93 52.4078 12.6063 6706.62 6587.22 6502.4 94.9811 88.2779 58.5025 43.7266 14.7759 4801.53 28.2964 4773.23 269.515 4503.71 8724.6 1855.77
internal_count=2043720 1102319 895218 207101 512556 290477 222079 159589 88670 70919 941401 415843 249276 554 232 166567 143146 135834 4967 4218 3397 2429 968 248722 1857 246865 13542 233323 525558 106407
is_linear=0
shrinkage=0.05


Tree=176
num_leaves=31
num_cat=0
split_feature=6 6 5 12 13 11 11 16 13 12 3 15 0 2 13 14 8 17 18 6 1 12 9 17 14 15 6 13 3 18
split_gain=93.0384 31.7846 21.7979 15.5058 22.6813 14.2657 19.2383 37.1224 17.268 17.3568 17.1744 14.1104 14.3235 14.2622 16.1753 13.8989 14.1609 19.3897 16.2463 20.2248 19.0457 20.1734 19.1261 18.0905 16.0755 16.0265 15.7121 15.035 16.9862 22.03
threshold=-0.13926603645086286 -0.090279757976531969 0.094782605767250075 0.053043477237224586 0.080869562923908248 -0.23395697027444837 -0.20782949775457379 1.0000000180025095e-35 0.0060869567096233377 0.0026086957077495758 -0.17672017216682431 -0.076857455074787126 0.15739130228757861 -0.10545680671930312 0.1278260871767998 -0.10966607928276061 0.070434782654047026 0.055652176961302764 0.02998424228280783 -0.13764081895351407 0.11391304433345796 0.042608696967363364 0.01304347859695554 0.036521742120385177 -0.11916870251297949 -0.15340583771467206 -0.094390474259853349 0.068695649504661574 -0.17386306822299954 0.026785925962030891
decision_type=2 2 2 2 2 2 2 2 2 2 2 2 2 2 2 2 2 2 2 2 2 2 2 2 2 2 2 2 2 2
left_child=2 3 -1 4 5 8 7 -7 9 -2 -9 13 -13 14 -5 16 17 18 20 -20 21 -8 -23 26 -18 -19 -21 28 -22 -30
right_child=1 -3 -4 11 -6 6 15 10 -10 -11 -12 12 -14 -15 -16 -17 24 25 19 23 27 22 -24 -25 -26 -27 -28 -29 29 -31
leaf_value=0.0052887982159906003 0.0012583240084886311 -0.003033992166776031 0.0010576603920769126 0.011213527868355175 -0.015352633273669756 -0.034963599327986865 -0.00046772782023105064 -0.000381843044852928 -0.00056173767371287366 0.019856303914591797 -0.030113942879877228 -0.025565971300680692 0.019627115747377098 -0.0011217467226748159 -0.01610328567103627 -0.019405164586100872 0.027739284113156661 0.0061891772636309111 -0.070014945634128564 0.028882166557354906 0.039522239846086132 0.048615894090077709 0.0070684918904471471 0.004131696399186628 0.0037586041319755308 -0.016790991808595716 -0.034560981041432362 0.013646664272713209 -0.012655531370137411 -0.055282404412338698
leaf_weight=7848.6848362697165 217.37859429934542 15362.259815556543 4973.0391722047243 898.7138968897234 249.4032026929417 112.78972819145201 13974.048369266498 471.00707438190875 583.87036471277315 296.11872479318117 53.158096982828283 67.939519425042818 22.687069111125311 461.9777852391635 56.803726569451101 92.922462223885304 89.258229385493905 100.19402906967298 7.249596951325656 133.30027154850541 12.964821030036545 28.309406586588011 520.54974645255061 475.88500283523172 311.47309785430843 305.94465137763473 9.6942808985768334 52.95590600547439 310.62747069416218 32.767603406886337
leaf_count=349217 1666 745735 182217 133739 25777 1158 307731 15963 30222 3243 2816 16949 5403 78919 28408 12285 1689 5750 233 1046 257 964 39110 8738 10890 17443 95 2407 12380 1270
internal_value=2.35841e-11 -0.00132461 0.00364792 -8.23179e-06 -0.000406956 -0.00020123 -0.000556092 -0.00907532 0.00532238 0.012001 -0.00344872 0.00486455 -0.0141618 0.00609011 0.00957446 -0.000225854 -0.000115774 -0.000349062 -6.71844e-05 0.00781661 -0.000398264 -9.81172e-05 0.00929597 0.00883982 0.00915577 -0.0111205 0.0243709 -0.0110216 -0.0147153 -0.0168718
internal_weight=48134 35312.3 12821.7 19950 18441.9 18192.5 17095.1 636.955 1097.37 513.497 524.165 1508.12 90.6266 1417.5 955.518 16458.1 16365.2 15964.5 15558.4 626.129 14932.2 14522.9 548.859 618.88 400.731 406.139 142.995 409.316 356.36 343.395
internal_count=2043720 1512286 531434 766551 503133 477356 442225 19937 35131 4909 18779 263418 22352 241066 162147 422288 410003 397424 374231 10112 364119 347805 40074 9879 12579 23193 1141 16314 13907 13650
is_linear=0
shrinkage=0.05


Tree=177
num_leaves=31
num_cat=0
split_feature=6 6 5 5 3 4 4 5 6 18 10 19 6 7 11 9 7 15 13 15 4 17 10 6 15 12 14 3 3 23
split_gain=92.1146 42.1425 15.4098 13.6759 12.607 23.2006 16.7108 19.5518 14.2976 13.6946 15.0574 15.7465 15.9181 12.6756 12.4207 13.5014 24.0378 12.2865 12.225 14.9974 12.5797 14.1821 14.6942 16.7341 14.6158 12.4624 13.5051 18.6545 12.7393 19.2168
threshold=-0.10001972317695616 -0.1944840922951698 0.11565217375755311 1.0000000180025095e-35 -0.14531248807907102 0.01304347859695554 0.011304348241537811 0.032173912972211845 -0.14912782609462735 0.048264788463711746 -0.11506424844264983 1.0000000180025095e-35 -0.12375725805759429 -0.33445703983306879 -0.20021981000900266 0.0026086957077495758 -0.15832623839378354 -0.064861066639423356 1.0000000180025095e-35 -0.42342725396156305 0.0060869567096233377 0.0010869565594475719 -0.12398741021752356 -0.10627269744873045 -0.15867823362350461 1.0000000180025095e-35 -0.12126476317644118 -0.2486910745501518 -0.23158057779073712 0.35714286565780645
decision_type=2 2 2 2 2 2 2 2 2 2 2 2 2 2 2 2 2 2 2 2 2 2 2 2 2 2 2 2 2 2
left_child=1 3 4 -1 6 8 18 13 -6 10 11 -9 -13 -8 -14 16 -16 -4 19 -3 21 22 23 24 -21 26 -20 -28 29 -27
right_child=-2 2 17 -5 5 -7 7 9 -10 -11 -12 12 14 -15 15 -17 -18 -19 25 20 -22 -23 -24 -25 -26 28 27 -29 -30 -31
leaf_value=0.013885607910567156 -0.0025678230840595773 0.03540306654384031 -0.00029207052578328877 0.0049373786299588612 0.020570314336876859 -0.00078160807955617723 -0.0017716915100802696 -0.014464813042978603 0.0073329520097416417 -0.026945777927527944 0.011375732379654746 0.0067285126049744619 0.012444551091652089 0.014900985213544988 0.0042398373476958675 -0.0046235620104985572 -0.087967445676282535 -0.05171531113849314 -0.0071198070845388418 -0.013886324897028374 -0.019290546804521139 0.0092323028287292185 0.013968627082725261 -0.063664735432187078 0.0062559222375732542 -0.01421881448717955 0.0026501497996097457 -0.096343772786771587 0.0016973508849788934 -0.00036171186396349945
leaf_weight=463.55245530158209 20234.529695876779 36.110984601982636 12003.976622260172 5342.1410906728706 256.06713200118975 815.69782844337715 141.79637908352197 157.06518386402968 1000.5422220357259 38.908250617998419 396.72630481011765 839.90411866092654 102.64760846179342 576.38483257734697 14.548140812781641 558.7922365768336 12.588202198097859 10.627136237770172 532.45130258206336 200.05391922079434 58.521472245047335 631.20147227781854 108.53991785203925 11.534136229456633 162.33624457840051 366.12711046700133 8.863033445086332 9.1480742949061078 2231.6894292206562 785.68127874660422
leaf_count=12004 941401 241 380126 195097 4781 151804 45350 13446 13725 7165 41021 52875 5229 83981 152 22119 259 2536 4201 2223 845 4967 933 218 1435 7218 66 150 35208 12944
internal_value=-4.31617e-11 0.00186407 0.000866786 0.00565411 0.00231102 0.0057849 0.00140847 0.00448659 0.0100446 0.00207001 0.00262486 0.000559645 0.00211199 0.0116113 -0.00352069 -0.00633404 -0.0401402 -0.000341856 -0.000291696 0.00410517 0.00311164 0.00430509 -0.00214688 -0.00684955 -0.00487102 -0.00164287 -0.0086128 -0.0500531 -0.000506724 -0.004775
internal_weight=48108.8 27874.2 22068.5 5805.69 10053.9 2072.31 7981.62 2839.36 1256.61 2121.18 2082.27 1685.55 1528.48 718.181 688.576 585.929 27.1363 12014.6 5142.26 1208.3 1172.19 1113.67 482.464 373.924 362.39 3933.96 550.462 18.0111 3383.5 1151.81
internal_count=2043720 1102319 895218 207101 512556 170310 342246 271597 18506 142266 135101 94080 80634 129331 27759 22530 411 382662 70649 10862 10621 9776 4809 3876 3658 59787 4417 216 55370 20162
is_linear=0
shrinkage=0.05


Tree=178
num_leaves=31
num_cat=0
split_feature=6 6 5 12 4 5 16 2 2 3 14 18 5 7 3 15 15 10 10 5 7 13 5 0 4 2 15 14 6 14
split_gain=91.4464 27.9473 23.4708 12.2067 21.1666 13.8763 18.0861 13.6642 21.8215 18.837 14.6848 18.9383 16.5893 18.2377 15.536 14.1778 16.3623 17.7503 13.493 12.8991 21.1437 14.8208 12.8556 12.6382 12.5372 12.2234 11.9876 14.0774 22.9992 17.7094
threshold=-0.13269815593957898 -0.08778089657425879 0.014782608952373268 0.13304347544908526 0.17826087027788165 0.19391304999589923 0.056521739810705192 -0.15779148787260053 -0.15524160116910932 -0.19870489835739133 -0.10700491443276404 0.022419779561460022 0.25304347276687628 -0.061530070379376404 -0.14829440414905545 -0.2161074951291084 -0.078763764351606355 -0.12264150753617285 -0.11987606063485144 0.2060869559645653 -0.038557050749659531 0.0026086957077495758 0.26000000536441809 0.0078260868322104233 0.1539130434393883 -0.13154351711273191 -0.13057792186737058 -0.1261351332068443 -0.067707892507314668 -0.1207074113190174
decision_type=2 2 2 2 2 2 2 2 2 2 2 2 2 2 2 2 2 2 2 2 2 2 2 2 2 2 2 2 2 2
left_child=2 -2 -1 5 25 24 7 9 15 -7 11 12 13 -11 -13 -9 17 19 -19 -17 -21 -22 -14 -20 26 -5 27 28 -3 -29
right_child=1 3 -4 4 -6 6 -8 8 -10 10 -12 14 22 -15 -16 16 -18 18 23 20 21 -23 -24 -25 -26 -27 -28 29 -30 -31
leaf_value=0.0071585238532484346 -0.00020938344861294933 -0.034599183174285696 0.0022573854081133059 0.047798042887820295 -0.001359635371237621 -0.019061586150760135 0.030977710585540275 -0.089513367240759284 -0.0052167107879713889 -7.1802585546758651e-05 0.052988191449719071 0.020480372534318583 0.07000307833600232 -0.07633078734618115 -0.079070896892242615 0.042957975416609756 -0.071473913333186853 0.035704128385678574 -0.077245249189316079 -0.088037426854268894 0.028694832859858018 -0.046494009980334268 0.012979307738874946 0.011116392365794807 -0.04747369741410451 0.012436244019491888 -0.0025525444044590551 0.013697918139327228 0.028859553883992601 -0.00030591223673238221
leaf_weight=3097.4058437237691 19346.25925591046 52.876298677361774 11551.95773245921 34.231593883294408 353.78080064311416 68.543972001905786 33.986748946648731 7.7842197697900692 6799.0324235903972 33.139357469903189 17.528429231984774 5.5198783914820515 9.4531771964393538 9.2706806946662237 10.121699002615058 4.0188015811145297 13.501779082245774 22.291962729519582 5.5956990647828198 15.182558909407811 10.792304569098638 13.919907922645505 209.93643993542355 9.9287398708038364 13.922106848705878 83.435221085369449 5273.1438100491914 359.29450775297846 18.572450995710824 604.49899686079607
leaf_count=152674 743265 1611 451066 2626 158430 1651 2247 229 218346 353 718 299 45 195 504 23 454 271 139 369 66 511 2456 300 6215 32511 214360 5526 589 45671
internal_value=-7.2497e-12 -0.00144314 0.00329408 -0.00313662 0.004766 -0.00341046 -0.00489554 -0.00506759 -0.00556528 0.00437141 0.00986269 0.00695755 0.0102098 -0.0181161 -0.0448199 -0.0282992 -0.0224173 -0.0135472 0.0114287 -0.0348309 -0.0435258 -0.0138187 0.0157429 -0.0234803 -0.00169533 0.0230398 -0.00158679 0.00333014 -0.017933 0.00492339
internal_weight=48088.9 33439.6 14649.4 14093.3 471.448 13621.9 7299.55 7265.56 6902.05 363.514 294.97 277.441 261.8 42.41 15.6416 103.016 95.2318 81.73 37.8164 43.9136 39.8948 24.7122 219.39 15.5244 6322.31 117.667 6308.39 1035.24 71.4487 963.794
internal_count=2043720 1439980 603740 696715 193567 503148 229176 226929 220708 6221 4570 3852 3049 548 803 2362 2133 1679 710 969 946 577 2501 439 273972 35137 267757 53397 2200 51197
is_linear=0
shrinkage=0.05


Tree=179
num_leaves=31
num_cat=0
split_feature=6 5 5 15 6 12 0 4 26 13 14 0 1 9 10 2 7 3 14 8 15 8 0 15 13 3 7 12 14 6
split_gain=90.2963 33.1114 18.5095 15.2155 14.1535 16.1928 26.9973 21.2649 17.5345 17.1418 16.811 16.7198 17.8171 26.048 14.0846 13.4988 16.6578 13.4766 17.1885 13.1855 13.6614 12.9902 16.2538 13.81 12.0846 11.6489 13.0504 20.1194 25.7551 17.1963
threshold=-0.11464518308639525 0.014782608952373268 0.19217391312122348 -0.21838362514972684 -0.19183738529682157 0.030434782616794113 0.018260869197547439 0.0026086957077495758 1.0000000180025095e-35 0.053043477237224586 -0.11371619626879691 0.19913043826818469 0.17478261142969134 0.023478261195123199 -0.14047730714082715 -0.16592116653919217 -0.06980437412858008 -0.11591725423932074 -0.1205998547375202 0.035652173683047302 -0.10118205100297926 0.068695649504661574 0.16782609373331073 -0.3283239603042602 0.049565218389034278 -0.13847672939300534 -0.06359850242733954 0.0060869567096233377 -0.12038337811827658 -0.076687842607498155
decision_type=2 2 2 2 2 2 2 2 2 2 2 2 2 2 2 2 2 2 2 2 2 2 2 2 2 2 2 2 2 2
left_child=1 -1 3 -2 -3 9 -7 17 15 10 11 12 14 -14 -6 16 -9 -8 -19 20 24 22 23 -16 -17 26 27 -4 -29 -30
right_child=2 4 25 -5 5 6 7 8 -10 -11 -12 -13 13 -15 21 19 -18 18 -20 -21 -22 -23 -24 -25 -26 -27 -28 28 29 -31
leaf_value=0.0068756897359672185 0.0066757474574691313 0.0041557639998840322 0.0046036516044298493 -0.00097228661746423376 -0.0039184332531933871 0.020128045045927703 -0.00083875474554679849 0.0016954007360447791 0.032851362430349078 -0.020198238628676854 -0.027047914383533784 0.032477752222260708 0.040584604425775439 -0.044788252880140891 0.013014971174613147 0.0021153055774067674 0.054568060585569428 0.013223067209210185 -0.078824549030288515 0.0036780123685109969 -0.047006519240953171 0.026725104242046188 -0.078053846025166254 0.00069194701845161713 -0.020426236943405934 -0.0041318227487716352 0.00055818833409817853 -0.024827051005626103 0.00062400826814004891 -0.03509494636535887
leaf_weight=3546.3752547862023 684.04065747967434 4059.784536024119 279.40094501900603 12832.072605757763 1656.1740518547158 245.58689733829669 20.887389488285407 32.396752159293101 48.412706276831159 103.59882559024481 55.548460138279552 39.183739982021507 10.314191438141277 44.005924120370764 232.54342368598009 195.05118953272176 26.68309470564418 6.5399579105433103 18.20773364714114 1776.7499590064454 19.557040903011512 48.195870080613531 5.5039359619840971 8585.8227283020897 84.429431417996966 9680.7786918540914 3156.3280267459104 226.48174524387287 313.67511020135862 36.746955703358253
leaf_count=192764 44858 142808 2006 677913 33127 22784 151 5275 3569 7000 4477 314 82 1352 5739 19730 2037 37 260 213579 2529 561 230 174645 11482 351967 96282 5275 16571 4316
internal_value=-2.27655e-13 0.00247479 -0.00189745 -0.00058476 0.00157309 0.000781824 0.00442864 0.00269059 0.00340272 -5.55504e-05 0.000141762 0.000286488 0.000164237 -0.0281372 0.000312916 0.00271984 0.0260858 -0.0307215 -0.0549307 0.00204257 -0.0076544 0.00110315 0.000960188 0.00101835 -0.00474291 -0.003193 -0.000927543 -0.00639819 -0.0117253 -0.00321086
internal_weight=48071.1 20861.6 27209.5 13516.1 17315.2 13255.4 2474.5 2228.92 2183.28 10780.9 10677.3 10621.7 10582.6 54.3201 10528.2 2134.87 59.0798 45.6351 24.7477 2075.79 299.038 8872.07 8823.87 8818.37 279.481 13693.4 4012.63 856.305 576.904 350.422
internal_count=2043720 844532 1199188 722771 651768 508960 281433 258649 258201 227527 220527 216050 215736 1434 214302 254632 7312 448 297 247320 33741 181175 180614 180384 31212 476417 124450 28168 26162 20887
is_linear=0
shrinkage=0.05


Tree=180
num_leaves=31
num_cat=0
split_feature=6 6 6 14 4 7 5 16 4 1 0 12 10 18 15 5 9 15 2 7 11 5 6 15 15 17 4 17 6 17
split_gain=90.7222 25.2493 24.4056 15.3211 18.8929 19.5791 14.5942 13.9048 13.5665 13.0167 14.8184 18.2106 25.6407 20.2274 12.7315 12.5845 14.6324 12.0557 12.0209 14.1062 21.3338 29.4139 13.7193 11.4603 15.6893 11.2019 11.1556 10.5305 10.3579 10.2438
threshold=-0.12679309397935865 -0.21993580460548398 -0.081362813711166368 -0.13351880013942716 0.0060869567096233377 0.012174836359918119 0.021739130839705471 0.073913045227527632 0.0043478262377902874 0.0043478262377902874 1.0000000180025095e-35 0.0043478262377902874 -0.14235574752092359 0.0012297509820200505 -0.11988433450460433 1.0000000180025095e-35 1.0000000180025095e-35 -0.11566855013370513 -0.18295404314994809 0.0046551194973289975 -0.23107996582984922 0.30869565904140478 -0.16198220849037168 -0.053918723016977303 -0.056537104770541184 0.0045652175322175035 0.0043478262377902874 0.038695653900504119 -0.18102804571390149 0.036956524476408965
decision_type=2 2 2 2 2 2 2 2 2 2 2 2 2 2 2 2 2 2 2 2 2 2 2 2 2 2 2 2 2 2
left_child=1 15 6 4 5 14 -2 23 9 -7 -11 12 13 -12 18 16 -1 -16 19 20 -3 22 -22 24 -8 -6 -24 -20 -10 -27
right_child=2 3 -4 -5 25 8 7 -9 28 10 11 -13 -14 -15 17 -17 -18 -19 27 -21 21 -23 26 -25 -26 29 -28 -29 -30 -31
leaf_value=0.026572536618268201 0.0043209415884083568 0.00080034707025191407 -0.0035029918233986978 0.0025717659078775324 0.023820542760723911 0.0049957130091939387 -0.0010011586293843303 0.03395182502044658 -0.018918464294350908 0.031324325220687753 -0.017904437404111934 -0.0026196351105919826 0.0026438663017225236 -0.11021641042179874 -0.10521962839661987 0.00545677825278561 0.0066660566572621892 -0.01947039202685729 0.00017961515027606136 0.044200885862376187 -0.010308160312155635 -0.12325100982986159 -0.093502459476280553 0.027135351142618665 -0.062252579737067507 -0.00091394323262520769 -0.0071460151144659232 -0.049026533588434257 -0.0993823176484884 0.015574187740858779
leaf_weight=157.94917425959284 1419.4888391707173 56.653181327623315 10785.031778098455 10502.327038793512 58.869122814387083 37.361404230439803 19244.000909559778 27.528120916827902 7.5020629288628724 7.6721138784196219 8.8813505815342086 22.356296659680083 12.089203558396546 20.048381295870058 4.6021115335170206 3891.4003530622867 222.44171290819213 17.805851356708445 646.8999789077352 7.8022363301133728 39.559507309808396 8.4222546502714959 10.223829882219436 35.173986917805451 9.4606563518173044 676.52696335199289 5.8732569394633165 10.0587788556586 9.2367483028210682 108.42418081562937
leaf_count=2623 155400 533 565944 487407 581 289 632782 6932 112 36 81 176 84 358 100 133876 6697 204 6264 40 400 185 183 3885 1581 25519 63 127 222 11036
internal_value=-3.95262e-11 0.00299746 -0.00157396 0.00184531 -0.00244752 -0.007347 -0.00057051 -0.000930174 -0.0256706 -0.0188293 -0.0312534 -0.0391979 -0.0585972 -0.083422 -0.00448036 0.00630808 0.0149798 -0.0408241 -0.00339299 -0.017314 -0.0216198 -0.0411496 -0.0267695 -0.000981714 -0.00103449 0.00297233 -0.0642549 -0.000647154 -0.0664192 0.00138046
internal_weight=48071.7 16551 31520.7 12279.2 1776.87 933.049 20735.7 19316.2 125.148 108.409 71.0473 63.3752 41.0189 28.9297 807.901 4271.79 380.391 22.408 785.493 128.534 120.732 64.0788 55.6566 19288.6 19253.5 843.82 16.0971 656.959 16.7388 784.951
internal_count=2043720 677196 1366524 534000 46593 9457 800580 645180 1358 1024 735 699 523 439 8099 143196 9320 304 7795 1404 1364 831 646 638248 634363 37136 246 6391 334 36555
is_linear=0
shrinkage=0.05


Tree=181
num_leaves=31
num_cat=0
split_feature=6 6 5 12 7 3 10 2 1 15 3 18 3 10 13 12 5 15 1 0 6 5 8 2 15 27 2 27 7 5
split_gain=91.4982 35.5812 20.2142 14.1829 31.9516 21.7787 20.1595 15.0355 15.0225 20.0573 23.1066 14.7531 20.0219 13.969 18.2504 33.6867 21.681 14.6167 14.6876 14.3827 16.5739 20.0826 16.1498 15.5429 13.2503 14.4965 13.1931 19.3977 15.7286 13.4427
threshold=-0.15336318314075467 -0.097193207591772066 0.12086956202983858 0.0060869567096233377 -0.22338380664587018 -0.1643521189689636 -0.13672631978988645 -0.15436929464340207 0.018260869197547439 -0.14667337387800214 -0.18902437388896939 0.0028510604752227668 -0.23965597152709958 -0.1229293830692768 0.0043478262377902874 0.0060869567096233377 0.59565216302871715 -0.095154847949743257 0.025217391550540928 0.021739130839705471 -0.1214274652302265 0.54869565367698681 0.044347826391458518 -0.12411217391490935 -0.1846310421824455 1.0000000180025095e-35 -0.1567176282405853 1.0000000180025095e-35 -0.081166651099920259 0.24956522136926654
decision_type=2 2 2 2 2 2 2 2 2 2 2 2 2 2 2 2 2 2 2 2 2 2 2 2 2 2 2 2 2 2
left_child=2 13 -1 4 7 6 8 -4 -6 10 -10 12 -5 -2 17 16 -16 -15 -19 20 -17 22 23 -22 25 -3 27 -26 -29 -28
right_child=1 24 3 11 5 -7 -8 -9 9 -11 -12 -13 -14 14 15 19 -18 18 -20 -21 21 -23 -24 -25 26 -27 29 28 -30 -31
leaf_value=0.0056408491312495692 -0.000879348342732849 0.00037630511156145057 -0.12455565833562594 -0.018894442011574773 -0.0010412858452728232 -0.011772517205212781 0.010486938784636808 0.0010340618648308718 -0.019186327335762331 0.036568108671141082 -0.091240410312491083 0.0017717186148594388 0.020780951978761033 0.006335658658776052 -0.01002115753664071 0.013998835640013788 -0.091037230320334894 0.043165464934349404 -0.023190713028602032 0.00075512468606118868 -0.0015424265880111426 0.036024175197239522 0.037098725584924275 0.047996728768512187 0.0043365982551330125 0.020555092310819818 -0.0022521413259600676 0.0022656103242435 -0.071208503633297435 -0.0052011517493817452
leaf_weight=7210.3169365931644 10200.779879949474 1663.1257116398228 6.9314063608180732 36.531886588971247 378.68547156639397 420.91697719652439 388.34515223369817 3.3833763636648637 47.675392506615026 10.184027239913119 13.853378333442377 1417.2053940396327 213.34031829037121 1128.294885117597 511.36867245551548 473.53643201247178 7.4135637762956312 47.791623526572948 9.394025125220649 5899.9152749305795 803.44466582488531 41.34757403605181 28.481097120486083 15.151491270364202 830.04533090506629 93.03995175298769 9709.5443499203921 13.491476363298718 14.67946595198009 6421.382007969205
leaf_count=305032 237262 68201 172 1574 3727 4777 3725 26 599 68 263 84154 6797 11117 6842 26509 183 277 133 424822 36009 1562 3846 559 16547 1922 534389 139 238 262249
internal_value=-8.14676e-12 -0.0011287 0.00421672 0.000719812 -0.0032596 -0.00250623 0.00215247 -0.0869101 -0.00504103 -0.0258572 -0.0366092 0.00375145 0.0149281 0.000386117 0.00182577 0.000944796 -0.0113518 0.00760223 0.0320538 0.0018247 0.00645406 0.00242142 0.000740655 -0.000568058 -0.00267753 0.00145645 -0.00310492 0.00293317 -0.0371493 -0.00342633
internal_weight=48059.6 37912.2 10147.4 2937.05 1269.98 1259.66 838.743 10.3148 450.398 71.7128 61.5288 1667.08 249.872 19166.9 8966.14 7780.66 518.782 1185.48 57.1856 7261.88 1361.96 888.425 847.077 818.596 18745.3 1756.17 16989.1 858.216 28.1709 16130.9
internal_count=2043720 1632806 410914 105882 13357 13159 8382 198 4657 930 862 92525 8371 749121 511859 500332 7025 11527 410 493307 68485 41976 40414 36568 883685 70123 813562 16924 377 796638
is_linear=0
shrinkage=0.05


Tree=182
num_leaves=31
num_cat=0
split_feature=6 6 6 5 3 12 1 18 18 18 2 5 2 2 3 9 1 4 14 7 13 10 11 5 13 7 2 12 11 11
split_gain=89.6958 30.098 19.6391 13.2474 13.6226 12.8639 18.2736 18.24 17.7198 14.5651 17.4314 12.6313 12.5946 11.8333 15.7999 16.4863 15.2914 18.1933 14.6149 13.613 13.1091 22.3079 20.0679 21.1928 15.0829 15.3712 14.6636 15.4695 17.1082 12.9492
threshold=-0.11848525702953337 -0.20253870636224744 -0.08253807574510573 0.21304347366094592 -0.16275701671838758 1.0000000180025095e-35 0.0060869567096233377 0.0039610576350241908 0.0085531813092529791 0.0025722092250362043 -0.14789474010467527 0.0078260868322104233 -0.14731850475072858 -0.1512406915426254 -0.092836603522300706 0.030434782616794113 0.059999998658895499 0.01304347859695554 -0.13604534417390821 0.04641621187329293 0.01304347859695554 -0.13246267288923261 -0.10629060491919516 0.38869565725326544 0.011304348241537811 -0.086691495031118379 -0.15235781669616696 0.011304348241537811 -0.16382329910993573 -0.15679039061069486
decision_type=2 2 2 2 2 2 2 2 2 2 2 2 2 2 2 2 2 2 2 2 2 2 2 2 2 2 2 2 2 2
left_child=1 11 -2 4 5 6 7 -3 9 10 -8 -1 -12 14 16 -16 20 -18 -19 -20 21 22 26 -24 25 -23 27 -5 -29 -30
right_child=2 3 -4 13 -6 -7 8 -9 -10 -11 12 -13 -14 -15 15 -17 17 18 19 -21 -22 24 23 -25 -26 -27 -28 28 29 -31
leaf_value=0.010172995433102867 -0.00071555349779133263 -0.0023576554694087802 -0.0033918850851001464 -0.0030229894027240544 0.0051186006993114734 0.0021196763264633555 -0.043388541635309169 0.02803828314255585 -0.07119943658729852 -0.0012326210017652882 0.050721225852572466 0.0044589271762959098 -0.016001991381640674 -0.0029422708949718487 0.038295539040346681 -0.048867811710238344 -0.091531730074851395 0.02826193785014813 -0.051895921141899698 0.030077947951532277 0.0089375585335464466 -0.036011062436069753 -0.068934835512253267 -0.0001948376543515748 -0.042754034652720943 0.012486099994556528 0.026627954716321567 -0.060797713376408005 0.05567547588849947 -0.021307908007538706
leaf_weight=1278.5683281991005 17206.277899862245 768.51420903136022 11393.262329360783 651.10995461141283 3220.1042981232949 5443.1103246252915 60.36415517621208 51.738089128193678 12.864902846282346 122.22052026123856 8.360675329808144 3977.9084362392387 27.932334259850904 2670.3327879811332 47.752592648786958 5.241461282457748 7.740027184598147 14.096317976960561 20.471672311425213 5.9003438170475411 513.4086883233249 16.105164589505875 23.812650046369527 20.467520188773051 12.791472213866653 388.23143951193197 37.159793457074556 24.365545084350742 5.9410236102412481 24.73826397920493
leaf_count=42163 664713 6834 589898 6502 195887 252220 689 285 167 1041 21 141175 237 110698 417 512 225 520 1834 408 21170 212 311 231 350 3299 351 796 63 491
internal_value=-2.93095e-11 0.00261843 -0.00178181 0.00142209 0.00246001 0.00114137 -0.00391769 -0.0004086 -0.016283 -0.0127461 -0.0271428 0.00585047 0.00031668 -0.000823917 0.00228521 0.0289291 0.00146992 -0.0260135 -0.0115773 -0.0331267 0.00225575 -0.000596843 -0.00554657 -0.0378673 0.00873983 0.0104703 -0.00357289 -0.00519755 -0.0304069 -0.00511324
internal_weight=48060.9 19461.4 28599.5 14204.9 9715.21 6495.11 1051.99 820.252 231.743 218.878 96.6572 5256.48 36.293 4489.67 1819.33 52.9941 1766.34 48.2084 40.4683 26.372 1718.13 1204.72 787.595 44.2802 417.128 404.337 743.315 706.155 55.0448 30.6793
internal_count=2043720 789109 1254611 605771 457381 261494 9274 7119 2155 1988 947 183338 258 148390 37692 929 36763 2987 2762 2242 33776 12606 8745 542 3861 3511 8203 7852 1350 554
is_linear=0
shrinkage=0.05


Tree=183
num_leaves=31
num_cat=0
split_feature=6 6 5 7 12 1 13 7 15 13 23 7 12 11 6 3 7 2 2 1 7 12 6 1 2 3 6 4 3 1
split_gain=91.2784 28.6472 18.6014 13.523 18.233 12.8684 13.0957 12.7873 12.3474 12.905 12.2556 10.7984 10.6506 20.4849 15.0818 14.5697 14.5185 13.5432 12.9377 15.292 11.5891 10.5951 10.4891 22.6015 10.4172 11.4291 21.8897 18.1447 19.4108 15.2644
threshold=-0.13926603645086286 -0.091112308204174028 0.094782605767250075 -0.042313700541853898 0.079130433499813094 0.33130434155464178 0.086086958646774306 -0.037258787080645554 -0.1924590393900871 0.14695652574300769 0.78571429848670971 -0.049224952235817902 1.0000000180025095e-35 -0.5432494282722472 -0.25899264216423029 -0.42903475463390345 -0.19850646704435346 -0.1876479089260101 -0.16817409545183179 0.0060869567096233377 -0.30478465557098383 0.051304347813129432 -0.17071482539176938 0.0095652174204587954 -0.19527886062860486 -0.172964371740818 -0.092785041779279695 0.061739129945635803 -0.16671095788478849 0.0826086960732937
decision_type=2 2 2 2 2 2 2 2 2 2 2 2 2 2 2 2 2 2 2 2 2 2 2 2 2 2 2 2 2 2
left_child=2 3 10 4 5 6 -2 -5 -6 11 12 -10 13 15 17 -1 18 -15 19 -16 -21 -8 -20 -24 -9 26 -26 28 -27 -29
right_child=1 -3 -4 7 8 -7 21 24 9 -11 -12 -13 -14 14 16 -17 -18 -19 22 20 -22 -23 23 -25 25 27 -28 29 -30 -31
leaf_value=-0.014208690494052396 0.00060794487422973571 -0.0029016920343759361 0.0012295052734881968 -0.01180579304418692 -0.016708504825607436 0.033002215476392635 -0.022636281179570741 -0.064291863265229773 0.026075501629034149 -0.013700300596283382 0.018266746994782517 -0.040254930182928819 0.0057876279342577233 -0.020357326661234149 -0.010868885292825474 -0.074614210639482398 0.0095279653704598011 0.012062984279832973 0.0031343767511692149 -0.022218749945034269 -0.098359852516874791 -0.0034508419030494356 -0.0059779839678060082 -0.071072270513792737 0.0017824732417614964 -0.029035911916526703 0.038181898152665122 0.018706790676756197 -0.0032518941860441037 -0.017252306256097093
leaf_weight=73.065412659576396 14649.057549049563 15733.383986883571 5000.7417074735604 340.29701607385869 26.852418456152009 29.296493805250066 102.7964212349325 5.6400132177368496 169.65854401119759 25.753246943869271 172.83386543273809 5.5022213462661957 6068.3339376598924 33.785574181529228 126.30727434746223 10.724767849431371 248.85655848315946 451.68367603179649 430.2690733877389 12.248250273289161 8.4710424747318012 236.1501672338436 174.28129559586523 13.466250260709783 724.76278018629091 73.909426993690431 42.809022479217674 155.42048951105971 2887.6000928380417 35.54255887999534
leaf_count=678 467099 762091 182217 10724 13150 2125 12401 167 57509 26359 2837 1297 332938 338 1175 143 1771 3771 3629 103 100 40462 1550 184 17465 1909 616 20592 70284 8036
internal_value=8.6415e-12 -0.00131433 0.00361173 -3.42308e-05 0.000662119 0.000448676 0.000382847 -0.0025223 0.0146716 0.0189275 0.00513392 0.0237752 0.00483492 0.0011818 0.00253229 -0.0227291 -0.000939218 0.00976953 -0.00435202 -0.0176294 -0.0564443 -0.00931891 -0.00116995 -0.0109987 -0.00171476 -0.00160836 0.00385958 -0.00294051 -0.00390496 0.011959
internal_weight=48069.5 35244.4 12825.1 19511 15245.1 15017.3 14988 4265.98 227.766 200.914 7824.33 175.161 7651.49 1583.16 1499.37 83.7902 1013.9 485.469 765.043 147.027 20.7193 338.947 618.017 187.748 3925.68 3920.04 767.572 3152.47 2961.51 190.963
internal_count=2043720 1512286 531434 750195 620402 522087 519962 129793 98315 85165 349217 58806 346380 13442 12621 821 8512 4109 6741 1378 203 52863 5363 1734 119069 118902 18081 100821 72193 28628
is_linear=0
shrinkage=0.05


Tree=184
num_leaves=31
num_cat=0
split_feature=6 6 5 15 15 18 4 4 12 14 14 17 4 17 18 3 5 7 12 8 14 12 10 17 15 12 7 12 6 3
split_gain=89.8986 38.6222 18.003 12.6264 15.5476 14.6297 18.7569 12.8884 13.8368 13.6893 12.5187 12.6408 12.422 12.0803 12.6242 12.05 11.8884 11.4202 11.4553 11.3876 15.6032 22.0015 24.243 20.2329 18.9491 15.6544 35.1621 16.4769 14.8391 16.4319
threshold=-0.10245272889733313 -0.20253870636224744 0.096521738916635527 -0.25728204846382136 -0.25364485383033747 0.12110666930675508 1.0000000180025095e-35 0.044347826391458518 0.049565218389034278 -0.11215371266007422 -0.097201958298683153 0.15956521779298785 0.049565218389034278 0.0010869565594475719 1.0000000180025095e-35 -0.37579907476902003 0.0078260868322104233 0.14397268742322925 0.0078260868322104233 0.073913045227527632 -0.11496539041399954 0.075652174651622786 -0.10525172576308249 0.086086962372064604 -0.11826568841934203 0.035652173683047302 -0.072752412408590303 0.032173912972211845 -0.076258584856986986 -0.045167107135057442
decision_type=2 2 2 2 2 2 2 2 2 2 2 2 2 2 2 2 2 2 2 2 2 2 2 2 2 2 2 2 2 2
left_child=1 16 13 7 -5 17 -7 8 9 -2 -8 -12 -9 -3 -15 -14 -1 19 -19 28 23 22 -22 25 -25 26 27 -21 29 -6
right_child=3 2 -4 4 5 6 10 12 -10 -11 11 -13 15 14 -16 -17 -18 18 -20 20 21 -23 -24 24 -26 -27 -28 -29 -30 -31
leaf_value=0.0099865558406156685 0.0059977973215172486 -0.0028983081039583754 -0.00022107943931438118 -0.043021591661364371 -0.001630620723875878 0.041116138584544083 -0.044209837597252541 -0.055864167432712802 0.028845787327537606 -0.024572630013758916 0.050276287901805043 -0.018003355626940356 -0.052708015852262459 0.015776520273366734 0.0030221267734046294 0.0024453683487181345 0.0044388106500291569 0.021747157400101413 -0.046845498543733669 0.035980206593520289 -0.023767909494082445 0.0061080120149966857 -0.0018961117914314705 0.013800400649935946 -0.054702686979640647 0.030294243217363848 -0.085577304853041963 -0.047742280286132137 -0.0046117085024387269 -0.048854195535260353
leaf_weight=1276.4877253338345 569.23549455762623 858.63891422054257 12468.421390359497 22.802140539446555 11639.288149142543 11.067922588437794 47.989245368928096 13.6131115147582 61.021755934551038 38.153018899856761 6.51370525382299 71.446860956526507 10.579555498246917 198.07036988454638 7739.1252937444351 67.895211091368765 3973.686218340401 7.2435438878892446 25.574728826471983 28.0611431710131 150.16730445594112 738.35841161101598 783.9502799960319 21.127548471644332 17.796472092441036 127.27209355441664 9.2824113810784166 6.4487835255276869 7049.1619616556454 17.451325617603288
leaf_count=42163 10725 7601 405294 1391 382546 48 3294 2003 3586 2108 220 18988 2119 2820 454679 9683 141175 82 3655 331 7792 266262 41467 1013 1228 2679 284 195 227330 959
internal_value=-2.26679e-11 0.00194923 0.00100088 -0.00239919 -0.00263081 -0.00258437 -0.0188102 0.00392505 0.00634459 0.00404029 -0.0243587 -0.011734 -0.0135164 0.00273289 0.00334236 -0.00555977 0.00578929 -0.00247565 -0.0315106 -0.00242784 0.00127841 -0.000337784 -0.00543385 0.0140914 -0.0181056 0.0214801 -0.00424039 0.0194313 -0.00280087 -0.0017055
internal_weight=48055.9 26514.4 21264.3 21541.5 20781 20758.2 137.018 760.498 668.41 607.389 125.95 77.9606 92.0879 8795.83 7937.2 78.4748 5250.17 20621.2 32.8183 20588.4 1882.46 1672.48 934.118 209.988 38.924 171.064 43.7923 34.5099 18705.9 11656.7
internal_count=2043720 1053732 870394 989988 959764 958373 22550 30224 16419 12833 22502 19208 13805 465100 457499 11802 183338 935823 3737 932086 321251 315521 49259 5730 2241 3489 810 526 610835 383505
is_linear=0
shrinkage=0.05


Tree=185
num_leaves=31
num_cat=0
split_feature=6 5 6 5 11 7 6 2 4 9 10 10 18 15 14 7 18 2 13 12 5 23 3 18 1 18 5 14 17 7
split_gain=88.5891 24.1395 23.6847 12.9526 11.1787 11.1067 10.8061 13.3371 12.9969 29.1244 18.593 24.8007 21.1358 16.5187 19.5498 16.8053 15.8443 30.4758 14.8717 25.02 20.1872 19.1282 15.9159 14.8545 14.8798 13.2143 12.8302 12.6244 12.3937 11.8271
threshold=-0.12802229076623914 0.016521738842129711 -0.081362813711166368 0.16782609373331073 -0.05865781940519809 -0.83411273360252369 -0.25154910981655115 -0.16592116653919217 0.0026086957077495758 0.044347826391458518 -0.11468501016497611 -0.11101398244500159 0.090519919991493239 -0.13970003277063367 -0.13351880013942716 -0.19850646704435346 0.00086956546874716889 -0.14531449973583219 0.0026086957077495758 1.0000000180025095e-35 0.44782608747482305 0.5000000149011613 -0.26731367409229273 0.00414756196551025 0.039130434393882758 0.0014420108054764571 0.21652173250913623 -0.13965915143489835 0.017173913307487968 -0.18802594393491742
decision_type=2 2 2 2 2 2 2 2 2 2 2 2 2 2 2 2 2 2 2 2 2 2 2 2 2 2 2 2 2 2
left_child=1 -1 3 4 -2 -3 7 -7 9 13 -11 -12 -13 18 16 -16 -15 -18 23 20 21 -20 -23 27 -25 -22 -17 -8 -26 -10
right_child=2 5 -4 -5 -6 6 8 -9 29 10 11 12 -14 14 15 26 17 -19 19 -21 25 22 -24 24 28 -27 -28 -29 -30 -31
leaf_value=0.0067421552541337137 0.00062003701385490901 -0.076773862267347115 -0.0034385347780660695 -0.0017762793223737791 0.033759892280944719 0.00087710590665530529 -0.016782370228600959 0.0093787585271701626 0.0058570460058896025 -0.068121274986171945 0.036297632199326878 -0.092890208428525967 -0.014545876648596166 0.0068599395303786479 -0.020204456292205242 0.017408905491947426 -0.084197481411157363 0.011207565643104107 -0.014306705003863596 -0.0038105225951775576 -0.024847369291829815 -0.01597924998790988 -0.12821214954037216 0.013135082718253721 -0.076718736814301219 -0.13307975949850917 0.0016316786048440328 -7.7555002598692812e-05 0.010316506524119707 0.0013839976961981448
leaf_weight=3422.3503357747977 10367.116118361137 3.4722927793845875 10760.793366327503 10709.923754072941 24.509579942532582 838.29697986358951 127.53739468110143 1025.4349548464925 1967.0407143821067 22.457294405554421 16.162862626370043 10.560800796607507 35.732984144910006 28.767362416227115 44.06020292249741 348.02717244118685 18.461597701709252 14.318812578916548 124.85368401138112 716.74283790343907 5.6417676608543825 6.2110842145048082 6.195053316652773 283.0265166098834 7.7328991717658919 6.0398517293506302 204.63068481115624 941.85090301581658 7.2995282120537013 5936.2253445568385
leaf_count=173359 486820 345 565944 321933 7892 19059 1156 36525 138830 380 73 163 304 220 371 1996 304 99 1037 5724 51 49 129 1716 96 130 1370 7477 45 270123
internal_value=-1.70325e-11 0.00301423 -0.00152968 -0.000556131 0.000701441 0.00201288 0.00204038 0.00555728 0.00143745 -0.00137832 -0.0300669 -0.015526 -0.0340044 -0.000525692 0.00642921 0.00920382 -0.0201882 -0.0434255 -0.00257777 -0.00770193 -0.026278 -0.0205285 -0.0774064 0.000669424 0.0105209 -0.0868889 0.0115806 -0.00208362 -0.0364483 0.00249789
internal_weight=48031.5 16169.1 31862.3 21101.5 10391.6 12746.8 12743.3 1863.73 10879.6 2976.31 84.9139 62.4566 46.2938 2891.4 658.266 596.718 61.5478 32.7804 2233.13 865.684 148.941 137.26 12.4061 1367.45 298.059 11.6816 552.658 1069.39 15.0324 7903.27
internal_count=2043720 661131 1382589 816645 494712 487772 487427 55584 431843 22890 920 540 467 21970 4360 3737 623 403 17610 7120 1396 1215 178 10490 1857 181 3366 8633 141 408953
is_linear=0
shrinkage=0.05


Tree=186
num_leaves=31
num_cat=0
split_feature=6 6 5 4 6 5 15 3 7 14 10 1 3 7 26 10 6 7 5 5 4 7 13 14 14 7 4 2 10 15
split_gain=88.0776 31.1155 19.131 14.9929 18.6893 28.0134 17.2292 25.0814 15.8405 15.2656 13.457 12.1916 18.4583 28.7374 12.441 13.9905 33.6803 27.4674 18.0171 11.3075 16.3453 16.7755 15.3085 13.5299 13.033 10.9354 10.9354 14.3474 10.9173 15.4425
threshold=-0.1452582851052284 -0.097193207591772066 0.12608695775270465 0.0026086957077495758 -0.25154910981655115 0.71043479442596447 -0.19408079236745832 -0.12347878143191336 -0.15438169986009595 -0.12526585906744001 -0.12444541975855826 0.0043478262377902874 -0.26312324404716486 -0.053797140717506402 1.0000000180025095e-35 -0.13012435287237165 -0.16759943962097165 0.0046551194973289975 0.45478260517120367 0.025217391550540928 0.011304348241537811 -0.20415789633989331 0.0078260868322104233 -0.12103640660643576 -0.12206529453396796 -0.13716807216405866 0.0078260868322104233 -0.15436929464340207 -0.13672631978988645 -0.1278966888785362
decision_type=2 2 2 2 2 2 2 2 2 2 2 2 2 2 2 2 2 2 2 2 2 2 2 2 2 2 2 2 2 2
left_child=2 10 -1 4 25 8 -7 -8 -6 11 -2 -10 13 -13 15 18 -17 -18 28 20 22 -22 24 -24 26 -4 -12 -28 29 -14
right_child=1 -3 3 -5 5 6 7 -9 9 -11 19 12 14 -15 -16 16 17 -19 -20 -21 21 -23 23 -25 -26 -27 27 -29 -30 -31
leaf_value=0.0051697663384109157 -0.0012850125705897554 -0.0026260688988889685 -0.026577264185704587 0.0027816797510085123 -0.048572165964675243 -0.012222127219016769 -0.13570456882212723 -0.031328419394248068 0.00061219214761605144 0.0074478759642255228 0.0031793138207482823 -0.12772332183752894 -0.0010200207738193764 -0.01331765604113846 -0.068828028368788527 -0.0024522113704041632 -0.12057087893957907 0.014961763026089104 -0.029625530774105222 0.00088448845006996806 0.0048782758405244639 0.024712435995004257 -0.020494691799729313 0.0029348236966722104 0.018042739360929188 0.014096454170030793 0.02766354092702223 -0.0623359180612236 0.017358711343915003 -0.065592475602304079
leaf_weight=7987.4820008389215 7691.3241101718922 18690.331308170673 17.458932139677927 2510.4262326169774 19.677245626458898 22.522391919919755 8.8966783246141876 15.769888026639817 213.53835074810195 203.25151816784637 311.31372015344095 8.0105475893942657 96.28011763934046 14.735559849068521 8.1558128937613201 33.301513820886612 13.309227787423881 4.7845356664620331 53.162140977103263 8988.380469181322 236.88467525555279 193.78124170254887 120.32024018850643 124.76860204862896 165.70020091105471 162.43338113470236 5.745540359173904 13.192912187689215 77.261616301140748 9.2481634467840177
leaf_count=347787 173382 883685 168 118942 238 183 182 141 1789 1365 3317 163 703 118 124 245 228 25 521 381888 86195 31674 3012 3135 2422 918 96 551 407 116
internal_value=-2.01581e-11 -0.00120022 0.00382026 0.000733032 -0.0045028 -0.00777001 -0.0447383 -0.072795 -0.00540241 -0.00418232 0.000292705 -0.00863307 -0.0148189 -0.0572901 -0.0113675 -0.00950359 -0.0328817 -0.0858254 -0.00429408 0.00148707 0.00610487 0.0138394 0.00159727 -0.00860385 0.0066456 0.0100239 0.000890019 -0.0350139 0.00319436 -0.00724155
internal_weight=48021.4 36541.7 11479.7 3492.22 981.798 801.905 47.189 24.6666 754.716 735.039 17851.4 531.788 318.249 22.7461 295.503 287.347 51.3953 18.0938 235.952 10160.1 1171.71 430.666 741.041 245.089 495.952 179.892 330.252 18.9385 182.79 105.528
internal_count=2043720 1569357 474363 126576 7634 6548 506 323 6042 5804 685672 4439 2650 281 2369 2245 498 253 1747 512290 130402 117869 12533 6147 6386 1086 3964 647 1226 819
is_linear=0
shrinkage=0.05


Tree=187
num_leaves=31
num_cat=0
split_feature=6 6 6 5 5 4 2 10 12 17 12 17 2 13 11 11 7 11 2 18 3 6 4 4 10 5 15 8 1 5
split_gain=86.9193 28.2375 18.3374 12.5446 12.9361 25.6757 13.1953 15.8087 21.2256 17.0333 18.0902 23.5004 15.5019 17.1971 12.7074 12.3112 14.775 13.3302 12.4352 27.8011 19.1324 16.1906 20.7043 13.9679 20.4609 28.3322 19.1317 18.0789 15.7889 15.4924
threshold=-0.11848525702953337 -0.20253870636224744 -0.081362813711166368 0.40956521034240728 0.41304348409175878 0.032173912972211845 -0.15524160116910932 -0.13161054253578183 0.0060869567096233377 0.012173913884907963 0.0095652174204587954 0.01108695659786463 -0.15436929464340207 0.011304348241537811 -0.13223140686750409 -0.084912013262510286 -0.017147786915302273 -0.096277274191379533 -0.13819750398397443 0.0125711583532393 -0.13902875781059262 -0.14343849569559095 0.0043478262377902874 0.018260869197547439 -0.12667559832334516 0.90869563817977916 -0.1846310421824455 0.063478261232376113 0.12260869517922403 0.95739132165908825
decision_type=2 2 2 2 2 2 2 2 2 2 2 2 2 2 2 2 2 2 2 2 2 2 2 2 2 2 2 2 2 2
left_child=1 -1 -2 -3 5 -5 7 9 -9 10 -6 -12 13 -8 -10 16 -14 18 20 -20 -18 22 -22 24 26 27 -21 -26 -28 -25
right_child=2 3 -4 4 6 -7 12 8 14 -11 11 -13 15 -15 -16 -17 17 -19 19 23 21 -23 -24 29 25 -27 28 -29 -30 -31
leaf_value=0.0057118290016271705 -0.00077181242794705364 0.0020163206698857201 -0.0033867731691751531 -0.082466090153253874 -0.0028893886885680569 0.034814967005801244 -0.086581359043849379 0.033568478790797281 0.013206341923117582 0.012836736156558299 -0.087707898037308468 0.00042149690699603925 -0.025563689560783049 -0.0066143762976190361 -0.040144591064986551 -0.02635572243031635 -0.0017723130831579859 0.017559137691276969 0.014517321987076021 -0.0072900423028880185 -0.062589314109531918 -0.037041561689940376 0.0076623690887697472 0.0021271355540244579 0.01334514540991113 -0.09081625170034846 -0.037038983118800266 -0.024364774384410631 -0.10579197168092036 0.084083300324676868
leaf_weight=5244.1823359941554 17812.203922676439 12249.777673420667 10750.282600538718 12.363810802693481 302.62064888165332 6.4695131728149127 11.06964415474795 87.461056207248475 26.556480102939531 169.85823546016036 14.062093169311995 15.176959236589026 66.7174558619663 15.587691786298818 17.832019470268278 57.366762602807285 296.73145054834458 83.771343018903281 248.48086026501551 40.008661151776323 11.771936467965132 90.307383696082979 57.797935331975168 135.98271696550364 104.12358706688974 7.7098255618475369 37.691667548439 44.562921666249167 10.652794896217527 5.0247428932052562
leaf_count=183338 688667 538209 565944 451 3223 511 215 435 1317 6586 423 254 3151 651 925 4002 9381 2913 9361 570 168 3290 2705 13459 1312 189 625 774 353 318
internal_value=-1.1803e-11 0.00257594 -0.00175611 0.00141975 -0.00227439 -0.0424543 -0.00186663 0.00406443 0.019401 3.45726e-06 -0.00658393 -0.0434619 -0.00470281 -0.0417511 -0.00863839 -0.00391082 -0.00285317 -0.00154259 -0.00302424 0.00150604 -0.00930642 -0.0231917 -0.0049434 -0.00689089 -0.0140918 -0.00316548 -0.033181 0.00195582 -0.0540258 0.00561915
internal_weight=48034.2 19471.7 28562.5 14227.5 1977.76 18.8333 1958.93 633.567 131.85 501.718 331.86 29.2391 1325.36 26.6573 44.3885 1298.7 1241.34 1174.62 1090.85 634.238 456.609 159.877 69.5699 385.757 244.749 156.396 88.3531 148.687 48.3445 141.007
internal_count=2043720 789109 1254611 605771 67562 962 66600 13163 2677 10486 3900 677 53437 866 2242 52571 48569 45418 42505 26961 15544 6163 2873 17600 3823 2275 1548 2086 978 13777
is_linear=0
shrinkage=0.05


Tree=188
num_leaves=31
num_cat=0
split_feature=6 5 5 1 0 0 7 18 15 13 2 11 7 9 2 18 18 8 9 11 18 4 7 13 18 7 14 17 1 14
split_gain=88.6944 27.4548 18.5078 12.8412 25.6642 16.3775 13.9027 12.8326 21.9899 18.5993 15.5911 17.0849 29.2353 17.0737 19.9467 14.0721 15.0079 13.2705 12.8147 39.4806 25.5231 21.1607 16.2254 20.6614 21.9913 15.5871 18.4873 15.6342 15.4702 16.5266
threshold=-0.11848525702953337 0.014782608952373268 0.17478261142969134 0.0078260868322104233 0.021739130839705471 0.0026086957077495758 -0.1360407471656799 0.036573464050889022 -0.060038840398192399 0.026956521905958656 -0.14586777985095975 -0.077895555645227418 -0.11180977895855902 0.047826087102293975 -0.16162921488285062 0.028517230413854126 0.021175302565097812 0.094782605767250075 0.073913045227527632 -0.0662962570786476 0.068305853754282012 0.0078260868322104233 -0.073638599365949617 0.044347826391458518 0.013209093827754261 -0.086691495031118379 -0.10919079557061194 0.12565217167139056 0.089565217494964613 -0.10120091587305068
decision_type=2 2 2 2 2 2 2 2 2 2 2 2 2 2 2 2 2 2 2 2 2 2 2 2 2 2 2 2 2 2
left_child=1 -1 3 4 7 -5 -7 9 17 15 13 12 -12 14 -11 16 -2 -9 19 20 22 -21 -8 -24 -25 -20 -27 -28 29 -23
right_child=2 -3 -4 5 -6 6 18 8 -10 10 11 -13 -14 -15 -16 -17 -18 -19 25 21 -22 28 23 24 -26 26 27 -29 -30 -31
leaf_value=0.0066516647464726049 0.0016161726635017257 0.0017308009475961615 -0.0029536842191330015 -0.018288329550346188 0.018891455047496952 0.0018111049592854642 -0.002879780492699368 0.046832525810445093 -0.075298247966368193 -0.082047751424585008 -0.0085893612770495779 0.008914394584618162 -0.085966068538985529 0.060903459832388866 -0.0014159920728382203 0.056254354172550584 -0.069210777911327237 -0.064569801289667092 -0.0018048598627558546 0.015054420502592682 -0.036452363019516099 -0.017630790711601736 0.013288960816499211 0.011164757857661573 -0.040929084465071472 0.017469846631730495 -0.014290812226491851 0.019542947521936027 -0.059656051020745587 -0.070811698918745933
leaf_weight=3441.6934524359622 2850.7900806203688 16052.43086557053 15372.040601341278 138.84955162133701 216.86158571885608 2950.6074946007375 4851.0279488954438 36.896127959746082 3.7239401231727234 7.562023928439884 23.56908046494209 16.574636559678765 24.88440245212405 8.526403259013021 73.991714831652644 10.753935894914319 6.4994208298739968 2.0191844630826372 829.28691083926606 30.882610822229253 53.583582583796669 159.14328418966761 318.75064155049768 39.654448115761625 39.713029300706694 282.25708874416159 109.51664349510975 48.435903884757863 33.571991502845776 15.294225166697286
leaf_count=183610 36213 605499 529361 2561 8447 376672 150210 1155 301 410 2099 558 998 310 2967 145 398 119 90929 465 3446 6275 6504 1353 2232 6607 10493 10658 1823 902
internal_value=-1.42098e-11 0.00259988 -0.00177491 -0.000400314 0.00230931 -0.00129886 -0.00105536 0.00113057 0.0280509 0.000741734 -0.016066 -0.0345239 -0.0492627 -0.00250869 -0.00979583 0.00165601 0.00143091 0.0395794 -0.00229721 -0.00333515 -0.00243711 -0.023176 -0.002083 0.00760853 -0.0150863 0.00223272 0.00982573 -0.00385807 -0.0288968 -0.0226706
internal_weight=48049.4 19494.1 28555.3 13183.2 3282.65 9900.58 9761.73 3065.79 42.6393 3023.15 155.108 65.0281 48.4535 90.0801 81.5537 2868.04 2857.29 38.9153 6811.12 5541.62 5302.73 238.892 5249.15 398.118 79.3675 1269.5 440.21 157.953 208.01 174.438
internal_count=2043720 789109 1254611 725250 54120 671130 668569 45673 1575 44098 7342 3655 3097 3687 3377 36756 36611 1274 291897 173210 163745 9465 160299 10089 3585 118687 27758 21151 9000 7177
is_linear=0
shrinkage=0.05


Tree=189
num_leaves=31
num_cat=0
split_feature=6 6 5 10 4 11 10 6 18 2 5 5 7 11 11 7 15 4 18 1 18 7 7 1 5 15 3 14 13 1
split_gain=87.6122 30.0753 19.0115 13.5343 21.2365 17.3835 15.0863 16.6103 17.6008 17.4944 16.3244 20.7994 15.7171 12.9081 12.2833 15.8339 16.3645 12.7895 13.3736 18.2896 17.2133 15.2575 25.6842 15.0198 15.0077 14.0294 12.8555 11.6912 17.1195 11.2003
threshold=-0.14610304683446881 -0.098388288170099245 0.13652173429727557 -0.12667559832334516 0.0060869567096233377 -0.17317999154329297 -0.12777777761220929 -0.15119183063507077 0.0012297509820200505 -0.14073128253221509 0.22000000625848773 0.86695653200149547 0.04641621187329293 -0.35318371653556818 -0.21406168490648267 0.14397268742322925 -0.095154847949743257 0.14521739631891253 0.045860808342695243 0.025217391550540928 0.038740813732147224 0.090877018868923201 0.041376478970050819 0.033913042396306999 0.62173914909362804 -0.99999991059303273 -0.19029048085212705 -0.12867841869592664 0.0095652174204587954 1.0000000180025095e-35
decision_type=2 2 2 2 2 2 2 2 2 2 2 2 2 2 2 2 2 2 2 2 2 2 2 2 2 2 2 2 2 2
left_child=2 -2 29 4 5 -4 7 8 -7 10 -10 12 27 -6 17 -16 -17 18 19 26 21 22 23 24 -21 -24 -3 -12 -29 -1
right_child=1 14 3 -5 13 6 -8 -9 9 -11 11 -13 -14 -15 15 16 -18 -19 -20 20 -22 -23 25 -25 -26 -27 -28 28 -30 -31
leaf_value=0.0092213615504127596 0.00031917963526999655 0.0039991383857515056 -0.00045799691379217979 0.0053908274804227354 -0.024990680883560878 -0.001325203542790231 -0.055864223871242492 0.010945798278671929 -0.0083120018599409061 -0.0036071038715337388 -0.031233235090630251 0.027933828591316209 -0.09541163446462271 0.0042791652566718363 -0.0027950235280259409 -0.070204811103206449 0.007570031318111352 -0.032301964203293988 0.018083567369836795 -0.033465589881017693 -0.063347843523723205 0.034738872612164275 0.045931976522976481 0.0018192623690431204 0.044896893483403484 -0.081811322403076731 0.028552541882626261 -0.10164699663019315 0.010269631266959917 0.0042933817142577725
leaf_weight=1394.3838505576496 17431.057346338624 542.01382545038359 576.67322180941119 1019.3004393756164 38.027926805680181 154.69574820404523 18.820792898652144 71.401915836060653 59.369078635238111 87.752553267375333 98.204838915960863 9.8771997084841114 13.348360912408678 1089.5196889655781 18178.062353146179 16.453675133030632 10.750378665401511 24.564991949540854 135.66258553607986 58.937766067798293 12.671191133649698 20.45901212040917 1.8208813645760553 198.66747309161838 5.9353427318856111 15.366937816783318 58.197065538191964 13.356142172822731 4.2585602346807709 6673.2103295894121
leaf_count=17949 668475 13325 5194 51833 3295 1371 266 553 578 799 1114 67 225 50663 860131 1839 2490 6716 7054 3664 982 379 10 9931 49 686 979 268 48 332787
internal_value=-3.8008e-11 -0.00118592 0.00384496 0.000618913 -0.00155852 -0.00647256 -0.0129903 -0.0113093 -0.0149303 -0.0222548 -0.0304426 -0.0397651 -0.0451167 0.00327073 -0.00254667 -0.00285326 -0.0402914 0.00264682 0.00349463 0.001312 -0.00845218 -0.00594068 -0.00901813 -0.00503223 -0.0257234 -0.0664968 0.00642339 -0.038553 -0.0754917 0.00514616
internal_weight=48032.8 36710.6 11322.2 3254.61 2235.31 1107.76 531.085 512.264 440.862 286.167 198.414 139.045 129.168 1127.55 19279.6 18205.3 27.2041 1074.3 1049.73 914.069 313.859 301.187 280.728 263.541 64.8731 17.1878 600.211 115.82 17.6147 8067.59
internal_count=2043720 1576710 467010 116274 64441 10483 5289 5023 4470 3099 2300 1722 1655 53958 908235 864460 4329 43775 37059 30005 15701 14719 14340 13644 3713 696 14304 1430 316 350736
is_linear=0
shrinkage=0.05


Tree=190
num_leaves=31
num_cat=0
split_feature=6 7 6 12 6 15 2 1 18 5 15 15 13 4 7 3 5 10 15 7 2 10 5 10 15 10 18 9 15 18
split_gain=87.1634 23.9793 20.6105 16.532 14.864 21.7445 21.5718 15.2518 40.061 19.4516 14.1908 14.7752 13.1139 13.9875 16.1227 29.6842 22.334 19.9895 17.3194 15.1578 14.7028 13.5286 13.4325 13.0371 17.6226 14.8912 19.2881 34.6955 14.0635 16.4386
threshold=-0.13269815593957898 -0.10382824763655661 -0.21993580460548398 0.049565218389034278 -0.081362813711166368 -0.11988433450460433 -0.093731004744768129 0.011304348241537811 0.0095256105996668356 0.016521738842129711 -0.12462122738361357 -0.1278966888785362 0.072173915803432478 0.06695652008056642 -0.12413705885410307 -0.13847672939300534 0.08782608807086946 -0.11441798135638236 -0.19095176458358762 -0.27689856290817255 -0.12885462492704389 -0.10646140202879904 0.089565217494964613 -0.12828054279088971 -0.093275375664234147 -0.12533215433359143 0.0064341959077864894 0.032173912972211845 -0.11350798979401587 0.0081919324584305304
decision_type=2 2 2 2 2 2 2 2 2 2 2 2 2 2 2 2 2 2 2 2 2 2 2 2 2 2 2 2 2 2
left_child=2 3 -1 4 -2 7 23 10 9 -9 11 -6 13 14 21 17 18 -16 -17 -15 -18 -5 -19 24 -7 26 -25 -28 29 -27
right_child=1 -3 -4 12 5 6 -8 8 -10 -11 -12 -13 -14 19 15 16 20 22 -20 -21 -22 -23 -24 25 -26 28 27 -29 -30 -31
leaf_value=0.0061418451987121153 0.0005196204702203654 -0.0023640627505724446 0.0020125481040751026 0.023262546704376053 0.013324072791206704 -0.010563571488594901 -0.06076494448987816 0.0085151523083131075 0.0089830698832963768 -0.057258232542326017 0.052122654608521904 -0.075494595569996659 -0.00013819341557261101 -0.033221374503145717 -0.073019288722776729 0.046717748051459833 0.045972730074283402 0.0094257429196676259 -0.04553887188070789 0.02263730472754177 0.0048308648672710829 0.0013766786671960546 -0.041614527170687296 0.018473433042132455 -0.10287357900262264 -0.012499880216190045 -0.1022398712793276 0.035255702707827609 -0.0082476063417893132 -0.072481613377335538
leaf_weight=4251.2744028701709 8680.6006400813749 22201.737822772793 10449.767741474476 146.14754185753372 126.26357091984755 13.803949248987921 19.327778372033208 15.016430612886323 158.91861606480234 41.07827550516231 22.976356059018144 3.875107730011222 519.64446437767128 11.936890076980488 19.77779477781587 5.4926263177185346 35.680344674241496 27.222311206074664 24.484121935457551 237.22738825296437 53.887958058272488 136.00751338168448 22.990884683575132 92.981559915584512 7.5278763268579487 29.875172460320755 8.7423225403763372 7.9413819953879274 639.27731968940861 18.041088500394835
leaf_count=143196 274804 739759 460544 18376 2607 274 1328 1479 6627 2706 237 147 266138 12914 1072 186 586 874 1894 45551 2775 28762 1245 917 285 835 291 125 26207 979
internal_value=-7.65864e-11 -0.00141465 0.003207 0.000479808 -0.000203118 -0.00540292 -0.00985115 0.00471638 -0.00387192 -0.0398101 0.0167235 0.0101238 0.00591821 0.0102782 0.00519655 -0.00606331 0.00907756 -0.0316876 -0.0276723 0.0198391 0.0215467 0.012755 -0.0143001 -0.00857572 -0.0462871 -0.00750944 0.00953635 -0.0384998 -0.0102396 -0.0361038
internal_weight=48029.5 33328.5 14701 11126.7 9886.25 1205.65 837.518 368.128 215.013 56.0947 153.115 130.139 1240.5 720.855 471.691 189.536 119.545 69.991 29.9767 249.164 89.5683 282.155 50.2132 818.191 21.3318 796.859 109.665 16.6837 687.194 47.9163
internal_count=2043720 1439980 603740 700221 319848 45044 31241 13803 10812 4185 2991 2754 380373 114235 55770 8632 5441 3191 2080 58465 3361 47138 2119 29913 559 29354 1333 416 28021 1814
is_linear=0
shrinkage=0.05


Tree=191
num_leaves=31
num_cat=0
split_feature=6 6 5 5 0 9 14 7 5 15 1 12 14 1 10 15 13 15 6 3 7 5 7 0 3 7 16 11 3 18
split_gain=86.3333 31.5114 15.9982 12.7907 16.6711 23.2652 32.4821 14.9742 14.8591 14.8255 12.9507 15.6687 12.8805 12.7756 12.0998 11.1455 12.8602 11.0619 31.8816 41.807 13.5386 10.7459 10.7234 10.5844 10.7795 10.4509 10.3013 35.9592 25.4497 14.095
threshold=-0.15336318314075467 -0.090279757976531969 0.014782608952373268 0.39217391610145574 0.0026086957077495758 0.0026086957077495758 -0.14126504212617871 -0.021887240000069138 0.42695651948452001 -0.11773850023746489 0.23391304165124896 0.079130433499813094 -0.10521097108721732 0.43739131093025213 -0.12942156940698621 -0.1924590393900871 0.14695652574300769 -0.12040686607360838 -0.11569261178374289 -0.19287931174039838 -0.013634524773806332 0.72956520318984996 -0.051494162529706948 0.34347826242446905 -0.15902716666460034 -0.059338115155696862 0.0026086957077495758 -0.47942514717578882 -0.25916576385498041 0.0045183927286416301
decision_type=2 2 2 2 2 2 2 2 2 2 2 2 2 2 2 2 2 2 2 2 2 2 2 2 2 2 2 2 2 2
left_child=2 3 23 10 5 8 -7 -8 9 14 11 12 -2 22 -5 -13 -17 18 -10 -20 -19 26 25 24 -1 -12 27 29 -29 -4
right_child=1 -3 21 4 -6 6 7 -9 17 -11 13 15 -14 -15 -16 16 -18 20 19 -21 -22 -23 -24 -25 -26 -27 -28 28 -30 -31
leaf_value=0.0066109448208950417 0.00038845305483466364 -0.0028519811310933796 -0.029514500120091304 -0.047157004647343792 -0.003900976279302526 -0.088992160839792764 -0.041519986507668916 0.023370768063808015 0.0094877376778291049 -0.092824679438320276 0.01261235581395471 -0.019205604798349658 -0.021491849769331287 -0.02593803492468813 0.017197034727543165 0.021901046370000177 -0.0163635956736339 0.061005554306882294 0.0016220798289656145 -0.095256288002156825 0.0046743878635663273 -0.0080840001665533883 0.0351518119617781 -0.039648243002220258 0.017462103246440801 -0.042197530060309775 0.0050025962131154443 0.0091668455780478438 -0.00044247280583940341 -0.0021548251708572446
leaf_weight=2354.8322230930462 18439.696417938205 15276.874857641033 124.75096618157113 14.00442514862516 3191.839025751291 5.9779453674564129 8.3833987982070521 214.68178520764923 92.978833642730024 7.4172455022053319 136.17629525745997 22.525850478079519 66.507993557661393 18.6292996331822 13.464145814883523 178.4795592259452 24.281999052995161 13.397234573145395 24.840153963683406 19.137389308772981 41.907570675510215 214.5169733773364 54.490739698694597 10.896772282063464 253.10925130078613 8.3176557274709904 3900.677189879545 995.58615390633349 2232.4172976527188 75.507618112722412
leaf_count=90629 622957 745735 1460 136 111894 127 208 2391 594 120 25904 12947 20112 5866 71 57950 21594 42 151 279 271 7987 2643 3089 24146 814 251475 9295 22030 803
internal_value=-2.76678e-11 -0.00109801 0.0040919 8.78423e-05 -0.0026229 0.00630841 0.0175187 0.0207576 -0.00502275 -0.0345583 0.000609818 0.000468583 0.000308662 0.0127091 -0.0161168 0.0135459 0.0172608 0.000487559 -0.00713741 -0.0417163 0.0191614 0.00292231 0.0164389 0.00745843 0.00767037 0.00918893 0.00324553 0.00124545 0.00252317 -0.0192605
internal_weight=48036.3 37874 10162.3 22597.1 3648.03 456.19 229.043 223.065 227.147 34.8858 18949.1 18731.5 18506.2 217.614 27.4686 225.287 202.762 192.261 136.956 43.9775 55.3048 7543.46 198.985 2618.84 2607.94 144.494 7328.94 3428.26 3228 200.259
internal_count=2043720 1632806 410914 887071 116284 4390 2726 2599 1664 327 770787 735560 643069 35227 207 92491 79544 1337 1024 430 313 293050 29361 117864 114775 26718 285063 33588 31325 2263
is_linear=0
shrinkage=0.05


Tree=192
num_leaves=31
num_cat=0
split_feature=6 6 10 4 0 5 11 9 13 15 2 17 13 1 1 6 5 7 13 26 7 6 14 17 10 7 5 8 18 2
split_gain=85.395 36.4884 17.4805 16.3369 18.1225 18.9691 20.072 16.3124 15.9178 26.125 25.5521 17.2381 17.0835 15.3924 15.1203 23.6582 13.8832 19.002 21.7316 15.9022 13.6848 19.87 13.5983 12.8397 14.5902 12.7013 12.697 12.9935 13.689 12.8556
threshold=-0.10245272889733313 -0.18498735129833219 -0.12463485822081564 1.0000000180025095e-35 0.025217391550540928 0.36086957156658178 -0.15679039061069486 0.016521738842129711 0.01304347859695554 -0.99999991059303273 -0.16162921488285062 0.026086957193911079 0.058260869234800346 0.025217391550540928 0.016521738842129711 -0.12259675934910773 0.12608695775270465 -0.16785785555839536 0.0095652174204587954 1.0000000180025095e-35 -0.06359850242733954 -0.10582626610994338 -0.12542166560888288 0.0045652175322175035 -0.1338526830077171 -0.23535763472318647 0.086086958646774306 0.072173915803432478 0.0582340955734253 -0.14559720456600186
decision_type=2 2 2 2 2 2 2 2 2 2 2 2 2 2 2 2 2 2 2 2 2 2 2 2 2 2 2 2 2 2
left_child=1 8 3 4 5 6 -3 -6 9 10 23 16 25 -14 -7 -16 -11 18 19 -18 21 -8 -23 -1 -25 -10 27 28 -2 -28
right_child=26 2 -4 -5 7 14 20 -9 12 11 -12 -13 13 -15 15 -17 17 -19 -20 -21 -22 22 -24 24 -26 -27 29 -29 -30 -31
leaf_value=-0.031984627378619318 -0.00076691067202191217 -0.012643770903780639 0.0022802143915397403 0.0001889541647979127 0.018128366842071569 -0.017511909696454147 -0.00038881593727235363 -0.015034434256172997 0.0035137750867852043 0.0078536647612125286 0.016539819254128865 0.01822821396040486 -0.04885863426921494 0.016330805339494572 -0.10963551835932624 -0.0068616832655194696 -0.06826143857407399 0.0023083943955267421 0.040742791610852896 0.025839945316441293 0.016841837614517081 -0.072915909602130999 -0.0026981201120578535 0.0047360446175226415 -0.040318242659579014 -0.0064100118167510272 -0.000371694033724257 0.0077018669324954913 -0.050061045401684934 -0.0037127965354540726
leaf_weight=90.511456234846264 4175.1700439421802 525.23939468625031 10266.595609997545 8269.2440284171844 134.60639811557485 122.21405148276244 487.87939711804211 50.179028215352446 631.12902748723354 3588.9292845617638 70.798862826850382 337.56911276761821 8.5101475743795145 209.02313375077574 11.213429124327378 10.603114246390758 24.850643378507815 782.13934669918672 7.0542119577003168 4.880581416655331 106.61692698615479 15.444439189144761 12.010069576674139 75.746157204965129 22.491467546322383 657.21071319537805 3686.5039008278382 485.18658964842507 13.131812706373237 13147.812524705218
leaf_count=1107 194299 4732 559802 241749 604 1166 3566 422 69280 62272 1402 11471 1516 27054 206 95 484 10478 140 33 581 203 86 1407 477 53399 75662 197298 1081 521648
internal_value=-1.92425e-11 0.0018985 0.000840565 -0.00067618 -0.00551989 -0.00761618 -0.00545679 0.00909046 0.00514955 0.0065054 -0.00891614 0.00735057 0.000641869 0.0135686 -0.0246593 -0.062176 0.00651357 0.000638226 -0.0339945 -0.0524759 0.000623193 -0.00275839 -0.0433732 -0.0185014 -0.00588145 -0.00154961 -0.00234114 -3.54388e-05 -0.000933378 -0.0029812
internal_weight=48030.5 26522.7 20011.8 9745.25 1476.01 1291.22 1147.19 184.785 6510.84 5004.97 259.548 4745.42 1505.87 217.533 144.031 21.8165 4407.85 818.925 36.7854 29.7312 621.951 515.334 27.4545 188.749 98.2376 1288.34 21507.8 4673.49 4188.3 16834.3
internal_count=2043720 1053732 813212 253410 11661 10635 9168 1026 240520 89271 4393 84878 151249 28570 1467 301 73407 11135 657 517 4436 3855 289 2991 1884 122679 989988 392678 195380 597310
is_linear=0
shrinkage=0.05


Tree=193
num_leaves=31
num_cat=0
split_feature=6 6 6 8 10 4 1 12 17 12 2 9 15 6 1 15 7 6 6 6 15 5 15 2 18 11 6 11 2 3
split_gain=84.1118 27.1646 16.9547 13.4125 20.7952 14.6254 22.0762 19.4528 18.8724 21.4731 26.7147 23.3022 23.1579 21.7077 21.2234 18.6962 36.9346 22.1791 22.0652 17.9649 22.6717 27.4625 27.5383 19.8977 17.9297 26.2222 25.1476 24.2372 22.701 27.1664
threshold=-0.13926603645086286 -0.088189937174320207 -0.21993580460548398 1.0000000180025095e-35 -0.11493997648358344 0.0078260868322104233 0.38695652782917028 1.0000000180025095e-35 0.0039130437653511771 0.0095652174204587954 -0.14820098131895063 0.01304347859695554 -0.16259030252695081 -0.075813069939613328 0.018260869197547439 -0.088318455964326845 -0.14432308822870252 -0.015973253175616261 -0.08778089657425879 -0.086122069507837282 -0.071355916559696184 0.32608695328235632 -0.090187843888998018 -0.16955570131540296 0.0039610576350241908 -0.070646505802869783 -0.077141605317592607 -0.069816213101148591 -0.13086485117673871 -0.1147528477013111
decision_type=2 2 2 2 2 2 2 2 2 2 2 2 2 2 2 2 2 2 2 2 2 2 2 2 2 2 2 2 2 2
left_child=2 -2 -1 4 -3 6 15 -7 -9 10 11 19 -13 14 -14 17 -17 -5 -18 -10 21 -21 23 -23 26 28 -12 -28 29 -26
right_child=1 3 -4 5 -6 7 -8 8 9 -11 24 12 13 -15 -16 16 18 -19 -20 20 -22 22 -24 -25 25 -27 27 -29 -30 -31
leaf_value=0.0060442863801923423 -0.00011862519624076891 -0.011042833782258753 0.0021841113282196384 0.0039916152989481956 0.046569373818006445 0.067187161206564483 0.046136345994432643 0.035283182764888142 0.0039423478587290372 -0.0029401430130650084 -0.016583401110435013 0.057799560405968058 0.039708533833354223 -0.08871083005298197 -0.079103751363087269 -0.094460606838027997 -0.090138916801366875 -0.035353668976336683 -0.0038617383174569678 -0.074007608886533585 0.02079206237860436 0.029925155171098752 0.04127769626529857 -0.063147508270537958 -0.019274786263307416 0.015453275783439233 0.017993554402561628 -0.054166162982540567 -0.0067011226572656615 -0.065846068345522035
leaf_weight=4254.6735484560922 20938.94827350917 678.53525962916319 8585.1193178387912 1736.1272540444625 15.062364470979444 8.752333411248399 25.52385958225932 30.335508465010207 21.682062397594564 10048.477727076048 109.55905830109259 13.04540771874599 13.383010774385186 7.291651215869936 4.0985463703982523 10.617704549338667 6.4821890001185229 35.578655248333234 807.08880113929627 61.52963289048057 11.199767636717295 6.5524580101482526 11.741807149257509 27.457369275973182 98.250637899836875 61.090849218104267 178.69134572974872 11.481635855045168 150.74487967287132 45.917016431398224
leaf_count=143196 807464 5886 388238 14948 103 52 277 223 242 658023 1826 95 163 143 127 275 96 625 10037 1243 102 60 78 456 1875 1053 2173 245 3223 1173
internal_value=1.76925e-12 -0.00126436 0.00346361 -0.0029494 -0.00972647 -0.00260162 0.000751973 -0.00340657 -0.00346934 -0.0035806 -0.0112871 -0.0284139 0.00628753 -0.0220285 0.00908009 0.000288142 -0.00592892 0.003182 -0.00465897 -0.0377552 -0.045355 -0.0523887 -0.0223533 -0.0448732 -0.00660225 -0.0141727 0.00240666 0.0133764 -0.0203411 -0.034459
internal_weight=48015 35175.2 12839.8 14236.3 693.598 13542.7 2621.42 10921.3 10912.5 10882.2 833.717 177.982 37.8186 24.7732 17.4816 2595.89 824.189 1771.71 813.571 140.163 118.481 107.281 45.7516 34.0098 655.735 356.003 299.732 190.173 294.913 144.168
internal_count=2043720 1512286 531434 704822 5989 698833 26258 672575 672523 672300 14277 2709 528 433 290 25981 10408 15573 10133 2181 1939 1837 594 516 11568 7324 4244 2418 6271 3048
is_linear=0
shrinkage=0.05


Tree=194
num_leaves=31
num_cat=0
split_feature=6 5 6 2 4 18 17 3 6 17 2 1 3 11 15 24 3 9 15 14 5 1 9 17 3 5 2 15 3 5
split_gain=83.3925 25.6373 19.3195 14.3477 14.9062 36.1374 27.6862 22.5262 18.9641 17.4998 17.5016 20.3113 18.0066 14.7907 14.4514 14.3953 25.1715 22.7028 19.1064 14.7243 14.3609 16.0926 16.7798 15.4895 15.3844 16.3023 16.1381 13.8329 33.893 13.7543
threshold=-0.12022472172975539 0.014782608952373268 -0.078019876033067689 -0.14951908588409421 0.023478261195123199 0.010316357482224705 0.037391306832432754 -0.10952641442418097 -0.071249652653932558 0.017173913307487968 -0.15396442264318463 0.0060869567096233377 -0.23416029661893842 -0.11611519008874892 -0.34833675622940058 1.0000000180025095e-35 -0.10952641442418097 0.084347829222679152 -0.081344116479158388 -0.1201546937227249 0.30173912644386297 0.01304347859695554 0.054782608523964889 0.052173914387822158 -0.13522832840681073 0.10173913091421129 -0.15479729324579236 -0.080028906464576707 -0.098661791533231721 0.13478260487318042
decision_type=2 2 2 2 2 2 2 2 2 2 2 2 2 2 2 2 2 2 2 2 2 2 2 2 2 2 2 2 2 2
left_child=1 -1 29 4 9 6 7 8 13 10 11 -4 -13 -6 -5 20 18 -18 19 -17 24 -22 -23 -24 25 -7 -26 -12 -29 -2
right_child=2 -3 3 14 5 15 -8 -9 -10 -11 27 12 -14 -15 -16 16 17 -19 -20 -21 21 22 23 -25 26 -27 -28 28 -30 -31
leaf_value=0.0065308583938488473 0.00082326180949870813 0.0017274148778824027 0.0067374049356288953 0.0096309052106340158 -0.053570154974616417 0.059300963909894033 0.034171667417673808 -0.093008234218098521 -0.052813415091449573 0.048758449468224455 0.022031058438617412 -0.091892697256922673 -0.015404153656284248 0.038385103269955839 -0.0044378986194350597 0.02699396772072532 -0.070650837715413528 0.040766019607200644 0.033896678159516358 -0.027096328027579275 0.047440316520656077 -0.051050178567257049 0.069784342952802211 -0.025436264580465901 0.0066353306291718345 -0.03664325192498416 -0.075430407934824015 -0.082716353730532516 0.026476130331278755 -0.0018690076622809087
leaf_weight=3384.1775254986933 7919.5961201918599 15490.975737644454 165.45139404005022 185.66340063433199 5.3090694220154573 11.940308528408424 11.59781610721984 18.427839317766484 28.889230646760556 24.623573925506207 177.79171912765014 7.8325315121910526 65.529884322546422 13.392453837383067 8421.670051439618 16.523476320599002 21.976406192678045 5.005213990700212 34.386727113800589 44.248589651146176 46.771994838709361 9.5730589563900157 8.889181863574775 6.8016984556616071 12.080214247545884 5.9090782985276737 10.602077563189594 10.432002303074116 17.913790878141299 11828.077398762622
leaf_count=179566 411559 585443 1502 6205 224 518 309 476 962 300 1505 272 1079 185 476469 606 699 670 1261 2799 676 593 136 2101 384 696 669 170 127 365559
internal_value=2.13389e-11 0.00258894 -0.00167717 -0.00354424 0.00293773 -0.00551667 -0.0348596 -0.0473156 -0.0280727 0.00856071 0.00623182 -0.00298161 -0.0246964 0.0108864 -0.00413335 0.00429356 -0.00756895 -0.0492643 0.00464284 -0.0121907 0.0171182 0.0303717 -0.00183112 0.029457 -0.00660114 0.0272795 -0.0332889 0.0168686 -0.0151589 -0.000789314
internal_weight=48012.1 18875.2 29136.9 9389.23 781.899 312.324 77.6164 66.0186 47.5908 469.575 444.951 238.814 73.3624 18.7015 8607.33 234.708 122.14 26.9816 95.1588 60.7721 112.568 72.0359 25.2639 15.6909 40.5317 17.8494 22.6823 206.138 28.3458 19747.7
internal_count=2043720 765009 1278711 501593 18919 13964 2156 1847 1371 4955 4655 2853 1351 409 482674 11808 6035 1369 4666 3405 5773 3506 2830 2237 2267 1214 1053 1802 297 777118
is_linear=0
shrinkage=0.05


Tree=195
num_leaves=31
num_cat=0
split_feature=6 6 5 4 14 6 18 14 7 14 5 15 15 15 5 4 7 3 23 9 13 11 13 5 7 12 15 15 5 5
split_gain=82.3438 29.1626 17.3911 14.2396 16.1671 16.5617 17.1937 18.9969 20.8709 19.8851 26.2125 17.3675 26.852 13.5887 13.379 15.2177 19.7778 14.5299 11.8687 11.8428 33.0864 19.5367 19.4631 17.5858 17.162 16.5634 16.1636 17.4588 32.721 19.9041
threshold=-0.14610304683446881 -0.08778089657425879 0.13652173429727557 0.0026086957077495758 -0.12542166560888288 -0.25899264216423029 0.0014420108054764571 -0.15397378802299497 0.012174836359918119 -0.13824202865362165 0.8286956548690797 -0.19587332010269162 -0.13057792186737058 -0.31130492687225336 0.021739130839705471 0.011304348241537811 -0.19850646704435346 -0.30962729454040522 0.78571429848670971 0.030434782616794113 0.011304348241537811 -0.051119750365614884 0.039130434393882758 0.042608696967363364 -0.11076490208506583 0.021739130839705471 -0.052399860695004456 -0.093275375664234147 0.037391304969787605 0.80434781312942516
decision_type=2 2 2 2 2 2 2 2 2 2 2 2 2 2 2 2 2 2 2 2 2 2 2 2 2 2 2 2 2 2
left_child=2 14 -1 4 5 -4 -7 -8 13 10 -10 -11 -13 -9 15 -2 17 -17 -16 21 24 22 26 -22 -21 -24 27 -3 -29 -30
right_child=1 19 3 -5 -6 6 7 8 9 11 -12 12 -14 -15 18 16 -18 -19 -20 20 23 -23 25 -25 -26 -27 -28 28 29 -31
leaf_value=0.0049785471552754182 0.0012203476962383496 7.962039458272969e-05 0.0079732245325275959 0.0027109166110967781 0.0062172924046232942 -0.0016187984495504286 0.019340350324909286 -0.07410142522816493 -0.15586201488456683 0.00029407397255373378 -0.0044976119815429835 -0.1043593977628875 0.00060011388974723693 -0.014282103719228606 -0.00044517456411148518 0.028486410503071876 0.022699393180213509 -0.001668212504173813 0.039043003928470321 0.00010120746750330481 0.0046839163525314335 -0.043252150501610132 -0.025827823468335061 -0.0048673505881131262 -0.067630528193621933 0.012746358244029872 0.037011656371635754 -0.026311178070416316 -0.0039871946861176058 0.06716779809881944
leaf_weight=8042.8551170734645 1385.4537503096044 3848.1908720436149 121.28931395232212 2357.9749974065926 249.19178503216244 220.75417876333813 27.740423216018826 8.9839080272940901 7.6530176828382519 20.638479721383188 4.363387240562588 13.931393151404334 10.275810502469545 231.25212610221934 20698.747628024503 46.228400006019001 217.76453360549749 258.54983146223003 18.046304547271575 13.343959180259843 520.89614949429051 26.929847064425303 29.315965765352303 6323.8441458111784 30.242000402431586 347.82047946450621 25.491307223914191 169.57759755716324 2697.0695089269866 8.8668316933326405
leaf_count=350736 21528 76172 705 109205 1678 1894 133 121 158 145 35 220 67 1913 702622 6897 40864 107967 117 203 184127 930 1053 373915 841 10794 346 7132 41154 48
internal_value=2.91148e-11 -0.00115073 0.00372811 0.000655759 -0.00463141 -0.00868845 -0.0124003 -0.0196997 -0.0233976 -0.0504285 -0.105467 -0.0337022 -0.0615485 -0.016817 -3.98313e-05 0.00396552 0.0112277 0.00298381 -0.000408894 -0.00294056 -0.0044202 -0.00151532 -0.00135155 -0.00413991 -0.0473571 0.0096875 -0.00196974 -0.00212301 -0.00506971 -0.00372931
internal_weight=47983.3 36666.4 11316.9 3274.05 916.074 666.882 545.593 324.839 297.098 56.8621 12.0164 44.8457 24.2072 240.236 22624.8 1908 522.543 304.778 20716.8 14041.6 6888.33 7153.26 7126.33 6844.74 43.586 377.136 6749.2 6723.7 2875.51 2705.94
internal_count=2043720 1576710 467010 116274 7069 5391 4686 2792 2659 625 193 432 287 2034 879995 177256 155728 114864 702739 696715 559086 137629 136699 558042 1044 11847 124852 124506 48334 41202
is_linear=0
shrinkage=0.05


Tree=196
num_leaves=31
num_cat=0
split_feature=6 5 6 4 10 3 15 5 14 11 4 13 12 12 14 17 16 10 12 7 2 15 5 4 9 10 6 7 17 2
split_gain=81.7474 32.825 15.1695 15.5375 17.3892 14.1357 20.1906 12.2015 13.2145 14.3614 12.3095 12.161 19.0707 17.8918 17.6145 24.2913 18.2606 20.4407 16.9593 17.9487 16.5626 20.2844 20.3141 18.8375 22.3777 21.1645 20.5798 18.5741 27.0496 24.7087
threshold=-0.10541183874011038 0.098260872066020979 -0.17552071064710614 1.0000000180025095e-35 -0.15154160559177396 -0.16591799259185788 -0.33787432312965388 0.063478261232376113 -0.12940240651369092 -0.09682979434728621 0.47739130258560186 0.056521739810705192 0.014782608952373268 0.035652173683047302 -0.1140720099210739 0.026956521905958656 0.0043478262377902874 -0.1220877133309841 0.084347829222679152 0.04641621187329293 -0.1567176282405853 -0.096373088657855974 0.08782608807086946 0.030434782616794113 0.011304348241537811 -0.11375660821795462 -0.023888124153017994 -0.088493805378675447 0.033913044258952148 -0.14423077553510663
decision_type=2 2 2 2 2 2 2 2 2 2 2 2 2 2 2 2 2 2 2 2 2 2 2 2 2 2 2 2 2 2
left_child=1 2 -1 4 -4 6 -6 8 9 -2 -10 13 -13 20 15 -15 17 -17 19 -14 21 -9 -23 -22 27 26 -26 28 29 -25
right_child=7 -3 3 -5 5 -7 -8 11 10 -11 -12 12 18 14 -16 16 -18 -19 -20 -21 23 22 -24 24 25 -27 -28 -29 -30 -31
leaf_value=0.0058479121813696452 -0.015131068499971964 0.00019100097444160269 -0.053646272405466502 0.0032760547369071382 0.023976477939949441 0.0059752936744909783 -0.0089738779179423765 -0.0016296625983220595 0.0007217094497528855 -0.10430024634692617 0.077876383403910052 0.024039789826285914 -0.0063069407983573321 -0.068434338773861361 -0.0018989877952232126 -0.047342029795136902 0.0054956535180310162 0.047181594191832425 0.00041431213748513353 -0.028135436413935084 -0.0026195349144100856 -0.04551793602021903 0.015198581593297764 0.0024096891173371929 -0.014393415963517392 0.0031298787820220283 -0.083198631618736696 0.012192701380202155 0.061420732016348317 -0.079800869046966719
leaf_weight=5273.6409504749099 55.55833913427341 12607.52713455268 15.909522693196775 6009.8678978798262 49.174113634857349 330.30980896129677 639.83378197050479 757.61395698298293 3712.8392024202149 3.9828266444837928 4.176910150645198 55.243970358395018 3412.2175182624615 9.8338768575340492 1535.2473258844293 5.7140293236298012 1167.1756907492454 45.101916701183654 1019.293262636671 95.950575690927508 9506.5385704170785 13.39675608256948 344.17849347507581 16.958382629280095 876.96471448260854 189.39095429544977 10.054358810128177 183.03502552169084 6.7766238964395589 18.68048760619422
leaf_count=207976 1999 411960 202 368856 308 2222 5585 9491 359114 158 3361 1360 185440 190 68606 265 37106 302 177010 7455 143055 241 3380 351 34578 8164 498 3557 123 807
internal_value=2.37737e-12 0.0019846 0.00382008 0.00230152 -0.00335373 -0.00251695 -0.00659089 -0.00214652 0.000452137 -0.02272 0.000829333 -0.00265582 -0.00490431 -0.00195393 0.00167089 0.00613251 0.0067902 0.0358443 -0.00526271 -0.00691181 -0.00279399 0.00300543 0.0128032 -0.00339258 -0.00903123 -0.0120295 -0.0152661 0.00527393 -0.0241757 -0.0416838
internal_weight=47972.2 24926.3 12318.7 7045.1 1035.23 1019.32 689.008 23045.9 3776.56 59.5412 3717.02 19269.4 4582.71 14686.7 2763.07 1227.83 1217.99 50.8159 4527.46 3508.17 11923.6 1115.19 357.575 10808.4 1301.86 1076.41 887.019 225.451 42.4155 35.6389
internal_count=2043720 997109 585149 377173 8317 8115 5893 1046611 364632 2157 362475 681979 371265 310714 106469 37863 37673 567 369905 192895 204245 13112 3621 191133 48078 43240 35076 4838 1281 1158
is_linear=0
shrinkage=0.05


Tree=197
num_leaves=31
num_cat=0
split_feature=6 6 5 12 6 11 5 6 5 5 24 6 7 8 15 13 18 14 5 26 15 15 2 11 9 17 16 9 6 18
split_gain=80.7513 22.7099 20.8046 13.7343 49.1919 22.4444 19.2721 30.3322 22.0616 21.8292 20.2473 31.8717 23.8329 31.264 19.9607 16.6326 16.2603 15.7726 13.6854 13.2597 12.6403 14.8753 12.6295 14.2807 15.502 14.4738 12.3538 23.4509 18.0651 21.6402
threshold=-0.13129129260778424 -0.08215072005987166 0.054782608523964889 1.0000000180025095e-35 -0.080123554915189729 -0.099671263247728334 0.22000000625848773 -0.078019876033067689 0.24956522136926654 0.025217391550540928 1.0000000180025095e-35 -0.074861496686935411 -0.053797140717506402 1.0000000180025095e-35 -0.0945402756333351 0.0078260868322104233 0.0033396283397451047 -0.12464887276291846 0.1278260871767998 1.0000000180025095e-35 -0.1278966888785362 -0.12737259268760678 -0.085247855633497224 -0.11123838648200034 0.053043477237224586 0.011521738953888418 0.01304347859695554 0.054782608523964889 -0.023888124153017994 0.012259018141776325
decision_type=2 2 2 2 2 2 2 2 2 2 2 2 2 2 2 2 2 2 2 2 2 2 2 2 2 2 2 2 2 2
left_child=2 18 -1 4 5 17 9 -8 -9 14 -10 -12 -13 -14 -6 -11 -15 -3 -2 -20 22 -22 23 26 25 -25 27 28 -5 -30
right_child=1 3 -4 20 6 -7 7 8 10 15 11 12 13 16 -16 -17 -18 -19 19 -21 21 -23 -24 24 -26 -27 -28 -29 29 -31
leaf_value=0.0051207650129061763 0.0010836932991448174 -0.0042807639769392022 0.0013820624193996538 0.0023573145325230301 -0.016362185800312536 -0.11589328343948187 -0.090735807685932021 -0.074117972376254102 0.0061084140866565721 0.0026764198839498627 0.023257702927287932 0.036427836222257939 -0.10208289877996256 0.027031961744654043 -0.11578998917427158 0.04352106042272319 -0.061193654761983934 -0.091021019421318849 -0.0017984768596328955 0.0065367079578989634 -0.057920597720909218 -0.0036773268270249731 0.0095477857352549815 -0.038433942576476837 -0.032492363036807477 0.042406835067516288 -0.0065142804002785012 0.032700905599772255 0.0011250502134870866 -0.039324640877509143
leaf_weight=6636.5726712252072 8705.2103138634866 15.594313484907614 8470.5639913548584 929.48499031174288 29.118167653447017 13.491489102831109 12.626369093195533 12.766193378949536 100.25601202534745 193.85830089185038 19.998017943929881 6.1778492507291949 22.992620391916716 10.117369726300241 5.2324683344450014 27.629989007487893 8.9526591690955666 6.9755530518596087 12462.996660728031 495.16346618168609 11.663050833412852 8324.1637932390731 324.32596404111609 5.4829965354874721 9.9408228350293921 46.42845173671958 815.32710701008546 56.410126874579873 72.376972988189664 59.793106760531373
leaf_count=314984 444684 129 305581 14501 284 184 149 172 682 1510 88 44 431 74 148 263 141 85 389299 7363 928 475152 21862 56 456 639 60049 1383 1158 1241
internal_value=-8.82458e-12 -0.00139299 0.00302471 -0.00322734 -0.0114413 -0.0668202 -0.00686237 -0.0187089 -0.0132213 0.00215339 -0.00819731 -0.0289999 -0.0506956 -0.0640405 -0.0343546 0.00794437 -0.0153719 -0.0338135 -0.000449497 -0.00147949 -0.00285182 -0.00376016 0.000412693 -0.00107625 0.0223799 0.0333033 -0.00183783 0.00157515 -0.000107908 -0.0173321
internal_weight=47911.7 32804.6 15107.1 11141.2 485.787 36.0614 449.726 193.887 181.261 255.839 168.495 68.2385 48.2405 42.0626 34.3506 221.488 19.07 22.5699 21663.4 12958.2 10655.4 8335.83 2319.57 1995.24 61.8523 51.9114 1933.39 1118.07 1061.66 132.17
internal_count=2043720 1423155 620565 581809 4384 398 3986 1781 1632 2205 1460 778 690 646 432 1773 215 214 841346 396662 577425 476080 101345 79483 1151 695 78332 18283 16900 2399
is_linear=0
shrinkage=0.05


Tree=198
num_leaves=31
num_cat=0
split_feature=6 6 6 5 14 4 15 2 10 5 10 6 1 8 6 5 15 5 9 6 1 14 2 1 6 3 11 10 3 9
split_gain=79.5726 23.2562 19.4009 13.7492 12.9497 16.5457 13.0634 12.7457 20.0701 21.9731 35.3408 29.3789 20.2746 16.0529 13.0886 12.8969 15.0452 12.2003 13.53 12.1492 21.5042 12.0695 11.9286 26.1026 26.4055 22.3387 21.0683 22.0875 22.772 19.9709
threshold=-0.13269815593957898 -0.081362813711166368 -0.21993580460548398 0.059999998658895499 -0.13351880013942716 0.0026086957077495758 -0.12089579179883002 -0.14951908588409421 -0.12587412446737287 0.13304347544908526 -0.12828054279088971 -0.071760576218366609 0.0060869567096233377 0.028695652261376384 -0.079715985804796205 0.55913043022155773 -0.14533120393753049 1.0000000180025095e-35 1.0000000180025095e-35 -0.075813069939613328 0.0043478262377902874 -0.12903224676847455 -0.12724336236715314 0.016521738842129711 -0.023888124153017994 -0.076656397432088838 -0.13685435056686399 -0.12337097898125647 -0.11533278226852416 0.0043478262377902874
decision_type=2 2 2 2 2 2 2 2 2 2 2 2 2 2 2 2 2 2 2 2 2 2 2 2 2 2 2 2 2 2
left_child=2 3 17 -2 5 6 -4 8 9 14 15 12 19 -14 -3 -11 -17 18 -1 20 -12 -13 -9 24 25 -24 29 28 -28 -25
right_child=1 7 4 -5 -6 -7 -8 22 -10 10 11 21 13 -15 -16 16 -18 -19 -20 -21 -22 -23 23 26 -26 -27 27 -29 -30 -31
leaf_value=0.025939192362635366 0.0020216867556958097 -0.048206224064241604 -0.0084029666336289666 -0.0010602682776435313 0.0026801823312521057 0.0011439708650020763 -0.061811076015412719 -0.0057547623351220292 0.0073782584256252906 -0.013712408727243408 -0.083615134791136705 0.017031809370574715 -0.087799066011137739 0.039218581098378391 0.024611858555392552 0.023315109166168739 -0.047088958933352729 0.0050830878261916923 0.0065488819194819206 0.041206069543544867 0.036152269233711759 -0.092560479340620713 0.020421596561960985 -0.079574409248460945 -0.0054999561779821215 -0.05519706531737878 -0.08186674867144976 -0.004241369758302433 -0.017014474391630442 0.0046721729115234379
leaf_weight=152.69247913104482 4531.7488874736264 5.9448820276083998 495.51847184194776 17947.265372805126 8737.3106149214655 1177.2389879934235 10.753794057527555 4342.1784353708917 632.5569865249563 105.28389556866387 6.4307841305417259 2.4550127005204585 11.312306182939208 2.4968339000770348 59.229067544647478 57.6738611332039 7.7696569342479043 3873.5276033851878 219.2608385651838 13.333328080450881 6.7186443449463695 26.251713077122986 292.03909826406198 6.0976111121790373 198.64629685809632 9.1633470593733346 15.771571293034865 4059.3569329285774 74.854894973628689 818.97636976791546
leaf_count=2623 301878 178 4408 572158 416423 39554 159 165347 15382 2740 120 14 282 119 1407 956 845 133876 6697 79 36 640 10214 249 4467 337 672 315421 2634 43805
internal_value=-2.40946e-11 -0.0013538 0.00306758 -0.000438887 0.00190652 -0.00210795 -0.00965703 -0.00326594 0.00230231 -0.00821813 -0.0152102 -0.0451311 -0.0168442 -0.0637355 0.0173416 -0.00292542 0.0143736 0.00591635 0.0145571 0.00903623 -0.0241903 -0.0829303 -0.00379784 -0.00224503 0.00863593 0.017946 -0.00333976 -0.00479046 -0.0290709 0.00395398
internal_weight=47899.9 33233.6 14666.3 22479 10420.8 1683.51 506.272 10754.5 937.457 304.9 239.726 68.9986 40.2919 13.8091 65.1739 170.727 65.4435 4245.48 371.953 26.4828 13.1494 28.7067 9817.08 5474.91 499.849 301.202 4975.06 4149.98 90.6265 825.074
internal_count=2043720 1439980 603740 874036 460544 44121 4567 565944 22798 7416 5831 1290 636 401 1585 4541 1801 143196 9320 235 156 654 543146 377799 15018 10551 362781 318727 3306 44054
is_linear=0
shrinkage=0.05


Tree=199
num_leaves=31
num_cat=0
split_feature=6 6 2 5 5 3 6 2 11 6 18 5 5 3 2 15 5 7 10 1 10 18 1 10 6 6 18 11 13 0
split_gain=79.3765 24.6902 20.7895 17.4067 15.8538 14.1732 14.0082 26.6176 24.7797 28.2217 14.4397 12.8225 14.385 12.7945 14.615 21.1771 32.327 13.2384 12.1609 17.6131 12.9822 12.7151 13.7361 12.6741 19.2458 14.6286 15.7018 25.9394 17.8694 13.3538
threshold=-0.13687722384929654 -0.078019876033067689 -0.14951908588409421 0.0043478262377902874 0.0826086960732937 -0.14185427874326703 -0.068228647112846361 -0.15197485685348508 -0.1002509407699108 -0.065662261098623262 0.0060479652602225551 0.76956522464752208 0.53826087713241588 -0.27575805783271784 -0.15355309098958966 -0.10795936733484267 0.34000000357627874 -0.10483747720718382 -0.12646783143281934 0.018260869197547439 -0.12264150753617285 0.0074802835006266841 0.011304348241537811 -0.12182851508259772 -0.076687842607498155 -0.073320914059877382 0.01862981449812651 -0.092209897935390459 0.023478261195123199 0.0026086957077495758
decision_type=2 2 2 2 2 2 2 2 2 2 2 2 2 2 2 2 2 2 2 2 2 2 2 2 2 2 2 2 2 2
left_child=3 4 6 -1 5 -2 11 13 -9 -10 -11 12 18 17 -15 16 -16 -8 19 -3 21 -20 -23 24 -22 -25 27 29 -29 -27
right_child=1 2 -4 -5 -6 -7 7 8 9 10 -12 -13 -14 14 15 -17 -18 -19 20 -21 23 22 -24 25 -26 26 -28 28 -30 -31
leaf_value=0.0084299681791918189 0.00012927317347905678 -9.838802302570105e-05 -0.0041737217484417721 0.0026312157055599326 -0.0012250519941161579 0.0051194792676907512 0.015119512415403611 0.0322810764220079 -0.082004347205988343 -0.050128297817680856 0.032195394925140806 -0.057029664397057749 0.038487701959354796 -0.0032658935827304517 0.041616449628752154 -0.082880721808669899 -0.076812971197307178 -0.076949811333615448 0.028650993514446544 -0.072952009370083101 0.036432166714415924 0.0112206183623301 -0.077593579103255886 -0.017289975115597437 -0.083888791511542937 0.010891574302519202 0.052284362986579569 0.057582525709080873 -0.022445305685283884 -0.078755351533886034
leaf_weight=1449.9582014517 4840.1324359441187 82.337167180694451 8593.110861750285 12001.346090234256 18191.199575630584 2014.3880064815294 5.042921767408191 80.578575185696536 10.551251636257801 6.1848109831917126 19.881183678018715 5.9263939258453311 43.731324255688378 201.99695514482846 13.46280634559662 14.165090343703922 8.5846893695488671 12.785721886648387 135.00441823562142 8.2259687467885652 4.3802068855729877 15.240991029195358 4.9879273128681225 38.845192484797735 8.5827413518272788 6.2893319510621977 24.209651833045427 19.555220423033465 9.8914064466371183 10.099565449228974
leaf_count=58317 219728 1182 482674 497839 576043 190200 291 1477 287 132 737 487 785 6239 203 735 344 693 965 740 47 224 250 1521 227 54 702 90 254 253
internal_value=1.5902e-11 -0.00127249 -0.00345985 0.00325686 -0.000452867 0.00159631 0.00429537 -0.00273982 0.0169067 -0.0168842 0.0115317 0.010579 0.011689 -0.0117634 -0.00858744 -0.037386 -0.00582874 -0.0514877 0.00840553 -0.00744025 0.0135927 0.0231338 -0.0133022 0.00134859 -0.0435346 0.0070393 0.0205851 0.00308319 0.0308461 -0.0457049
internal_weight=47880.7 34429.4 9383.65 13451.3 25045.7 6854.52 790.542 373.234 117.196 36.6172 26.066 417.308 411.381 256.038 238.21 36.2126 22.0475 17.8286 367.65 90.5631 277.087 155.233 20.2289 121.853 12.9629 108.89 70.0452 45.8355 29.4466 16.3889
internal_count=2043720 1487564 501593 556156 985971 409928 18919 11138 2633 1156 869 7781 7294 8505 7521 1282 547 984 6509 1922 4587 1439 474 3148 274 2874 1353 651 344 307
is_linear=0
shrinkage=0.05


end of trees

feature_importances:
Column_6=700
Column_5=596
Column_4=518
Column_15=446
Column_7=387
Column_13=385
Column_1=371
Column_2=311
Column_3=259
Column_18=247
Column_12=207
Column_9=192
Column_10=191
Column_11=173
Column_14=155
Column_17=151
Column_23=143
Column_25=136
Column_0=132
Column_16=117
Column_8=110
Column_27=39
Column_26=21
Column_24=11
Column_19=1
Column_22=1

parameters:
[boosting: gbdt]
[objective: lambdarank]
[metric: ndcg]
[tree_learner: serial]
[device_type: cpu]
[data_sample_strategy: bagging]
[data: ]
[valid: ]
[num_iterations: 200]
[learning_rate: 0.05]
[num_leaves: 31]
[num_threads: 4]
[seed: 20260713]
[deterministic: 1]
[force_col_wise: 1]
[force_row_wise: 0]
[histogram_pool_size: -1]
[max_depth: -1]
[min_data_in_leaf: 64]
[min_sum_hessian_in_leaf: 0.001]
[bagging_fraction: 1]
[pos_bagging_fraction: 1]
[neg_bagging_fraction: 1]
[bagging_freq: 0]
[bagging_seed: 23908]
[bagging_by_query: 0]
[feature_fraction: 1]
[feature_fraction_bynode: 1]
[feature_fraction_seed: 28222]
[extra_trees: 0]
[extra_seed: 14092]
[early_stopping_round: 0]
[early_stopping_min_delta: 0]
[first_metric_only: 0]
[max_delta_step: 0]
[lambda_l1: 0]
[lambda_l2: 1]
[linear_lambda: 0]
[min_gain_to_split: 0]
[drop_rate: 0.1]
[max_drop: 50]
[skip_drop: 0.5]
[xgboost_dart_mode: 0]
[uniform_drop: 0]
[drop_seed: 27689]
[top_rate: 0.2]
[other_rate: 0.1]
[min_data_per_group: 100]
[max_cat_threshold: 32]
[cat_l2: 10]
[cat_smooth: 10]
[max_cat_to_onehot: 4]
[top_k: 20]
[monotone_constraints: ]
[monotone_constraints_method: basic]
[monotone_penalty: 0]
[feature_contri: ]
[forcedsplits_filename: ]
[refit_decay_rate: 0.9]
[cegb_tradeoff: 1]
[cegb_penalty_split: 0]
[cegb_penalty_feature_lazy: ]
[cegb_penalty_feature_coupled: ]
[path_smooth: 0]
[interaction_constraints: ]
[verbosity: -1]
[saved_feature_importance_type: 0]
[use_quantized_grad: 0]
[num_grad_quant_bins: 4]
[quant_train_renew_leaf: 0]
[stochastic_rounding: 1]
[linear_tree: 0]
[max_bin: 255]
[max_bin_by_feature: ]
[min_data_in_bin: 3]
[bin_construct_sample_cnt: 200000]
[data_random_seed: 4410]
[is_enable_sparse: 1]
[enable_bundle: 1]
[use_missing: 1]
[zero_as_missing: 0]
[feature_pre_filter: 1]
[pre_partition: 0]
[two_round: 0]
[header: 0]
[label_column: ]
[weight_column: ]
[group_column: ]
[ignore_column: ]
[categorical_feature: ]
[forcedbins_filename: ]
[precise_float_parser: 0]
[parser_config_file: ]
[objective_seed: 1093]
[num_class: 1]
[is_unbalance: 0]
[scale_pos_weight: 1]
[sigmoid: 1]
[boost_from_average: 1]
[reg_sqrt: 0]
[alpha: 0.9]
[fair_c: 1]
[poisson_max_delta_step: 0.7]
[tweedie_variance_power: 1.5]
[lambdarank_truncation_level: 5]
[lambdarank_norm: 1]
[label_gain: 0,1]
[lambdarank_position_bias_regularization: 0]
[eval_at: 1,5]
[multi_error_top_k: 1]
[auc_mu_weights: ]
[num_machines: 1]
[local_listen_port: 12400]
[time_out: 120]
[machine_list_filename: ]
[machines: ]
[gpu_platform_id: -1]
[gpu_device_id: -1]
[gpu_use_dp: 0]
[num_gpu: 1]

end of parameters

pandas_categorical:null
